phenotype,peak_value,lower_bound,upper_bound,n_patients
ondansetron__mean_dose,3995.97423510467,1159.4202898550725,6038.29307568438,339
ondansetron__mean_dose,8080.61191626409,6038.29307568438,23851.85185185185,171
sumatriptan__mean_dose,20526.805214258246,873.0077120822622,35085.173734388605,216
sumatriptan__mean_dose,49643.54225451896,35085.173734388605,75120.68716474708,2733
sumatriptan__mean_dose,100597.83207497522,75120.68716474708,146456.69291338584,642
almotriptan__mean_dose,12554.815440603068,1150.246945671952,16666.666666666668,211
midazolam__mean_dose,10109.396914446002,869.5652173913044,41935.48387096774,306
fentanyl__mean_dose,11.8,1.8461538461538463,400.0,390
terazosin__mean_dose,2034.4088552326377,357.14285714285717,16331.104743712194,65
flecainide__mean_dose,50364.3829675152,15503.875968992248,75264.74510931731,105
flecainide__mean_dose,100165.10725111942,75264.74510931731,347508.7045263537,101
verapamil__mean_dose,38552.61603252128,12620.126926563917,79303.67034188284,104
verapamil__mean_dose,120054.72465124441,79303.67034188284,179328.9854648612,190
verapamil__mean_dose,238603.24627847804,179328.9854648612,753548.3870967742,122
doxepin__mean_dose,10221.09616209007,3.2663316582914574,17652.24512967682,69
doxepin__mean_dose,25083.39409726357,17652.24512967682,185781.990521327,132
bupropion__mean_dose,151416.9034090909,95312.5,170652.69886363635,999
bupropion__mean_dose,189888.49431818182,170652.69886363635,197903.4090909091,89
bupropion__mean_dose,205918.32386363635,197903.4090909091,415909.0909090909,94
rizatriptan__mean_dose,2368.6322997907555,745.6724367509987,3741.9060300551646,57
rizatriptan__mean_dose,5115.179760319574,3741.9060300551646,7612.041088073046,57
rizatriptan__mean_dose,10108.902415826518,7612.041088073046,25714.285714285714,554
thioridazine__mean_dose,10048.965329460882,4285.714285714285,16964.866581956798,193
thioridazine__mean_dose,23880.767834452716,16964.866581956798,234815.75603557815,125
tadalafil__mean_dose,4827.759414090349,551.558752997602,7393.479810745997,518
tadalafil__mean_dose,9959.200207401645,7393.479810745997,12524.920604057294,1562
tadalafil__mean_dose,15090.641000712942,12524.920604057294,17656.361397368593,113
tadalafil__mean_dose,20222.08179402424,17656.361397368593,57567.56756756757,1429
oxycodone__mean_dose,11317.424242424244,1615.3846153846155,389696.9696969697,320
diazepam__mean_dose,2044.5940783190067,296.2962962962963,2500.6717605858007,15862
diazepam__mean_dose,2956.7494428525947,2500.6717605858007,3944.9177544306485,465
diazepam__mean_dose,4933.086066008703,3944.9177544306485,7441.513318476069,5347
diazepam__mean_dose,9949.940570943436,7441.513318476069,15498.88570518943,106
olmesartan__mean_dose,10046.130534139758,4519.600307455803,14990.920736962245,118
olmesartan__mean_dose,19935.71093978473,14990.920736962245,62693.60269360269,58
valsartan__mean_dose,40629.17510853835,10130.246020260493,60363.776283306375,132
valsartan__mean_dose,80098.3774580744,60363.776283306375,119567.57980761048,363
valsartan__mean_dose,159036.78215714655,119567.57980761048,368941.17647058825,102
ivabradine__mean_dose,5078.32684436458,3456.7901234567903,22533.69272237197,63
citalopram__mean_dose,9994.555353901997,2105.2631578947367,14878.402903811253,2686
citalopram__mean_dose,19762.25045372051,14878.402903811253,77241.37931034483,4327
donepezil__mean_dose,10025.345622119818,1428.5714285714287,20322.58064516129,79
varenicline__mean_dose,508.96629849900876,280.3738317757009,751.0053809119229,115
varenicline__mean_dose,993.044463324837,751.0053809119229,1127.5106202209006,722
varenicline__mean_dose,1261.976777116964,1127.5106202209006,2969.6969696969695,132
nifedipine__mean_dose,5235.943308550186,2453.531598513011,12470.21375464684,654
nifedipine__mean_dose,19704.484200743493,12470.21375464684,24712.825278810407,265
nifedipine__mean_dose,29721.166356877322,24712.825278810407,44746.189591078066,397
nifedipine__mean_dose,59771.21282527881,44746.189591078066,113750.0,71
escitalopram__mean_dose,5042.741617357002,2666.6666666666665,7601.591564254286,160
escitalopram__mean_dose,10160.44151115157,7601.591564254286,39221.66590805644,614
frovatriptan__mean_dose,2514.7142857142853,320.0,3571.4285714285716,186
domperidone__mean_dose,9855.432372505544,2276.4227642276423,20047.89356984479,7403
domperidone__mean_dose,30240.35476718403,20047.89356984479,54545.454545454544,115
colestyramine__mean_dose,4024213.254350241,2033898.3050847459,19340984.820436876,484
cinnarizine__mean_dose,15078.320661896243,5232.558139534884,64903.846153846156,4708
clopidogrel__mean_dose,74665.2294526989,20281.17359413203,161538.46153846153,2372
apomorphine__mean_dose,1627.4061864440573,155.84415584415584,98259.97952917093,174
pethidine__mean_dose,49842.39482200647,13333.333333333334,210679.61165048543,268
nitrazepam__mean_dose,4939.583333333333,1166.6666666666667,14886.363636363636,768
dalteparin__mean_dose,655.2888388781214,113.36515513126491,36241.61073825503,110
melatonin__mean_dose,2030.0189537528431,1000.0,11842.304776345716,304
tolfenamic_acid__mean_dose,200593.86081560282,42553.1914893617,280208.3333333333,84
zopiclone__mean_dose,3838.880597014925,447.76119402985074,4763.731343283582,6634
zopiclone__mean_dose,5688.582089552239,4763.731343283582,6613.432835820896,387
zopiclone__mean_dose,7538.2835820895525,6613.432835820896,21000.0,5813
ciprofibrate__mean_dose,99943.63636363635,24000.0,190909.0909090909,66
zolmitriptan__mean_dose,805.9389482168043,176.30465444287728,1645.4513399153734,72
zolmitriptan__mean_dose,2484.9637316139424,1645.4513399153734,3744.2323191617966,726
zolmitriptan__mean_dose,5003.500906709651,3744.2323191617966,8571.42857142857,55
ramipril__mean_dose,1274.0338164251207,608.695652173913,1939.3719806763283,1870
ramipril__mean_dose,2604.710144927536,1939.3719806763283,3802.31884057971,3909
ramipril__mean_dose,4999.927536231884,3802.31884057971,7395.144927536232,2031
ramipril__mean_dose,9790.36231884058,7395.144927536232,27222.222222222223,1634
orlistat__mean_dose,120454.12844036697,60000.0,149366.97247706424,1474
orlistat__mean_dose,178279.81651376147,149366.97247706424,196678.89908256882,256
orlistat__mean_dose,215077.98165137615,196678.89908256882,585688.0733944954,183
metoprolol__mean_dose,50564.19027688345,12500.0,74127.73663876369,425
metoprolol__mean_dose,97691.28300064392,74127.73663876369,375016.0978750805,82
naratriptan__mean_dose,2483.2753558246754,109.04684975767367,4631.386861313868,814
losartan__mean_dose,12252.45166713365,6511.627906976744,19141.440179321937,204
losartan__mean_dose,26030.428691510228,19141.440179321937,37512.07621182404,831
losartan__mean_dose,48993.723732137856,37512.07621182404,74253.34827682824,1296
losartan__mean_dose,99512.97282151863,74253.34827682824,236144.578313253,512
amiloride__mean_dose,4811.122875778759,795.8115183246073,22416.71882769312,863
amiloride__mean_dose,40022.31477960748,22416.71882769312,62569.832402234635,58
rutosides__mean_dose,253089.80834530166,217993.07958477509,1621862.2300058377,195
bumetanide__mean_dose,1026.2121212121212,333.3333333333333,8484.848484848484,320
reboxetine__mean_dose,3943.4267912772584,571.4285714285714,13295.95015576324,98
levomepromazine__mean_dose,25013.377192982458,877.1929824561404,77500.0,306
haloperidol__mean_dose,1398.6510172143974,188.88888888888889,3126.8826291079804,182
haloperidol__mean_dose,4855.114241001564,3126.8826291079804,34753.52112676056,148
fluoxetine__mean_dose,19859.634204071095,3508.7719298245615,65210.13900245298,6331
mirtazapine__mean_dose,14721.69720347155,3529.4117647058824,22303.567984570873,1640
mirtazapine__mean_dose,29885.438765670195,22303.567984570873,75737.70491803279,612
furosemide__mean_dose,20058.073044761433,2763.157894736842,24999.47737333989,3207
furosemide__mean_dose,29940.881701918344,24999.47737333989,34882.2860304968,346
furosemide__mean_dose,39823.69035907525,34882.2860304968,167476.63551401868,2896
pizotifen__mean_dose,480.51405435591965,110.29411764705883,981.3998510796724,825
pizotifen__mean_dose,1482.2856478034253,981.3998510796724,4465.822784810127,950
amiodarone__mean_dose,202970.74972748192,62937.542896362385,658823.5294117647,490
warfarin__mean_dose,967.9540229885058,266.6666666666667,1468.8735632183907,141
warfarin__mean_dose,1969.7931034482758,1468.8735632183907,2470.712643678161,228
warfarin__mean_dose,2971.6321839080456,2470.712643678161,3672.919540229885,444
warfarin__mean_dose,4374.206896551725,3672.919540229885,20303.44827586207,369
nefopam__mean_dose,30447.525773195877,8000.0,35327.422680412375,3522
nefopam__mean_dose,40207.31958762887,35327.422680412375,203195.87628865978,97
gabapentin__mean_dose,114698.5887519756,59154.92957746479,207271.35404282698,2298
gabapentin__mean_dose,299844.11933367833,207271.35404282698,447960.5437990406,2687
gabapentin__mean_dose,596076.9682644028,447960.5437990406,3762065.5412115194,354
imipramine__mean_dose,9613.24591579409,4827.586206896552,17270.30145003015,295
imipramine__mean_dose,24927.35698426621,17270.30145003015,196253.9745627981,302
omega_3_acid__mean_dose,438449.99484628753,132281.0810810811,4842572.062084258,96
hydrochlorothiazide__mean_dose,22688.362068965518,2500.0,37108.620689655174,321
hydrochlorothiazide__mean_dose,51528.879310344826,37108.620689655174,579310.3448275862,405
perindopril__mean_dose,1996.7746183206107,930.3435114503817,2966.2574427480918,755
perindopril__mean_dose,3935.7402671755726,2966.2574427480918,5971.654198473283,647
perindopril__mean_dose,8007.5681297709925,5971.654198473283,20320.0,155
isometheptene__mean_dose,322391.323953824,41035.35353535353,687830.6878306878,81
colesevelam__mean_dose,638902.8655699226,450721.1538461539,3345824.411134904,55
topiramate__mean_dose,26711.149805333276,11392.405063291139,624142.1947449768,297
dextropropoxyphene__mean_dose,32427.287975906933,8981.536628945802,212857.63529817303,9810
risperidone__mean_dose,1039.558187134503,263.1578947368421,12207.777777777777,77
venlafaxine__mean_dose,36424.170480549205,22500.0,56315.842595619484,668
venlafaxine__mean_dose,76207.51471068976,56315.842595619484,420333.4423014057,751
ibuprofen__mean_dose,194944.96849198762,1.951219512195122,246245.76251106008,2691
ibuprofen__mean_dose,297546.55653013254,246245.76251106008,348847.35054920503,980
ibuprofen__mean_dose,400148.1445682775,348847.35054920503,502749.7326064224,32582
ibuprofen__mean_dose,605351.3206445673,502749.7326064224,697692.7498788978,3859
ibuprofen__mean_dose,790034.1791132283,697692.7498788978,2052033.711982411,813
apixaban__mean_dose,4968.349858821984,1783.43949044586,7065.729857508701,123
apixaban__mean_dose,9163.109856195417,7065.729857508701,17319.58762886598,60
lercanidipine__mean_dose,9862.760038938239,5175.0972762645915,14976.573961854947,543
lercanidipine__mean_dose,20090.387884771655,14976.573961854947,33585.174625801854,91
eplerenone__mean_dose,25253.193704657893,12168.874172185431,91467.78042959428,65
lorazepam__mean_dose,981.2467928929135,218.58407079646017,4341.085271317829,997
promethazine__mean_dose,5180.449602337283,4098.360655737705,7705.323811069632,54
promethazine__mean_dose,10230.198019801981,7705.323811069632,17444.124330465835,459
promethazine__mean_dose,24658.05064112969,17444.124330465835,76237.62376237624,1340
prochlorperazine__mean_dose,3027.906763889312,821.917808219178,4016.7983647069586,4594
prochlorperazine__mean_dose,5005.689965524605,4016.7983647069586,8733.05061476035,20741
prochlorperazine__mean_dose,12460.411263996095,8733.05061476035,16035.634743875278,178
amitriptyline__mean_dose,10569.99723604201,1791.044776119403,13946.517412935324,18556
amitriptyline__mean_dose,17323.037589828637,13946.517412935324,21374.861802100608,1124
amitriptyline__mean_dose,25426.68601437258,21374.861802100608,37582.158651188496,3303
amitriptyline__mean_dose,49737.63128800441,37582.158651188496,136851.85185185185,313
oxazepam__mean_dose,9817.096105836998,3962.264150943396,41735.373537353735,272
pregabalin__mean_dose,80147.11012817918,14685.314685314685,115853.54400610528,1036
pregabalin__mean_dose,151559.97788403137,115853.54400610528,1204899.7772828508,254
timolol__mean_dose,1963.1906689757636,0.15369743837602706,6020.133743486364,86
timolol__mean_dose,10077.076817996965,6020.133743486364,26173.979984603542,55
loprazolam__mean_dose,999.5704328274312,404.44444444444446,1582.911748173131,163
isosorbide_mononitrate__mean_dose,10489.130262560253,7197.802197802198,18168.895746995717,448
isosorbide_mononitrate__mean_dose,25848.66123143118,18168.895746995717,32431.31736094729,252
isosorbide_mononitrate__mean_dose,39013.9734904634,32431.31736094729,49985.06703965692,236
isosorbide_mononitrate__mean_dose,60956.160588850435,49985.06703965692,226619.67318167255,489
clonidine__mean_dose,23.831789624842937,15.555555555555555,32.10802369413032,3134
clonidine__mean_dose,40.3842577634177,32.10802369413032,69.9422365823012,217
clonidine__mean_dose,99.50021540118472,69.9422365823012,252.01938610662359,128
bisoprolol__mean_dose,1225.956150827055,665.7608695652174,1898.19048834126,1890
bisoprolol__mean_dose,2570.4248258554653,1898.19048834126,3802.854444631508,2818
bisoprolol__mean_dose,5035.284063407551,3802.854444631508,7500.143300959637,1200
bisoprolol__mean_dose,9965.002538511722,7500.143300959637,23073.572120038723,269
clobazam__mean_dose,9828.002191952402,1481.4814814814815,36998.59088774072,62
rosuvastatin__mean_dose,5144.115841548406,1045.751633986928,7603.134366085293,751
rosuvastatin__mean_dose,10062.15289062218,7603.134366085293,14980.189939695954,649
rosuvastatin__mean_dose,19898.22698876973,14980.189939695954,55690.60773480663,110
moxonidine__mean_dose,198.7530060503944,127.27272727272727,879.6967144060657,98
sildenafil__mean_dose,13460.72796934866,2037.6175548589342,19611.633577150817,641
sildenafil__mean_dose,25762.539184952977,19611.633577150817,31913.444792755134,819
sildenafil__mean_dose,38064.35040055729,31913.444792755134,44215.25600835945,166
sildenafil__mean_dose,50366.16161616161,44215.25600835945,58274.46882619296,3888
sildenafil__mean_dose,66182.77603622431,58274.46882619296,70576.28004179729,83
sildenafil__mean_dose,74969.78404737025,70576.28004179729,79363.28805294323,296
sildenafil__mean_dose,83756.7920585162,79363.28805294323,91665.09926854755,104
sildenafil__mean_dose,99573.4064785789,91665.09926854755,177777.77777777778,2047
paroxetine__mean_dose,19786.565733457388,2539.6825396825398,63055.0621669627,2307
morphine__mean_dose,8258.54588097332,2222.222222222222,404643.7994722955,2156
aspirin__mean_dose,73422.41379310345,15517.241379310344,187088.12260536395,16127
aspirin__mean_dose,300753.8314176245,187088.12260536395,444444.44444444444,883
diamorphine__mean_dose,4959.7051597051595,1081.081081081081,7545.454545454546,115
diamorphine__mean_dose,10131.203931203932,7545.454545454546,87272.72727272728,98
cyclizine__mean_dose,50957.7620967742,10752.68817204301,206875.0,4106
telmisartan__mean_dose,40038.793103448275,5000.0,132413.7931034483,64
clomipramine__mean_dose,10434.107949372512,6935.4838709677415,17431.35610618205,208
clomipramine__mean_dose,24428.60426299159,17431.35610618205,240177.0890979524,109
duloxetine__mean_dose,20065.18980704698,11275.167785234898,24859.747273489935,257
duloxetine__mean_dose,29654.304739932886,24859.747273489935,34448.86220637584,328
duloxetine__mean_dose,39243.419672818796,34448.86220637584,49631.62751677853,133
duloxetine__mean_dose,60019.83536073826,49631.62751677853,171093.75,292
betahistine__mean_dose,8271.878522520845,4033.6134453781515,10228.000865817472,4538
betahistine__mean_dose,12184.1232091141,10228.000865817472,14140.245552410728,287
betahistine__mean_dose,16096.367895707355,14140.245552410728,69237.69155526573,3959
tramadol__mean_dose,47983.98302148303,20192.30769230769,73249.14241164242,14341
tramadol__mean_dose,98514.3018018018,73249.14241164242,525495.4954954955,1166
felodipine__mean_dose,2511.716419540104,1217.391304347826,3706.478064332977,786
felodipine__mean_dose,4901.239709125849,3706.478064332977,7489.889939510405,766
felodipine__mean_dose,10078.540169894963,7489.889939510405,21130.08538422903,163
chlortalidone__mean_dose,11985.289179843203,5534.883720930233,18435.694638756173,292
chlortalidone__mean_dose,24886.100097669143,18435.694638756173,37200.510519230265,155
chlortalidone__mean_dose,49514.92094079139,37200.510519230265,122814.9829738933,63
nebivolol__mean_dose,5006.017189681205,1193.1818181818182,11933.563146349106,130
propranolol__mean_dose,10834.225393993456,3050.8474576271187,24844.305679452867,2356
propranolol__mean_dose,38854.385964912275,24844.305679452867,59091.168599464756,3219
propranolol__mean_dose,79327.95123401724,59091.168599464756,119801.5165031222,2600
propranolol__mean_dose,160275.08177222716,119801.5165031222,314385.9649122807,110
spironolactone__mean_dose,23855.43048580379,9886.587771203156,36554.378408168006,634
spironolactone__mean_dose,49253.32633053222,36554.378408168006,74651.22217526063,136
spironolactone__mean_dose,100049.11801998905,74651.22217526063,263865.5462184874,79
rivaroxaban__mean_dose,10118.68686868687,3818.181818181818,12638.888888888889,90
rivaroxaban__mean_dose,15159.090909090908,12638.888888888889,17679.29292929293,129
rivaroxaban__mean_dose,20199.49494949495,17679.29292929293,54222.22222222222,374
disulfiram__mean_dose,199788.3899139518,30985.915492957745,346504.55927051674,58
doxazosin__mean_dose,937.5829400958178,486.95652173913044,1478.3346421238425,928
doxazosin__mean_dose,2019.0863441518673,1478.3346421238425,3010.4644645365797,853
doxazosin__mean_dose,4001.8425849212917,3010.4644645365797,5894.473542019378,721
doxazosin__mean_dose,7787.104499117465,5894.473542019378,18512.013256006627,125
olanzapine__mean_dose,2422.911516649702,1346.1538461538462,3738.9486694779703,75
olanzapine__mean_dose,5054.985822306238,3738.9486694779703,25274.102079395085,69
amlodipine__mean_dose,4983.578431372549,1617.6470588235295,7480.882352941177,8945
amlodipine__mean_dose,9978.186274509804,7480.882352941177,23333.333333333332,1345
metoclopramide__mean_dose,501607.30461038207,1265.8227848101267,1100917.4311926605,645
paracetamol__mean_dose,492135.78395047516,82736.84210526316,4392199.387844337,46514
ezetimibe__mean_dose,9968.944844124699,3237.410071942446,46666.666666666664,1510
dosulepin__mean_dose,26147.211984140282,5496.45390070922,50928.12168425755,2116
dosulepin__mean_dose,75709.03138437483,50928.12168425755,280839.89501312334,1230
fluvastatin__mean_dose,19739.316239316242,4273.504273504273,29637.4358974359,159
fluvastatin__mean_dose,39535.555555555555,29637.4358974359,128000.0,80
lamotrigine__mean_dose,27613.457631239256,6131.386861313868,619904.8374306107,100
meptazinol__mean_dose,203084.83754512636,100000.0,996389.8916967509,528
candesartan__mean_dose,3971.198786039454,1037.037037037037,6105.134603495757,864
candesartan__mean_dose,8239.070420952059,6105.134603495757,12240.200078682628,693
candesartan__mean_dose,16241.329736413198,12240.200078682628,54385.43247344461,234
procyclidine__mean_dose,5069.6100917431195,2500.0,26972.477064220184,123
atenolol__mean_dose,25409.696598222494,6000.0,37668.45234446828,2874
atenolol__mean_dose,49927.20809071406,37668.45234446828,75466.28256205945,4219
atenolol__mean_dose,101005.35703340484,75466.28256205945,210312.5957707631,284
irbesartan__mean_dose,77297.24838160136,8960.0,112731.37717206131,231
irbesartan__mean_dose,148165.50596252127,112731.37717206131,224095.78194207838,347
irbesartan__mean_dose,300026.05792163545,224095.78194207838,515161.8398637138,130
lofepramine__mean_dose,69847.98245614035,25368.42105263158,81978.77192982456,1377
lofepramine__mean_dose,94109.56140350878,81978.77192982456,294941.52046783624,108
nortriptyline__mean_dose,10051.337883654533,4458.333333333333,17508.677284082798,990
nortriptyline__mean_dose,24966.016684511065,17508.677284082798,128747.32334047109,119
enoxaparin__mean_dose,40420.5574912892,6689.895470383275,69751.56794425087,284
enoxaparin__mean_dose,99082.57839721255,69751.56794425087,300000.0,57
nicotine__mean_dose,1988.75,250.0,6161.75,316
nicotine__mean_dose,10334.75,6161.75,12769.0,577
nicotine__mean_dose,15203.25,12769.0,17985.25,763
nicotine__mean_dose,20767.25,17985.25,22853.75,600
nicotine__mean_dose,24940.25,22853.75,69800.0,94
ticagrelor__mean_dose,89060.66929133858,63000.0,127465.86614173229,69
ticagrelor__mean_dose,165871.06299212598,127465.86614173229,337322.83464566927,50
pyridoxine__mean_dose,10536.301369863013,3333.3333333333335,30087.214611872143,96
pyridoxine__mean_dose,49638.12785388128,30087.214611872143,209132.4200913242,759
nicorandil__mean_dose,10196.188575961638,5629.435935748973,14762.941216174304,494
nicorandil__mean_dose,19329.69385638697,14762.941216174304,88661.3021214338,166
trazodone__mean_dose,51570.99022259206,19565.217391304348,76190.81547742875,862
trazodone__mean_dose,100810.64073226546,76190.81547742875,125430.46598710216,229
trazodone__mean_dose,150050.29124193886,125430.46598710216,511961.7224880383,204
simvastatin__mean_dose,9553.124454529589,4117.64705882353,14988.601850235644,1373
simvastatin__mean_dose,20424.0792459417,14988.601850235644,30087.15017164136,4070
simvastatin__mean_dose,39750.22109734102,30087.15017164136,124906.03363006924,9323
zolpidem__mean_dose,4973.406374501992,1000.0,7470.97609561753,981
zolpidem__mean_dose,9968.545816733067,7470.97609561753,23705.179282868525,753
digoxin__mean_dose,62.31670692194404,24.8,93.01219440353462,128
digoxin__mean_dose,123.7076818851252,93.01219440353462,188.5092665684831,344
digoxin__mean_dose,253.31085125184097,188.5092665684831,706.9219440353461,147
buprenorphine__mean_dose,198.36041666666665,0.4166666666666667,1466.6666666666667,261
heparin__mean_dose,50.641304347826086,2.1739130434782608,200.0,56
tranexamic_acid__mean_dose,504841.01232965605,179104.4776119403,1565217.391304348,5528
phenytoin__mean_dose,102364.7076137476,24242.424242424244,649220.691213011,53
glyceryl_trinitrate__mean_dose,423.15007732755953,8.524590163934427,2722.4368697803898,7902
glyceryl_trinitrate__mean_dose,5021.72366223322,2722.4368697803898,7547.169811320755,64
codeine__mean_dose,8214.256198347106,3000.0,13428.512396694214,13825
codeine__mean_dose,18642.76859504132,13428.512396694214,23857.024793388427,3881
codeine__mean_dose,29071.280991735533,23857.024793388427,211570.2479338843,21621
dihydrocodeine__mean_dose,33211.0754985755,5121.082621082621,265956.73076923075,6496
dihydrocodeine__mean_dose,498702.38603988604,265956.73076923075,807692.3076923077,180
triamterene__mean_dose,24924.381796831123,14538.198403648803,53731.34328358209,81
chlordiazepoxide__mean_dose,4795.272435897436,1282.051282051282,7371.634615384614,369
chlordiazepoxide__mean_dose,9947.996794871793,7371.634615384614,48125.0,214
clonazepam__mean_dose,483.44496741491673,147.05882352941177,5322.2302679217955,416
indapamide__mean_dose,1474.4736842105265,789.4736842105264,1979.2105263157896,467
indapamide__mean_dose,2483.9473684210525,1979.2105263157896,8000.0,1047
chloral_hydrate__mean_dose,697447.5903808909,143300.0,2606178.179470626,56
sotalol__mean_dose,39033.81950557948,22757.619738751815,59748.98284517833,162
sotalol__mean_dose,80464.14618477719,59748.98284517833,318688.52459016396,75
adrenaline__mean_dose,44444.67569444444,0.25,121481.68023148147,61
adrenaline__mean_dose,198518.6847685185,121481.68023148147,299259.38300925924,341
adrenaline__mean_dose,400000.08125,299259.38300925924,592592.5925925926,313
dipyridamole__mean_dose,200375.93984962403,21052.63157894737,291729.32330827066,281
dipyridamole__mean_dose,383082.70676691725,291729.32330827066,697744.3609022556,73
hyoscine__mean_dose,1021.0627645867844,133.33333333333334,5459.70992085404,349
hyoscine__mean_dose,9898.357077121296,5459.70992085404,14928.823854224185,8720
hyoscine__mean_dose,19959.290631327072,14928.823854224185,59315.29541689674,276
clomethiazole__mean_dose,191591.25358429528,128955.22388059701,1520866.9950738917,62
prasugrel__mean_dose,10042.229750538958,4691.09947643979,19764.70588235294,52
lormetazepam__mean_dose,504.51736545682104,257.3529411764706,751.6817897371714,105
lormetazepam__mean_dose,998.8462140175218,751.6817897371714,1755.3191489361702,141
enalapril__mean_dose,5133.980632269304,689.6551724137931,7527.078956806887,454
enalapril__mean_dose,9920.17728134447,7527.078956806887,15048.245119639289,285
enalapril__mean_dose,20176.312957934108,15048.245119639289,69063.89301634472,144
diltiazem__mean_dose,59058.10123214286,1.025,90858.06535714286,135
diltiazem__mean_dose,122658.02948214285,90858.06535714286,149915.1415892857,294
diltiazem__mean_dose,177172.25369642855,149915.1415892857,208972.21782142855,267
diltiazem__mean_dose,240772.18194642855,208972.21782142855,908571.4285714285,164
carbamazepine__mean_dose,108096.74383587428,28985.507246376812,152047.43083003955,1427
carbamazepine__mean_dose,195998.1178242048,152047.43083003955,1787012.987012987,379
trifluoperazine__mean_dose,1053.6043123543122,606.060606060606,30442.30769230769,207
naftidrofuryl__mean_dose,102302.08084598329,78321.67832167832,611219.512195122,204
buspirone__mean_dose,4913.264928944364,2055.9006211180126,40154.091392136026,366
fenofibrate__mean_dose,159275.39197644463,49454.545454545456,180703.8498343762,119
fenofibrate__mean_dose,202132.30769230772,180703.8498343762,585165.991902834,130
rasagiline__mean_dose,998.217306441119,528.3018867924528,1931.0344827586207,51
bezafibrate__mean_dose,198318.196526804,153424.65753424657,298465.3219717398,56
bezafibrate__mean_dose,398612.4474166756,298465.3219717398,844094.4881889764,286
temazepam__mean_dose,9811.641791044778,1492.5373134328358,14841.797986810137,7415
temazepam__mean_dose,19871.954182575497,14841.797986810137,40186.04651162791,629
quetiapine__mean_dose,26254.216726592414,14021.16402116402,829558.0110497237,132
sertraline__mean_dose,49495.75271354412,11538.461538461539,74364.32279377064,3716
sertraline__mean_dose,99232.89287399717,74364.32279377064,273312.8834355828,360
bendroflumethiazide__mean_dose,2501.5096345943157,475.2851711026616,2933.3279628794226,9044
bendroflumethiazide__mean_dose,3365.146291164529,2933.3279628794226,4195.566153251272,164
bendroflumethiazide__mean_dose,5025.986015338016,4195.566153251272,7118.64406779661,424
promazine__mean_dose,25337.86694938229,13157.894736842105,361157.1008094187,89
valproate__mean_dose,193922.89329195512,44444.444444444445,2762234.423490093,164
indoramin__mean_dose,19909.81503840047,14906.832298136645,91875.7975329647,135
lidocaine__mean_dose,19000.03120689655,0.034482758620689655,29000.029482758622,589
lidocaine__mean_dose,39000.027758620694,29000.029482758622,44000.02689655173,2868
lidocaine__mean_dose,49000.02603448276,44000.02689655173,64000.02344827587,151
lidocaine__mean_dose,79000.02086206898,64000.02344827587,89000.01913793104,168
lidocaine__mean_dose,99000.0174137931,89000.01913793104,200000.0,154
amantadine__mean_dose,100649.81096408318,50000.0,455198.4877126654,83
celiprolol__mean_dose,201302.9309400277,104545.45454545454,576533.1442750797,54
atorvastatin__mean_dose,9617.721518987342,2531.6455696202534,15129.113924050633,6446
atorvastatin__mean_dose,20640.506329113923,15129.113924050633,30088.607594936708,5538
atorvastatin__mean_dose,39536.70886075949,30088.607594936708,60007.594936708854,2226
atorvastatin__mean_dose,80478.48101265822,60007.594936708854,160000.0,411
isosorbide_dinitrate__mean_dose,20477.873678158045,4411.764705882353,101782.12211361382,60
chlorpromazine__mean_dose,25212.172647914645,5555.555555555556,362948.5935984481,237
lacidipine__mean_dose,1988.1016333938296,1379.3103448275863,8541.560798548095,90
trimipramine__mean_dose,23946.959766058284,5971.563981042654,217446.8085106383,71
lisinopril__mean_dose,4889.681553529599,1335.8778625954199,7474.266056027184,1826
lisinopril__mean_dose,10058.85055852477,7474.266056027184,14904.946500707738,1086
lisinopril__mean_dose,19751.042442890706,14904.946500707738,65950.49042503504,491
pravastatin__mean_dose,10250.361197110424,2105.2631578947367,14965.94427244582,885
pravastatin__mean_dose,19681.52734778122,14965.94427244582,29970.072239422087,696
pravastatin__mean_dose,40258.61713106296,29970.072239422087,87843.13725490196,566
ondansetron__max_dose,3995.97423510467,1159.4202898550725,6038.29307568438,352
ondansetron__max_dose,8080.61191626409,6038.29307568438,23851.85185185185,184
sumatriptan__max_dose,21020.089285714283,1875.0,35059.82142857142,155
sumatriptan__max_dose,49099.553571428565,35059.82142857142,74626.33928571428,3958
sumatriptan__max_dose,100153.12499999999,74626.33928571428,257142.85714285713,1578
almotriptan__max_dose,12472.92641237855,1303.5264483627204,21428.571428571428,323
midazolam__max_dose,10109.396914446002,869.5652173913044,41935.48387096774,310
fentanyl__max_dose,14.128767123287671,1.8461538461538463,493.1506849315069,386
terazosin__max_dose,2034.4088552326377,357.14285714285717,16331.104743712194,69
flecainide__max_dose,50146.710231276826,15503.875968992248,75673.00916138125,109
flecainide__max_dose,101199.30809148567,75673.00916138125,380165.28925619833,125
verapamil__max_dose,123043.82168068853,33185.18518518518,182949.57934435742,213
verapamil__max_dose,242855.33700802634,182949.57934435742,888981.723237598,151
doxepin__max_dose,10221.99441843202,4.216867469879518,17653.105364586307,67
doxepin__max_dose,25084.21631074059,17653.105364586307,185781.990521327,141
bupropion__max_dose,151416.9034090909,95312.5,170652.69886363635,1017
bupropion__max_dose,189888.49431818182,170652.69886363635,197903.4090909091,96
bupropion__max_dose,205918.32386363635,197903.4090909091,415909.0909090909,136
rizatriptan__max_dose,5107.720588235294,865.3846153846154,7571.012443438914,78
rizatriptan__max_dose,10034.304298642533,7571.012443438914,28235.29411764706,929
thioridazine__max_dose,11208.87445887446,4285.714285714285,18132.034632034633,201
thioridazine__max_dose,25055.194805194806,18132.034632034633,281212.1212121212,140
lithium__max_dose,410519.13470115967,197368.42105263157,3476610.1694915253,57
tadalafil__max_dose,4897.959724430313,627.4509803921569,7460.264970853206,368
tadalafil__max_dose,10022.5702172761,7460.264970853206,15147.180710121887,2195
tadalafil__max_dose,20271.791202967674,15147.180710121887,57567.56756756757,3186
oxycodone__max_dose,11367.424242424244,1666.6666666666667,389696.9696969697,325
diazepam__max_dose,1911.72864179066,384.61538461538464,3438.8418989659353,16521
diazepam__max_dose,4965.955156141211,3438.8418989659353,7481.200520900489,8050
diazepam__max_dose,9996.445885659767,7481.200520900489,18350.653704324504,222
olmesartan__max_dose,10456.456918101807,4519.600307455803,15023.269695521809,111
olmesartan__max_dose,19590.08247294181,15023.269695521809,95855.85585585586,87
valsartan__max_dose,39302.83359750833,10955.818654345943,58927.690096620754,140
valsartan__max_dose,78552.54659573318,58927.690096620754,119982.79920497052,389
valsartan__max_dose,161413.05181420787,119982.79920497052,447063.7408568443,146
ivabradine__max_dose,5096.175959352855,3456.7901234567903,22743.682310469314,66
citalopram__max_dose,10207.045174671075,5045.045045045045,14971.968371248946,2798
citalopram__max_dose,19736.891567826817,14971.968371248946,23310.583965260223,5543
citalopram__max_dose,26884.276362693625,23310.583965260223,33634.58422451228,335
citalopram__max_dose,40384.89208633093,33634.58422451228,84460.43165467626,308
donepezil__max_dose,10077.841501564131,1428.5714285714287,20437.956204379563,96
varenicline__max_dose,504.76190476190476,142.85714285714286,752.3809523809524,116
varenicline__max_dose,1000.0,752.3809523809524,1228.5714285714284,771
varenicline__max_dose,1457.142857142857,1228.5714285714284,3952.3809523809523,181
nifedipine__max_dose,9441.946308724833,2818.7919463087246,14593.288590604026,671
nifedipine__max_dose,19744.63087248322,14593.288590604026,24895.973154362415,331
nifedipine__max_dose,30047.31543624161,24895.973154362415,44765.43624161074,513
nifedipine__max_dose,59483.55704697987,44765.43624161074,150000.0,120
escitalopram__max_dose,4771.419141914192,2666.6666666666665,7343.894389438944,169
escitalopram__max_dose,9916.369636963696,7343.894389438944,15061.320132013203,766
escitalopram__max_dose,20206.27062706271,15061.320132013203,49438.94389438944,121
frovatriptan__max_dose,2515.7336435806183,373.66548042704625,4615.384615384615,281
domperidone__max_dose,5164.146480711199,2487.5621890547263,7543.332517739173,60
domperidone__max_dose,9922.518554767148,7543.332517739173,11706.90808253813,7614
domperidone__max_dose,13491.297610309111,11706.90808253813,21818.448739907024,196
domperidone__max_dose,30145.59986950494,21818.448739907024,61967.2131147541,181
cabergoline__max_dose,528.5282690669869,75.56675062972292,7044.205495818399,84
colestyramine__max_dose,4001927.966101695,2033898.3050847459,22750000.0,526
cinnarizine__max_dose,14829.625306097616,5232.558139534884,71419.22825376062,4782
clopidogrel__max_dose,74366.78813240549,20281.17359413203,181730.76923076922,2636
apomorphine__max_dose,1837.384651010208,155.84415584415584,112258.54383358097,172
pethidine__max_dose,49842.39482200647,13333.333333333334,210679.61165048543,270
nitrazepam__max_dose,4943.157894736842,1166.6666666666667,17236.842105263157,889
melatonin__max_dose,2030.0189537528431,1000.0,11842.304776345716,320
tolfenamic_acid__max_dose,199057.69359592712,57877.81350482315,280208.3333333333,101
zopiclone__max_dose,3690.4319926603957,668.7898089171974,5592.947441683891,7291
zopiclone__max_dose,7495.462890707387,5592.947441683891,23051.324503311258,8595
ciprofibrate__max_dose,99289.08366533864,24000.0,197078.35325365205,84
zolmitriptan__max_dose,2510.3205128205136,230.76923076923077,3729.615384615385,1232
zolmitriptan__max_dose,4948.910256410257,3729.615384615385,10833.333333333334,140
ramipril__max_dose,2638.934356351236,608.695652173913,3888.3120204603583,4139
ramipril__max_dose,5137.68968456948,3888.3120204603583,7480.272804774084,2099
ramipril__max_dose,9822.855924978687,7480.272804774084,31843.13725490196,2455
orlistat__max_dose,119442.85714285713,60000.0,150728.57142857142,1502
orlistat__max_dose,182014.28571428568,150728.57142857142,197657.14285714284,314
orlistat__max_dose,213300.0,197657.14285714284,685714.2857142857,207
metoprolol__max_dose,49882.27209116354,12500.0,73492.1281487405,452
metoprolol__max_dose,97101.98420631747,73492.1281487405,405997.60095961613,103
naratriptan__max_dose,2492.8904428904425,303.030303030303,5012.406947890819,1363
losartan__max_dose,23550.977911841976,6511.627906976744,37492.264279458985,758
losartan__max_dose,51433.550647075994,37492.264279458985,76218.05974506178,1592
losartan__max_dose,101002.56884304757,76218.05974506178,316317.99163179914,769
amiloride__max_dose,4703.950440107157,987.1794871794872,22461.856104094913,948
amiloride__max_dose,40219.761768082666,22461.856104094913,83582.0895522388,88
rutosides__max_dose,245828.9497257274,223048.32713754647,1741756.4996829424,197
bumetanide__max_dose,999.6051834806831,381.074168797954,9896.935933147632,361
reboxetine__max_dose,3982.307788161994,960.0,13295.95015576324,99
levomepromazine__max_dose,25209.429824561405,877.1929824561404,125657.8947368421,319
haloperidol__max_dose,644.3888888888889,188.88888888888889,2770.0555555555547,193
haloperidol__max_dose,4895.722222222221,2770.0555555555547,30555.555555555555,160
fluoxetine__max_dose,20067.175700620908,6534.653465346535,23537.053196845107,7534
fluoxetine__max_dose,27006.930693069306,23537.053196845107,75932.20338983051,382
mirtazapine__max_dose,15502.222405816257,3529.4117647058824,22913.962326503635,1833
mirtazapine__max_dose,30325.70224719101,22913.962326503635,37737.442167878384,859
mirtazapine__max_dose,45149.18208856576,37737.442167878384,117556.17977528089,159
furosemide__max_dose,19257.342657342655,4307.692307692308,29223.77622377622,3280
furosemide__max_dose,39190.20979020979,29223.77622377622,203636.36363636365,3940
pizotifen__max_dose,507.23980697950907,232.04419889502762,994.1243443597455,849
pizotifen__max_dose,1481.008881739982,994.1243443597455,4465.822784810127,1194
amiodarone__max_dose,202932.93345054035,67469.8795180723,669527.8969957081,532
warfarin__max_dose,1012.3412073490814,266.6666666666667,1971.0656167979,140
warfarin__max_dose,2929.7900262467188,1971.0656167979,3995.03937007874,424
warfarin__max_dose,5060.2887139107615,3995.03937007874,21571.653543307086,349
nefopam__max_dose,31017.377049180326,8000.0,39785.90163934426,3547
nefopam__max_dose,48554.42622950819,39785.90163934426,227213.11475409835,108
gabapentin__max_dose,287790.26222230133,59154.92957746479,4216160.977665402,2854
imipramine__max_dose,10185.157421289356,4827.586206896552,17685.757121439277,311
imipramine__max_dose,25186.3568215892,17685.757121439277,219130.4347826087,320
omega_3_acid__max_dose,475124.47447447444,170000.0,5717717.717717717,90
hydrochlorothiazide__max_dose,22688.362068965518,2500.0,37108.620689655174,327
hydrochlorothiazide__max_dose,51528.879310344826,37108.620689655174,74601.29310344828,463
hydrochlorothiazide__max_dose,97673.70689655172,74601.29310344828,579310.3448275862,79
perindopril__max_dose,1960.997084777813,986.8421052631579,2935.152064292468,730
perindopril__max_dose,3909.3070438071227,2935.152064292468,5965.856445004727,689
perindopril__max_dose,8022.405846202331,5965.856445004727,22634.730538922155,277
isometheptene__max_dose,326723.7117720989,41935.48387096774,844155.8441558442,94
colesevelam__max_dose,623457.2968288455,489130.4347826087,3474171.813587872,57
topiramate__max_dose,21693.21710054932,11392.405063291139,698113.2075471698,293
dextropropoxyphene__max_dose,31447.59301139028,9415.041782729804,38405.24076780937,9959
dextropropoxyphene__max_dose,45362.88852422847,38405.24076780937,241336.63366336634,261
risperidone__max_dose,1062.6842105263158,263.1578947368421,14800.0,86
venlafaxine__max_dose,37278.40909090909,22500.0,55012.5,700
venlafaxine__max_dose,72746.59090909091,55012.5,111170.45454545454,962
venlafaxine__max_dose,149594.31818181818,111170.45454545454,613636.3636363636,185
ibuprofen__max_dose,195165.51337845623,2.600806451612903,298487.0553283411,2641
ibuprofen__max_dose,401808.5972782259,298487.0553283411,505130.13922811067,38428
ibuprofen__max_dose,608451.6811779954,505130.13922811067,700293.0518001153,7167
ibuprofen__max_dose,792134.4224222351,700293.0518001153,2296036.866359447,1834
apixaban__max_dose,4968.349858821984,1783.43949044586,7143.4105982008,125
apixaban__max_dose,9318.471337579616,7143.4105982008,17319.58762886598,63
lercanidipine__max_dose,10030.892448512586,5263.1578947368425,14975.209763539284,666
lercanidipine__max_dose,19919.52707856598,14975.209763539284,40579.710144927536,162
eplerenone__max_dose,25183.37939377506,12423.93509127789,94742.93059125965,71
lorazepam__max_dose,1012.2459127043649,218.58407079646017,5338.983050847458,1099
promethazine__max_dose,5184.589997461284,4102.5641025641025,7709.317085554709,51
promethazine__max_dose,10234.044173648133,7709.317085554709,17447.550139629348,475
promethazine__max_dose,24661.056105610558,17447.550139629348,76237.62376237624,1451
prochlorperazine__max_dose,3076.230178761031,821.917808219178,4068.1276217994464,4665
prochlorperazine__max_dose,5060.025064837862,4068.1276217994464,6322.4399923413,23197
prochlorperazine__max_dose,7584.854919844737,6322.4399923413,10019.512280029938,241
prochlorperazine__max_dose,12454.16964021514,10019.512280029938,18856.416772554003,345
amitriptyline__max_dose,9258.362396956247,1973.6842105263158,17352.449270767283,18572
amitriptyline__max_dose,25446.536144578316,17352.449270767283,37587.666455294864,5590
amitriptyline__max_dose,49728.796766011415,37587.666455294864,163855.421686747,746
oxazepam__max_dose,10138.2720333102,4545.454545454545,12645.397114073081,298
oxazepam__max_dose,15152.522194835961,12645.397114073081,43116.60963411424,67
pregabalin__max_dose,74094.242966336,14685.314685314685,113700.19515368354,1095
pregabalin__max_dose,153306.1473410311,113700.19515368354,1334883.7209302327,285
timolol__max_dose,1989.327584097582,0.25510204081632654,3519.3833395258634,88
timolol__max_dose,5049.439094954145,3519.3833395258634,7497.528303639394,59
timolol__max_dose,9945.617512324643,7497.528303639394,30601.370210606445,166
loprazolam__max_dose,1006.5493975903614,560.0,2024.0963855421687,192
isosorbide_mononitrate__max_dose,10914.835164835165,7197.802197802198,18348.9010989011,440
isosorbide_mononitrate__max_dose,25782.967032967033,18348.9010989011,33217.03296703297,275
isosorbide_mononitrate__max_dose,40651.09890109891,33217.03296703297,50563.18681318682,204
isosorbide_mononitrate__max_dose,60475.27472527473,50563.18681318682,255000.0,749
clonidine__max_dose,25.16840657519719,15.957446808510639,33.0635149466428,3157
clonidine__max_dose,40.958623318088414,33.0635149466428,69.90735401338901,244
clonidine__max_dose,98.8560847086896,69.90735401338901,279.1277258566978,149
bisoprolol__max_dose,2466.03668261563,666.6666666666666,3711.754385964912,3339
bisoprolol__max_dose,4957.472089314195,3711.754385964912,7448.907496012759,1684
bisoprolol__max_dose,9940.342902711323,7448.907496012759,28349.28229665072,513
clobazam__max_dose,9828.002191952402,1481.4814814814815,36998.59088774072,71
rosuvastatin__max_dose,5141.044282881692,1045.751633986928,7747.139604905633,941
rosuvastatin__max_dose,10353.234926929574,7747.139604905633,15193.12623925975,736
rosuvastatin__max_dose,20033.017551589925,15193.12623925975,75505.61797752809,210
moxonidine__max_dose,199.3760163249689,141.77215189873417,909.823677581864,103
sildenafil__max_dose,25984.97854077253,2145.922746781116,38699.141630901286,874
sildenafil__max_dose,51413.304721030036,38699.141630901286,75252.36051502144,5764
sildenafil__max_dose,99091.41630901286,75252.36051502144,320000.0,5607
paroxetine__max_dose,10349.270399658397,2539.6825396825398,15183.77717011964,76
paroxetine__max_dose,20018.283940580885,15183.77717011964,24852.79071104213,2822
paroxetine__max_dose,29687.297481503374,24852.79071104213,76916.70977754785,230
morphine__max_dose,8858.454106280193,2222.222222222222,444637.6811594203,2193
aspirin__max_dose,73101.04578858112,15517.241379310344,185526.56868287167,18360
aspirin__max_dose,297952.0915771622,185526.56868287167,563934.4262295082,1325
diamorphine__max_dose,4959.7051597051595,1081.081081081081,7545.454545454546,116
diamorphine__max_dose,10131.203931203932,7545.454545454546,87272.72727272728,100
cyclizine__max_dose,50183.6917562724,10752.68817204301,212962.96296296295,4167
telmisartan__max_dose,40361.66666666667,5000.0,149333.33333333334,69
clomipramine__max_dose,10629.407928825975,7133.75796178344,17620.707862911044,212
clomipramine__max_dose,24612.007796996113,17620.707862911044,240177.0890979524,115
duloxetine__max_dose,20065.18980704698,11275.167785234898,24859.747273489935,261
duloxetine__max_dose,29654.304739932886,24859.747273489935,34448.86220637584,339
duloxetine__max_dose,39243.419672818796,34448.86220637584,49631.62751677853,126
duloxetine__max_dose,60019.83536073826,49631.62751677853,171093.75,333
betahistine__max_dose,8300.19028352878,4033.6134453781515,10239.543391779065,4568
betahistine__max_dose,12178.89650002935,10239.543391779065,14118.249608279635,153
betahistine__max_dose,16057.60271652992,14118.249608279635,19936.308933030494,4599
betahistine__max_dose,23815.015149531064,19936.308933030494,81607.73777538957,153
tramadol__max_dose,47339.51976794155,20192.30769230769,74486.73184357541,14556
tramadol__max_dose,101633.94391920927,74486.73184357541,125764.79909755047,1723
tramadol__max_dose,149895.65427589166,125764.79909755047,623463.687150838,356
felodipine__max_dose,2462.608695652174,1217.391304347826,3707.826086956522,807
felodipine__max_dose,4953.04347826087,3707.826086956522,7443.478260869566,1036
felodipine__max_dose,9933.913043478262,7443.478260869566,28888.88888888889,354
chlortalidone__max_dose,12155.534184774317,7910.337161911819,18826.558077843958,332
chlortalidone__max_dose,25497.581970913598,18826.558077843958,37626.71632194931,169
chlortalidone__max_dose,49755.85067298502,37626.71632194931,129201.6806722689,77
nebivolol__max_dose,5017.556818181818,1193.1818181818182,15100.0,174
propranolol__max_dose,8533.641339739866,3050.8474576271187,24982.022986078107,2186
propranolol__max_dose,41430.40463241635,24982.022986078107,61533.9822001631,3590
propranolol__max_dose,81637.55976790984,61533.9822001631,120017.11694269908,3445
propranolol__max_dose,158396.67411748832,120017.11694269908,368570.439598477,222
spironolactone__max_dose,23962.605042016803,10000.0,36655.882352941175,677
spironolactone__max_dose,49349.15966386554,36655.882352941175,74735.71428571428,165
spironolactone__max_dose,100122.268907563,74735.71428571428,263865.5462184874,95
rivaroxaban__max_dose,9819.09090909091,3818.181818181818,12428.18181818182,90
rivaroxaban__max_dose,15037.272727272728,12428.18181818182,17646.36363636364,135
rivaroxaban__max_dose,20255.454545454548,17646.36363636364,56000.0,417
disulfiram__max_dose,199314.30689399556,30985.915492957745,392982.4561403509,72
doxazosin__max_dose,1070.7523819954004,486.95652173913044,2588.6216186617016,1108
doxazosin__max_dose,4106.490855328003,2588.6216186617016,5974.637608148067,871
doxazosin__max_dose,7842.7843609681295,5974.637608148067,23838.790931989923,220
olanzapine__max_dose,2545.576923076923,1346.1538461538462,3745.0,84
olanzapine__max_dose,4944.423076923077,3745.0,28000.0,84
amlodipine__max_dose,4877.628865979381,2164.9484536082473,7461.134020618556,7998
amlodipine__max_dose,10044.639175257731,7461.134020618556,28000.0,2388
metoclopramide__max_dose,501607.30461038207,1265.8227848101267,1100917.4311926605,807
paracetamol__max_dose,494562.4899209804,90217.7068214804,683256.7220340804,49991
paracetamol__max_dose,871950.9541471805,683256.7220340804,1087601.5051335804,3507
paracetamol__max_dose,1303252.0561199803,1087601.5051335804,5481481.481481481,1307
ezetimibe__max_dose,9835.00573864568,4361.370716510904,56491.228070175435,1670
dosulepin__max_dose,23702.665138960554,5496.45390070922,48911.26531500087,2133
dosulepin__max_dose,74119.86549104119,48911.26531500087,285592.0114122682,1587
fluvastatin__max_dose,19579.74448315912,7526.132404181185,29506.24854819977,181
fluvastatin__max_dose,39432.75261324042,29506.24854819977,149333.33333333334,101
lamotrigine__max_dose,22672.955130957493,6131.386861313868,667794.1176470588,94
meptazinol__max_dose,203084.83754512636,100000.0,996389.8916967509,534
candesartan__max_dose,4200.0,1037.037037037037,6212.7946127946125,851
candesartan__max_dose,8225.589225589225,6212.7946127946125,12251.17845117845,853
candesartan__max_dose,16276.767676767677,12251.17845117845,24040.40404040404,335
candesartan__max_dose,31804.040404040403,24040.40404040404,58545.454545454544,115
procyclidine__max_dose,5069.6100917431195,2500.0,26972.477064220184,129
atenolol__max_dose,25252.89288506646,6000.0,38088.1548084441,2992
atenolol__max_dose,50923.41673182174,38088.1548084441,75310.41438623925,4813
atenolol__max_dose,99697.41204065675,75310.41438623925,262705.23846755276,852
irbesartan__max_dose,76368.90243902439,9146.341463414634,111957.31707317072,295
irbesartan__max_dose,147545.73170731706,111957.31707317072,222676.8292682927,493
irbesartan__max_dose,297807.92682926834,222676.8292682927,800000.0,279
lofepramine__max_dose,70173.56314834376,28978.494623655915,81708.18233525637,1417
lofepramine__max_dose,93242.80152216897,81708.18233525637,358539.0428211587,116
nortriptyline__max_dose,9465.350877192981,4912.2807017543855,17270.614035087718,1001
nortriptyline__max_dose,25075.877192982454,17270.614035087718,135000.0,139
enoxaparin__max_dose,41086.04651162791,7441.860465116279,70341.86046511628,291
enoxaparin__max_dose,99597.67441860464,70341.86046511628,300000.0,85
nicotine__max_dose,2076.5625,250.0,6095.0,315
nicotine__max_dose,10113.4375,6095.0,12670.625,535
nicotine__max_dose,15227.8125,12670.625,18150.3125,1012
nicotine__max_dose,21072.8125,18150.3125,22899.375,1150
nicotine__max_dose,24725.9375,22899.375,73312.5,205
ticagrelor__max_dose,89060.66929133858,63000.0,127465.86614173229,71
ticagrelor__max_dose,165871.06299212598,127465.86614173229,337322.83464566927,52
pyridoxine__max_dose,10536.301369863013,3333.3333333333335,30087.214611872143,95
pyridoxine__max_dose,49638.12785388128,30087.214611872143,209132.4200913242,822
nicorandil__max_dose,10365.077436987549,6741.573033707865,15023.868812632856,509
nicorandil__max_dose,19682.660188278165,15023.868812632856,110270.27027027027,208
trazodone__max_dose,51570.99022259206,19565.217391304348,76190.81547742875,876
trazodone__max_dose,100810.64073226546,76190.81547742875,125430.46598710216,257
trazodone__max_dose,150050.29124193886,125430.46598710216,511961.7224880383,248
simvastatin__max_dose,10435.578747628084,4117.64705882353,15349.525616698294,1378
simvastatin__max_dose,20263.472485768503,15349.525616698294,30091.366223908924,5192
simvastatin__max_dose,39919.25996204934,30091.366223908924,46939.18406072107,14204
simvastatin__max_dose,53959.108159392796,46939.18406072107,67296.96394686907,399
simvastatin__max_dose,80634.81973434534,67296.96394686907,144516.12903225806,174
zolpidem__max_dose,4968.300653594772,1111.111111111111,7470.261437908497,1083
zolpidem__max_dose,9972.222222222223,7470.261437908497,21960.78431372549,1014
digoxin__max_dose,62.31670692194404,24.8,93.01219440353462,123
digoxin__max_dose,123.7076818851252,93.01219440353462,188.5092665684831,346
digoxin__max_dose,253.31085125184097,188.5092665684831,706.9219440353461,197
buprenorphine__max_dose,200.25189285714282,0.4166666666666667,1738.1142857142856,302
heparin__max_dose,50.641304347826086,2.1739130434782608,200.0,72
tranexamic_acid__max_dose,500739.0218329838,179104.4776119403,1828512.3966942148,6080
phenytoin__max_dose,96742.54462903725,24242.424242424244,877185.0170261067,54
glyceryl_trinitrate__max_dose,405.05907172995785,66.66666666666667,2698.6075949367096,8027
glyceryl_trinitrate__max_dose,4992.156118143461,2698.6075949367096,7586.497890295359,78
codeine__max_dose,6795.931134820563,3000.0,18183.72453928225,13145
codeine__max_dose,29571.517943743936,18183.72453928225,35898.06983511154,33689
codeine__max_dose,42224.62172647915,35898.06983511154,256062.07565470418,1501
dihydrocodeine__max_dose,33740.44265593562,5714.285714285715,269160.1609657948,7995
dihydrocodeine__max_dose,504579.879275654,269160.1609657948,1126760.5633802817,306
triamterene__max_dose,25208.31908019764,14538.198403648803,64166.666666666664,107
chlordiazepoxide__max_dose,4651.317980022197,2205.8823529411766,7446.1015538290785,381
chlordiazepoxide__max_dose,10240.88512763596,7446.1015538290785,72075.47169811321,266
clonazepam__max_dose,483.44496741491673,147.05882352941177,5322.2302679217955,448
indapamide__max_dose,1495.0956937799042,789.4736842105264,1993.181818181818,548
indapamide__max_dose,2491.267942583732,1993.181818181818,9090.90909090909,1239
chloral_hydrate__max_dose,697851.7838996507,143300.0,2607974.5951095587,61
sotalol__max_dose,39516.67756703727,31328.671328671328,59167.89253911556,168
sotalol__max_dose,78819.10751119384,59167.89253911556,358848.92086330935,124
adrenaline__max_dose,44444.69111111111,0.26666666666666666,121481.69348148147,68
adrenaline__max_dose,198518.69585185184,121481.69348148147,299259.39125925925,359
adrenaline__max_dose,400000.08666666667,299259.39125925925,592592.5925925926,355
dipyridamole__max_dose,196947.3684210526,21052.63157894737,291659.9190283401,291
dipyridamole__max_dose,386372.4696356275,291659.9190283401,923076.9230769231,105
hyoscine__max_dose,1091.3333333333333,133.33333333333334,5562.000000000001,348
hyoscine__max_dose,10032.666666666668,5562.000000000001,15141.999999999998,8893
hyoscine__max_dose,20251.33333333333,15141.999999999998,64000.0,319
clomethiazole__max_dose,191591.25358429528,128955.22388059701,1520866.9950738917,65
prasugrel__max_dose,10042.229750538958,4691.09947643979,19764.70588235294,56
lormetazepam__max_dose,505.2292268479184,280.3738317757009,753.7536108751062,112
lormetazepam__max_dose,1002.277994902294,753.7536108751062,2647.2727272727275,175
enalapril__max_dose,5240.438871473354,689.6551724137931,7768.652037617554,508
enalapril__max_dose,10296.865203761754,7768.652037617554,15353.291536050156,336
enalapril__max_dose,20409.717868338557,15353.291536050156,29511.28526645768,241
enalapril__max_dose,38612.8526645768,29511.28526645768,101818.18181818182,64
diltiazem__max_dose,59058.10123214286,1.025,90858.06535714286,132
diltiazem__max_dose,122658.02948214285,90858.06535714286,149915.1415892857,287
diltiazem__max_dose,177172.25369642855,149915.1415892857,208972.21782142855,291
diltiazem__max_dose,240772.18194642855,208972.21782142855,272572.14607142855,187
diltiazem__max_dose,304372.1101964286,272572.14607142855,908571.4285714285,97
carbamazepine__max_dose,104176.25016151958,51376.14678899082,156976.35353404834,1412
carbamazepine__max_dose,209776.4569065771,156976.35353404834,294256.6223026231,453
carbamazepine__max_dose,378736.7876986691,294256.6223026231,2163380.2816901407,111
carbidopa__max_dose,70600.73941562313,9550.387596899225,1753846.1538461538,118
naftidrofuryl__max_dose,102302.08084598329,78321.67832167832,611219.512195122,204
buspirone__max_dose,4913.264928944364,2055.9006211180126,7389.647329060535,369
buspirone__max_dose,9866.029729176706,7389.647329060535,40154.091392136026,57
fenofibrate__max_dose,159709.01898734178,59367.08860759494,180993.67088607594,132
fenofibrate__max_dose,202278.3227848101,180993.67088607594,235725.63291139237,160
fenofibrate__max_dose,269172.94303797465,235725.63291139237,667500.0,68
rasagiline__max_dose,1001.4741676234214,626.8656716417911,2369.230769230769,59
bezafibrate__max_dose,197145.54794520547,153424.65753424657,299160.9589041096,60
bezafibrate__max_dose,401176.36986301374,299160.9589041096,1125000.0,385
temazepam__max_dose,9985.753052917233,1492.5373134328358,14994.57259158752,8269
temazepam__max_dose,20003.392130257806,14994.57259158752,45047.48982360923,1012
quetiapine__max_dose,26625.42989417989,14021.16402116402,854305.5555555555,129
sertraline__max_dose,49052.19012115564,16091.954022988506,61949.673811742774,3914
sertraline__max_dose,74847.15750232991,61949.673811742774,87744.64119291704,219
sertraline__max_dose,100642.12488350419,87744.64119291704,302702.7027027027,556
bendroflumethiazide__max_dose,2491.734281640413,669.6428571428571,3762.9608568712656,10837
bendroflumethiazide__max_dose,5034.187432102119,3762.9608568712656,9144.486692015209,883
promazine__max_dose,25535.13293543136,13157.894736842105,838307.1079761259,95
valproate__max_dose,195116.6429587482,77477.47747747747,3438596.49122807,172
indoramin__max_dose,19909.81503840047,14906.832298136645,91875.7975329647,145
lidocaine__max_dose,19000.042093023258,0.046511627906976744,29000.039767441864,843
lidocaine__max_dose,39000.03744186047,29000.039767441864,44000.03627906977,3501
lidocaine__max_dose,49000.035116279076,44000.03627906977,64000.03162790699,230
lidocaine__max_dose,79000.0281395349,64000.03162790699,89000.0258139535,225
lidocaine__max_dose,99000.0234883721,89000.0258139535,200000.0,247
amantadine__max_dose,97090.4255319149,50000.0,774468.085106383,90
celiprolol__max_dose,198368.93032409452,116129.03225806452,683300.7430582714,65
atorvastatin__max_dose,9242.085661080077,4692.737430167598,14701.303538175049,5580
atorvastatin__max_dose,20160.52141527002,14701.303538175049,30169.087523277467,7584
atorvastatin__max_dose,40177.65363128491,30169.087523277467,60194.78584729982,3281
atorvastatin__max_dose,80211.91806331472,60194.78584729982,186666.66666666666,778
isosorbide_dinitrate__max_dose,19850.0,5000.0,115000.0,62
chlorpromazine__max_dose,25871.468926553673,5555.555555555556,374935.79866461223,248
lacidipine__max_dose,1982.9885057471265,1379.3103448275863,3004.597701149425,101
lacidipine__max_dose,4026.2068965517237,3004.597701149425,10666.666666666666,55
trimipramine__max_dose,24053.516819571865,8256.880733944954,37419.901199717715,76
trimipramine__max_dose,50786.28557986356,37419.901199717715,251282.05128205128,56
lisinopril__max_dose,5152.686435701703,1335.8778625954199,7697.225484439225,2083
lisinopril__max_dose,10241.764533176747,7697.225484439225,14906.752789195536,1351
lisinopril__max_dose,19571.741045214327,14906.752789195536,86153.84615384616,735
pravastatin__max_dose,9768.42105263158,2105.2631578947367,15073.684210526317,1052
pravastatin__max_dose,20378.947368421053,15073.684210526317,30400.000000000004,863
pravastatin__max_dose,40421.052631578954,30400.000000000004,120000.0,861
ondansetron__median_dose,3995.97423510467,1159.4202898550725,6038.29307568438,353
ondansetron__median_dose,8080.61191626409,6038.29307568438,23851.85185185185,172
sumatriptan__median_dose,10250.211466165414,1528.11004784689,14946.727614490774,106
sumatriptan__median_dose,19643.24376281613,14946.727614490774,35074.65396445659,178
sumatriptan__median_dose,50506.06416609706,35074.65396445659,62582.81997607655,3598
sumatriptan__median_dose,74659.57578605604,62582.81997607655,87407.26247436773,76
sumatriptan__median_dose,100154.94916267942,87407.26247436773,135714.2857142857,1071
almotriptan__median_dose,12562.056118376258,1177.5702580236189,16666.666666666668,268
midazolam__median_dose,10109.396914446002,869.5652173913044,41935.48387096774,307
fentanyl__median_dose,11.275456795513065,1.8461538461538463,18.01067318791251,342
fentanyl__median_dose,24.745889580311953,18.01067318791251,271.25480954213157,215
terazosin__median_dose,2034.4088552326377,357.14285714285717,16331.104743712194,65
flecainide__median_dose,50384.69494524117,15503.875968992248,75299.56564256184,120
flecainide__median_dose,100214.4363398825,75299.56564256184,347702.1519332677,125
verapamil__median_dose,42311.93672424441,33185.18518518518,60565.439802362875,108
verapamil__median_dose,78818.94288048134,60565.439802362875,100114.69647161955,61
verapamil__median_dose,121410.45006275777,100114.69647161955,179213.20981013292,196
verapamil__median_dose,237015.96955750804,179213.20981013292,641635.287789134,121
doxepin__median_dose,10221.267573552503,3.447719449225473,17652.409285627615,74
doxepin__median_dose,25083.550997702725,17652.409285627615,185781.990521327,137
bupropion__median_dose,151416.9034090909,95312.5,170652.69886363635,1046
bupropion__median_dose,189888.49431818182,170652.69886363635,197903.4090909091,96
bupropion__median_dose,205918.32386363635,197903.4090909091,415909.0909090909,98
rizatriptan__median_dose,4965.4532967032965,865.3846153846154,7450.343406593407,80
rizatriptan__median_dose,9935.233516483517,7450.343406593407,25714.285714285714,783
thioridazine__median_dose,10480.270211245235,2343.75,17454.430392312577,201
thioridazine__median_dose,24428.590573379923,17454.430392312577,234815.75603557815,133
lithium__median_dose,407557.34647079743,57142.857142857145,2860458.7717663795,72
tadalafil__median_dose,4841.152473227945,566.0377358490566,7406.221315655278,453
tadalafil__median_dose,9971.290158082611,7406.221315655278,12536.359000509943,1989
tadalafil__median_dose,15101.427842937275,12536.359000509943,17666.496685364607,158
tadalafil__median_dose,20231.56552779194,17666.496685364607,57567.56756756757,2168
oxycodone__median_dose,11367.424242424244,1666.6666666666667,389696.9696969697,331
diazepam__median_dose,2049.211703958692,342.85714285714283,2791.104991394148,17587
diazepam__median_dose,3532.998278829604,2791.104991394148,4274.891566265061,1078
diazepam__median_dose,5016.7848537005175,4274.891566265061,7539.222030981068,6203
diazepam__median_dose,10061.659208261619,7539.222030981068,15180.722891566265,123
olmesartan__median_dose,9940.378514828284,4519.600307455803,56146.05942528894,114
valsartan__median_dose,39812.51888341544,10361.904761904761,60201.40558292283,149
valsartan__median_dose,80590.29228243022,60201.40558292283,121368.065681445,436
valsartan__median_dose,162145.8390804598,121368.065681445,463448.275862069,97
ivabradine__median_dose,5078.32684436458,3456.7901234567903,22533.69272237197,66
citalopram__median_dose,10297.417271993541,5045.045045045045,12748.524311236173,2944
citalopram__median_dose,15199.631350478805,12748.524311236173,17650.73838972144,626
citalopram__median_dose,20101.845428964072,17650.73838972144,75076.67473769168,4870
donepezil__median_dose,10025.345622119818,1428.5714285714287,20322.58064516129,80
varenicline__median_dose,502.3772427407667,269.6078431372549,748.8389599680145,116
varenicline__median_dose,995.3006771952622,748.8389599680145,1132.223853432622,773
varenicline__median_dose,1269.1470296699817,1132.223853432622,3008.0713678844522,154
nifedipine__median_dose,5236.568057455541,2454.172366621067,12470.796853625172,684
nifedipine__median_dose,19705.025649794803,12470.796853625172,24713.337893296855,289
nifedipine__median_dose,29721.650136798908,24713.337893296855,44746.586867305065,432
nifedipine__median_dose,59771.52359781122,44746.586867305065,113750.0,80
escitalopram__median_dose,4921.91906549854,2666.6666666666665,7382.194409678765,182
escitalopram__median_dose,9842.46975385899,7382.194409678765,14968.043387567794,720
escitalopram__median_dose,20093.617021276597,14968.043387567794,43671.25573633709,72
frovatriptan__median_dose,2494.3493532560215,356.26672613737736,3571.4285714285716,246
domperidone__median_dose,10149.8188654828,2487.5621890547263,20133.97150446484,7989
domperidone__median_dose,30118.124143446876,20133.97150446484,48925.48144013397,125
cabergoline__median_dose,520.1277209669347,66.5822072072072,7044.205495818399,66
colestyramine__median_dose,4024213.254350241,2033898.3050847459,19340984.820436876,544
cinnarizine__median_dose,15219.019239489538,5232.558139534884,62298.050139275765,4903
clopidogrel__median_dose,74665.2294526989,20281.17359413203,161538.46153846153,2530
apomorphine__median_dose,1627.4061864440573,155.84415584415584,98259.97952917093,177
pethidine__median_dose,49842.39482200647,13333.333333333334,210679.61165048543,275
nitrazepam__median_dose,4939.583333333333,1166.6666666666667,14886.363636363636,882
dalteparin__median_dose,642.4434682964095,105.88235294117646,35876.62337662338,115
melatonin__median_dose,2032.4029004573074,1000.0,9977.416525715718,311
tolfenamic_acid__median_dose,198984.59330594586,51409.06565055172,280208.3333333333,98
zopiclone__median_dose,3820.127388535032,668.7898089171974,4735.031847133758,7681
zopiclone__median_dose,5649.9363057324845,4735.031847133758,6564.840764331211,711
zopiclone__median_dose,7479.745222929937,6564.840764331211,21000.0,6927
ciprofibrate__median_dose,99943.63636363635,24000.0,190909.0909090909,82
zolmitriptan__median_dose,2502.142857142857,200.0,3757.857142857142,1056
zolmitriptan__median_dose,5013.5714285714275,3757.857142857142,8571.42857142857,88
ramipril__median_dose,1157.9167139292194,444.90131578947364,1870.9321120689656,1675
ramipril__median_dose,2583.9475102087117,1870.9321120689656,3724.772147232305,4392
ramipril__median_dose,4865.5967842558985,3724.772147232305,6149.024500907441,2245
ramipril__median_dose,7432.452217558984,6149.024500907441,8715.879934210527,583
ramipril__median_dose,9999.307650862069,8715.879934210527,28965.51724137931,1976
orlistat__median_dose,120454.12844036697,60000.0,149366.97247706424,1660
orlistat__median_dose,178279.81651376147,149366.97247706424,196678.89908256882,269
orlistat__median_dose,215077.98165137615,196678.89908256882,585688.0733944954,191
metoprolol__median_dose,50564.19027688345,12500.0,74127.73663876369,459
metoprolol__median_dose,97691.28300064392,74127.73663876369,375016.0978750805,79
naratriptan__median_dose,2503.2954545454545,136.36363636363637,3750.0,1146
losartan__median_dose,24915.958299919806,6511.627906976744,37657.417802726544,1041
losartan__median_dose,50398.87730553328,37657.417802726544,61724.61908580593,1765
losartan__median_dose,73050.36086607858,61724.61908580593,87207.53809141941,204
losartan__median_dose,101364.71531676022,87207.53809141941,289655.1724137931,516
amiloride__median_dose,2340.625998432275,612.0476667691971,3575.3248067630448,420
amiloride__median_dose,4810.023615093814,3575.3248067630448,22342.74669339075,891
amiloride__median_dose,39875.46977168768,22342.74669339075,50000.0,64
rutosides__median_dose,249761.21008803014,206871.34502923978,986687.073370883,198
bumetanide__median_dose,974.9257278669043,366.01307189542484,8484.848484848484,350
reboxetine__median_dose,4032.135882186349,692.1212121212121,13295.95015576324,102
levomepromazine__median_dose,25013.377192982458,877.1929824561404,77500.0,308
haloperidol__median_dose,644.3888888888889,188.88888888888889,2770.0555555555547,198
haloperidol__median_dose,4895.722222222221,2770.0555555555547,30555.555555555555,151
fluoxetine__median_dose,20097.951244173717,4039.4337714863495,60385.10911424904,7459
mirtazapine__median_dose,15109.176079371504,3529.4117647058824,18844.583922812024,1751
mirtazapine__median_dose,22579.991766252548,18844.583922812024,26315.39960969307,145
mirtazapine__median_dose,30050.807453133595,26315.39960969307,78237.56863351635,682
furosemide__median_dose,5126.838731443995,2763.157894736842,12217.881241565454,63
furosemide__median_dose,19308.92375168691,12217.881241565454,24824.179037336933,3422
furosemide__median_dose,30339.434322986956,24824.179037336933,35066.795996401255,472
furosemide__median_dose,39794.15766981556,35066.795996401255,160341.88034188034,3406
pizotifen__median_dose,519.5163224516989,105.26315789473684,759.3471019320453,905
pizotifen__median_dose,999.1778814123918,759.3471019320453,1239.0086608927381,85
pizotifen__median_dose,1478.8394403730847,1239.0086608927381,4465.822784810127,1054
amiodarone__median_dose,198983.61809496506,65481.70835782966,658823.5294117647,512
warfarin__median_dose,967.9540229885058,266.6666666666667,1468.8735632183907,169
warfarin__median_dose,1969.7931034482758,1468.8735632183907,2470.712643678161,245
warfarin__median_dose,2971.6321839080456,2470.712643678161,20303.44827586207,536
nefopam__median_dose,30447.525773195877,8000.0,203195.87628865978,3630
gabapentin__median_dose,114698.5887519756,59154.92957746479,207271.35404282698,2376
gabapentin__median_dose,299844.11933367833,207271.35404282698,3762065.5412115194,2806
imipramine__median_dose,10686.572410649896,4827.586206896552,18219.554672618484,305
imipramine__median_dose,25752.536934587068,18219.554672618484,172227.1920284207,313
omega_3_acid__median_dose,460647.46526187204,170000.0,4045299.5368249603,91
hydrochlorothiazide__median_dose,22688.362068965518,2500.0,37108.620689655174,351
hydrochlorothiazide__median_dose,51528.879310344826,37108.620689655174,579310.3448275862,466
perindopril__median_dose,2048.444495412844,778.2294068586567,3025.533025069911,780
perindopril__median_dose,4002.6215547269785,3025.533025069911,5956.798614041113,751
perindopril__median_dose,7910.975673355248,5956.798614041113,20320.0,162
isometheptene__median_dose,322899.897593446,41935.48387096774,687830.6878306878,94
colesevelam__median_dose,621166.4497913884,462588.47320525785,3345824.411134904,57
topiramate__median_dose,26575.46327526685,11392.405063291139,618714.7335423197,306
dextropropoxyphene__median_dose,33358.12932752671,8614.4578313253,191900.91335874313,10852
risperidone__median_dose,1039.558187134503,263.1578947368421,12207.777777777777,81
venlafaxine__median_dose,37015.39815010673,14705.882352941177,55268.63834778763,721
venlafaxine__median_dose,73521.87854546853,55268.63834778763,420333.4423014057,861
ibuprofen__median_dose,106580.79059747173,2.600806451612903,155025.4223206627,332
ibuprofen__median_dose,203470.05404385368,155025.4223206627,251914.68576704466,4464
ibuprofen__median_dose,300359.31749023567,251914.68576704466,348803.9492134266,1340
ibuprofen__median_dose,397248.58093661757,348803.9492134266,445693.2126598085,39268
ibuprofen__median_dose,494137.84438299946,445693.2126598085,542582.4761061905,1662
ibuprofen__median_dose,591027.1078293815,542582.4761061905,697605.2976204016,4995
ibuprofen__median_dose,804183.4874114217,697605.2976204016,1937787.8697340903,921
apixaban__median_dose,4968.349858821984,1783.43949044586,7065.729857508701,125
apixaban__median_dose,9163.109856195417,7065.729857508701,17319.58762886598,61
lercanidipine__median_dose,9952.684117354756,5171.901528013583,15023.211106049941,615
lercanidipine__median_dose,20093.738094745124,15023.211106049941,34146.34146341463,102
eplerenone__median_dose,24702.83256683308,11986.301369863013,77199.28186714542,71
lorazepam__median_dose,988.2867461759363,218.58407079646017,4379.139072847682,1087
promethazine__median_dose,5184.589997461284,4102.5641025641025,7709.317085554709,52
promethazine__median_dose,10234.044173648133,7709.317085554709,17447.550139629348,475
promethazine__median_dose,24661.056105610558,17447.550139629348,76237.62376237624,1396
prochlorperazine__median_dose,3069.483066685835,821.917808219178,3504.495697356801,5073
prochlorperazine__median_dose,3939.5083280277668,3504.495697356801,4447.02306381056,1053
prochlorperazine__median_dose,4954.537799593354,4447.02306381056,6259.575691606252,22836
prochlorperazine__median_dose,7564.61358361915,6259.575691606252,10029.685157421289,114
prochlorperazine__median_dose,12494.756731223428,10029.685157421289,15322.338830584707,187
amitriptyline__median_dose,9913.344582860582,1973.6842105263158,13577.80321624563,20865
amitriptyline__median_dose,17242.261849630675,13577.80321624563,20906.72048301572,1339
amitriptyline__median_dose,24571.179116400766,20906.72048301572,37396.78433324843,3952
amitriptyline__median_dose,50222.38955009609,37396.78433324843,124122.3053233612,339
oxazepam__median_dose,10094.67827036206,4545.454545454545,12600.779307417066,311
oxazepam__median_dose,15106.880344472072,12600.779307417066,40346.897931954634,61
pregabalin__median_dose,80147.11012817918,14685.314685314685,115853.54400610528,1094
pregabalin__median_dose,151559.97788403137,115853.54400610528,1204899.7772828508,262
timolol__median_dose,1748.6633013697265,0.20501138952164008,5918.0638390148315,74
timolol__median_dose,10087.464376659937,5918.0638390148315,26899.56331877729,79
loprazolam__median_dose,1001.4948965784066,530.948121645796,1521.5729109776078,186
acamprosate__median_dose,335043.84627727856,100776.31578947368,1974916.5596919127,75
isosorbide_mononitrate__median_dose,10489.130262560253,7197.802197802198,18168.895746995717,462
isosorbide_mononitrate__median_dose,25848.66123143118,18168.895746995717,32431.31736094729,263
isosorbide_mononitrate__median_dose,39013.9734904634,32431.31736094729,49985.06703965692,217
isosorbide_mononitrate__median_dose,60956.160588850435,49985.06703965692,226619.67318167255,562
clonidine__median_dose,24.11618202159957,15.957446808510639,32.2749172346885,3233
clonidine__median_dose,40.433652447777426,32.2749172346885,70.73752609639345,217
clonidine__median_dose,101.04139974500947,70.73752609639345,249.06416718248002,125
bisoprolol__median_dose,1304.728830444759,379.7620478307896,1921.3733521874055,1965
bisoprolol__median_dose,2538.017873930052,1921.3733521874055,3154.662395672698,2956
bisoprolol__median_dose,3771.3069174153443,3154.662395672698,4387.9514391579905,412
bisoprolol__median_dose,5004.595960900638,4387.9514391579905,7471.174047871224,1287
bisoprolol__median_dose,9937.752134841809,7471.174047871224,20934.579439252335,282
clobazam__median_dose,9828.002191952402,1481.4814814814815,36998.59088774072,79
rosuvastatin__median_dose,4834.987587042084,1045.751633986928,7458.304785311037,888
rosuvastatin__median_dose,10081.621983579991,7458.304785311037,15036.77669142135,719
rosuvastatin__median_dose,19991.931399262707,15036.77669142135,59341.689373297006,143
moxonidine__median_dose,197.11649408678403,141.77215189873417,879.6967144060657,95
sildenafil__median_dose,13518.810148731409,2099.737532808399,19667.54155730534,389
sildenafil__median_dose,25816.272965879267,19667.54155730534,31965.004374453194,900
sildenafil__median_dose,38113.73578302712,31965.004374453194,44262.46719160105,154
sildenafil__median_dose,50411.198600174976,44262.46719160105,56559.93000874891,5186
sildenafil__median_dose,62708.661417322844,56559.93000874891,68857.39282589676,84
sildenafil__median_dose,75006.1242344707,68857.39282589676,87303.58705161855,439
sildenafil__median_dose,99601.04986876641,87303.58705161855,177777.77777777778,3452
paroxetine__median_dose,20146.775793650795,2539.6825396825398,25053.670634920636,2654
paroxetine__median_dose,29960.565476190477,25053.670634920636,60267.857142857145,139
morphine__median_dose,11658.08104029615,2222.222222222222,379656.57494517934,2447
aspirin__median_dose,73999.33687002654,15517.241379310344,130315.42882404954,19682
aspirin__median_dose,186631.52077807253,130315.42882404954,242947.61273209553,134
aspirin__median_dose,299263.7046861185,242947.61273209553,448717.9487179487,943
diamorphine__median_dose,4959.7051597051595,1081.081081081081,7545.454545454546,116
diamorphine__median_dose,10131.203931203932,7545.454545454546,87272.72727272728,98
cyclizine__median_dose,50189.0120967742,10752.68817204301,203125.0,4201
telmisartan__median_dose,40038.793103448275,5000.0,132413.7931034483,69
clomipramine__median_dose,10629.407928825975,7133.75796178344,17620.707862911044,228
clomipramine__median_dose,24612.007796996113,17620.707862911044,240177.0890979524,114
duloxetine__median_dose,20065.18980704698,11275.167785234898,24859.747273489935,264
duloxetine__median_dose,29654.304739932886,24859.747273489935,34448.86220637584,341
duloxetine__median_dose,39243.419672818796,34448.86220637584,49631.62751677853,134
duloxetine__median_dose,60019.83536073826,49631.62751677853,171093.75,299
betahistine__median_dose,8271.878522520845,4033.6134453781515,10228.000865817472,4859
betahistine__median_dose,12184.1232091141,10228.000865817472,14140.245552410728,431
betahistine__median_dose,16096.367895707355,14140.245552410728,69237.69155526573,4395
tramadol__median_dose,50707.89757994814,20192.30769230769,62444.66292134832,15990
tramadol__median_dose,74181.4282627485,62444.66292134832,85918.19360414866,861
tramadol__median_dose,97654.95894554883,85918.19360414866,489662.9213483146,1314
felodipine__median_dose,2528.993328367217,1094.0499040307102,3772.6109627921896,800
felodipine__median_dose,5016.228597217162,3772.6109627921896,7503.463866067106,826
felodipine__median_dose,9990.699134917051,7503.463866067106,20226.628895184134,204
chlortalidone__median_dose,11946.829603854363,3365.695792880259,18239.661065235374,306
chlortalidone__median_dose,24532.492526616385,18239.661065235374,37118.155449378406,176
chlortalidone__median_dose,49703.81837214042,37118.155449378406,117780.81327253499,71
nebivolol__median_dose,5006.017189681205,1193.1818181818182,11933.563146349106,153
propranolol__median_dose,10834.225393993456,3050.8474576271187,24844.305679452867,2581
propranolol__median_dose,38854.385964912275,24844.305679452867,49751.115075825146,3563
propranolol__median_dose,60647.84418673802,49751.115075825146,69987.89771037763,366
propranolol__median_dose,79327.95123401724,69987.89771037763,119801.5165031222,2958
propranolol__median_dose,160275.08177222716,119801.5165031222,314385.9649122807,128
spironolactone__median_dose,23962.605042016803,10000.0,36655.882352941175,704
spironolactone__median_dose,49349.15966386554,36655.882352941175,74735.71428571428,140
spironolactone__median_dose,100122.268907563,74735.71428571428,263865.5462184874,93
rivaroxaban__median_dose,9782.727272727272,3818.181818181818,12433.636363636364,89
rivaroxaban__median_dose,15084.545454545456,12433.636363636364,17514.545454545456,130
rivaroxaban__median_dose,19944.545454545456,17514.545454545456,48000.0,309
disulfiram__median_dose,199788.3899139518,30985.915492957745,346504.55927051674,80
doxazosin__median_dose,1054.0929535232385,486.95652173913044,2528.6476761619188,1152
doxazosin__median_dose,4003.2023988005994,2528.6476761619188,5931.466266866566,944
doxazosin__median_dose,7859.7301349325335,5931.466266866566,23172.41379310345,130
olanzapine__median_dose,2537.868809272919,1346.1538461538462,3729.5837723919917,95
olanzapine__median_dose,4921.2987355110645,3729.5837723919917,23013.698630136987,79
amlodipine__median_dose,5022.680412371134,2164.9484536082473,6292.783505154639,9679
amlodipine__median_dose,7562.8865979381435,6292.783505154639,8832.989690721648,668
amlodipine__median_dose,10103.092783505152,8832.989690721648,23333.333333333332,1304
metoclopramide__median_dose,259683.95076065496,1265.8227848101267,380645.6276855185,59
metoclopramide__median_dose,501607.30461038207,380645.6276855185,1100917.4311926605,725
paracetamol__median_dose,313985.07174155855,82038.83495145632,403195.1628146748,3054
paracetamol__median_dose,492405.25388779107,403195.1628146748,688667.4542486467,62130
paracetamol__median_dose,884929.6546095025,688667.4542486467,3650442.4778761063,1300
ezetimibe__median_dose,10072.58566978193,4361.370716510904,46666.666666666664,1581
dosulepin__median_dose,26147.211984140282,5496.45390070922,38537.66683419891,2355
dosulepin__median_dose,50928.12168425755,38537.66683419891,63318.57653431619,237
dosulepin__median_dose,75709.03138437483,63318.57653431619,280839.89501312334,1400
fluvastatin__median_dose,20175.888501742163,7526.132404181185,29813.79790940767,165
fluvastatin__median_dose,39451.707317073175,29813.79790940767,128000.0,91
lamotrigine__median_dose,27470.65525950949,6131.386861313868,615824.769666903,109
meptazinol__median_dose,203084.83754512636,100000.0,996389.8916967509,548
candesartan__median_dose,3971.198786039454,1037.037037037037,6105.134603495757,889
candesartan__median_dose,8239.070420952059,6105.134603495757,12240.200078682628,744
candesartan__median_dose,16241.329736413198,12240.200078682628,54385.43247344461,267
procyclidine__median_dose,5069.6100917431195,2500.0,26972.477064220184,151
atenolol__median_dose,25024.249060256545,5574.091118269673,31166.404199831348,3099
atenolol__median_dose,37308.55933940615,31166.404199831348,43450.71447898095,600
atenolol__median_dose,49592.86961855575,43450.71447898095,61877.179897705355,4664
atenolol__median_dose,74161.49017685496,61877.179897705355,87469.49297926703,202
atenolol__median_dose,100777.49578167911,87469.49297926703,210312.5957707631,431
irbesartan__median_dose,77420.58224099877,9102.582496413199,112844.73025670982,224
irbesartan__median_dose,148268.87827242087,112844.73025670982,224177.76687751594,403
irbesartan__median_dose,300086.65548261104,224177.76687751594,515161.8398637138,157
lofepramine__median_dose,70180.73674214749,20831.099195710456,82184.70263182136,1443
lofepramine__median_dose,94188.66852149523,82184.70263182136,287585.8967440187,102
nortriptyline__median_dose,10196.24086881025,4912.2807017543855,17828.627776779835,1026
nortriptyline__median_dose,25461.014684749418,17828.627776779835,122333.61774744028,123
enoxaparin__median_dose,40349.28053616684,6609.356538041633,69688.34488236268,295
enoxaparin__median_dose,99027.40922855852,69688.34488236268,300000.0,61
nicotine__median_dose,1961.3690476190475,250.0,6068.654761904762,324
nicotine__median_dose,10175.940476190477,6068.654761904762,12571.857142857143,625
nicotine__median_dose,14967.77380952381,12571.857142857143,18048.238095238095,838
nicotine__median_dose,21128.70238095238,18048.238095238095,23182.345238095237,708
nicotine__median_dose,25235.988095238095,23182.345238095237,68704.76190476191,101
ticagrelor__median_dose,89060.66929133858,63000.0,337322.83464566927,69
pyridoxine__median_dose,10536.301369863013,3333.3333333333335,30087.214611872143,96
pyridoxine__median_dose,49638.12785388128,30087.214611872143,209132.4200913242,807
nicorandil__median_dose,10169.13708923652,5637.692577030813,14700.581601442229,519
nicorandil__median_dose,19232.02611364794,14700.581601442229,75352.22353404171,130
trazodone__median_dose,51570.99022259206,19565.217391304348,76190.81547742875,924
trazodone__median_dose,100810.64073226546,76190.81547742875,125430.46598710216,240
trazodone__median_dose,150050.29124193886,125430.46598710216,511961.7224880383,218
simvastatin__median_dose,10470.581802355118,4117.64705882353,15090.897979469,1512
simvastatin__median_dose,19711.214156582882,15090.897979469,24909.069855835998,5528
simvastatin__median_dose,30106.925555089114,24909.069855835998,35304.78125434223,1477
simvastatin__median_dose,40502.636953595356,35304.78125434223,119625.55148667058,9349
zolpidem__median_dose,5000.044412893754,1111.111111111111,7509.033639850299,1111
zolpidem__median_dose,10018.022866806843,7509.033639850299,26201.00338067655,892
digoxin__median_dose,62.31670692194404,24.8,93.01219440353462,131
digoxin__median_dose,123.7076818851252,93.01219440353462,188.5092665684831,353
digoxin__median_dose,253.31085125184097,188.5092665684831,706.9219440353461,162
buprenorphine__median_dose,204.95208333333332,0.4166666666666667,1320.0,284
heparin__median_dose,50.641304347826086,2.1739130434782608,200.0,57
tranexamic_acid__median_dose,502723.8805970149,179104.4776119403,1500000.0,6114
phenytoin__median_dose,100910.65091775541,22580.645161290322,649220.691213011,67
glyceryl_trinitrate__median_dose,394.07849736713536,9.467455621301776,2701.744747842137,8855
glyceryl_trinitrate__median_dose,5009.410998317138,2701.744747842137,5137.614678899083,69
codeine__median_dose,7454.738302934179,3000.0,12800.424266455195,16707
codeine__median_dose,18146.11022997621,12800.424266455195,24382.74385408406,4006
codeine__median_dose,30619.37747819191,24382.74385408406,181189.53211736717,28148
dihydrocodeine__median_dose,13300.650289017343,2500.0,34901.95086705203,16840
dihydrocodeine__median_dose,56503.25144508671,34901.95086705203,279716.6907514451,762
dihydrocodeine__median_dose,502930.1300578035,279716.6907514451,722543.3526011561,205
triamterene__median_dose,25133.305599407355,14538.198403648803,82893.72869886526,109
chlordiazepoxide__median_dose,4846.4199517296865,1327.4336283185842,7330.410297666935,407
chlordiazepoxide__median_dose,9814.400643604184,7330.410297666935,42727.27272727273,248
clonazepam__median_dose,503.16227889757306,147.05882352941177,4895.104895104895,448
indapamide__median_dose,1474.4736842105265,789.4736842105264,1979.2105263157896,505
indapamide__median_dose,2483.9473684210525,1979.2105263157896,8000.0,1099
chloral_hydrate__median_dose,697224.8522301991,143300.0,2605188.2321342183,60
sotalol__median_dose,41386.26619282357,31328.671328671328,60064.65665482059,180
sotalol__median_dose,78743.04711681762,60064.65665482059,318688.52459016396,118
adrenaline__median_dose,44444.69111111111,0.26666666666666666,121481.69348148147,60
adrenaline__median_dose,198518.69585185184,121481.69348148147,299259.39125925925,353
adrenaline__median_dose,400000.08666666667,299259.39125925925,592592.5925925926,318
dipyridamole__median_dose,200375.93984962403,21052.63157894737,295112.7819548872,301
dipyridamole__median_dose,389849.62406015035,295112.7819548872,697744.3609022556,71
hyoscine__median_dose,983.8858412509669,133.33333333333334,5520.1658834783475,370
hyoscine__median_dose,10056.445925705728,5520.1658834783475,15159.760973211529,9103
hyoscine__median_dose,20263.07602071733,15159.760973211529,56836.83386117558,276
clomethiazole__median_dose,191591.25358429528,128955.22388059701,1520866.9950738917,66
prasugrel__median_dose,10042.229750538958,4691.09947643979,19764.70588235294,53
lormetazepam__median_dose,506.8168156800648,277.80159478693304,750.607212114689,115
lormetazepam__median_dose,994.3976085493131,750.607212114689,1755.3191489361702,159
enalapril__median_dose,4938.105937815334,689.6551724137931,7487.176397056259,490
enalapril__median_dose,10036.246856297184,7487.176397056259,15134.387774779032,279
enalapril__median_dose,20232.52869326088,15134.387774779032,57335.66537776767,137
diltiazem__median_dose,87590.1825892857,1.025,105108.01410714284,164
diltiazem__median_dose,122625.84562499999,105108.01410714284,150654.3760535714,252
diltiazem__median_dose,178682.90648214283,150654.3760535714,210215.0032142857,218
diltiazem__median_dose,241747.09994642856,210215.0032142857,700714.2857142857,139
carbamazepine__median_dose,106370.95905571218,46776.611694152925,148938.35002825453,1474
carbamazepine__median_dose,191505.74100079687,148938.35002825453,293667.47933489847,429
carbamazepine__median_dose,395829.2176690001,293667.47933489847,1749472.2505958462,101
trifluoperazine__median_dose,1020.9340303901971,606.060606060606,28264.288894700017,222
naftidrofuryl__median_dose,102302.08084598329,78321.67832167832,611219.512195122,219
buspirone__median_dose,4913.264928944364,2055.9006211180126,40154.091392136026,382
fenofibrate__median_dose,158852.55071271927,55584.07738095238,180035.82729359454,125
fenofibrate__median_dose,201219.10387446982,180035.82729359454,585165.991902834,139
rasagiline__median_dose,998.5537828100876,626.8656716417911,1931.0344827586207,57
bezafibrate__median_dose,197245.15824279643,153424.65753424657,298369.3906471422,59
bezafibrate__median_dose,399493.62305148796,298369.3906471422,827586.2068965518,330
temazepam__median_dose,10061.287577013469,1492.5373134328358,12613.681272548125,8222
temazepam__median_dose,15166.074968082781,12613.681272548125,17536.154828222105,112
temazepam__median_dose,19906.23468836143,17536.154828222105,37955.304392499354,731
quetiapine__median_dose,26254.216726592414,14021.16402116402,829558.0110497237,140
sertraline__median_dose,50816.77949368874,16091.954022988506,62391.721317255484,4033
sertraline__median_dose,73966.66314082223,62391.721317255484,86827.70961145194,262
sertraline__median_dose,99688.75608208164,86827.70961145194,273312.8834355828,380
bendroflumethiazide__median_dose,2507.6082021791767,669.6428571428571,3120.2633171912835,10088
bendroflumethiazide__median_dose,3732.9184322033902,3120.2633171912835,4377.818553268766,139
bendroflumethiazide__median_dose,5022.718674334141,4377.818553268766,7118.64406779661,527
promazine__median_dose,23655.11282023797,13157.894736842105,313078.4114052953,97
valproate__median_dose,208013.3519298939,77477.47747747747,2978274.6875311756,185
indoramin__median_dose,19769.71671629094,10400.0,91875.7975329647,145
lidocaine__median_dose,9900.040638297873,0.0425531914893617,15400.039574468085,192
lidocaine__median_dose,20900.038510638296,15400.039574468085,30800.03659574468,950
lidocaine__median_dose,40700.034680851066,30800.03659574468,60500.03085106383,3083
lidocaine__median_dose,80300.02702127659,60500.03085106383,90200.02510638298,177
lidocaine__median_dose,100100.02319148937,90200.02510638298,149600.01361702126,175
lidocaine__median_dose,199100.0040425532,149600.01361702126,220000.0,76
amantadine__median_dose,98612.59541984732,50000.0,512977.0992366412,96
celiprolol__median_dose,199454.56505060472,98245.61403508772,548063.1741040522,65
atorvastatin__median_dose,9304.346361185982,2203.5040431266843,14827.223719676549,5968
atorvastatin__median_dose,20350.101078167114,14827.223719676549,25083.995956873314,6403
atorvastatin__median_dose,29817.890835579514,25083.995956873314,34551.78571428571,516
atorvastatin__median_dose,39285.68059299191,34551.78571428571,59799.22506738544,2410
atorvastatin__median_dose,80312.76954177898,59799.22506738544,160000.0,494
isosorbide_dinitrate__median_dose,19649.14559427681,4583.333333333334,101782.12211361382,62
chlorpromazine__median_dose,23418.539325842696,5555.555555555556,330337.0786516854,252
lacidipine__median_dose,1982.0689655172414,1379.3103448275863,7724.137931034483,90
trimipramine__median_dose,25235.92442453121,8256.880733944954,37221.13173553327,79
trimipramine__median_dose,49206.33904653534,37221.13173553327,208010.33591731265,54
lisinopril__median_dose,4914.888936012299,769.2307692307693,7466.06319249324,1929
lisinopril__median_dose,10017.237448974181,7466.06319249324,15119.585961936065,1214
lisinopril__median_dose,20221.93447489795,15119.585961936065,64548.587181254305,474
pravastatin__median_dose,10250.361197110424,2105.2631578947367,14965.94427244582,959
pravastatin__median_dose,19681.52734778122,14965.94427244582,29970.072239422087,782
pravastatin__median_dose,40258.61713106296,29970.072239422087,87843.13725490196,657
ondansetron__optimal_dose,3984.672364672364,615.3846153846154,5959.772079772079,347
ondansetron__optimal_dose,7934.871794871794,5959.772079772079,23851.85185185185,172
sumatriptan__optimal_dose,15253.162393162393,393.44262295081967,32735.185652234828,286
sumatriptan__optimal_dose,50217.208911307265,32735.185652234828,74692.04147400869,2809
sumatriptan__optimal_dose,99166.8740367101,74692.04147400869,175213.67521367522,704
almotriptan__optimal_dose,12500.414456233422,944.9602122015915,16666.666666666668,210
midazolam__optimal_dose,5181.48667601683,869.5652173913044,7645.441795231416,50
midazolam__optimal_dose,10109.396914446002,7645.441795231416,41935.48387096774,306
fentanyl__optimal_dose,10.600046595220661,1.3259668508287292,372.28915662650604,412
terazosin__optimal_dose,2034.4088552326377,357.14285714285717,16331.104743712194,68
flecainide__optimal_dose,49325.94170062157,13513.513513513513,74906.2475485559,111
flecainide__optimal_dose,100486.55339649023,74906.2475485559,354584.25815263786,106
verapamil__optimal_dose,41144.52931683701,32000.0,80770.82302313071,106
verapamil__optimal_dose,120397.11672942442,80770.82302313071,181360.64550833782,193
verapamil__optimal_dose,242324.17428725123,181360.64550833782,641635.287789134,111
doxepin__optimal_dose,10220.594585055964,2.735562310030395,17651.764783416642,67
doxepin__optimal_dose,25082.93498177732,17651.764783416642,185781.990521327,133
bupropion__optimal_dose,148579.94770716008,79646.01769911505,168755.73209975864,1015
bupropion__optimal_dose,188931.5164923572,168755.73209975864,197338.09332260658,102
bupropion__optimal_dose,205744.67015285598,197338.09332260658,415909.0909090909,116
rizatriptan__optimal_dose,1839.3048128342245,303.030303030303,3375.579322638146,90
rizatriptan__optimal_dose,4911.853832442068,3375.579322638146,7425.757575757576,59
rizatriptan__optimal_dose,9939.661319073084,7425.757575757576,28235.29411764706,555
thioridazine__optimal_dose,10689.668034315553,4285.714285714285,18374.412532637078,204
thioridazine__optimal_dose,26059.1570309586,18374.412532637078,260443.86422976502,125
lithium__optimal_dose,409033.4588095109,139189.1891891892,3313827.655310621,54
tadalafil__optimal_dose,2470.7703766758887,472.4409448818898,6181.953607150457,593
tadalafil__optimal_dose,9893.136837625027,6181.953607150457,15031.698233666739,1716
tadalafil__optimal_dose,20170.259629708453,15031.698233666739,57567.56756756757,1523
oxycodone__optimal_dose,11080.65953654189,1372.549019607843,389696.9696969697,327
flupentixol__optimal_dose,562.4973656480506,153.84615384615384,27397.260273972603,443
diazepam__optimal_dose,1926.236842105263,200.0,2337.245614035088,16964
diazepam__optimal_dose,2748.254385964912,2337.245614035088,3899.078947368421,338
diazepam__optimal_dose,5049.903508771929,3899.078947368421,7515.956140350877,6086
diazepam__optimal_dose,9982.008771929824,7515.956140350877,16640.35087719298,130
olmesartan__optimal_dose,9781.627641026602,4519.600307455803,14793.082244427362,97
olmesartan__optimal_dose,19804.536847828123,14793.082244427362,54634.14634146341,61
valsartan__optimal_dose,40074.28571428572,9523.809523809523,59842.24089635855,157
valsartan__optimal_dose,79610.19607843139,59842.24089635855,119146.10644257705,393
valsartan__optimal_dose,158682.0168067227,119146.10644257705,368941.17647058825,135
ivabradine__optimal_dose,5078.32684436458,3456.7901234567903,22533.69272237197,65
citalopram__optimal_dose,10132.258064516129,1935.483870967742,15206.451612903227,2922
citalopram__optimal_dose,20280.645161290326,15206.451612903227,80000.0,4472
donepezil__optimal_dose,10025.345622119818,1428.5714285714287,20322.58064516129,83
varenicline__optimal_dose,495.3588516746412,294.7368421052632,749.4800637958533,124
varenicline__optimal_dose,1003.6012759170653,749.4800637958533,1137.3492822966505,740
varenicline__optimal_dose,1271.0972886762358,1137.3492822966505,2969.6969696969695,131
nifedipine__optimal_dose,5546.114864864865,1621.6216216216217,12834.45945945946,680
nifedipine__optimal_dose,20122.804054054053,12834.45945945946,25168.58108108108,270
nifedipine__optimal_dose,30214.358108108107,25168.58108108108,45351.68918918919,419
nifedipine__optimal_dose,60489.020270270266,45351.68918918919,113750.0,70
escitalopram__optimal_dose,4801.724137931034,2592.5925925925926,7412.515964240102,164
escitalopram__optimal_dose,10023.30779054917,7412.515964240102,15044.061302681992,655
escitalopram__optimal_dose,20064.814814814814,15044.061302681992,42758.620689655174,69
frovatriptan__optimal_dose,2502.7976190476193,283.3333333333333,3571.4285714285716,188
domperidone__optimal_dose,5091.260886878567,1474.2014742014742,7595.378941808864,97
domperidone__optimal_dose,10099.496996739159,7595.378941808864,11768.909033359356,7529
domperidone__optimal_dose,13438.321069979553,11768.909033359356,21785.381253080533,175
domperidone__optimal_dose,30132.441436181514,21785.381253080533,57121.26936154137,121
colestyramine__optimal_dose,4063391.1276329793,1880877.7429467086,19340984.820436876,490
cinnarizine__optimal_dose,14694.816230281347,5232.558139534884,70489.51048951049,4749
clopidogrel__optimal_dose,75317.77895087798,20281.17359413203,167045.45454545456,2443
apomorphine__optimal_dose,1837.384651010208,155.84415584415584,112258.54383358097,170
pethidine__optimal_dose,49842.39482200647,13333.333333333334,210679.61165048543,266
nitrazepam__optimal_dose,4990.822925958964,1016.9491525423729,17236.842105263157,773
melatonin__optimal_dose,1996.1419484052494,962.5668449197861,11842.304776345716,302
tolfenamic_acid__optimal_dose,200167.2310371517,41279.6697626419,280208.3333333333,84
zopiclone__optimal_dose,2463.058526266306,447.76119402985074,3099.4682101304497,278
zopiclone__optimal_dose,3735.8778939945933,3099.4682101304497,5645.106945587025,7147
zopiclone__optimal_dose,7554.335997179456,5645.106945587025,21661.417322834644,6388
ciprofibrate__optimal_dose,99613.63636363635,13636.363636363636,190909.0909090909,70
zolmitriptan__optimal_dose,477.8104575163398,111.11111111111111,1473.1372549019607,127
zolmitriptan__optimal_dose,2468.4640522875816,1473.1372549019607,3725.7189542483657,734
zolmitriptan__optimal_dose,4982.97385620915,3725.7189542483657,10588.235294117647,65
ramipril__optimal_dose,2589.248366013072,555.5555555555555,3840.7516339869285,4695
ramipril__optimal_dose,5092.254901960785,3840.7516339869285,7438.823529411765,2271
ramipril__optimal_dose,9785.392156862745,7438.823529411765,31843.13725490196,2380
orlistat__optimal_dose,120454.12844036697,60000.0,149366.97247706424,1499
orlistat__optimal_dose,178279.81651376147,149366.97247706424,196678.89908256882,256
orlistat__optimal_dose,215077.98165137615,196678.89908256882,585688.0733944954,188
metoprolol__optimal_dose,49882.27209116354,12500.0,73492.1281487405,440
metoprolol__optimal_dose,97101.98420631747,73492.1281487405,405997.60095961613,106
naratriptan__optimal_dose,446.721337418342,76.53061224489795,1483.2553679039852,79
naratriptan__optimal_dose,2519.7893983896283,1483.2553679039852,5012.406947890819,816
losartan__optimal_dose,11497.876752913293,5737.704918032787,18410.0829547699,169
losartan__optimal_dose,25322.289156626506,18410.0829547699,37994.66719336362,1028
losartan__optimal_dose,50667.04523010073,37994.66719336362,74859.76693659887,1524
losartan__optimal_dose,99052.488643097,74859.76693659887,236144.578313253,630
amiloride__optimal_dose,4920.721445818395,590.717299578059,22573.815272798223,922
amiloride__optimal_dose,40226.90909977805,22573.815272798223,67206.16570327553,60
prazosin__optimal_dose,554.8703598271226,330.70866141732284,15274.821888737304,85
rutosides__optimal_dose,245069.7352358658,157960.981749528,1741756.4996829424,197
bumetanide__optimal_dose,961.0626064735944,250.0,9730.83475298126,325
reboxetine__optimal_dose,4059.3835680392503,555.858310626703,13295.95015576324,100
levomepromazine__optimal_dose,25013.377192982458,877.1929824561404,77500.0,307
haloperidol__optimal_dose,650.8236597052708,188.88888888888889,2806.5192568483862,198
haloperidol__optimal_dose,4962.2148539915015,2806.5192568483862,30984.54027664768,149
fluoxetine__optimal_dose,19680.30425360133,3300.3300330033003,70157.36766809729,6437
mirtazapine__optimal_dose,14835.975626682954,3529.4117647058824,22373.684868001,1737
mirtazapine__optimal_dose,29911.394109319044,22373.684868001,37449.10335063709,664
mirtazapine__optimal_dose,44986.81259195514,37449.10335063709,87281.73666823974,98
furosemide__optimal_dose,19619.03399421375,2187.5,29710.97472770592,3495
furosemide__optimal_dose,39802.91546119809,29710.97472770592,185677.3315180395,3196
pizotifen__optimal_dose,507.23980697950907,232.04419889502762,994.1243443597455,891
pizotifen__optimal_dose,1481.008881739982,994.1243443597455,4465.822784810127,961
amiodarone__optimal_dose,199430.6749383362,33799.2376111817,658823.5294117647,505
warfarin__optimal_dose,1012.3412073490814,266.6666666666667,1971.0656167979,141
warfarin__optimal_dose,2929.7900262467188,1971.0656167979,21571.653543307086,459
nefopam__optimal_dose,31017.377049180326,8000.0,39785.90163934426,3526
nefopam__optimal_dose,48554.42622950819,39785.90163934426,227213.11475409835,104
gabapentin__optimal_dose,105680.9831181728,50000.0,198482.62164846077,2322
gabapentin__optimal_dose,291284.26017874875,198482.62164846077,3762065.5412115194,2711
imipramine__optimal_dose,10185.157421289356,4827.586206896552,17685.757121439277,302
imipramine__optimal_dose,25186.3568215892,17685.757121439277,219130.4347826087,304
omega_3_acid__optimal_dose,434720.7971967577,127244.78594950604,5717717.717717717,101
hydrochlorothiazide__optimal_dose,22688.362068965518,2500.0,37108.620689655174,326
hydrochlorothiazide__optimal_dose,51528.879310344826,37108.620689655174,74601.29310344828,422
hydrochlorothiazide__optimal_dose,97673.70689655172,74601.29310344828,579310.3448275862,63
perindopril__optimal_dose,1949.1658844765343,879.9638989169675,3018.367870036101,773
perindopril__optimal_dose,4087.569855595668,3018.367870036101,6031.573465703971,673
perindopril__optimal_dose,7975.577075812274,6031.573465703971,20320.0,198
isometheptene__optimal_dose,327314.55753548775,30232.558139534885,844155.8441558442,80
colesevelam__optimal_dose,633524.6562553047,436046.511627907,3474171.813587872,56
topiramate__optimal_dose,26575.46327526685,11392.405063291139,618714.7335423197,306
dextropropoxyphene__optimal_dose,32719.483695991603,9415.041782729804,231362.10762331838,9796
risperidone__optimal_dose,1032.6235096265368,255.741127348643,12207.777777777777,81
venlafaxine__optimal_dose,35774.260767293505,20949.72067039106,54834.38374902522,707
venlafaxine__optimal_dose,73894.50673075694,54834.38374902522,444508.00915331807,832
ibuprofen__optimal_dose,193294.29864297807,2.3622047244094486,295625.3238161712,3279
ibuprofen__optimal_dose,397956.34898936434,295625.3238161712,500287.3741625575,35497
ibuprofen__optimal_dose,602618.3993357506,500287.3741625575,704949.4245089437,5097
ibuprofen__optimal_dose,807280.4496821369,704949.4245089437,2274025.143831238,1009
apixaban__optimal_dose,4968.349858821984,1783.43949044586,7065.729857508701,123
apixaban__optimal_dose,9163.109856195417,7065.729857508701,17319.58762886598,62
lercanidipine__optimal_dose,9969.6173254836,4268.292682926829,15019.362008891025,629
lercanidipine__optimal_dose,20069.10669229845,15019.362008891025,36847.29064039409,110
eplerenone__optimal_dose,24813.57889917949,11986.301369863013,94742.93059125965,81
lorazepam__optimal_dose,999.703870496592,92.3076923076923,4997.151898734177,1005
promethazine__optimal_dose,5051.101884381987,3225.8064516129034,7606.515490258704,55
promethazine__optimal_dose,10161.92909613542,7606.515490258704,17463.110827211753,489
promethazine__optimal_dose,24764.292558288085,17463.110827211753,76237.62376237624,1357
prochlorperazine__optimal_dose,3052.700534759358,727.2727272727273,4014.946524064171,5130
prochlorperazine__optimal_dose,4977.192513368984,4014.946524064171,5859.2513368983955,22289
prochlorperazine__optimal_dose,6741.310160427807,5859.2513368983955,9628.048128342245,182
prochlorperazine__optimal_dose,12514.786096256685,9628.048128342245,16764.70588235294,181
amitriptyline__optimal_dose,9795.006603981845,1791.044776119403,17071.33553840225,19491
amitriptyline__optimal_dose,24347.664472822653,17071.33553840225,37445.056554779374,3996
amitriptyline__optimal_dose,50542.448636736095,37445.056554779374,147317.62346452745,403
oxazepam__optimal_dose,10100.716420483266,3097.3451327433627,12501.872290565518,269
oxazepam__optimal_dose,14903.02816064777,12501.872290565518,43116.60963411424,55
pregabalin__optimal_dose,80147.11012817918,14685.314685314685,115853.54400610528,1060
pregabalin__optimal_dose,151559.97788403137,115853.54400610528,1204899.7772828508,269
timolol__optimal_dose,1748.6605046094128,0.20202020202020202,5918.06150588858,104
timolol__optimal_dose,10087.462507167746,5918.06150588858,26899.56331877729,58
loprazolam__optimal_dose,994.4501397949673,189.1891891891892,1565.7036346691518,163
isosorbide_mononitrate__optimal_dose,9927.105748612663,6627.218934911242,17626.841647249308,464
isosorbide_mononitrate__optimal_dose,25326.577545885953,17626.841647249308,31926.351173288793,264
isosorbide_mononitrate__optimal_dose,38526.124800691636,31926.351173288793,49525.7475130297,189
isosorbide_mononitrate__optimal_dose,60525.37022536777,49525.7475130297,226619.67318167255,533
clonidine__optimal_dose,24.970574627556214,13.08411214953271,32.89488294623855,3189
clonidine__optimal_dose,40.81919126492089,32.89488294623855,69.87498843342279,234
clonidine__optimal_dose,98.93078560192468,69.87498843342279,277.2277227722772,140
bisoprolol__optimal_dose,1355.5763163802292,302.4502297090352,1940.6463645308927,2035
bisoprolol__optimal_dose,2525.716412681556,1940.6463645308927,3812.870518613015,3335
bisoprolol__optimal_dose,5100.024624544474,3812.870518613015,6153.150711215668,1238
bisoprolol__optimal_dose,7206.2767978868615,6153.150711215668,8610.444913448453,127
bisoprolol__optimal_dose,10014.613029010045,8610.444913448453,23705.252155735565,344
clobazam__optimal_dose,9828.002191952402,1481.4814814814815,36998.59088774072,61
rosuvastatin__optimal_dose,4985.066104890811,775.3164556962025,7510.915894407577,818
rosuvastatin__optimal_dose,10036.765683924343,7510.915894407577,14807.8152863449,709
rosuvastatin__optimal_dose,19578.864888765456,14807.8152863449,56905.31177829099,124
moxonidine__optimal_dose,199.93741522960667,107.6923076923077,909.823677581864,105
sildenafil__optimal_dose,6841.666666666667,1888.888888888889,15756.66666666667,879
sildenafil__optimal_dose,24671.66666666667,15756.66666666667,37548.88888888889,934
sildenafil__optimal_dose,50426.11111111112,37548.88888888889,75190.00000000001,4350
sildenafil__optimal_dose,99953.8888888889,75190.00000000001,200000.0,2252
paroxetine__optimal_dose,10047.94799498747,2539.6825396825398,14944.642857142859,108
paroxetine__optimal_dose,19841.337719298248,14944.642857142859,25064.47890559733,2334
paroxetine__optimal_dose,30287.620091896413,25064.47890559733,67828.94736842105,127
morphine__optimal_dose,8489.94725963937,2222.222222222222,420070.55805003206,2239
aspirin__optimal_dose,76151.09890109891,11538.461538461539,111799.45054945056,15350
aspirin__optimal_dose,147447.8021978022,111799.45054945056,223200.54945054947,181
aspirin__optimal_dose,298953.2967032967,223200.54945054947,457142.85714285716,942
diamorphine__optimal_dose,4959.7051597051595,1081.081081081081,7545.454545454546,114
diamorphine__optimal_dose,10131.203931203932,7545.454545454546,87272.72727272728,98
cyclizine__optimal_dose,50957.7620967742,10752.68817204301,206875.0,4117
telmisartan__optimal_dose,40038.793103448275,5000.0,132413.7931034483,64
clomipramine__optimal_dose,10752.253314405332,4869.565217391304,17811.479030822164,217
clomipramine__optimal_dose,24870.704747238997,17811.479030822164,240177.0890979524,106
duloxetine__optimal_dose,20065.18980704698,11275.167785234898,24859.747273489935,270
duloxetine__optimal_dose,29654.304739932886,24859.747273489935,34448.86220637584,333
duloxetine__optimal_dose,39243.419672818796,34448.86220637584,49631.62751677853,125
duloxetine__optimal_dose,60019.83536073826,49631.62751677853,171093.75,293
betahistine__optimal_dose,8329.341614906833,4033.6134453781515,10311.98538545853,4781
betahistine__optimal_dose,12294.629156010229,10311.98538545853,14277.272926561927,175
betahistine__optimal_dose,16259.916697113627,14277.272926561927,70121.73913043478,4201
tramadol__optimal_dose,49994.13952835485,20192.30769230769,74377.4564851207,14822
tramadol__optimal_dose,98760.77344188656,74377.4564851207,150236.66479505892,1368
tramadol__optimal_dose,201712.5561482313,150236.66479505892,562043.795620438,163
felodipine__optimal_dose,2452.991747752186,1217.391304347826,3688.592191156546,799
felodipine__optimal_dose,4924.192634560906,3688.592191156546,7490.439709323808,834
felodipine__optimal_dose,10056.686784086709,7490.439709323808,20226.628895184134,216
chlortalidone__optimal_dose,12213.96196231781,2319.5876288659792,18810.21151795236,313
chlortalidone__optimal_dose,25406.461073586914,18810.21151795236,37656.63881976537,113
chlortalidone__optimal_dose,49906.816565943824,37656.63881976537,96551.72413793103,64
nebivolol__optimal_dose,5006.017189681205,1193.1818181818182,11933.563146349106,139
propranolol__optimal_dose,10297.149122807017,2500.0,25891.44736842105,2513
propranolol__optimal_dose,41485.745614035084,25891.44736842105,60198.903508771924,3466
propranolol__optimal_dose,78912.06140350876,60198.903508771924,119457.23684210525,2704
propranolol__optimal_dose,160002.41228070174,119457.23684210525,314385.9649122807,141
spironolactone__optimal_dose,25380.214585834336,8801.020408163266,38133.44087635054,799
spironolactone__optimal_dose,50886.66716686675,38133.44087635054,75117.79711884753,140
spironolactone__optimal_dose,99348.92707082833,75117.79711884753,263865.5462184874,86
rivaroxaban__optimal_dose,9782.727272727272,3818.181818181818,12433.636363636364,90
rivaroxaban__optimal_dose,15084.545454545456,12433.636363636364,17514.545454545456,134
rivaroxaban__optimal_dose,19944.545454545456,17514.545454545456,48000.0,303
disulfiram__optimal_dose,199788.3899139518,30985.915492957745,346504.55927051674,58
doxazosin__optimal_dose,1082.8164725782317,378.94736842105266,1585.5801184047882,1123
doxazosin__optimal_dose,2088.3437642313447,1585.5801184047882,3093.8710558844577,820
doxazosin__optimal_dose,4099.398347537571,3093.8710558844577,6009.900201678485,699
doxazosin__optimal_dose,7920.402055819401,6009.900201678485,20489.493201483314,187
olanzapine__optimal_dose,2615.361449107921,1192.504258943782,3779.5173319694895,89
olanzapine__optimal_dose,4943.673214831058,3779.5173319694895,27062.634989200866,78
amlodipine__optimal_dose,5086.388888888889,944.4444444444445,7549.166666666667,9078
amlodipine__optimal_dose,10011.944444444445,7549.166666666667,23333.333333333332,1654
metoclopramide__optimal_dose,501607.30461038207,1265.8227848101267,1100917.4311926605,713
paracetamol__optimal_dose,492817.4092759398,72347.82608695653,641218.4386367574,48367
paracetamol__optimal_dose,789619.467997575,641218.4386367574,5019048.804780876,2686
ezetimibe__optimal_dose,10024.29718875502,3333.3333333333335,49477.91164658635,1561
dosulepin__optimal_dose,23702.665138960554,5496.45390070922,48911.26531500087,2243
dosulepin__optimal_dose,74119.86549104119,48911.26531500087,285592.0114122682,1260
fluvastatin__optimal_dose,20175.888501742163,7526.132404181185,29813.79790940767,158
fluvastatin__optimal_dose,39451.707317073175,29813.79790940767,128000.0,87
lamotrigine__optimal_dose,22672.955130957493,6131.386861313868,667794.1176470588,97
meptazinol__optimal_dose,203084.83754512636,100000.0,996389.8916967509,528
candesartan__optimal_dose,3936.198786039454,1000.0,6071.616084977239,949
candesartan__optimal_dose,8207.033383915023,6071.616084977239,12210.94081942337,830
candesartan__optimal_dose,16214.848254931714,12210.94081942337,23955.73596358118,292
candesartan__optimal_dose,31696.62367223065,23955.73596358118,54385.43247344461,67
procyclidine__optimal_dose,5053.741297416878,2482.2695035460993,26972.477064220184,132
atenolol__optimal_dose,25409.696598222494,6000.0,37668.45234446828,3216
atenolol__optimal_dose,49927.20809071406,37668.45234446828,74444.71958320563,4744
atenolol__optimal_dose,98962.2310756972,74444.71958320563,210312.5957707631,407
irbesartan__optimal_dose,76961.13409588707,8571.42857142857,112422.46288634703,252
irbesartan__optimal_dose,147883.79167680698,112422.46288634703,223872.35337064977,383
irbesartan__optimal_dose,299860.91506449255,223872.35337064977,515161.8398637138,161
lofepramine__optimal_dose,69798.75102140046,20831.099195710456,81618.52904829115,1391
lofepramine__optimal_dose,93438.30707518183,81618.52904829115,358539.0428211587,118
nortriptyline__optimal_dose,10013.548845623707,4375.0,17531.613973121985,998
nortriptyline__optimal_dose,25049.679100620262,17531.613973121985,129676.08545830462,121
enoxaparin__optimal_dose,40245.098039215685,3137.2549019607845,69931.37254901961,285
enoxaparin__optimal_dose,99617.64705882352,69931.37254901961,300000.0,71
nicotine__optimal_dose,1988.75,250.0,4423.0,461
nicotine__optimal_dose,6857.25,4423.0,8596.0,201
nicotine__optimal_dose,10334.75,8596.0,12769.0,669
nicotine__optimal_dose,15203.25,12769.0,17985.25,774
nicotine__optimal_dose,20767.25,17985.25,22853.75,681
nicotine__optimal_dose,24940.25,22853.75,69800.0,98
ticagrelor__optimal_dose,89060.66929133858,63000.0,127465.86614173229,69
ticagrelor__optimal_dose,165871.06299212598,127465.86614173229,337322.83464566927,51
pyridoxine__optimal_dose,9291.897476918975,2043.7956204379561,30000.7599240076,94
pyridoxine__optimal_dose,50709.62237109623,30000.7599240076,209132.4200913242,771
nicorandil__optimal_dose,10068.163739833039,5310.509554140127,14825.817925525951,508
nicorandil__optimal_dose,19583.472111218864,14825.817925525951,91813.3129303749,190
trazodone__optimal_dose,51570.99022259206,19565.217391304348,76190.81547742875,882
trazodone__optimal_dose,100810.64073226546,76190.81547742875,125430.46598710216,235
trazodone__optimal_dose,150050.29124193886,125430.46598710216,511961.7224880383,213
simvastatin__optimal_dose,9401.393000954402,2488.408037094281,14429.018429216307,1691
simvastatin__optimal_dose,19456.64385747821,14429.018429216307,29511.894714002025,5298
simvastatin__optimal_dose,39567.14557052584,29511.894714002025,128179.04374364192,10708
zolpidem__optimal_dose,5095.378151260504,476.1904761904762,7566.106442577031,1015
zolpidem__optimal_dose,10036.834733893558,7566.106442577031,21960.78431372549,783
digoxin__optimal_dose,62.31670692194404,24.8,93.01219440353462,143
digoxin__optimal_dose,123.7076818851252,93.01219440353462,188.5092665684831,376
digoxin__optimal_dose,253.31085125184097,188.5092665684831,706.9219440353461,163
buprenorphine__optimal_dose,200.2488453364817,0.4132231404958678,1738.1142857142856,276
heparin__optimal_dose,50.641304347826086,2.1739130434782608,200.0,56
tranexamic_acid__optimal_dose,498930.34825870645,179104.4776119403,1666666.6666666667,5546
phenytoin__optimal_dose,102364.7076137476,24242.424242424244,649220.691213011,55
glyceryl_trinitrate__optimal_dose,373.34573306422396,7.485380116959064,2681.08026703928,7746
glyceryl_trinitrate__optimal_dose,4988.814801014336,2681.08026703928,5636.1061946902655,63
codeine__optimal_dose,7808.173367593713,1875.0,18487.885429262395,18573
codeine__optimal_dose,29167.59749093108,18487.885429262395,239201.9347037485,25359
dihydrocodeine__optimal_dose,34236.585365853665,4390.243902439024,268743.5540069686,6708
dihydrocodeine__optimal_dose,503250.5226480836,268743.5540069686,857142.8571428572,211
triamterene__optimal_dose,25017.01455811278,12433.392539964476,61780.92986603625,83
chlordiazepoxide__optimal_dose,5210.016025641025,705.1282051282051,7581.009615384615,385
chlordiazepoxide__optimal_dose,9952.003205128205,7581.009615384615,48125.0,233
clonazepam__optimal_dose,520.6731548629049,74.6268656716418,5322.2302679217955,412
indapamide__optimal_dose,1465.2457627118642,737.2881355932203,2001.635593220339,488
indapamide__optimal_dose,2538.0254237288136,2001.635593220339,8400.0,1139
chloral_hydrate__optimal_dose,697851.7838996507,143300.0,2607974.5951095587,56
sotalol__optimal_dose,38593.912606730286,20363.636363636364,58481.48669010547,170
sotalol__optimal_dose,78369.06077348065,58481.48669010547,351823.2044198895,127
adrenaline__optimal_dose,44444.69111111111,0.26666666666666666,121481.69348148147,64
adrenaline__optimal_dose,198518.69585185184,121481.69348148147,299259.39125925925,351
adrenaline__optimal_dose,400000.08666666667,299259.39125925925,592592.5925925926,328
dipyridamole__optimal_dose,202205.47130538206,21052.63157894737,294630.3895331549,279
dipyridamole__optimal_dose,387055.3077609277,294630.3895331549,760451.9774011299,83
hyoscine__optimal_dose,1044.5255690215786,117.6470588235294,5369.958616612474,339
hyoscine__optimal_dose,9695.39166420337,5369.958616612474,14947.703221992313,8801
hyoscine__optimal_dose,20200.014779781257,14947.703221992313,61909.547738693465,293
clomethiazole__optimal_dose,196421.5720711073,104347.82608695653,1520866.9950738917,62
prasugrel__optimal_dose,10042.229750538958,4691.09947643979,19764.70588235294,51
lormetazepam__optimal_dose,497.61283043197943,212.12121212121212,752.2404900064475,112
lormetazepam__optimal_dose,1006.8681495809155,752.2404900064475,1755.3191489361702,148
enalapril__optimal_dose,4870.51173626514,689.6551724137931,7531.05682235236,535
enalapril__optimal_dose,10191.60190843958,7531.05682235236,15132.61421117299,317
enalapril__optimal_dose,20073.626513906398,15132.61421117299,76705.22906062008,223
diltiazem__optimal_dose,59058.04148414514,0.9610983981693364,90858.00784570121,139
diltiazem__optimal_dose,122657.97420725727,90858.00784570121,149915.08823144817,296
diltiazem__optimal_dose,177172.20225563907,149915.08823144817,208972.16861719513,297
diltiazem__optimal_dose,240772.1349787512,208972.16861719513,908571.4285714285,165
carbamazepine__optimal_dose,102317.72258995668,49469.96466431095,155165.48051560242,1444
carbamazepine__optimal_dose,208013.23844124816,155165.48051560242,292569.6511222814,414
carbamazepine__optimal_dose,377126.0638033146,292569.6511222814,2163380.2816901407,111
naftidrofuryl__optimal_dose,98906.747207659,74766.35514018692,611219.512195122,203
buspirone__optimal_dose,4912.241785917051,2054.794520547945,40154.091392136026,364
fenofibrate__optimal_dose,162365.9121397063,46567.164179104475,181216.87111003685,109
fenofibrate__optimal_dose,200067.8300803674,181216.87111003685,585165.991902834,131
rasagiline__optimal_dose,994.7188905547226,456.5217391304348,1931.0344827586207,55
bezafibrate__optimal_dose,200327.05479452055,153424.65753424657,301347.6027397261,64
bezafibrate__optimal_dose,402368.15068493155,301347.6027397261,875000.0,290
temazepam__optimal_dose,5072.450561910582,1074.9646393210749,7597.178513019745,158
temazepam__optimal_dose,10121.906464128908,7597.178513019745,14960.96837042147,7500
temazepam__optimal_dose,19800.03027671403,14960.96837042147,43153.763824473775,710
quetiapine__optimal_dose,23935.036832412523,11666.666666666666,829558.0110497237,131
sertraline__optimal_dose,50356.740175758576,9459.45945945946,75422.8154534903,3735
sertraline__optimal_dose,100488.89073122203,75422.8154534903,273312.8834355828,392
bendroflumethiazide__optimal_dose,2507.6082021791767,669.6428571428571,3765.163438256659,9157
bendroflumethiazide__optimal_dose,5022.718674334141,3765.163438256659,7118.64406779661,473
promazine__optimal_dose,24690.01854023989,13157.894736842105,474442.8468727534,90
valproate__optimal_dose,188025.04319861764,34090.90909090909,2832893.347412883,165
indoramin__optimal_dose,20208.116199035452,12684.989429175475,91875.7975329647,137
lidocaine__optimal_dose,19000.027424242428,0.030303030303030304,29000.025909090913,632
lidocaine__optimal_dose,39000.0243939394,29000.025909090913,44000.023636363636,2975
lidocaine__optimal_dose,49000.02287878788,44000.023636363636,64000.020606060614,162
lidocaine__optimal_dose,79000.01833333334,64000.020606060614,89000.01681818182,174
lidocaine__optimal_dose,99000.0153030303,89000.01681818182,200000.0,166
amantadine__optimal_dose,98348.83720930232,50000.0,408139.5348837209,84
celiprolol__optimal_dose,201179.0430466782,98910.80365027966,683300.7430582714,63
atorvastatin__optimal_dose,10078.901098901099,2197.802197802198,15332.967032967033,7555
atorvastatin__optimal_dose,20587.032967032967,15332.967032967033,30219.48717948718,6313
atorvastatin__optimal_dose,39851.94139194139,30219.48717948718,59992.52747252748,2772
atorvastatin__optimal_dose,80133.11355311357,59992.52747252748,177333.33333333334,557
isosorbide_dinitrate__optimal_dose,20273.216815412947,4166.666666666667,101782.12211361382,63
chlorpromazine__optimal_dose,25871.468926553673,5555.555555555556,374935.79866461223,243
lacidipine__optimal_dose,1974.935960591133,1371.4285714285713,7724.137931034483,89
trimipramine__optimal_dose,24383.962264150945,5283.018867924528,230000.0,71
lisinopril__optimal_dose,5319.451326636336,1245.5516014234875,7541.578449479707,1702
lisinopril__optimal_dose,9763.705572323079,7541.578449479707,14948.668858957612,1455
lisinopril__optimal_dose,20133.632145592146,14948.668858957612,75316.45569620254,609
pravastatin__optimal_dose,9588.754813863929,2105.2631578947367,14871.21951219512,957
pravastatin__optimal_dose,20153.684210526313,14871.21951219512,30278.408215661104,701
pravastatin__optimal_dose,40403.132220795895,30278.408215661104,90146.34146341463,592
