substance,code,doses,quantities
['lidocaine'],0101010R0BEAAAD,[],[]
['phenobarbital'],0102000D0BFAAAB,[],[]
['phenobarbital'],0102000E0AAAAAA,[],[]
['hyoscine'],0102000N0AAAAAA,"[('20000', 'mcg')]","[('1', 'sztuk')]"
['hyoscine'],0102000N0AAABAB,"[('10000', 'mcg')]",[]
['hyoscine'],0102000N0AAACAC,"[('20000', 'mcg')]",[]
['hyoscine'],0102000N0AAADAD,"[('100000', 'mcg')]",[]
['hyoscine'],0102000N0AAAEAE,"[('1000', 'mcg')]",[]
['hyoscine'],0102000N0AAAFAF,"[('500', 'mcg')]",[]
['hyoscine'],0102000N0AAAGAG,"[('10000', 'mcg')]",[]
['hyoscine'],0102000N0AAAHAH,"[('20000', 'mcg')]",[]
['hyoscine'],0102000N0AAAIAI,"[('5000', 'mcg')]",[]
['hyoscine'],0102000N0AAAJAJ,"[('40000', 'mcg')]",[]
['hyoscine'],0102000N0AAAKAK,"[('60000', 'mcg')]",[]
['hyoscine'],0102000N0AAALAL,"[('80000', 'mcg')]",[]
['hyoscine'],0102000N0AAAMAM,"[('400', 'mcg')]",[]
['hyoscine'],0102000N0AAANAN,"[('4900', 'mcg')]",[]
['hyoscine'],0102000N0AAAPAP,"[('10000', 'mcg')]",[]
['hyoscine'],0102000N0AAAQAQ,"[('10000', 'mcg')]",[]
['hyoscine'],0102000N0AAATAT,"[('20000', 'mcg')]",[]
['hyoscine'],0102000N0BBAAAB,"[('10000', 'mcg')]",[]
['hyoscine'],0102000N0BBABAA,"[('20000', 'mcg')]","[('1', 'sztuk')]"
['hyoscine'],0102000N0BBACAB,"[('10000', 'mcg')]",[]
['hyoscine'],0102000N0BBADAB,"[('10000', 'mcg')]",[]
['codeine'],0104020D0AAAAAA,"[('30000', 'mcg'), ('250000', 'mcg')]","[('5', 'sztuk')]"
['codeine'],0104020D0AAABAB,[],[]
['codeine'],0104020D0AAACAC,[],[]
['codeine'],0104020D0AAADAD,[],[]
['codeine'],0104020D0BBAAAB,[],[]
['codeine'],0104020D0BCAAAC,[],[]
['morphine'],0104020N0AAAAAA,[],[]
['morphine'],0104020N0AAABAB,[],[]
['morphine'],0104020N0AAACAC,[],[]
['morphine'],0104020N0AAADAD,[],[]
['morphine'],0104020N0AAAEAE,[],[]
['morphine'],0104020N0AAAFAF,[],[]
['morphine'],0104020N0AAAGAG,[],[]
['morphine'],0104020N0BBAAAC,[],[]
['morphine'],0104020N0BCAAAD,[],[]
['morphine'],0104020N0BEAAAE,[],[]
['morphine'],0104020N0BEABAF,[],[]
['morphine'],0104020N0BFAAAG,[],[]
['diltiazem'],0107010AAAAAAAA,"[('2', '%')]",[]
['diltiazem'],0107010AAAAABAB,"[('2', '%')]",[]
['diltiazem'],0107010AAAAACAC,"[('2', '%')]",[]
['diltiazem'],0107010AAAAADAD,"[('0.2', '%')]",[]
['diltiazem'],0107010AAAAAEAE,"[('1', '%')]",[]
['diltiazem'],0107010AAAAAFAF,"[('4', '%')]",[]
['diltiazem'],0107010AAAAAGAG,"[('3', '%')]",[]
['diltiazem'],0107010AAAAAHAH,"[('0.2', '%')]",[]
['diltiazem'],0107010AAAAAIAI,"[('0.4', '%')]",[]
['diltiazem'],0107010AAAAAJAJ,"[('2', '%')]",[]
['diltiazem'],0107010AAAAAKAK,"[('2', '%')]",[]
['diltiazem'],0107010AAAAALAL,"[('0.5', '%')]",[]
['diltiazem'],0107010AAAAAMAM,"[('5', '%')]",[]
['diltiazem'],0107010AAAAANAN,"[('1', '%')]",[]
['diltiazem'],0107010AAAAAPAP,"[('4', '%')]",[]
['diltiazem'],0107010AAAAAQAQ,"[('0.4', '%')]",[]
['diltiazem'],0107010AABCAAAA,"[('2', '%')]",[]
['isosorbide_mononitrate'],0107010ABAAAAAA,"[('0.1', '%')]",[]
['phenylephrine'],0107010ACAAAAAA,"[('20', '%')]",[]
['phenylephrine'],0107010ACAAABAB,"[('10', '%')]",[]
['adrenaline'],0107010C0AAAAAA,[],[]
['lidocaine'],0107010I0BBAAAI,"[('50', '%')]",[]
['isosorbide_dinitrate'],0107010L0AAAAAA,"[('0.1', '%')]",[]
['lidocaine'],0107010N0AAAAAA,"[('0.08', '%'), ('0.1', '%')]",[]
['lidocaine'],0107010N0AAABAB,"[('60000', 'mcg')]",[]
['lidocaine'],0107010N0AAACAC,"[('2000000', 'mcg')]",[]
['lidocaine'],0107010N0AAADAD,[],[]
['lidocaine'],0107010N0AAAEAE,[],[]
['lidocaine'],0107010N0AAAFAF,"[('10250', 'mcg'), ('10250', 'mcg')]",[]
['lidocaine'],0107010N0AAAGAG,"[('13230', 'mcg'), ('283500', 'mcg')]",[]
['lidocaine'],0107010N0AAAHAH,"[('0.7', '%'), ('6.6', '%')]",[]
['lidocaine'],0107010N0AAAIAI,"[('15000000', 'mcg')]",[]
['lidocaine'],0107010N0AAAJAJ,"[('0.7', '%'), ('6.6', '%')]",[]
['lidocaine'],0107010N0BBAAAA,"[('55000000', 'mcg')]",[]
['lidocaine'],0107010N0BCAAAC,"[('2000000', 'mcg')]",[]
['lidocaine'],0107010N0BCABAD,[],[]
['lidocaine'],0107010N0BDAAA0,[],[]
['lidocaine'],0107010N0BDABA0,[],[]
['lidocaine'],0107010N0BEAAAE,[],[]
['lidocaine'],0107010N0BEABAF,[],[]
['lidocaine'],0107010N0BFAAAJ,[],[]
['lidocaine'],0107010N0BFABAH,[],[]
['lidocaine'],0107010N0BFACAG,[],[]
['lidocaine'],0107010N0BFADAI,[],[]
['lidocaine'],0107010N0BGAAAE,[],[]
['lidocaine'],0107010N0BGABAF,[],[]
['lidocaine'],0107020J0BJAAAJ,[],"[('30', 'sztuk')]"
['glyceryl_trinitrate'],0107040A0AAAAAA,"[('0.2', '%')]",[]
['glyceryl_trinitrate'],0107040A0AAABAB,"[('0.5', '%')]",[]
['glyceryl_trinitrate'],0107040A0AAACAC,"[('0.3', '%')]",[]
['glyceryl_trinitrate'],0107040A0AAADAD,"[('0.25', '%')]",[]
['glyceryl_trinitrate'],0107040A0AAAEAE,"[('0.1', '%')]",[]
['glyceryl_trinitrate'],0107040A0AAAFAF,"[('0.4', '%')]",[]
['glyceryl_trinitrate'],0107040A0AAAGAG,"[('0.2', '%')]",[]
['glyceryl_trinitrate'],0107040A0AAAHAH,"[('0.3', '%')]",[]
['glyceryl_trinitrate'],0107040A0AAAIAI,"[('0.4', '%')]",[]
['glyceryl_trinitrate'],0107040A0AAAJAJ,"[('0.02', '%')]",[]
['glyceryl_trinitrate'],0107040A0AAAKAK,"[('0.05', '%')]",[]
['glyceryl_trinitrate'],0107040A0AAALAL,"[('0.1', '%')]",[]
['glyceryl_trinitrate'],0107040A0AAAMAM,"[('0.7', '%')]",[]
['glyceryl_trinitrate'],0107040A0AAANAN,"[('0.03', '%')]",[]
['glyceryl_trinitrate'],0107040A0AAAPAP,"[('0.35', '%')]",[]
['glyceryl_trinitrate'],0107040A0AAAQAQ,"[('0.01', '%')]",[]
['glyceryl_trinitrate'],0107040A0AAARAR,"[('1', '%')]",[]
['glyceryl_trinitrate'],0107040A0AAASAS,"[('0.8', '%')]",[]
['glyceryl_trinitrate'],0107040A0AAATAT,"[('0.12', '%')]",[]
['glyceryl_trinitrate'],0107040A0AAAUAU,"[('0.3', '%')]",[]
['glyceryl_trinitrate'],0107040A0AAAVAV,"[('0.4', '%')]",[]
['glyceryl_trinitrate'],0107040A0AAAWAW,"[('0.2', '%')]",[]
['glyceryl_trinitrate'],0107040A0AAAXAX,"[('0.2', '%')]",[]
['glyceryl_trinitrate'],0107040A0BBAAAA,"[('0.2', '%')]",[]
['glyceryl_trinitrate'],0107040A0BBABAI,"[('0.4', '%')]",[]
['nifedipine'],0107040B0AAAAAA,"[('2', '%')]",[]
['digoxin'],0201010AAAAAAAA,"[('38000', 'mcg'), ('75000', 'mcg')]",[]
['digoxin'],0201010AAAAABAB,"[('40000', 'mcg')]",[]
['digoxin'],0201010AABBAAAA,"[('38000', 'mcg'), ('75000', 'mcg'), ('28000', 'mcg')]",[]
['digoxin'],0201010AABCAAAB,"[('40000', 'mcg')]",[]
['digoxin'],0201010F0AAAAAA,"[('50', 'mcg')]",[]
['digoxin'],0201010F0AAACAC,"[('250', 'mcg')]","[('2', 'sztuk')]"
['digoxin'],0201010F0AAADAD,"[('62', 'mcg')]",[]
['digoxin'],0201010F0AAAEAE,"[('125', 'mcg')]",[]
['digoxin'],0201010F0AAAFAF,"[('250', 'mcg')]",[]
['digoxin'],0201010F0AAAGAG,"[('50', 'mcg')]",[]
['digoxin'],0201010F0AAAHAH,"[('175', 'mcg')]",[]
['digoxin'],0201010F0AAAIAI,"[('55', 'mcg')]",[]
['digoxin'],0201010F0AAAJAJ,"[('250', 'mcg')]",[]
['digoxin'],0201010F0AAAKAK,"[('45', 'mcg')]",[]
['digoxin'],0201010F0AAALAL,"[('250', 'mcg')]",[]
['digoxin'],0201010F0AAAMAM,[],[]
['digoxin'],0201010F0AAANAN,"[('125', 'mcg')]",[]
['digoxin'],0201010F0AAAPAP,"[('250', 'mcg')]",[]
['digoxin'],0201010F0AAAQAQ,"[('75', 'mcg')]",[]
['digoxin'],0201010F0AAARAR,"[('100', 'mcg')]","[('1', 'sztuk')]"
['digoxin'],0201010F0BBAAAE,"[('125', 'mcg')]",[]
['digoxin'],0201010F0BBABAF,"[('250', 'mcg')]",[]
['digoxin'],0201010F0BBACAC,"[('250', 'mcg')]","[('2', 'sztuk')]"
['digoxin'],0201010F0BBADAD,"[('62', 'mcg')]",[]
['digoxin'],0201010F0BBAEAA,"[('50', 'mcg')]",[]
['digoxin'],0201010F0BBAFA0,"[('50', 'mcg')]",[]
['digoxin'],0201010F0BBAGAR,"[('100', 'mcg')]","[('1', 'sztuk')]"
['digoxin'],0201010F0BDAAAF,"[('250', 'mcg')]",[]
['digoxin'],0201010F0BEAAAD,"[('62', 'mcg')]",[]
['digoxin'],0201010F0BEABAE,"[('125', 'mcg')]",[]
['digoxin'],0201010F0BEACAF,"[('250', 'mcg')]",[]
['enoximone'],0201020G0AAAAAA,"[('5000', 'mcg')]","[('20', 'sztuk')]"
['enoximone'],0201020G0AAABAB,"[('100000', 'mcg')]",[]
['enoximone'],0201020G0BBAAAA,"[('5000', 'mcg')]","[('20', 'sztuk')]"
['bendroflumethiazide'],0202010B0AAAAAA,"[('1000', 'mcg')]",[]
['bendroflumethiazide'],0202010B0AAABAB,"[('2500', 'mcg')]",[]
['bendroflumethiazide'],0202010B0AAACAC,"[('5000', 'mcg')]",[]
['bendroflumethiazide'],0202010B0AAADAD,"[('10000', 'mcg')]",[]
['bendroflumethiazide'],0202010B0AAAEAE,"[('40000', 'mcg')]",[]
['bendroflumethiazide'],0202010B0AAAFAF,"[('1250', 'mcg')]",[]
['bendroflumethiazide'],0202010B0AAAGAG,"[('1250', 'mcg')]",[]
['bendroflumethiazide'],0202010B0AAAHAH,"[('500', 'mcg')]",[]
['bendroflumethiazide'],0202010B0AAAIAI,"[('1500', 'mcg')]",[]
['bendroflumethiazide'],0202010B0AAAJAJ,"[('1250', 'mcg')]",[]
['bendroflumethiazide'],0202010B0AAAKAK,"[('1250', 'mcg')]",[]
['bendroflumethiazide'],0202010B0AAALAL,"[('5000', 'mcg')]",[]
['bendroflumethiazide'],0202010B0AAAMAM,"[('2500', 'mcg')]",[]
['bendroflumethiazide'],0202010B0AAANAN,[],[]
['bendroflumethiazide'],0202010B0AAAPAP,"[('2500', 'mcg')]",[]
['bendroflumethiazide'],0202010B0AAAQAQ,"[('5000', 'mcg')]",[]
['bendroflumethiazide'],0202010B0AAARAR,"[('5000', 'mcg')]",[]
['bendroflumethiazide'],0202010B0AAASAS,"[('2000', 'mcg')]",[]
['bendroflumethiazide'],0202010B0AAATAT,"[('2500', 'mcg')]",[]
['bendroflumethiazide'],0202010B0AAAUAU,"[('1250', 'mcg')]",[]
['bendroflumethiazide'],0202010B0AAAVAV,"[('3750', 'mcg')]",[]
['bendroflumethiazide'],0202010B0AAAWAW,"[('1000', 'mcg')]",[]
['bendroflumethiazide'],0202010B0AAAXAX,"[('2500', 'mcg')]",[]
['bendroflumethiazide'],0202010B0BBAAAB,"[('2500', 'mcg')]",[]
['bendroflumethiazide'],0202010B0BBABAC,"[('5000', 'mcg')]",[]
['bendroflumethiazide'],0202010B0BCAAAB,"[('2500', 'mcg')]",[]
['bendroflumethiazide'],0202010B0BCABAC,"[('5000', 'mcg')]",[]
['bendroflumethiazide'],0202010B0BDAAAB,"[('2500', 'mcg')]",[]
['bendroflumethiazide'],0202010B0BDABAC,"[('5000', 'mcg')]",[]
['bendroflumethiazide'],0202010B0BEAAAC,"[('5000', 'mcg')]",[]
['bendroflumethiazide'],0202010B0BEABAB,"[('2500', 'mcg')]",[]
['bendroflumethiazide'],0202010B0BFAAAC,"[('5000', 'mcg')]",[]
['bendroflumethiazide'],0202010B0BFABAB,"[('2500', 'mcg')]",[]
['bendroflumethiazide'],0202010B0BGAAAB,"[('2500', 'mcg')]",[]
['bendroflumethiazide'],0202010B0BGABAC,"[('5000', 'mcg')]",[]
['chlorothiazide'],0202010D0AAA1A1,"[('137500', 'mcg')]",[]
['chlorothiazide'],0202010D0AAA2A2,"[('200000', 'mcg')]",[]
['chlorothiazide'],0202010D0AAA3A3,"[('100000', 'mcg')]",[]
['chlorothiazide'],0202010D0AAA4A4,"[('40000', 'mcg')]",[]
['chlorothiazide'],0202010D0AAA5A5,"[('50000', 'mcg')]",[]
['chlorothiazide'],0202010D0AAA6A6,"[('175000', 'mcg')]",[]
['chlorothiazide'],0202010D0AAA7A7,"[('375000', 'mcg')]",[]
['chlorothiazide'],0202010D0AAA8A8,"[('150000', 'mcg')]",[]
['chlorothiazide'],0202010D0AAA9A9,[],[]
['chlorothiazide'],0202010D0AAABAB,"[('40000', 'mcg')]",[]
['chlorothiazide'],0202010D0AAACAC,"[('60000', 'mcg')]",[]
['chlorothiazide'],0202010D0AAADAD,"[('250000', 'mcg')]",[]
['chlorothiazide'],0202010D0AAAEAE,"[('225000', 'mcg')]",[]
['chlorothiazide'],0202010D0AAAFAF,"[('500000', 'mcg')]",[]
['chlorothiazide'],0202010D0AAAHAH,"[('50000', 'mcg')]",[]
['chlorothiazide'],0202010D0AAAIAI,"[('500000', 'mcg')]",[]
['chlorothiazide'],0202010D0AAAJAJ,"[('20000', 'mcg')]",[]
['chlorothiazide'],0202010D0AAAKAK,"[('30000', 'mcg')]",[]
['chlorothiazide'],0202010D0AAALAL,"[('50000', 'mcg')]",[]
['chlorothiazide'],0202010D0AAAMAM,"[('100000', 'mcg')]",[]
['chlorothiazide'],0202010D0AAANAN,"[('10000', 'mcg')]",[]
['chlorothiazide'],0202010D0AAAPAP,"[('20000', 'mcg')]",[]
['chlorothiazide'],0202010D0AAAQAQ,"[('100000', 'mcg')]",[]
['chlorothiazide'],0202010D0AAARAR,"[('75000', 'mcg')]",[]
['chlorothiazide'],0202010D0AAASAS,"[('40000', 'mcg')]",[]
['chlorothiazide'],0202010D0AAATAT,"[('200000', 'mcg')]",[]
['chlorothiazide'],0202010D0AAAUAU,"[('250000', 'mcg')]",[]
['chlorothiazide'],0202010D0AAAVAV,"[('45000', 'mcg')]",[]
['chlorothiazide'],0202010D0AAAWAW,"[('120000', 'mcg')]",[]
['chlorothiazide'],0202010D0AAAXAX,"[('187500', 'mcg')]",[]
['chlorothiazide'],0202010D0AAAYAY,"[('125000', 'mcg')]",[]
['chlorothiazide'],0202010D0AAAZAZ,"[('400000', 'mcg')]",[]
['chlorothiazide'],0202010D0AABABA,"[('30000', 'mcg')]",[]
['chlorothiazide'],0202010D0AABBBB,"[('125000', 'mcg')]",[]
['chlorothiazide'],0202010D0AABCBC,"[('250000', 'mcg')]",[]
['chlorothiazide'],0202010D0AABDBD,"[('375000', 'mcg')]",[]
['chlorothiazide'],0202010D0AABEBE,"[('10000', 'mcg')]",[]
['chlorothiazide'],0202010D0AABFBF,"[('50000', 'mcg')]",[]
['chlorothiazide'],0202010D0AABGBG,"[('70000', 'mcg')]",[]
['chlorothiazide'],0202010D0AABHBH,"[('40000', 'mcg')]",[]
['chlorothiazide'],0202010D0AABIBI,"[('200000', 'mcg')]",[]
['chlorothiazide'],0202010D0AABJBJ,"[('30000', 'mcg')]",[]
['chlorothiazide'],0202010D0AABKBK,"[('100000', 'mcg')]",[]
['chlorothiazide'],0202010D0AABLBL,"[('150000', 'mcg')]",[]
['chlorothiazide'],0202010D0AABMBM,"[('300000', 'mcg')]",[]
['chlorothiazide'],0202010D0AABNBN,"[('6000', 'mcg')]",[]
['chlorothiazide'],0202010D0AABPBP,"[('155000', 'mcg')]",[]
['chlorothiazide'],0202010D0AABQBQ,"[('20000', 'mcg')]",[]
['chlorothiazide'],0202010D0AABRBR,"[('150000', 'mcg')]",[]
['chlorothiazide'],0202010D0AABSBS,"[('25000', 'mcg')]",[]
['chlorothiazide'],0202010D0AABTBT,"[('80000', 'mcg')]",[]
['chlorothiazide'],0202010D0AABUBU,"[('187500', 'mcg')]",[]
['chlorothiazide'],0202010D0AABVBV,"[('500000', 'mcg')]",[]
['chlorothiazide'],0202010D0AABWBW,"[('12500', 'mcg')]",[]
['chlorothiazide'],0202010D0AABXBX,"[('24000', 'mcg')]",[]
['chlorothiazide'],0202010D0AABYBY,"[('75000', 'mcg')]",[]
['chlorothiazide'],0202010D0AABZBZ,"[('35000', 'mcg')]",[]
['chlorothiazide'],0202010D0AACACA,"[('18500', 'mcg')]",[]
['chlorothiazide'],0202010D0AACBCB,"[('75000', 'mcg')]",[]
['chlorothiazide'],0202010D0AACCCC,"[('60000', 'mcg')]",[]
['chlorothiazide'],0202010D0AACDCD,"[('225000', 'mcg')]",[]
['chlorothiazide'],0202010D0AACECE,"[('85000', 'mcg')]",[]
['chlorothiazide'],0202010D0AACFCF,"[('70000', 'mcg')]",[]
['chlorothiazide'],0202010D0AACGCG,"[('5000', 'mcg')]",[]
['chlorothiazide'],0202010D0AACHCH,"[('90000', 'mcg')]",[]
['chlorothiazide'],0202010D0AACICI,"[('240000', 'mcg')]",[]
['chlorothiazide'],0202010D0AACJCJ,"[('140000', 'mcg')]",[]
['chlorothiazide'],0202010D0AACKCK,"[('7500', 'mcg')]",[]
['chlorothiazide'],0202010D0AACLCL,"[('3750', 'mcg')]",[]
['chlorothiazide'],0202010D0AACMCM,"[('750000', 'mcg')]",[]
['chlorothiazide'],0202010D0AACNCN,"[('60000', 'mcg')]",[]
['chlorothiazide'],0202010D0AACPCP,"[('120000', 'mcg')]",[]
['chlorothiazide'],0202010D0AACQCQ,"[('500000', 'mcg')]",[]
['chlorothiazide'],0202010D0AACRCR,"[('15000', 'mcg')]",[]
['chlorothiazide'],0202010D0AACSCS,"[('160000', 'mcg')]",[]
['chlorothiazide'],0202010D0AACTCT,"[('47000', 'mcg')]",[]
['chlorothiazide'],0202010D0AACUCU,"[('143000', 'mcg')]",[]
['chlorothiazide'],0202010D0AACVCV,"[('80000', 'mcg')]",[]
['chlorothiazide'],0202010D0AACWCW,"[('33000', 'mcg')]",[]
['chlorothiazide'],0202010D0AACXCX,"[('25000', 'mcg')]",[]
['chlorothiazide'],0202010D0AACYCY,"[('250000', 'mcg')]",[]
['chlorothiazide'],0202010D0AACZCZ,"[('350000', 'mcg')]",[]
['chlorothiazide'],0202010D0AADADA,"[('80000', 'mcg')]",[]
['chlorothiazide'],0202010D0AADBDB,"[('27000', 'mcg')]",[]
['chlorothiazide'],0202010D0AADCDC,"[('38000', 'mcg')]",[]
['chlorothiazide'],0202010D0AADDDD,"[('150000', 'mcg')]",[]
['chlorothiazide'],0202010D0AADEDE,"[('25000', 'mcg')]",[]
['chlorothiazide'],0202010D0AADFDF,"[('300000', 'mcg')]",[]
['chlorothiazide'],0202010D0BBAAAF,"[('500000', 'mcg')]",[]
['chlorothiazide'],0202010D0BCAAAU,"[('250000', 'mcg')]",[]
['chlorothiazide'],0202010D0BCABCY,"[('250000', 'mcg')]",[]
['chlorothiazide'],0202010D0BDAAAF,"[('500000', 'mcg')]",[]
['chlortalidone'],0202010F0AAAAAA,"[('50000', 'mcg')]",[]
['chlortalidone'],0202010F0AAABAB,"[('100000', 'mcg')]",[]
['chlortalidone'],0202010F0AAACAC,"[('500000', 'mcg')]",[]
['chlortalidone'],0202010F0AAADAD,"[('25000', 'mcg')]",[]
['chlortalidone'],0202010F0AAAEAE,"[('37500', 'mcg')]",[]
['chlortalidone'],0202010F0AAAFAF,"[('50000', 'mcg')]",[]
['chlortalidone'],0202010F0AAAGAG,"[('100000', 'mcg')]",[]
['chlortalidone'],0202010F0AAAHAH,"[('5000', 'mcg')]",[]
['chlortalidone'],0202010F0AAAIAI,"[('7500', 'mcg')]",[]
['chlortalidone'],0202010F0AAAJAJ,"[('50000', 'mcg')]",[]
['chlortalidone'],0202010F0AAAKAK,"[('50000', 'mcg')]",[]
['chlortalidone'],0202010F0BBAAAA,"[('50000', 'mcg')]",[]
['chlortalidone'],0202010F0BBABAG,"[('100000', 'mcg')]",[]
['hydrochlorothiazide'],0202010L0AAAAAA,"[('12500', 'mcg')]",[]
['hydrochlorothiazide'],0202010L0AAABAB,"[('25000', 'mcg')]",[]
['hydrochlorothiazide'],0202010L0AAACAC,"[('50000', 'mcg')]",[]
['hydrochlorothiazide'],0202010L0AAADAD,"[('10000', 'mcg')]",[]
['hydrochlorothiazide'],0202010L0AAAFAF,"[('7500', 'mcg')]",[]
['hydrochlorothiazide'],0202010L0AAAGAG,"[('15000', 'mcg')]",[]
['hydrochlorothiazide'],0202010L0AAAHAH,[],[]
['hydrochlorothiazide'],0202010L0AAAIAI,"[('20000', 'mcg')]",[]
['hydrochlorothiazide'],0202010L0AAAJAJ,"[('12500', 'mcg')]",[]
['hydrochlorothiazide'],0202010L0AAAKAK,"[('6250', 'mcg')]",[]
['hydrochlorothiazide'],0202010L0AAALAL,"[('20000', 'mcg')]",[]
['hydrochlorothiazide'],0202010L0AAAMAM,"[('25000', 'mcg')]",[]
['hydrochlorothiazide'],0202010L0AAANAN,"[('15000', 'mcg')]",[]
['hydrochlorothiazide'],0202010L0AAAPAP,"[('50000', 'mcg')]",[]
['hydrochlorothiazide'],0202010L0AAAQAQ,"[('7000', 'mcg')]",[]
['hydrochlorothiazide'],0202010L0AAARAR,"[('50000', 'mcg')]",[]
['hydrochlorothiazide'],0202010L0AAASAS,"[('10000', 'mcg')]",[]
['hydrochlorothiazide'],0202010L0AAATAT,"[('5000', 'mcg')]",[]
['hydrochlorothiazide'],0202010L0AAAUAU,"[('60800', 'mcg')]",[]
['hydrochlorothiazide'],0202010L0AAAVAV,"[('6000', 'mcg')]",[]
['hydrochlorothiazide'],0202010L0AAAWAW,"[('25000', 'mcg')]",[]
['hydrochlorothiazide'],0202010L0AAAXAX,"[('250000', 'mcg')]",[]
['hydrochlorothiazide'],0202010L0AAAYAY,"[('12500', 'mcg')]",[]
['hydrochlorothiazide'],0202010L0BBAAAB,"[('25000', 'mcg')]",[]
['hydrochlorothiazide'],0202010L0BBABAC,"[('50000', 'mcg')]",[]
['hydrochlorothiazide'],0202010L0BCAAAB,"[('25000', 'mcg')]",[]
['hydrochlorothiazide'],0202010L0BCABAC,"[('50000', 'mcg')]",[]
['hydrochlorothiazide'],0202010L0BDAAAC,"[('50000', 'mcg')]",[]
['hydrochlorothiazide'],0202010L0BDABAB,"[('25000', 'mcg')]",[]
['hydroflumethiazide'],0202010N0AAAAAA,"[('50000', 'mcg')]",[]
['hydroflumethiazide'],0202010N0BBAAAA,"[('50000', 'mcg')]",[]
['hydroflumethiazide'],0202010N0BCAAAA,"[('50000', 'mcg')]",[]
['indapamide'],0202010P0AAAAAA,"[('2500', 'mcg')]",[]
['indapamide'],0202010P0AAABAB,"[('2500', 'mcg')]",[]
['indapamide'],0202010P0AAACAC,"[('2500', 'mcg')]",[]
['indapamide'],0202010P0AAADAD,"[('1500', 'mcg')]",[]
['indapamide'],0202010P0AAAEAE,"[('1500', 'mcg')]",[]
['indapamide'],0202010P0AAAFAF,"[('1500', 'mcg')]",[]
['indapamide'],0202010P0BBAAAA,"[('2500', 'mcg')]",[]
['indapamide'],0202010P0BBABAD,"[('1500', 'mcg')]",[]
['indapamide'],0202010P0BCAAAA,"[('2500', 'mcg')]",[]
['indapamide'],0202010P0BDAAAA,"[('2500', 'mcg')]",[]
['indapamide'],0202010P0BEAAAA,"[('2500', 'mcg')]",[]
['indapamide'],0202010P0BFAAAA,"[('2500', 'mcg')]",[]
['indapamide'],0202010P0BGAAAD,"[('1500', 'mcg')]",[]
['indapamide'],0202010P0BHAAAD,"[('1500', 'mcg')]",[]
['indapamide'],0202010P0BIAAAD,"[('1500', 'mcg')]",[]
['indapamide'],0202010P0BJAAAD,"[('1500', 'mcg')]",[]
['indapamide'],0202010P0BKAAAD,"[('1500', 'mcg')]",[]
['indapamide'],0202010P0BLAAAD,"[('1500', 'mcg')]",[]
['indapamide'],0202010P0BMAAAD,"[('1500', 'mcg')]",[]
['indapamide'],0202010P0BNAAAD,"[('1500', 'mcg')]",[]
['indapamide'],0202010P0BPAAAD,"[('1500', 'mcg')]",[]
['metolazone'],0202010V0AAAAAA,"[('5000', 'mcg')]",[]
['metolazone'],0202010V0AAABAB,"[('2500', 'mcg')]",[]
['metolazone'],0202010V0AAACAC,"[('500', 'mcg')]",[]
['metolazone'],0202010V0AAADAD,"[('2500', 'mcg')]",[]
['metolazone'],0202010V0AAAEAE,"[('500', 'mcg')]",[]
['metolazone'],0202010V0AAAFAF,"[('1000', 'mcg')]",[]
['metolazone'],0202010V0AAAGAG,"[('1000', 'mcg')]",[]
['metolazone'],0202010V0AAAHAH,"[('5000', 'mcg')]",[]
['metolazone'],0202010V0AAAIAI,"[('1000', 'mcg')]",[]
['metolazone'],0202010V0AAAJAJ,"[('500', 'mcg')]",[]
['metolazone'],0202010V0AAAKAK,"[('2500', 'mcg')]",[]
['metolazone'],0202010V0AAALAL,"[('500', 'mcg')]",[]
['metolazone'],0202010V0AAAMAM,"[('1250', 'mcg')]",[]
['metolazone'],0202010V0AAANAN,"[('2500', 'mcg')]",[]
['metolazone'],0202010V0BBAAAA,"[('5000', 'mcg')]",[]
['metolazone'],0202010V0BCAAAC,"[('500', 'mcg')]",[]
['metolazone'],0202010V0BDAAAC,"[('500', 'mcg')]",[]
['metolazone'],0202010V0BEAAAN,"[('2500', 'mcg')]",[]
['metolazone'],0202010V0BEABAA,"[('5000', 'mcg')]",[]
['xipamide'],0202010Y0AAAAAA,"[('20000', 'mcg')]",[]
['xipamide'],0202010Y0BBAAAA,"[('20000', 'mcg')]",[]
['bumetanide'],0202020D0AAAAAA,"[('500', 'mcg')]","[('2', 'sztuk')]"
['bumetanide'],0202020D0AAABAB,"[('500', 'mcg')]","[('4', 'sztuk')]"
['bumetanide'],0202020D0AAACAC,"[('500', 'mcg')]","[('10', 'sztuk')]"
['bumetanide'],0202020D0AAADAD,"[('1000', 'mcg')]",[]
['bumetanide'],0202020D0AAAEAE,"[('1000', 'mcg')]",[]
['bumetanide'],0202020D0AAAFAF,"[('5000', 'mcg')]",[]
['bumetanide'],0202020D0AAAGAG,"[('5000', 'mcg')]",[]
['bumetanide'],0202020D0BCAAAE,"[('1000', 'mcg')]",[]
['bumetanide'],0202020D0BCABAF,"[('5000', 'mcg')]",[]
['furosemide'],0202020L0AAA1A1,"[('80000', 'mcg')]",[]
['furosemide'],0202020L0AAA2A2,"[('40000', 'mcg')]","[('2', 'sztuk')]"
['furosemide'],0202020L0AAA3A3,"[('50000', 'mcg')]",[]
['furosemide'],0202020L0AAA4A4,"[('10000', 'mcg')]",[]
['furosemide'],0202020L0AAA5A5,"[('20000', 'mcg')]",[]
['furosemide'],0202020L0AAA6A6,"[('50000', 'mcg')]",[]
['furosemide'],0202020L0AAA7A7,"[('20000', 'mcg')]",[]
['furosemide'],0202020L0AAA8A8,"[('40000', 'mcg')]",[]
['furosemide'],0202020L0AAA9A9,"[('125000', 'mcg')]",[]
['furosemide'],0202020L0AAAAAA,"[('10000', 'mcg')]","[('2', 'sztuk')]"
['furosemide'],0202020L0AAABAB,"[('10000', 'mcg')]","[('5', 'sztuk')]"
['furosemide'],0202020L0AAACAC,"[('10000', 'mcg')]","[('8', 'sztuk')]"
['furosemide'],0202020L0AAADAD,"[('10000', 'mcg')]","[('25', 'sztuk')]"
['furosemide'],0202020L0AAAEAE,"[('10000', 'mcg')]","[('2', 'sztuk')]"
['furosemide'],0202020L0AAAFAF,"[('50000', 'mcg')]",[]
['furosemide'],0202020L0AAAGAG,"[('500000', 'mcg')]",[]
['furosemide'],0202020L0AAAHAH,"[('20000', 'mcg')]","[('2', 'sztuk')]"
['furosemide'],0202020L0AAAIAI,"[('5000', 'mcg')]",[]
['furosemide'],0202020L0AAAJAJ,"[('7000', 'mcg')]",[]
['furosemide'],0202020L0AAAKAK,"[('2000', 'mcg')]",[]
['furosemide'],0202020L0AAALAL,"[('5000', 'mcg')]",[]
['furosemide'],0202020L0AAAMAM,"[('10000', 'mcg')]",[]
['furosemide'],0202020L0AAANAN,"[('25000', 'mcg')]",[]
['furosemide'],0202020L0AAAPAP,"[('30000', 'mcg')]",[]
['furosemide'],0202020L0AAAQAQ,"[('40000', 'mcg')]",[]
['furosemide'],0202020L0AAARAR,"[('50000', 'mcg')]",[]
['furosemide'],0202020L0AAASAS,"[('20000', 'mcg')]",[]
['furosemide'],0202020L0AAATAT,"[('5000', 'mcg')]",[]
['furosemide'],0202020L0AAAUAU,"[('10000', 'mcg')]",[]
['furosemide'],0202020L0AAAVAV,"[('20000', 'mcg')]",[]
['furosemide'],0202020L0AAAWAW,"[('40000', 'mcg')]",[]
['furosemide'],0202020L0AAAXAX,"[('20000', 'mcg')]",[]
['furosemide'],0202020L0AAAYAY,"[('40000', 'mcg')]",[]
['furosemide'],0202020L0AAAZAZ,"[('50000', 'mcg')]",[]
['furosemide'],0202020L0AABABA,"[('10000', 'mcg')]",[]
['furosemide'],0202020L0AABBBB,"[('20000', 'mcg')]",[]
['furosemide'],0202020L0AABCBC,"[('30000', 'mcg')]",[]
['furosemide'],0202020L0AABDBD,"[('40000', 'mcg')]",[]
['furosemide'],0202020L0AABEBE,"[('50000', 'mcg')]",[]
['furosemide'],0202020L0AABFBF,"[('80000', 'mcg')]",[]
['furosemide'],0202020L0AABGBG,"[('120000', 'mcg')]",[]
['furosemide'],0202020L0AABHBH,"[('250000', 'mcg')]",[]
['furosemide'],0202020L0AABIBI,"[('500000', 'mcg')]",[]
['furosemide'],0202020L0AABJBJ,"[('5000', 'mcg')]",[]
['furosemide'],0202020L0AABKBK,[],[]
['furosemide'],0202020L0AABLBL,"[('5000', 'mcg')]",[]
['furosemide'],0202020L0AABMBM,"[('15000', 'mcg')]",[]
['furosemide'],0202020L0AABNBN,"[('40000', 'mcg')]",[]
['furosemide'],0202020L0AABPBP,"[('50000', 'mcg')]",[]
['furosemide'],0202020L0AABQBQ,"[('20000', 'mcg')]",[]
['furosemide'],0202020L0AABRBR,"[('3000', 'mcg')]",[]
['furosemide'],0202020L0AABSBS,"[('10000', 'mcg')]","[('8', 'sztuk')]"
['furosemide'],0202020L0AABTBT,"[('10000', 'mcg')]","[('25', 'sztuk')]"
['furosemide'],0202020L0AABUBU,"[('8000', 'mcg')]",[]
['furosemide'],0202020L0AABVBV,"[('25000', 'mcg')]",[]
['furosemide'],0202020L0AABWBW,[],[]
['furosemide'],0202020L0AABXBX,"[('50000', 'mcg')]",[]
['furosemide'],0202020L0AABYBY,"[('40000', 'mcg')]",[]
['furosemide'],0202020L0AABZBZ,"[('20000', 'mcg')]",[]
['furosemide'],0202020L0AACACA,"[('5000', 'mcg')]",[]
['furosemide'],0202020L0AACBCB,"[('80000', 'mcg')]",[]
['furosemide'],0202020L0AACCCC,"[('30000', 'mcg')]",[]
['furosemide'],0202020L0AACDCD,"[('10000', 'mcg')]",[]
['furosemide'],0202020L0AACECE,"[('60000', 'mcg')]",[]
['furosemide'],0202020L0AACFCF,"[('120000', 'mcg')]",[]
['furosemide'],0202020L0AACGCG,"[('12500', 'mcg')]",[]
['furosemide'],0202020L0AACHCH,"[('250000', 'mcg')]",[]
['furosemide'],0202020L0AACICI,"[('6500', 'mcg')]",[]
['furosemide'],0202020L0AACJCJ,"[('15000', 'mcg')]",[]
['furosemide'],0202020L0AACKCK,"[('2000', 'mcg')]",[]
['furosemide'],0202020L0AACLCL,"[('1000', 'mcg')]",[]
['furosemide'],0202020L0AACMCM,"[('3000', 'mcg')]",[]
['furosemide'],0202020L0AACNCN,"[('100000', 'mcg')]",[]
['furosemide'],0202020L0AACPCP,"[('25000', 'mcg')]",[]
['furosemide'],0202020L0AACQCQ,"[('100000', 'mcg')]","[('1', 'sztuk')]"
['furosemide'],0202020L0AACRCR,"[('500000', 'mcg')]",[]
['furosemide'],0202020L0AACSCS,"[('35000', 'mcg')]",[]
['furosemide'],0202020L0AACTCT,"[('4500', 'mcg')]",[]
['furosemide'],0202020L0AACUCU,"[('20000', 'mcg')]",[]
['furosemide'],0202020L0AACVCV,"[('30000', 'mcg')]",[]
['furosemide'],0202020L0AACWCW,"[('40000', 'mcg')]",[]
['furosemide'],0202020L0AACXCX,"[('200000', 'mcg')]",[]
['furosemide'],0202020L0AACYCY,"[('37500', 'mcg')]",[]
['furosemide'],0202020L0AACZCZ,"[('15000', 'mcg')]",[]
['furosemide'],0202020L0AADADA,"[('330000', 'mcg')]",[]
['furosemide'],0202020L0AADBDB,"[('50000', 'mcg')]",[]
['furosemide'],0202020L0AADCDC,"[('20000', 'mcg')]",[]
['furosemide'],0202020L0AADDDD,"[('8000', 'mcg')]",[]
['furosemide'],0202020L0AADEDE,"[('4000', 'mcg')]",[]
['furosemide'],0202020L0AADFDF,"[('3400', 'mcg')]",[]
['furosemide'],0202020L0AADGDG,"[('5000', 'mcg')]",[]
['furosemide'],0202020L0AADHDH,"[('50000', 'mcg')]","[('5', 'sztuk')]"
['furosemide'],0202020L0AADIDI,"[('10000', 'mcg')]","[('25', 'sztuk')]"
['furosemide'],0202020L0AADJDJ,"[('5000', 'mcg')]",[]
['furosemide'],0202020L0AADKDK,"[('5000', 'mcg')]",[]
['furosemide'],0202020L0BCAAAA,"[('10000', 'mcg')]","[('2', 'sztuk')]"
['furosemide'],0202020L0BCABAB,"[('10000', 'mcg')]","[('5', 'sztuk')]"
['furosemide'],0202020L0BCACBD,"[('40000', 'mcg')]",[]
['furosemide'],0202020L0BCADBI,"[('500000', 'mcg')]",[]
['furosemide'],0202020L0BDAAAA,"[('10000', 'mcg')]","[('2', 'sztuk')]"
['furosemide'],0202020L0BDABAB,"[('10000', 'mcg')]","[('5', 'sztuk')]"
['furosemide'],0202020L0BDACAD,"[('10000', 'mcg')]","[('25', 'sztuk')]"
['furosemide'],0202020L0BDADBD,"[('40000', 'mcg')]",[]
['furosemide'],0202020L0BDAEBI,"[('500000', 'mcg')]",[]
['furosemide'],0202020L0BDAFBB,"[('20000', 'mcg')]",[]
['furosemide'],0202020L0BGAAAT,"[('1000', 'mcg')]",[]
['furosemide'],0202020L0BGABAA,"[('10000', 'mcg')]","[('2', 'sztuk')]"
['furosemide'],0202020L0BGADAB,"[('10000', 'mcg')]","[('5', 'sztuk')]"
['furosemide'],0202020L0BGAEAD,"[('10000', 'mcg')]","[('25', 'sztuk')]"
['furosemide'],0202020L0BGAFA0,"[('30000', 'mcg')]",[]
['furosemide'],0202020L0BGAGBB,"[('20000', 'mcg')]",[]
['furosemide'],0202020L0BGAHBD,"[('40000', 'mcg')]",[]
['furosemide'],0202020L0BGAIBI,"[('500000', 'mcg')]",[]
['furosemide'],0202020L0BIAAA0,"[('10000', 'mcg')]","[('12', 'sztuk')]"
['furosemide'],0202020L0BIACA0,"[('10000', 'mcg')]","[('4', 'sztuk')]"
['furosemide'],0202020L0BIAEA0,"[('10000', 'mcg')]","[('10', 'sztuk')]"
['furosemide'],0202020L0BIAFBT,"[('10000', 'mcg')]","[('25', 'sztuk')]"
['furosemide'],0202020L0BIAGBS,"[('10000', 'mcg')]","[('8', 'sztuk')]"
"['amiloride', 'furosemide']",0202020L0BLAAAB,"[('10000', 'mcg')]","[('5', 'sztuk')]"
['furosemide'],0202020L0BMAABB,"[('20000', 'mcg')]",[]
['furosemide'],0202020L0BMABBD,"[('40000', 'mcg')]",[]
['furosemide'],0202020L0BMACBI,"[('500000', 'mcg')]",[]
['furosemide'],0202020L0BNAABD,"[('40000', 'mcg')]",[]
['furosemide'],0202020L0BPAABD,"[('40000', 'mcg')]",[]
['furosemide'],0202020L0BQAABD,"[('40000', 'mcg')]",[]
['furosemide'],0202020L0BRAABD,"[('40000', 'mcg')]",[]
['furosemide'],0202020L0BSAABD,"[('40000', 'mcg')]",[]
['furosemide'],0202020L0BTAABB,"[('20000', 'mcg')]",[]
['furosemide'],0202020L0BTABBD,"[('40000', 'mcg')]",[]
['furosemide'],0202020L0BUAABD,"[('40000', 'mcg')]",[]
['furosemide'],0202020L0BVAABB,"[('20000', 'mcg')]",[]
['furosemide'],0202020L0BWAABD,"[('40000', 'mcg')]",[]
['furosemide'],0202020L0BXAAAR,"[('20000', 'mcg')]",[]
['furosemide'],0202020L0BXABBD,"[('40000', 'mcg')]",[]
['furosemide'],0202020L0BZAABQ,"[('20000', 'mcg')]",[]
['furosemide'],0202020L0BZABBN,"[('40000', 'mcg')]",[]
['furosemide'],0202020L0BZACBP,"[('50000', 'mcg')]",[]
['torasemide'],0202020U0AAAAAA,"[('2500', 'mcg')]",[]
['torasemide'],0202020U0AAABAB,"[('5000', 'mcg')]",[]
['torasemide'],0202020U0AAACAC,"[('10000', 'mcg')]",[]
['torasemide'],0202020U0AAADAD,"[('5000', 'mcg')]","[('2', 'sztuk')]"
['torasemide'],0202020U0AAAEAE,"[('5000', 'mcg')]","[('4', 'sztuk')]"
['torasemide'],0202020U0BBAAAA,"[('2500', 'mcg')]",[]
['torasemide'],0202020U0BBABAB,"[('5000', 'mcg')]",[]
['torasemide'],0202020U0BBACAC,"[('10000', 'mcg')]",[]
['torasemide'],0202020U0BBADAD,"[('5000', 'mcg')]","[('2', 'sztuk')]"
['torasemide'],0202020U0BBAEAE,"[('5000', 'mcg')]","[('4', 'sztuk')]"
['amiloride'],0202030C0AAA1A1,"[('1000', 'mcg')]",[]
['amiloride'],0202030C0AAA2A2,"[('3000', 'mcg')]",[]
['amiloride'],0202030C0AAA3A3,"[('4000', 'mcg')]",[]
['amiloride'],0202030C0AAA4A4,"[('2500', 'mcg')]",[]
['amiloride'],0202030C0AAA5A5,"[('300', 'mcg')]",[]
['amiloride'],0202030C0AAA6A6,"[('2000', 'mcg')]",[]
['amiloride'],0202030C0AAA7A7,"[('600', 'mcg')]",[]
['amiloride'],0202030C0AAA8A8,"[('1500', 'mcg')]",[]
['amiloride'],0202030C0AAA9A9,"[('5000', 'mcg')]",[]
['amiloride'],0202030C0AAAAAA,[],[]
['amiloride'],0202030C0AAABAB,[],[]
['amiloride'],0202030C0AAACAC,"[('5000', 'mcg')]",[]
['amiloride'],0202030C0AAADAD,"[('10000', 'mcg')]",[]
['amiloride'],0202030C0AAAFAF,[],[]
['amiloride'],0202030C0AAAGAG,"[('5000', 'mcg')]",[]
['amiloride'],0202030C0AAAHAH,"[('400', 'mcg')]",[]
['amiloride'],0202030C0AAAIAI,"[('5000', 'mcg')]",[]
['amiloride'],0202030C0AAAJAJ,"[('1000', 'mcg')]",[]
['amiloride'],0202030C0AAAKAK,"[('2000', 'mcg')]",[]
['amiloride'],0202030C0AAALAL,"[('2000', 'mcg')]",[]
['amiloride'],0202030C0AAAMAM,"[('4000', 'mcg')]",[]
['amiloride'],0202030C0AAANAN,"[('2500', 'mcg')]",[]
['amiloride'],0202030C0AAAPAP,"[('5000', 'mcg')]",[]
['amiloride'],0202030C0AAAQAQ,"[('5000', 'mcg')]",[]
['amiloride'],0202030C0AAARAR,"[('1000', 'mcg')]",[]
['amiloride'],0202030C0AAASAS,"[('5000', 'mcg')]",[]
['amiloride'],0202030C0AAATAT,"[('2500', 'mcg')]",[]
['amiloride'],0202030C0AAAUAU,"[('500', 'mcg')]",[]
['amiloride'],0202030C0AAAVAV,"[('1500', 'mcg')]",[]
['amiloride'],0202030C0AAAWAW,[],[]
['amiloride'],0202030C0AAAXAX,"[('5000', 'mcg')]",[]
['amiloride'],0202030C0AAAYAY,"[('400', 'mcg')]",[]
['amiloride'],0202030C0AAAZAZ,"[('10000', 'mcg')]",[]
['amiloride'],0202030C0AABABA,"[('12500', 'mcg')]",[]
['amiloride'],0202030C0AABBBB,"[('1700', 'mcg')]",[]
['amiloride'],0202030C0AABCBC,"[('800', 'mcg')]",[]
['amiloride'],0202030C0AABDBD,"[('500', 'mcg')]",[]
['amiloride'],0202030C0AABEBE,"[('2300', 'mcg')]",[]
['amiloride'],0202030C0BBAAAC,"[('5000', 'mcg')]",[]
['amiloride'],0202030C0BCAAAC,"[('5000', 'mcg')]",[]
['amiloride'],0202030C0BDAAAC,"[('5000', 'mcg')]",[]
['amiloride'],0202030C0BEAAAC,"[('5000', 'mcg')]",[]
['amiloride'],0202030C0BFAAAS,"[('5000', 'mcg')]",[]
['spironolactone'],0202030M0BBAAAB,"[('20000', 'mcg')]","[('10', 'sztuk')]"
['spironolactone'],0202030S0AAA1A1,"[('18000', 'mcg')]",[]
['spironolactone'],0202030S0AAA2A2,"[('250000', 'mcg')]",[]
['spironolactone'],0202030S0AAA3A3,"[('25000', 'mcg')]",[]
['spironolactone'],0202030S0AAA4A4,"[('5000', 'mcg')]",[]
['spironolactone'],0202030S0AAA5A5,"[('10000', 'mcg')]",[]
['spironolactone'],0202030S0AAA6A6,"[('50000', 'mcg')]",[]
['spironolactone'],0202030S0AAA7A7,"[('11000', 'mcg')]",[]
['spironolactone'],0202030S0AAA8A8,"[('20000', 'mcg')]",[]
['spironolactone'],0202030S0AAA9A9,"[('4000', 'mcg')]",[]
['spironolactone'],0202030S0AAAAAA,"[('6000', 'mcg')]",[]
['spironolactone'],0202030S0AAABAB,"[('100000', 'mcg')]",[]
['spironolactone'],0202030S0AAACAC,"[('5000', 'mcg')]",[]
['spironolactone'],0202030S0AAADAD,"[('20000', 'mcg')]",[]
['spironolactone'],0202030S0AAAGAG,"[('5000', 'mcg')]",[]
['spironolactone'],0202030S0AAAHAH,"[('6000', 'mcg')]",[]
['spironolactone'],0202030S0AAAIAI,"[('3000', 'mcg')]",[]
['spironolactone'],0202030S0AAAJAJ,"[('2000', 'mcg')]",[]
['spironolactone'],0202030S0AAAKAK,"[('25000', 'mcg')]",[]
['spironolactone'],0202030S0AAALAL,"[('50000', 'mcg')]",[]
['spironolactone'],0202030S0AAAMAM,"[('100000', 'mcg')]",[]
['spironolactone'],0202030S0AAANAN,"[('10000', 'mcg')]",[]
['spironolactone'],0202030S0AAAPAP,"[('2000', 'mcg')]",[]
['spironolactone'],0202030S0AAAQAQ,"[('20000', 'mcg')]",[]
['spironolactone'],0202030S0AAARAR,"[('25000', 'mcg')]",[]
['spironolactone'],0202030S0AAASAS,"[('10000', 'mcg')]",[]
['spironolactone'],0202030S0AAATAT,"[('25000', 'mcg')]",[]
['spironolactone'],0202030S0AAAUAU,"[('50000', 'mcg')]",[]
['spironolactone'],0202030S0AAAVAV,"[('100000', 'mcg')]",[]
['spironolactone'],0202030S0AAAWAW,"[('200000', 'mcg')]",[]
['spironolactone'],0202030S0AAAXAX,"[('10000', 'mcg')]",[]
['spironolactone'],0202030S0AAAZAZ,"[('4000', 'mcg')]",[]
['spironolactone'],0202030S0AABABA,"[('3750', 'mcg')]",[]
['spironolactone'],0202030S0AABBBB,"[('62500', 'mcg')]",[]
['spironolactone'],0202030S0AABCBC,"[('3000', 'mcg')]",[]
['spironolactone'],0202030S0AABDBD,"[('30000', 'mcg')]",[]
['spironolactone'],0202030S0AABEBE,"[('10000', 'mcg')]",[]
['spironolactone'],0202030S0AABFBF,"[('8000', 'mcg')]",[]
['spironolactone'],0202030S0AABGBG,"[('2500', 'mcg')]",[]
['spironolactone'],0202030S0AABHBH,"[('20000', 'mcg')]",[]
['spironolactone'],0202030S0AABIBI,"[('60000', 'mcg')]",[]
['spironolactone'],0202030S0AABJBJ,"[('4000', 'mcg')]",[]
['spironolactone'],0202030S0AABKBK,"[('1000', 'mcg')]",[]
['spironolactone'],0202030S0AABLBL,"[('50000', 'mcg')]",[]
['spironolactone'],0202030S0AABMBM,"[('25000', 'mcg')]",[]
['spironolactone'],0202030S0AABNBN,"[('5000', 'mcg')]",[]
['spironolactone'],0202030S0AABPBP,"[('12000', 'mcg')]",[]
['spironolactone'],0202030S0AABQBQ,"[('10000', 'mcg')]",[]
['spironolactone'],0202030S0AABRBR,"[('15000', 'mcg')]",[]
['spironolactone'],0202030S0AABSBS,"[('25000', 'mcg')]",[]
['spironolactone'],0202030S0AABTBT,"[('6000', 'mcg')]",[]
['spironolactone'],0202030S0AABUBU,"[('62500', 'mcg')]",[]
['spironolactone'],0202030S0AABVBV,"[('50000', 'mcg')]",[]
['spironolactone'],0202030S0AABWBW,"[('7000', 'mcg')]",[]
['spironolactone'],0202030S0AABXBX,"[('6250', 'mcg')]",[]
['spironolactone'],0202030S0AABYBY,"[('15000', 'mcg')]",[]
['spironolactone'],0202030S0AABZBZ,"[('2000', 'mcg')]",[]
['spironolactone'],0202030S0AACACA,"[('31250', 'mcg')]",[]
['spironolactone'],0202030S0AACBCB,"[('5000', 'mcg')]",[]
['spironolactone'],0202030S0AACCCC,"[('7500', 'mcg')]",[]
['spironolactone'],0202030S0AACDCD,"[('40000', 'mcg')]",[]
['spironolactone'],0202030S0AACECE,"[('10000', 'mcg')]",[]
['spironolactone'],0202030S0AACFCF,"[('6250', 'mcg')]",[]
['spironolactone'],0202030S0AACGCG,"[('100000', 'mcg')]",[]
['spironolactone'],0202030S0AACHCH,"[('12500', 'mcg')]",[]
['spironolactone'],0202030S0AACICI,"[('125000', 'mcg')]",[]
['spironolactone'],0202030S0AACJCJ,"[('75000', 'mcg')]",[]
['spironolactone'],0202030S0AACKCK,[],[]
['spironolactone'],0202030S0AACLCL,"[('3000', 'mcg')]",[]
['spironolactone'],0202030S0AACMCM,"[('5000', 'mcg')]",[]
['spironolactone'],0202030S0AACNCN,"[('25000', 'mcg')]",[]
['spironolactone'],0202030S0AACPCP,"[('50000', 'mcg')]",[]
['spironolactone'],0202030S0AACQCQ,"[('10000', 'mcg')]",[]
['spironolactone'],0202030S0AACRCR,"[('100000', 'mcg')]",[]
['spironolactone'],0202030S0AACTCT,"[('6250', 'mcg')]",[]
['spironolactone'],0202030S0AACUCU,"[('30000', 'mcg')]",[]
['spironolactone'],0202030S0AACVCV,"[('7500', 'mcg')]",[]
['spironolactone'],0202030S0AACWCW,"[('4000', 'mcg')]",[]
['spironolactone'],0202030S0AACXCX,"[('125000', 'mcg')]",[]
['spironolactone'],0202030S0AACYCY,"[('7000', 'mcg')]",[]
['spironolactone'],0202030S0AACZCZ,"[('250000', 'mcg')]",[]
['spironolactone'],0202030S0AADADA,"[('2500', 'mcg')]",[]
['spironolactone'],0202030S0AADBDB,"[('8000', 'mcg')]",[]
['spironolactone'],0202030S0AADCDC,"[('15000', 'mcg')]",[]
['spironolactone'],0202030S0AADDDD,"[('20000', 'mcg')]",[]
['spironolactone'],0202030S0AADEDE,"[('75000', 'mcg')]",[]
['spironolactone'],0202030S0AADFDF,"[('8000', 'mcg')]",[]
['spironolactone'],0202030S0AADGDG,"[('35000', 'mcg')]",[]
['spironolactone'],0202030S0AADHDH,"[('200000', 'mcg')]",[]
['spironolactone'],0202030S0AADIDI,"[('40000', 'mcg')]",[]
['spironolactone'],0202030S0AADJDJ,"[('13500', 'mcg')]",[]
['spironolactone'],0202030S0AADKDK,"[('12500', 'mcg')]",[]
['spironolactone'],0202030S0AADLDL,"[('4500', 'mcg')]",[]
['spironolactone'],0202030S0AADMDM,"[('3000', 'mcg')]",[]
['spironolactone'],0202030S0AADNDN,"[('100000', 'mcg')]",[]
['spironolactone'],0202030S0AADPDP,"[('1250', 'mcg')]",[]
['spironolactone'],0202030S0AADQDQ,"[('6000', 'mcg')]",[]
['spironolactone'],0202030S0AADRDR,"[('1500', 'mcg')]",[]
['spironolactone'],0202030S0AADSDS,"[('12000', 'mcg')]",[]
['spironolactone'],0202030S0AADTDT,"[('3500', 'mcg')]",[]
['spironolactone'],0202030S0AADUDU,"[('2000', 'mcg')]",[]
['spironolactone'],0202030S0AADVDV,"[('8300', 'mcg')]",[]
['spironolactone'],0202030S0AADWDW,"[('100000', 'mcg')]",[]
['spironolactone'],0202030S0AADXDX,"[('3300', 'mcg')]",[]
['spironolactone'],0202030S0AADYDY,"[('8000', 'mcg')]",[]
['spironolactone'],0202030S0AADZDZ,"[('50000', 'mcg')]",[]
['spironolactone'],0202030S0AAEAEA,"[('25000', 'mcg')]",[]
['spironolactone'],0202030S0AAEBEB,"[('50000', 'mcg')]",[]
['spironolactone'],0202030S0AAECEC,"[('5000', 'mcg')]",[]
['spironolactone'],0202030S0AAEDED,"[('10000', 'mcg')]",[]
['spironolactone'],0202030S0AAEEEE,"[('100000', 'mcg')]",[]
['spironolactone'],0202030S0BBAAAT,"[('25000', 'mcg')]",[]
['spironolactone'],0202030S0BBABAU,"[('50000', 'mcg')]",[]
['spironolactone'],0202030S0BBACAV,"[('100000', 'mcg')]",[]
['spironolactone'],0202030S0BCAAAU,"[('50000', 'mcg')]",[]
['spironolactone'],0202030S0BDAAAT,"[('25000', 'mcg')]",[]
['spironolactone'],0202030S0BDABAV,"[('100000', 'mcg')]",[]
['spironolactone'],0202030S0BDACAS,"[('10000', 'mcg')]",[]
['spironolactone'],0202030S0BDADAU,"[('50000', 'mcg')]",[]
['spironolactone'],0202030S0BEAAAT,"[('25000', 'mcg')]",[]
['spironolactone'],0202030S0BEABAV,"[('100000', 'mcg')]",[]
['spironolactone'],0202030S0BFAAAT,"[('25000', 'mcg')]",[]
['spironolactone'],0202030S0BFABAU,"[('50000', 'mcg')]",[]
['spironolactone'],0202030S0BFACAB,"[('100000', 'mcg')]",[]
['spironolactone'],0202030S0BGAAAT,"[('25000', 'mcg')]",[]
['spironolactone'],0202030S0BGABAU,"[('50000', 'mcg')]",[]
['spironolactone'],0202030S0BGACAV,"[('100000', 'mcg')]",[]
['spironolactone'],0202030S0BHAAAT,"[('25000', 'mcg')]",[]
['spironolactone'],0202030S0BHABAV,"[('100000', 'mcg')]",[]
['spironolactone'],0202030S0BIAAAT,"[('25000', 'mcg')]",[]
['spironolactone'],0202030S0BIABAV,"[('100000', 'mcg')]",[]
['spironolactone'],0202030S0BJABAT,"[('25000', 'mcg')]",[]
['spironolactone'],0202030S0BJACAV,"[('100000', 'mcg')]",[]
['triamterene'],0202030W0AAAAAA,"[('50000', 'mcg')]",[]
['triamterene'],0202030W0BBAAAA,"[('50000', 'mcg')]",[]
['eplerenone'],0202030X0AAAAAA,"[('25000', 'mcg')]",[]
['eplerenone'],0202030X0AAABAB,"[('50000', 'mcg')]",[]
['eplerenone'],0202030X0BBAAAA,"[('25000', 'mcg')]",[]
['eplerenone'],0202030X0BBABAB,"[('50000', 'mcg')]",[]
['amiloride'],0202040A0AAAAAA,"[('2500', 'mcg'), ('250', 'mcg')]",[]
['amiloride'],0202040A0BBAAAA,[],[]
"['amiloride', 'furosemide']",0202040B0AAAAAA,"[('5000', 'mcg'), ('40000', 'mcg')]",[]
"['amiloride', 'furosemide']",0202040B0AAABAB,"[('2500', 'mcg'), ('20000', 'mcg')]",[]
"['amiloride', 'furosemide']",0202040B0AAACAC,"[('10000', 'mcg'), ('80000', 'mcg')]",[]
"['amiloride', 'furosemide']",0202040B0AAADAD,"[('5000', 'mcg'), ('40000', 'mcg')]",[]
"['amiloride', 'furosemide']",0202040B0AAAEAE,"[('5000', 'mcg'), ('40000', 'mcg')]",[]
"['amiloride', 'furosemide']",0202040B0AAAFAF,[],[]
"['amiloride', 'furosemide']",0202040B0AAAGAG,"[('2500', 'mcg'), ('20000', 'mcg')]",[]
"['amiloride', 'furosemide']",0202040B0AAAHAH,"[('5000', 'mcg'), ('40000', 'mcg')]",[]
"['amiloride', 'furosemide']",0202040B0AAAIAI,"[('10000', 'mcg'), ('80000', 'mcg')]",[]
"['amiloride', 'furosemide']",0202040B0AAAJAJ,"[('2500', 'mcg'), ('20000', 'mcg')]",[]
"['amiloride', 'furosemide']",0202040B0AAAKAK,"[('5000', 'mcg'), ('50000', 'mcg')]",[]
"['amiloride', 'furosemide']",0202040B0AAALAL,"[('10000', 'mcg'), ('125000', 'mcg')]","[('5', 'sztuk')]"
"['amiloride', 'furosemide']",0202040B0AAAMAM,"[('1250', 'mcg'), ('10000', 'mcg')]",[]
"['amiloride', 'furosemide']",0202040B0BBAAAA,"[('40000', 'mcg'), ('5000', 'mcg')]",[]
"['amiloride', 'furosemide']",0202040B0BBABAB,"[('20000', 'mcg'), ('2500', 'mcg')]",[]
"['amiloride', 'furosemide']",0202040B0BBACAC,"[('10000', 'mcg'), ('80000', 'mcg')]",[]
"['amiloride', 'furosemide']",0202040B0BCAAAA,"[('5000', 'mcg'), ('40000', 'mcg')]",[]
"['amiloride', 'furosemide']",0202040B0BDAAAA,"[('5000', 'mcg'), ('40000', 'mcg')]",[]
"['amiloride', 'furosemide']",0202040B0BEAAAA,"[('5000', 'mcg'), ('40000', 'mcg')]",[]
"['amiloride', 'furosemide']",0202040B0BFAAAB,"[('2500', 'mcg'), ('20000', 'mcg')]",[]
"['amiloride', 'furosemide']",0202040B0BFABAC,"[('10000', 'mcg'), ('80000', 'mcg')]",[]
"['amiloride', 'furosemide']",0202040B0BGAAAA,"[('5000', 'mcg'), ('40000', 'mcg')]",[]
"['amiloride', 'furosemide']",0202040B0BHAAAA,"[('5000', 'mcg'), ('40000', 'mcg')]",[]
"['amiloride', 'hydrochlorothiazide']",0202040C0AAAAAA,"[('5000', 'mcg'), ('50000', 'mcg')]",[]
"['amiloride', 'hydrochlorothiazide']",0202040C0AAABAB,"[('2500', 'mcg'), ('25000', 'mcg')]",[]
"['amiloride', 'hydrochlorothiazide']",0202040C0AAACAC,"[('5000', 'mcg'), ('50000', 'mcg')]",[]
"['amiloride', 'hydrochlorothiazide']",0202040C0AAADAD,"[('5000', 'mcg'), ('50000', 'mcg')]",[]
"['amiloride', 'hydrochlorothiazide']",0202040C0BBAAAA,"[('5000', 'mcg'), ('50000', 'mcg')]",[]
"['amiloride', 'hydrochlorothiazide']",0202040C0BCAAAA,"[('5000', 'mcg'), ('50000', 'mcg')]",[]
"['amiloride', 'hydrochlorothiazide']",0202040C0BDAAAA,"[('5000', 'mcg'), ('50000', 'mcg')]",[]
"['amiloride', 'hydrochlorothiazide']",0202040C0BDABAC,"[('5000', 'mcg'), ('50000', 'mcg')]",[]
"['amiloride', 'hydrochlorothiazide']",0202040C0BEAAAA,"[('5000', 'mcg'), ('50000', 'mcg')]",[]
"['amiloride', 'hydrochlorothiazide']",0202040C0BFAAAA,"[('5000', 'mcg'), ('50000', 'mcg')]",[]
"['amiloride', 'hydrochlorothiazide']",0202040C0BFABAB,"[('2500', 'mcg'), ('25000', 'mcg')]",[]
"['amiloride', 'hydrochlorothiazide']",0202040C0BGAAAA,"[('5000', 'mcg'), ('50000', 'mcg'), ('5000', 'mcg'), ('50000', 'mcg')]",[]
"['amiloride', 'hydrochlorothiazide']",0202040C0BHAAAA,"[('5000', 'mcg'), ('50000', 'mcg')]",[]
"['amiloride', 'hydrochlorothiazide']",0202040C0BIAAAB,"[('2500', 'mcg'), ('25000', 'mcg')]",[]
"['amiloride', 'hydrochlorothiazide']",0202040C0BJAAAA,"[('5000', 'mcg'), ('50000', 'mcg')]",[]
"['amiloride', 'hydrochlorothiazide']",0202040C0BKAAAA,"[('5000', 'mcg'), ('50000', 'mcg'), ('5000', 'mcg'), ('50000', 'mcg')]",[]
"['amiloride', 'hydrochlorothiazide']",0202040C0BLAAAA,"[('5000', 'mcg'), ('50000', 'mcg')]",[]
['amiloride'],0202040D0AAAAAA,"[('5000', 'mcg'), ('1000', 'mcg')]",[]
['amiloride'],0202040D0AAABAB,"[('5000', 'mcg'), ('50000', 'mcg')]","[('5', 'sztuk')]"
['amiloride'],0202040D0BBAAAA,[],[]
"['hydroflumethiazide', 'spironolactone']",0202040G0AAAAAA,"[('25000', 'mcg'), ('25000', 'mcg')]",[]
"['hydroflumethiazide', 'spironolactone']",0202040G0AAABAB,"[('50000', 'mcg'), ('50000', 'mcg')]",[]
"['hydroflumethiazide', 'spironolactone']",0202040G0BBAAAA,"[('25000', 'mcg'), ('25000', 'mcg')]",[]
"['hydroflumethiazide', 'spironolactone']",0202040G0BBABAB,"[('50000', 'mcg'), ('50000', 'mcg')]",[]
"['hydroflumethiazide', 'spironolactone']",0202040G0BCAAAA,"[('25000', 'mcg'), ('25000', 'mcg')]",[]
"['hydroflumethiazide', 'spironolactone']",0202040G0BCABAB,"[('50000', 'mcg'), ('50000', 'mcg')]",[]
"['hydrochlorothiazide', 'triamterene']",0202040H0AAAAAA,"[('50000', 'mcg'), ('25000', 'mcg')]",[]
"['hydrochlorothiazide', 'triamterene']",0202040H0AAABAB,"[('50000', 'mcg'), ('25000', 'mcg')]",[]
"['hydrochlorothiazide', 'triamterene']",0202040H0BBAAAA,[],[]
"['hydrochlorothiazide', 'triamterene']",0202040H0BCAAAA,[],[]
"['hydrochlorothiazide', 'triamterene']",0202040H0BDAAAA,"[('50000', 'mcg'), ('25000', 'mcg')]",[]
"['chlorothiazide', 'spironolactone']",0202040S0AAAAAA,"[('1000', 'mcg'), ('10000', 'mcg')]",[]
"['chlorothiazide', 'spironolactone']",0202040S0AAABAB,"[('1000', 'mcg'), ('10000', 'mcg')]",[]
"['chlorothiazide', 'spironolactone']",0202040S0AAACAC,"[('10000', 'mcg'), ('1000', 'mcg')]",[]
"['chlorothiazide', 'spironolactone']",0202040S0AAAEAE,[],[]
"['chlorothiazide', 'spironolactone']",0202040S0AAAFAF,"[('20000', 'mcg'), ('200000', 'mcg')]","[('5', 'sztuk')]"
"['chlorothiazide', 'spironolactone']",0202040S0AAAGAG,"[('20000', 'mcg'), ('3000', 'mcg')]",[]
"['chlorothiazide', 'spironolactone']",0202040S0AAAHAH,"[('40000', 'mcg'), ('4000', 'mcg')]",[]
"['chlorothiazide', 'spironolactone']",0202040S0AAAIAI,"[('10000', 'mcg'), ('250000', 'mcg')]","[('5', 'sztuk')]"
"['chlorothiazide', 'spironolactone']",0202040S0AAAJAJ,"[('10000', 'mcg'), ('100000', 'mcg')]","[('5', 'sztuk')]"
"['chlorothiazide', 'spironolactone']",0202040S0AAAKAK,"[('5000', 'mcg'), ('50000', 'mcg')]","[('5', 'sztuk')]"
"['chlorothiazide', 'spironolactone']",0202040S0AAALAL,"[('250000', 'mcg'), ('25000', 'mcg')]",[]
"['chlorothiazide', 'spironolactone']",0202040S0AAAMAM,"[('30000', 'mcg'), ('3000', 'mcg')]",[]
"['chlorothiazide', 'spironolactone']",0202040S0AAANAN,"[('100000', 'mcg'), ('10000', 'mcg')]",[]
"['chlorothiazide', 'spironolactone']",0202040S0AAAPAP,"[('5000', 'mcg'), ('50000', 'mcg')]",[]
"['chlorothiazide', 'spironolactone']",0202040S0AAAQAQ,"[('160000', 'mcg'), ('16000', 'mcg')]",[]
"['chlorothiazide', 'spironolactone']",0202040S0AAARAR,"[('6000', 'mcg'), ('60000', 'mcg')]",[]
"['furosemide', 'spironolactone']",0202040T0AAAAAA,"[('50000', 'mcg'), ('20000', 'mcg')]",[]
"['furosemide', 'spironolactone']",0202040T0BBAAAA,"[('50000', 'mcg'), ('20000', 'mcg')]",[]
"['furosemide', 'triamterene']",0202040U0AAAAAA,"[('50000', 'mcg'), ('40000', 'mcg')]",[]
"['furosemide', 'triamterene']",0202040U0BBAAAA,[],[]
['triamterene'],0202040V0AAAAAA,"[('50000', 'mcg'), ('50000', 'mcg')]",[]
['triamterene'],0202040V0AAACAC,"[('50000', 'mcg'), ('25000', 'mcg')]",[]
['triamterene'],0202040V0AAAEAE,"[('50000', 'mcg'), ('25000', 'mcg')]",[]
"['chlortalidone', 'triamterene']",0202040V0BBAAAA,[],[]
"['chlortalidone', 'triamterene']",0202040V0BBABAE,[],[]
['triamterene'],0202040V0BDAAAC,[],[]
['bendroflumethiazide'],0202080B0AAAAAA,"[('2500', 'mcg'), ('573000', 'mcg')]",[]
['bendroflumethiazide'],0202080B0AAABAB,"[('2500', 'mcg')]",[]
['bendroflumethiazide'],0202080B0BBAAAA,[],[]
['bendroflumethiazide'],0202080B0BCAAAB,[],[]
['bumetanide'],0202080C0AAAAAA,"[('500', 'mcg')]",[]
['bumetanide'],0202080C0BBAAAA,[],[]
"['amiloride', 'bumetanide']",0202080D0AAAAAA,"[('1000', 'mcg'), ('5000', 'mcg')]",[]
['chlortalidone'],0202080E0AAAAAA,"[('25000', 'mcg')]",[]
['chlortalidone'],0202080E0BBAAAA,[],[]
['amiloride'],0202080H0AAAAAA,"[('250', 'mcg'), ('2500', 'mcg')]",[]
['furosemide'],0202080K0AAAAAA,"[('20000', 'mcg')]",[]
['furosemide'],0202080K0AAABAB,"[('40000', 'mcg')]",[]
['furosemide'],0202080K0AAACAC,"[('40000', 'mcg')]",[]
['furosemide'],0202080K0BBAAAA,[],[]
['furosemide'],0202080K0BCAAAB,[],[]
['furosemide'],0202080K0BDAAAC,"[('40000', 'mcg')]",[]
['hydrochlorothiazide'],0202080M0AAAAAA,"[('12500', 'mcg')]",[]
['hydrochlorothiazide'],0202080M0AAABAB,"[('25000', 'mcg'), ('572000', 'mcg')]",[]
['hydrochlorothiazide'],0202080M0BBAAAA,[],[]
['hydrochlorothiazide'],0202080M0BCAAAB,[],[]
['amiodarone'],0203020D0AAAAAA,"[('100000', 'mcg')]",[]
['amiodarone'],0203020D0AAABAB,"[('200000', 'mcg')]",[]
['amiodarone'],0203020D0AAACAC,"[('40000', 'mcg')]",[]
['amiodarone'],0203020D0AAADAD,"[('50000', 'mcg')]","[('3', 'sztuk')]"
['amiodarone'],0203020D0AAAEAE,"[('5000', 'mcg')]",[]
['amiodarone'],0203020D0AAAFAF,"[('25000', 'mcg')]",[]
['amiodarone'],0203020D0AAAGAG,"[('20000', 'mcg')]",[]
['amiodarone'],0203020D0AAAHAH,"[('12500', 'mcg')]",[]
['amiodarone'],0203020D0AAAIAI,"[('250000', 'mcg')]",[]
['amiodarone'],0203020D0AAAJAJ,"[('125000', 'mcg')]",[]
['amiodarone'],0203020D0AAAKAK,"[('100000', 'mcg')]",[]
['amiodarone'],0203020D0AAALAL,"[('15000', 'mcg')]",[]
['amiodarone'],0203020D0AAAMAM,"[('200000', 'mcg')]",[]
['amiodarone'],0203020D0AAANAN,"[('15000', 'mcg')]",[]
['amiodarone'],0203020D0AAAPAP,"[('50000', 'mcg')]",[]
['amiodarone'],0203020D0AAAQAQ,"[('30000', 'mcg')]",[]
['amiodarone'],0203020D0AAARAR,"[('200000', 'mcg')]",[]
['amiodarone'],0203020D0AAASAS,[],[]
['amiodarone'],0203020D0AAATAT,"[('30000', 'mcg')]",[]
['amiodarone'],0203020D0AAAUAU,"[('100000', 'mcg')]",[]
['amiodarone'],0203020D0AAAVAV,"[('200000', 'mcg')]",[]
['amiodarone'],0203020D0AAAWAW,"[('25000', 'mcg')]",[]
['amiodarone'],0203020D0AAAXAX,"[('125000', 'mcg')]",[]
['amiodarone'],0203020D0AAAYAY,"[('50000', 'mcg')]",[]
['amiodarone'],0203020D0AAAZAZ,"[('30000', 'mcg')]",[]
['amiodarone'],0203020D0AABABA,"[('10000', 'mcg')]",[]
['amiodarone'],0203020D0AABBBB,"[('25000', 'mcg')]",[]
['amiodarone'],0203020D0AABCBC,"[('40000', 'mcg')]",[]
['amiodarone'],0203020D0AABDBD,"[('15000', 'mcg')]",[]
['amiodarone'],0203020D0AABEBE,"[('250000', 'mcg')]",[]
['amiodarone'],0203020D0AABFBF,"[('5000', 'mcg')]",[]
['amiodarone'],0203020D0AABGBG,"[('10000', 'mcg')]",[]
['amiodarone'],0203020D0AABHBH,"[('500000', 'mcg')]",[]
['amiodarone'],0203020D0AABIBI,"[('45000', 'mcg')]",[]
['amiodarone'],0203020D0AABJBJ,"[('75000', 'mcg')]",[]
['amiodarone'],0203020D0AABKBK,"[('20000', 'mcg')]",[]
['amiodarone'],0203020D0AABLBL,"[('150000', 'mcg')]",[]
['amiodarone'],0203020D0AABMBM,"[('60000', 'mcg')]",[]
['amiodarone'],0203020D0AABNBN,"[('75000', 'mcg')]",[]
['amiodarone'],0203020D0AABPBP,"[('65000', 'mcg')]",[]
['amiodarone'],0203020D0AABQBQ,"[('80000', 'mcg')]",[]
['amiodarone'],0203020D0AABRBR,"[('65000', 'mcg')]",[]
['amiodarone'],0203020D0AABSBS,"[('35000', 'mcg')]",[]
['amiodarone'],0203020D0AABTBT,"[('70000', 'mcg')]",[]
['amiodarone'],0203020D0AABUBU,"[('10000', 'mcg')]",[]
['amiodarone'],0203020D0AABVBV,"[('30000', 'mcg')]","[('10', 'sztuk')]"
['amiodarone'],0203020D0AABWBW,"[('14000', 'mcg')]",[]
['amiodarone'],0203020D0AABXBX,"[('75000', 'mcg')]",[]
['amiodarone'],0203020D0AABYBY,"[('22000', 'mcg')]",[]
['amiodarone'],0203020D0AABZBZ,"[('60000', 'mcg')]",[]
['amiodarone'],0203020D0AACACA,"[('155000', 'mcg')]",[]
['amiodarone'],0203020D0AACBCB,"[('50000', 'mcg')]","[('3', 'sztuk')]"
['amiodarone'],0203020D0AACCCC,"[('50000', 'mcg')]","[('6', 'sztuk')]"
['amiodarone'],0203020D0AACDCD,"[('85000', 'mcg')]",[]
['amiodarone'],0203020D0AACECE,"[('60000', 'mcg')]",[]
['amiodarone'],0203020D0AACFCF,"[('31250', 'mcg')]",[]
['amiodarone'],0203020D0AACGCG,"[('55000', 'mcg')]",[]
['amiodarone'],0203020D0AACHCH,"[('100000', 'mcg')]",[]
['amiodarone'],0203020D0AACICI,"[('50000', 'mcg')]",[]
['amiodarone'],0203020D0AACJCJ,"[('100000', 'mcg')]",[]
['amiodarone'],0203020D0BBAAAA,"[('100000', 'mcg')]",[]
['amiodarone'],0203020D0BBABAB,"[('200000', 'mcg')]",[]
['amiodarone'],0203020D0BBACAD,"[('50000', 'mcg')]","[('3', 'sztuk')]"
['amiodarone'],0203020D0BCAAAB,"[('200000', 'mcg')]",[]
['amiodarone'],0203020D0BDAAAA,"[('100000', 'mcg')]",[]
['amiodarone'],0203020D0BDABAB,"[('200000', 'mcg')]",[]
['amiodarone'],0203020D0BEAAAA,"[('100000', 'mcg')]",[]
['amiodarone'],0203020D0BEABAB,"[('200000', 'mcg')]",[]
['amiodarone'],0203020D0BFAAAA,"[('100000', 'mcg')]",[]
['amiodarone'],0203020D0BFABAB,"[('200000', 'mcg')]",[]
['amiodarone'],0203020D0BGAABV,"[('30000', 'mcg')]","[('10', 'sztuk')]"
['disopyramide'],0203020F0AAAAAA,"[('50000', 'mcg')]",[]
['disopyramide'],0203020F0AAABAB,"[('100000', 'mcg')]",[]
['disopyramide'],0203020F0AAACAC,"[('150000', 'mcg')]",[]
['disopyramide'],0203020F0AAADAD,"[('10000', 'mcg')]","[('5', 'sztuk')]"
['disopyramide'],0203020F0AAAEAE,"[('20000', 'mcg')]","[('5', 'sztuk')]"
['disopyramide'],0203020F0AAAFAF,"[('25000', 'mcg')]",[]
['disopyramide'],0203020F0AAAGAG,"[('100000', 'mcg')]",[]
['disopyramide'],0203020F0AAAHAH,"[('150000', 'mcg')]",[]
['disopyramide'],0203020F0AAAIAI,"[('150000', 'mcg')]",[]
['disopyramide'],0203020F0AAAJAJ,"[('250000', 'mcg')]",[]
['disopyramide'],0203020F0AAAKAK,"[('50000', 'mcg')]",[]
['disopyramide'],0203020F0AAAPAP,"[('25000', 'mcg')]",[]
['disopyramide'],0203020F0AAAQAQ,"[('250000', 'mcg')]",[]
['disopyramide'],0203020F0AAARAR,"[('50000', 'mcg')]",[]
['disopyramide'],0203020F0AAASAS,"[('16000', 'mcg')]",[]
['disopyramide'],0203020F0AAATAT,"[('50000', 'mcg')]",[]
['disopyramide'],0203020F0AAAUAU,"[('25000', 'mcg')]",[]
['disopyramide'],0203020F0AAAVAV,"[('100000', 'mcg')]",[]
['disopyramide'],0203020F0AAAWAW,"[('20000', 'mcg')]",[]
['disopyramide'],0203020F0AAAXAX,"[('25000', 'mcg')]",[]
['disopyramide'],0203020F0BCAAAB,"[('100000', 'mcg')]",[]
['disopyramide'],0203020F0BCABAC,"[('150000', 'mcg')]",[]
['disopyramide'],0203020F0BCACAP,"[('25000', 'mcg')]",[]
['disopyramide'],0203020F0BCADAA,"[('50000', 'mcg')]",[]
['disopyramide'],0203020F0BDAAAB,"[('100000', 'mcg')]",[]
['disopyramide'],0203020G0AAAAAA,"[('100000', 'mcg')]",[]
['disopyramide'],0203020G0AAABAB,"[('250000', 'mcg')]",[]
['disopyramide'],0203020G0AAACAC,"[('250000', 'mcg')]",[]
['disopyramide'],0203020G0AAADAD,"[('150000', 'mcg')]",[]
['disopyramide'],0203020G0AAAEAE,"[('150000', 'mcg')]",[]
['disopyramide'],0203020G0AAAFAF,"[('10000', 'mcg')]","[('5', 'sztuk')]"
['disopyramide'],0203020G0AAAGAG,"[('20000', 'mcg')]","[('5', 'sztuk')]"
['disopyramide'],0203020G0AAAHAH,"[('100000', 'mcg')]",[]
['disopyramide'],0203020G0AAAIAI,"[('150000', 'mcg')]",[]
['disopyramide'],0203020G0BBAAAB,"[('250000', 'mcg')]",[]
['disopyramide'],0203020G0BCAAAD,"[('150000', 'mcg')]",[]
['disopyramide'],0203020G0BCABAE,"[('150000', 'mcg')]",[]
['disopyramide'],0203020G0BCACAA,"[('100000', 'mcg')]",[]
['disopyramide'],0203020G0BCADAG,"[('100000', 'mcg')]",[]
['disopyramide'],0203020G0BDAAAF,"[('50000', 'mcg')]",[]
['disopyramide'],0203020G0BDABAC,"[('250000', 'mcg')]",[]
['flecainide'],0203020I0AAAAAA,"[('10000', 'mcg')]","[('15', 'sztuk')]"
['flecainide'],0203020I0AAABAB,"[('25000', 'mcg')]",[]
['flecainide'],0203020I0AAACAC,"[('5000', 'mcg')]",[]
['flecainide'],0203020I0AAADAD,"[('100000', 'mcg')]",[]
['flecainide'],0203020I0AAAEAE,"[('50000', 'mcg')]",[]
['flecainide'],0203020I0AAAFAF,"[('12000', 'mcg')]",[]
['flecainide'],0203020I0AAAGAG,"[('5000', 'mcg')]",[]
['flecainide'],0203020I0AAAHAH,"[('30', 'mcg')]",[]
['flecainide'],0203020I0AAAIAI,"[('50000', 'mcg')]",[]
['flecainide'],0203020I0AAAJAJ,"[('30000', 'mcg')]",[]
['flecainide'],0203020I0AAAKAK,"[('50000', 'mcg')]",[]
['flecainide'],0203020I0AAALAL,[],[]
['flecainide'],0203020I0AAAMAM,"[('25000', 'mcg')]",[]
['flecainide'],0203020I0AAANAN,"[('12000', 'mcg')]",[]
['flecainide'],0203020I0AAAPAP,"[('18750', 'mcg')]",[]
['flecainide'],0203020I0AAAQAQ,"[('50000', 'mcg')]",[]
['flecainide'],0203020I0AAARAR,"[('5000', 'mcg')]",[]
['flecainide'],0203020I0AAASAS,"[('15000', 'mcg')]",[]
['flecainide'],0203020I0AAATAT,"[('17000', 'mcg')]",[]
['flecainide'],0203020I0AAAUAU,"[('33330', 'mcg')]",[]
['flecainide'],0203020I0AAAVAV,"[('3000', 'mcg')]",[]
['flecainide'],0203020I0AAAWAW,"[('20000', 'mcg')]",[]
['flecainide'],0203020I0AAAXAX,"[('200000', 'mcg')]",[]
['flecainide'],0203020I0AAAYAY,"[('2500', 'mcg')]",[]
['flecainide'],0203020I0AAAZAZ,"[('100000', 'mcg')]",[]
['flecainide'],0203020I0AABABA,"[('30000', 'mcg')]",[]
['flecainide'],0203020I0AABBBB,"[('125000', 'mcg')]",[]
['flecainide'],0203020I0AABCBC,"[('40000', 'mcg')]",[]
['flecainide'],0203020I0AABDBD,"[('6000', 'mcg')]",[]
['flecainide'],0203020I0AABEBE,"[('80000', 'mcg')]",[]
['flecainide'],0203020I0AABFBF,"[('100000', 'mcg')]",[]
['flecainide'],0203020I0AABGBG,"[('65000', 'mcg')]",[]
['flecainide'],0203020I0AABHBH,"[('37500', 'mcg')]",[]
['flecainide'],0203020I0AABIBI,"[('10000', 'mcg')]",[]
['flecainide'],0203020I0AABJBJ,"[('60000', 'mcg')]",[]
['flecainide'],0203020I0AABKBK,"[('35000', 'mcg')]",[]
['flecainide'],0203020I0AABLBL,"[('250000', 'mcg')]",[]
['flecainide'],0203020I0AABMBM,"[('12500', 'mcg')]",[]
['flecainide'],0203020I0AABNBN,"[('1000', 'mcg')]",[]
['flecainide'],0203020I0AABPBP,"[('4000', 'mcg')]",[]
['flecainide'],0203020I0AABQBQ,"[('200000', 'mcg')]",[]
['flecainide'],0203020I0AABRBR,"[('25000', 'mcg')]",[]
['flecainide'],0203020I0AABSBS,"[('25000', 'mcg')]",[]
['flecainide'],0203020I0AABTBT,"[('10000', 'mcg')]",[]
['flecainide'],0203020I0BBAAAD,"[('100000', 'mcg')]",[]
['flecainide'],0203020I0BBABAA,"[('10000', 'mcg')]","[('15', 'sztuk')]"
['flecainide'],0203020I0BBACAK,"[('50000', 'mcg')]",[]
['flecainide'],0203020I0BBADBQ,"[('200000', 'mcg')]",[]
['lidocaine'],0203020L0AAAAAA,"[('1', '%')]","[('5', 'sztuk')]"
['lidocaine'],0203020L0AAABAB,"[('1', '%')]","[('10', 'sztuk')]"
['lidocaine'],0203020L0AAACAC,"[('2', '%'), ('20000', 'mcg')]","[('5', 'sztuk')]"
['lidocaine'],0203020L0AAADAD,"[('20', '%'), ('200000', 'mcg')]","[('5', 'sztuk')]"
['lidocaine'],0203020L0AAAEAE,"[('0.2', '%'), ('5', '%')]","[('500', 'sztuk')]"
['lidocaine'],0203020L0AAAFAF,"[('8', '%'), ('5', '%')]","[('100', 'sztuk')]"
['lidocaine'],0203020L0AAAGAG,"[('0.4', '%'), ('5', '%')]","[('500', 'sztuk')]"
['lidocaine'],0203020L0BBAAAA,"[('1', '%'), ('50000', 'mcg')]",[]
['lidocaine'],0203020L0BBABAC,"[('2', '%'), ('100000', 'mcg')]",[]
['lidocaine'],0203020L0BBACAB,"[('1', '%'), ('100000', 'mcg')]",[]
['lidocaine'],0203020L0BCAAAD,"[('20', '%'), ('1000000', 'mcg')]","[('5', 'sztuk')]"
['lidocaine'],0203020L0BDAAAE,"[('2', '%'), ('5', '%')]","[('500', 'sztuk')]"
['lidocaine'],0203020L0BDABAG,"[('4', '%'), ('5', '%')]","[('500', 'sztuk')]"
['lidocaine'],0203020L0BEAAAE,"[('0.2', '%'), ('5', '%')]","[('500', 'sztuk')]"
['lidocaine'],0203020M0AAAAAA,"[('2', '%'), ('20000', 'mcg')]","[('5', 'sztuk')]"
['lidocaine'],0203020M0AAABAB,"[('20', '%'), ('200000', 'mcg')]","[('10', 'sztuk')]"
['lidocaine'],0203020M0AAACAC,"[('20', '%'), ('200000', 'mcg')]","[('5', 'sztuk')]"
['lidocaine'],0203020M0BBAAAA,"[('100000', 'mcg')]","[('5', 'sztuk')]"
['lidocaine'],0203020M0BBABAB,"[('2000000', 'mcg')]","[('10', 'sztuk')]"
['lidocaine'],0203020M0BBACAC,"[('1000000', 'mcg')]","[('5', 'sztuk')]"
['mexiletine'],0203020P0AAAAAA,"[('50000', 'mcg')]",[]
['mexiletine'],0203020P0AAABAB,"[('200000', 'mcg')]",[]
['mexiletine'],0203020P0AAACAC,"[('25000', 'mcg')]","[('10', 'sztuk')]"
['mexiletine'],0203020P0AAADAD,"[('360000', 'mcg')]",[]
['mexiletine'],0203020P0AAAEAE,"[('200000', 'mcg')]",[]
['mexiletine'],0203020P0AAAFAF,"[('10000', 'mcg')]",[]
['mexiletine'],0203020P0AAAGAG,"[('200000', 'mcg')]",[]
['mexiletine'],0203020P0AAAHAH,"[('25000', 'mcg')]",[]
['mexiletine'],0203020P0AAAIAI,"[('100000', 'mcg')]",[]
['mexiletine'],0203020P0AAAJAJ,"[('50000', 'mcg')]",[]
['mexiletine'],0203020P0AAAKAK,"[('50000', 'mcg')]",[]
['mexiletine'],0203020P0AAALAL,"[('37500', 'mcg')]",[]
['mexiletine'],0203020P0AAAMAM,"[('100000', 'mcg')]",[]
['mexiletine'],0203020P0AAANAN,"[('167000', 'mcg')]",[]
['mexiletine'],0203020P0BBAAAA,"[('50000', 'mcg')]",[]
['mexiletine'],0203020P0BBABAB,"[('200000', 'mcg')]",[]
['mexiletine'],0203020P0BBADAC,"[('250000', 'mcg')]",[]
['mexiletine'],0203020P0BBAEAD,"[('360000', 'mcg')]",[]
['mexiletine'],0203020P0BCAAAN,"[('167000', 'mcg')]",[]
['propafenone'],0203020R0AAAAAA,"[('150000', 'mcg')]",[]
['propafenone'],0203020R0AAABAB,"[('300000', 'mcg')]",[]
['propafenone'],0203020R0AAACAC,"[('150000', 'mcg')]",[]
['propafenone'],0203020R0AAADAD,"[('10000', 'mcg')]",[]
['propafenone'],0203020R0AAAEAE,"[('50000', 'mcg')]",[]
['propafenone'],0203020R0AAAFAF,"[('150000', 'mcg')]",[]
['propafenone'],0203020R0AAAGAG,"[('25000', 'mcg')]",[]
['propafenone'],0203020R0BCAAAA,"[('150000', 'mcg')]",[]
['propafenone'],0203020R0BCABAB,"[('300000', 'mcg')]",[]
['propafenone'],0203020R0BDAAAA,"[('150000', 'mcg')]",[]
['propafenone'],0203020R0BDABAD,"[('10000', 'mcg')]",[]
['quinidine'],0203020T0AAAAAA,"[('250000', 'mcg')]",[]
['quinidine'],0203020T0AAABAB,"[('250000', 'mcg')]",[]
['quinidine'],0203020T0AAACAC,"[('250000', 'mcg')]",[]
['quinidine'],0203020T0AAADAD,"[('200000', 'mcg')]",[]
['quinidine'],0203020T0AAAEAE,"[('300000', 'mcg')]",[]
['quinidine'],0203020T0BBAAAA,"[('250000', 'mcg')]",[]
['quinidine'],0203020T0BCAAAB,"[('250000', 'mcg')]",[]
['quinidine'],0203020U0AAAAAA,"[('200000', 'mcg')]",[]
['quinidine'],0203020U0AAABAB,"[('300000', 'mcg')]",[]
['quinidine'],0203020U0AAACAC,"[('300000', 'mcg')]",[]
['quinidine'],0203020U0AAADAD,"[('300000', 'mcg')]",[]
['quinidine'],0203020U0AAAEAE,"[('150000', 'mcg')]",[]
['quinidine'],0203020U0AAAFAF,"[('200000', 'mcg')]",[]
['quinidine'],0203020U0AAAGAG,"[('200000', 'mcg')]",[]
['quinidine'],0203020U0AAAHAH,"[('200000', 'mcg')]",[]
['quinidine'],0203020U0BBAAAG,[],[]
['dronedarone'],0203020X0AAAAAA,"[('400000', 'mcg')]",[]
['dronedarone'],0203020X0BBAAAA,"[('400000', 'mcg')]",[]
['pindolol'],020400010AAAAAA,"[('10000', 'mcg'), ('5000', 'mcg')]",[]
['pindolol'],020400010BBAAAA,[],[]
"['hydrochlorothiazide', 'sotalol']",020400020AAAAAA,"[('160000', 'mcg'), ('25000', 'mcg')]",[]
"['hydrochlorothiazide', 'sotalol']",020400020AAABAB,"[('80000', 'mcg'), ('12500', 'mcg')]",[]
['sotalol'],020400020BBAAAA,[],[]
['sotalol'],020400020BCAAAB,[],[]
['timolol'],020400030AAAAAA,[],[]
['timolol'],020400030AAABAB,[],[]
['timolol'],020400030AAACAC,"[('20000', 'mcg'), ('5000', 'mcg')]",[]
['timolol'],020400030AAADAD,"[('10000', 'mcg'), ('2500', 'mcg'), ('25000', 'mcg')]",[]
['timolol'],020400030AAAEAE,"[('10000', 'mcg'), ('2500', 'mcg')]",[]
['timolol'],020400030BBAAAA,[],[]
"['bendroflumethiazide', 'timolol']",020400030BCAAAB,[],[]
"['bendroflumethiazide', 'timolol']",020400030BCABAC,[],[]
"['atenolol', 'chlortalidone']",020400040AAAAAA,"[('50000', 'mcg'), ('12500', 'mcg')]",[]
"['atenolol', 'chlortalidone']",020400040AAABAB,"[('100000', 'mcg'), ('25000', 'mcg')]",[]
"['atenolol', 'chlortalidone']",020400040AAACAC,"[('100000', 'mcg'), ('25000', 'mcg')]",[]
"['atenolol', 'chlortalidone']",020400040BBAAAA,"[('50000', 'mcg'), ('12500', 'mcg')]",[]
"['atenolol', 'chlortalidone']",020400040BCAAAB,"[('100000', 'mcg'), ('25000', 'mcg')]",[]
"['atenolol', 'chlortalidone']",020400040BDAAAA,"[('50000', 'mcg'), ('12500', 'mcg')]",[]
"['atenolol', 'chlortalidone']",020400040BDABAB,"[('100000', 'mcg'), ('25000', 'mcg')]",[]
"['atenolol', 'chlortalidone']",020400040BEAAAA,"[('50000', 'mcg'), ('12500', 'mcg')]",[]
"['atenolol', 'chlortalidone']",020400040BEABAB,"[('100000', 'mcg'), ('25000', 'mcg')]",[]
"['atenolol', 'chlortalidone']",020400040BFAAAA,"[('50000', 'mcg'), ('12500', 'mcg')]",[]
"['atenolol', 'chlortalidone']",020400040BFABAB,"[('100000', 'mcg'), ('25000', 'mcg')]",[]
['celiprolol'],020400060AAAAAA,"[('200000', 'mcg')]",[]
['celiprolol'],020400060AAABAB,"[('400000', 'mcg')]",[]
['celiprolol'],020400060AAACAC,"[('200000', 'mcg')]",[]
['celiprolol'],020400060BBAAAA,"[('200000', 'mcg')]",[]
['celiprolol'],020400060BBABAB,"[('400000', 'mcg')]",[]
['carvedilol'],020400080AAAAAA,"[('25000', 'mcg')]",[]
['carvedilol'],020400080AAABAB,"[('12500', 'mcg')]",[]
['carvedilol'],020400080AAACAC,"[('25000', 'mcg')]",[]
['carvedilol'],020400080AAADAD,"[('3125', 'mcg')]",[]
['carvedilol'],020400080AAAEAE,"[('3125', 'mcg')]",[]
['carvedilol'],020400080AAAFAF,"[('6250', 'mcg')]",[]
['carvedilol'],020400080AAAGAG,"[('5000', 'mcg')]",[]
['carvedilol'],020400080AAAHAH,"[('4000', 'mcg')]",[]
['carvedilol'],020400080AAAIAI,"[('1700', 'mcg')]",[]
['carvedilol'],020400080AAAJAJ,"[('1000', 'mcg')]",[]
['carvedilol'],020400080AAAKAK,"[('13000', 'mcg')]",[]
['carvedilol'],020400080AAALAL,"[('75000', 'mcg')]",[]
['carvedilol'],020400080AAAMAM,"[('1500', 'mcg')]",[]
['carvedilol'],020400080AAANAN,"[('3500', 'mcg')]",[]
['carvedilol'],020400080AAAPAP,"[('5000', 'mcg')]",[]
['carvedilol'],020400080BBAAAB,"[('12500', 'mcg')]",[]
['carvedilol'],020400080BBABAC,"[('25000', 'mcg')]",[]
['carvedilol'],020400080BBACAE,"[('3125', 'mcg')]",[]
['carvedilol'],020400080BBADAF,"[('6250', 'mcg')]",[]
['bisoprolol'],020400090BBAAAA,[],[]
"['atenolol', 'bendroflumethiazide']",0204000A0AAAAAA,"[('25000', 'mcg'), ('1250', 'mcg')]",[]
['atenolol'],0204000A0BBAAAA,[],[]
['nebivolol'],0204000ABAAAAAA,"[('5000', 'mcg')]",[]
['nebivolol'],0204000ABAAABAB,"[('2500', 'mcg')]",[]
['nebivolol'],0204000ABAAACAC,"[('10000', 'mcg')]",[]
['nebivolol'],0204000ABBBAAAA,"[('5000', 'mcg')]",[]
['nebivolol'],0204000ABBCAAAA,"[('5000', 'mcg')]",[]
"['aspirin', 'bisoprolol']",0204000ACAAAAAA,"[('5000', 'mcg'), ('75000', 'mcg')]",[]
"['aspirin', 'bisoprolol']",0204000ACAAABAB,"[('10000', 'mcg'), ('75000', 'mcg')]",[]
"['aspirin', 'bisoprolol']",0204000ACAAACAC,"[('10000', 'mcg'), ('100000', 'mcg')]",[]
"['aspirin', 'bisoprolol']",0204000ACAAADAD,"[('5000', 'mcg'), ('100000', 'mcg')]",[]
"['acebutolol', 'hydrochlorothiazide']",0204000B0AAAAAA,"[('200000', 'mcg'), ('12500', 'mcg')]",[]
['acebutolol'],0204000B0BBAAAA,[],[]
['acebutolol'],0204000C0AAAAAA,"[('100000', 'mcg')]",[]
['acebutolol'],0204000C0AAABAB,"[('200000', 'mcg')]",[]
['acebutolol'],0204000C0AAACAC,"[('5000', 'mcg')]","[('2', 'sztuk')]"
['acebutolol'],0204000C0AAADAD,"[('400000', 'mcg')]",[]
['acebutolol'],0204000C0BBAAAA,"[('100000', 'mcg')]",[]
['acebutolol'],0204000C0BBABAB,"[('200000', 'mcg')]",[]
['acebutolol'],0204000C0BBACAC,"[('5000', 'mcg')]","[('2', 'sztuk')]"
['acebutolol'],0204000C0BBADAD,"[('400000', 'mcg')]",[]
['atenolol'],0204000E0AAAAAA,"[('25000', 'mcg')]",[]
['atenolol'],0204000E0AAABAB,"[('50000', 'mcg')]",[]
['atenolol'],0204000E0AAACAC,"[('100000', 'mcg')]",[]
['atenolol'],0204000E0AAADAD,"[('500', 'mcg')]","[('10', 'sztuk')]"
['atenolol'],0204000E0AAAEAE,"[('15000', 'mcg')]",[]
['atenolol'],0204000E0AAAFAF,"[('20000', 'mcg')]",[]
['atenolol'],0204000E0AAAGAG,"[('25000', 'mcg')]",[]
['atenolol'],0204000E0AAAHAH,"[('100000', 'mcg')]",[]
['atenolol'],0204000E0AAAIAI,"[('125000', 'mcg')]",[]
['atenolol'],0204000E0AAAJAJ,"[('50000', 'mcg')]",[]
['atenolol'],0204000E0AAAKAK,[],[]
['atenolol'],0204000E0AAALAL,"[('25000', 'mcg')]",[]
['atenolol'],0204000E0AAAMAM,"[('3125', 'mcg')]",[]
['atenolol'],0204000E0AAANAN,"[('25000', 'mcg')]",[]
['atenolol'],0204000E0AAAPAP,"[('3000', 'mcg')]",[]
['atenolol'],0204000E0AAAQAQ,"[('12500', 'mcg')]",[]
['atenolol'],0204000E0AAARAR,"[('50000', 'mcg')]",[]
['atenolol'],0204000E0AAASAS,"[('10000', 'mcg')]",[]
['atenolol'],0204000E0BBAAAD,"[('500', 'mcg')]","[('10', 'sztuk')]"
['atenolol'],0204000E0BBABAA,"[('25000', 'mcg')]",[]
['atenolol'],0204000E0BBACAC,"[('100000', 'mcg')]",[]
['atenolol'],0204000E0BBAEAG,"[('25000', 'mcg')]",[]
['atenolol'],0204000E0BBAFAB,"[('50000', 'mcg')]",[]
['atenolol'],0204000E0BBAGA0,"[('100000', 'mcg')]",[]
['atenolol'],0204000E0BBAHA0,"[('50000', 'mcg')]",[]
['atenolol'],0204000E0BCACAB,"[('50000', 'mcg')]",[]
['atenolol'],0204000E0BCADAC,"[('100000', 'mcg')]",[]
['atenolol'],0204000E0BCAEAG,"[('25000', 'mcg')]",[]
['atenolol'],0204000E0BEAAAB,"[('50000', 'mcg')]",[]
['atenolol'],0204000E0BEABAC,"[('100000', 'mcg')]",[]
['atenolol'],0204000E0BEACAG,"[('25000', 'mcg')]",[]
['atenolol'],0204000E0BFAAAB,"[('50000', 'mcg')]",[]
['atenolol'],0204000E0BFABAC,"[('100000', 'mcg')]",[]
['atenolol'],0204000E0BGAAAB,"[('50000', 'mcg')]",[]
['atenolol'],0204000E0BGABAC,"[('100000', 'mcg')]",[]
['atenolol'],0204000E0BGACAG,"[('25000', 'mcg')]",[]
['atenolol'],0204000E0BHAAAC,"[('100000', 'mcg')]",[]
['atenolol'],0204000E0BHABAB,"[('50000', 'mcg')]",[]
['atenolol'],0204000E0BHACAG,"[('25000', 'mcg')]",[]
['atenolol'],0204000E0BIAAAG,"[('25000', 'mcg')]",[]
['atenolol'],0204000E0BIABAB,"[('50000', 'mcg')]",[]
['atenolol'],0204000E0BIACAC,"[('100000', 'mcg')]",[]
['atenolol'],0204000F0BBAAAA,[],[]
['bisoprolol'],0204000H0AAAAAA,"[('5000', 'mcg')]",[]
['bisoprolol'],0204000H0AAABAB,"[('10000', 'mcg')]",[]
['bisoprolol'],0204000H0AAACAC,"[('12500', 'mcg'), ('5000', 'mcg')]",[]
['bisoprolol'],0204000H0AAADAD,"[('1000', 'mcg')]",[]
['bisoprolol'],0204000H0AAAEAE,"[('1000', 'mcg')]",[]
['bisoprolol'],0204000H0AAAFAF,"[('10000', 'mcg')]",[]
['bisoprolol'],0204000H0AAAGAG,"[('5000', 'mcg')]",[]
['bisoprolol'],0204000H0AAAHAH,"[('1250', 'mcg')]",[]
['bisoprolol'],0204000H0AAAIAI,"[('1200', 'mcg')]",[]
['bisoprolol'],0204000H0AAAJAJ,"[('2500', 'mcg')]",[]
['bisoprolol'],0204000H0AAAKAK,"[('3750', 'mcg')]",[]
['bisoprolol'],0204000H0AAALAL,"[('7500', 'mcg')]",[]
['bisoprolol'],0204000H0AAAMAM,"[('1250', 'mcg')]",[]
['bisoprolol'],0204000H0AAANAN,"[('3000', 'mcg')]",[]
['bisoprolol'],0204000H0AAAPAP,"[('2500', 'mcg')]",[]
['bisoprolol'],0204000H0AAAQAQ,"[('5000', 'mcg')]",[]
['bisoprolol'],0204000H0AAARAR,"[('10000', 'mcg')]",[]
['bisoprolol'],0204000H0AAASAS,"[('1667', 'mcg')]",[]
['bisoprolol'],0204000H0AAATAT,"[('5000', 'mcg')]",[]
['bisoprolol'],0204000H0AAAUAU,"[('1250', 'mcg')]",[]
['bisoprolol'],0204000H0AAAVAV,"[('2500', 'mcg')]",[]
['bisoprolol'],0204000H0AAAWAW,"[('3750', 'mcg')]",[]
['bisoprolol'],0204000H0AAAXAX,"[('7500', 'mcg')]",[]
['bisoprolol'],0204000H0AAAYAY,"[('10000', 'mcg')]",[]
['bisoprolol'],0204000H0AAAZAZ,"[('1500', 'mcg')]",[]
['bisoprolol'],0204000H0AABABA,"[('1500', 'mcg')]",[]
['bisoprolol'],0204000H0AABBBB,"[('7500', 'mcg')]",[]
['bisoprolol'],0204000H0AABCBC,"[('2500', 'mcg')]",[]
['bisoprolol'],0204000H0AABDBD,"[('625', 'mcg')]",[]
['bisoprolol'],0204000H0AABEBE,"[('2500', 'mcg')]",[]
['bisoprolol'],0204000H0AABFBF,"[('2500', 'mcg')]",[]
['bisoprolol'],0204000H0AABGBG,"[('5000', 'mcg')]",[]
['bisoprolol'],0204000H0AABHBH,"[('5000', 'mcg')]",[]
['bisoprolol'],0204000H0AABIBI,"[('1250', 'mcg')]",[]
['bisoprolol'],0204000H0AABJBJ,"[('1250', 'mcg')]",[]
['bisoprolol'],0204000H0BBAAAA,"[('5000', 'mcg')]",[]
['bisoprolol'],0204000H0BBABAB,"[('10000', 'mcg')]",[]
['bisoprolol'],0204000H0BCAAAA,"[('5000', 'mcg')]",[]
['bisoprolol'],0204000H0BCABAB,"[('10000', 'mcg')]",[]
['bisoprolol'],0204000H0BDAAAA,"[('5000', 'mcg')]",[]
['bisoprolol'],0204000H0BEAAAB,"[('10000', 'mcg')]",[]
['bisoprolol'],0204000H0BFAAAM,"[('1250', 'mcg')]",[]
['bisoprolol'],0204000H0BFABAJ,"[('2500', 'mcg')]",[]
['bisoprolol'],0204000H0BFACAK,"[('3750', 'mcg')]",[]
['bisoprolol'],0204000H0BFADAA,"[('5000', 'mcg')]",[]
['bisoprolol'],0204000H0BFAEAL,"[('7500', 'mcg')]",[]
['bisoprolol'],0204000H0BFAFAB,"[('10000', 'mcg')]",[]
['bisoprolol'],0204000H0BGAAAA,"[('5000', 'mcg')]",[]
['bisoprolol'],0204000H0BGABAB,"[('10000', 'mcg')]",[]
['bisoprolol'],0204000H0BHAAAB,"[('10000', 'mcg')]",[]
['bisoprolol'],0204000H0BIAAAA,"[('5000', 'mcg')]",[]
['bisoprolol'],0204000H0BIABAB,"[('10000', 'mcg')]",[]
['bisoprolol'],0204000H0BJAAAA,"[('5000', 'mcg')]",[]
['bisoprolol'],0204000H0BJABAB,"[('10000', 'mcg')]",[]
['bisoprolol'],0204000H0BKAAAM,"[('1250', 'mcg')]",[]
['bisoprolol'],0204000H0BKABAJ,"[('2500', 'mcg')]",[]
['bisoprolol'],0204000H0BKACAM,"[('1250', 'mcg')]",[]
['bisoprolol'],0204000H0BKADAJ,"[('2500', 'mcg')]",[]
['labetalol'],0204000I0AAAAAA,"[('5000', 'mcg')]","[('20', 'sztuk')]"
['labetalol'],0204000I0AAABAB,"[('50000', 'mcg')]",[]
['labetalol'],0204000I0AAACAC,"[('100000', 'mcg')]",[]
['labetalol'],0204000I0AAADAD,"[('200000', 'mcg')]",[]
['labetalol'],0204000I0AAAEAE,"[('400000', 'mcg')]",[]
['labetalol'],0204000I0AAAFAF,"[('20000', 'mcg')]",[]
['labetalol'],0204000I0AAAGAG,"[('25000', 'mcg')]",[]
['labetalol'],0204000I0AAAHAH,"[('35000', 'mcg')]",[]
['labetalol'],0204000I0AAAIAI,"[('50000', 'mcg')]",[]
['labetalol'],0204000I0AAAJAJ,"[('200000', 'mcg')]",[]
['labetalol'],0204000I0AAAKAK,"[('25000', 'mcg')]",[]
['labetalol'],0204000I0AAALAL,"[('100000', 'mcg')]",[]
['labetalol'],0204000I0AAAMAM,"[('10000', 'mcg')]",[]
['labetalol'],0204000I0AAANAN,"[('1500', 'mcg')]",[]
['labetalol'],0204000I0AAAPAP,"[('50000', 'mcg')]",[]
['labetalol'],0204000I0AAAQAQ,"[('75000', 'mcg')]",[]
['labetalol'],0204000I0AAARAR,"[('5000', 'mcg')]",[]
['labetalol'],0204000I0BBAAAC,"[('100000', 'mcg')]",[]
['labetalol'],0204000I0BBABAD,"[('200000', 'mcg')]",[]
['labetalol'],0204000I0BBACAE,"[('400000', 'mcg')]",[]
['labetalol'],0204000I0BCAAAB,"[('50000', 'mcg')]",[]
['labetalol'],0204000I0BCABAC,"[('100000', 'mcg')]",[]
['labetalol'],0204000I0BCACAD,"[('200000', 'mcg')]",[]
['labetalol'],0204000I0BCADAE,"[('400000', 'mcg')]",[]
['labetalol'],0204000I0BCAEAA,"[('5000', 'mcg')]","[('20', 'sztuk')]"
['metoprolol'],0204000J0AAAAAA,"[('190000', 'mcg')]",[]
['metoprolol'],0204000J0AAABAB,"[('95000', 'mcg')]",[]
['metoprolol'],0204000J0BBAAAA,"[('190000', 'mcg')]",[]
['metoprolol'],0204000J0BBABAB,"[('95000', 'mcg')]",[]
['metoprolol'],0204000K0AAAAAA,"[('1000', 'mcg')]","[('5', 'sztuk')]"
['metoprolol'],0204000K0AAABAB,"[('50000', 'mcg')]",[]
['metoprolol'],0204000K0AAACAC,"[('100000', 'mcg')]",[]
['metoprolol'],0204000K0AAADAD,"[('200000', 'mcg')]",[]
['metoprolol'],0204000K0AAAFAF,"[('12500', 'mcg')]",[]
['metoprolol'],0204000K0AAAGAG,"[('12500', 'mcg')]",[]
['metoprolol'],0204000K0AAAHAH,"[('25000', 'mcg')]",[]
['metoprolol'],0204000K0AAAIAI,"[('25000', 'mcg')]",[]
['metoprolol'],0204000K0AAAJAJ,"[('10000', 'mcg')]",[]
['metoprolol'],0204000K0AAAKAK,"[('50000', 'mcg')]",[]
['metoprolol'],0204000K0AAALAL,[],[]
['metoprolol'],0204000K0AAAMAM,"[('10000', 'mcg')]",[]
['metoprolol'],0204000K0AAANAN,"[('5000', 'mcg')]",[]
['metoprolol'],0204000K0AAAPAP,"[('2500', 'mcg')]",[]
['metoprolol'],0204000K0AAAQAQ,"[('100000', 'mcg')]",[]
['metoprolol'],0204000K0AAARAR,"[('40000', 'mcg')]",[]
['metoprolol'],0204000K0AAASAS,"[('25000', 'mcg')]",[]
['metoprolol'],0204000K0AAATAT,"[('50000', 'mcg')]",[]
['metoprolol'],0204000K0AAAUAU,"[('12500', 'mcg')]",[]
['metoprolol'],0204000K0AAAVAV,"[('5000', 'mcg')]",[]
['metoprolol'],0204000K0AAAWAW,"[('125000', 'mcg')]",[]
['metoprolol'],0204000K0AAAXAX,"[('50000', 'mcg')]",[]
['metoprolol'],0204000K0AAAYAY,"[('15000', 'mcg')]",[]
['metoprolol'],0204000K0AAAZAZ,"[('20000', 'mcg')]",[]
['metoprolol'],0204000K0AABABA,"[('3330', 'mcg')]",[]
['metoprolol'],0204000K0AABBBB,"[('6250', 'mcg')]",[]
['metoprolol'],0204000K0AABCBC,"[('62500', 'mcg')]",[]
['metoprolol'],0204000K0AABDBD,"[('6250', 'mcg')]",[]
['metoprolol'],0204000K0AABEBE,"[('10000', 'mcg')]",[]
['metoprolol'],0204000K0AABFBF,"[('16000', 'mcg')]",[]
['metoprolol'],0204000K0AABGBG,"[('8000', 'mcg')]",[]
['metoprolol'],0204000K0AABHBH,"[('30000', 'mcg')]",[]
['metoprolol'],0204000K0AABIBI,"[('31250', 'mcg')]",[]
['metoprolol'],0204000K0AABJBJ,"[('17000', 'mcg')]",[]
['metoprolol'],0204000K0AABKBK,"[('12500', 'mcg')]",[]
['metoprolol'],0204000K0AABLBL,"[('12500', 'mcg')]",[]
['metoprolol'],0204000K0AABMBM,"[('50000', 'mcg')]",[]
['metoprolol'],0204000K0AABNBN,"[('50000', 'mcg')]",[]
['metoprolol'],0204000K0BBAAAB,"[('50000', 'mcg')]",[]
['metoprolol'],0204000K0BBABAC,"[('100000', 'mcg')]",[]
['metoprolol'],0204000K0BBACAA,"[('1000', 'mcg')]","[('5', 'sztuk')]"
['metoprolol'],0204000K0BBADAD,"[('200000', 'mcg')]",[]
['metoprolol'],0204000K0BDAAAB,"[('50000', 'mcg')]",[]
['metoprolol'],0204000K0BDABAC,"[('100000', 'mcg')]",[]
['metoprolol'],0204000K0BDACAD,"[('200000', 'mcg')]",[]
['metoprolol'],0204000K0BEAAAB,"[('50000', 'mcg')]",[]
['metoprolol'],0204000K0BEABAC,"[('100000', 'mcg')]",[]
['metoprolol'],0204000K0BGAAAB,"[('50000', 'mcg')]",[]
['metoprolol'],0204000K0BGABAC,"[('100000', 'mcg')]",[]
['metoprolol'],0204000K0BHAAAX,"[('50000', 'mcg')]",[]
['metoprolol'],0204000K0BIAABE,"[('10000', 'mcg')]",[]
['metoprolol'],0204000K0BJAAAC,"[('100000', 'mcg')]",[]
['nadolol'],0204000M0AAAAAA,"[('40000', 'mcg')]",[]
['nadolol'],0204000M0AAABAB,"[('80000', 'mcg')]",[]
['nadolol'],0204000M0AAACAC,"[('40000', 'mcg')]",[]
['nadolol'],0204000M0AAADAD,"[('10000', 'mcg')]",[]
['nadolol'],0204000M0AAAEAE,"[('80000', 'mcg')]",[]
['nadolol'],0204000M0AAAFAF,"[('30000', 'mcg')]",[]
['nadolol'],0204000M0AAAGAG,"[('20000', 'mcg')]",[]
['nadolol'],0204000M0AAAHAH,"[('20000', 'mcg')]",[]
['nadolol'],0204000M0AAAIAI,"[('30000', 'mcg')]",[]
['nadolol'],0204000M0AAAJAJ,"[('40000', 'mcg')]",[]
['nadolol'],0204000M0AAAKAK,"[('25000', 'mcg')]",[]
['nadolol'],0204000M0AAALAL,"[('100000', 'mcg')]",[]
['nadolol'],0204000M0BBAAAA,"[('40000', 'mcg')]",[]
['nadolol'],0204000M0BBABAB,"[('80000', 'mcg')]",[]
['nadolol'],0204000M0BCAAAA,"[('40000', 'mcg')]",[]
['pindolol'],0204000P0AAAAAA,"[('5000', 'mcg')]",[]
['pindolol'],0204000P0AAABAB,"[('15000', 'mcg')]",[]
['pindolol'],0204000P0BBAAAA,"[('5000', 'mcg')]",[]
['pindolol'],0204000P0BBABAB,"[('15000', 'mcg')]",[]
['pindolol'],0204000P0BCAAAB,"[('15000', 'mcg')]",[]
['pindolol'],0204000P0BCABAA,"[('5000', 'mcg')]",[]
['propranolol'],0204000Q0AAAAAA,[],[]
['propranolol'],0204000Q0AAABAB,[],[]
['propranolol'],0204000Q0AAACAC,"[('80000', 'mcg'), ('50000', 'mcg')]",[]
['propranolol'],0204000Q0BBAAAA,[],[]
['propranolol'],0204000Q0BCAAAB,[],[]
['propranolol'],0204000Q0BDAAAC,[],[]
['propranolol'],0204000R0AAA1A1,"[('7000', 'mcg')]",[]
['propranolol'],0204000R0AAA2A2,"[('6000', 'mcg')]",[]
['propranolol'],0204000R0AAA3A3,"[('2500', 'mcg')]",[]
['propranolol'],0204000R0AAA4A4,"[('10000', 'mcg')]",[]
['propranolol'],0204000R0AAA5A5,"[('8000', 'mcg')]",[]
['propranolol'],0204000R0AAA6A6,"[('6000', 'mcg')]",[]
['propranolol'],0204000R0AAA7A7,"[('4000', 'mcg')]",[]
['propranolol'],0204000R0AAA8A8,"[('9000', 'mcg')]",[]
['propranolol'],0204000R0AAA9A9,"[('20000', 'mcg')]",[]
['propranolol'],0204000R0AAAAAA,"[('80000', 'mcg')]",[]
['propranolol'],0204000R0AAABAB,"[('160000', 'mcg')]",[]
['propranolol'],0204000R0AAACAC,"[('1000', 'mcg')]","[('1', 'sztuk')]"
['propranolol'],0204000R0AAADAD,"[('1000', 'mcg')]",[]
['propranolol'],0204000R0AAAFAF,"[('5000', 'mcg')]",[]
['propranolol'],0204000R0AAAGAG,"[('50000', 'mcg')]",[]
['propranolol'],0204000R0AAAHAH,"[('10000', 'mcg')]",[]
['propranolol'],0204000R0AAAIAI,"[('20000', 'mcg')]",[]
['propranolol'],0204000R0AAAJAJ,"[('40000', 'mcg')]",[]
['propranolol'],0204000R0AAAKAK,"[('80000', 'mcg')]",[]
['propranolol'],0204000R0AAALAL,"[('160000', 'mcg')]",[]
['propranolol'],0204000R0AAAMAM,"[('18000', 'mcg')]",[]
['propranolol'],0204000R0AAANAN,"[('5000', 'mcg')]",[]
['propranolol'],0204000R0AAAPAP,"[('10000', 'mcg')]",[]
['propranolol'],0204000R0AAAQAQ,"[('10000', 'mcg')]",[]
['propranolol'],0204000R0AAARAR,"[('12000', 'mcg')]",[]
['propranolol'],0204000R0AAASAS,"[('4000', 'mcg')]",[]
['propranolol'],0204000R0AAATAT,"[('6000', 'mcg')]",[]
['propranolol'],0204000R0AAAUAU,"[('80000', 'mcg')]",[]
['propranolol'],0204000R0AAAVAV,"[('12000', 'mcg')]",[]
['propranolol'],0204000R0AAAWAW,"[('15000', 'mcg')]",[]
['propranolol'],0204000R0AAAXAX,"[('3000', 'mcg')]",[]
['propranolol'],0204000R0AAAYAY,"[('10000', 'mcg')]",[]
['propranolol'],0204000R0AAAZAZ,"[('40000', 'mcg')]",[]
['propranolol'],0204000R0AABABA,"[('80000', 'mcg')]",[]
['propranolol'],0204000R0AABBBB,"[('3000', 'mcg')]",[]
['propranolol'],0204000R0AABCBC,"[('80000', 'mcg')]",[]
['propranolol'],0204000R0AABDBD,"[('80000', 'mcg')]",[]
['propranolol'],0204000R0AABEBE,"[('9000', 'mcg')]",[]
['propranolol'],0204000R0AABFBF,[],[]
['propranolol'],0204000R0AABGBG,"[('8000', 'mcg')]",[]
['propranolol'],0204000R0AABHBH,"[('120000', 'mcg')]",[]
['propranolol'],0204000R0AABIBI,"[('70000', 'mcg')]",[]
['propranolol'],0204000R0AABJBJ,"[('4000', 'mcg')]",[]
['propranolol'],0204000R0AABKBK,"[('25000', 'mcg')]",[]
['propranolol'],0204000R0AABLBL,"[('2000', 'mcg'), ('200000', 'mcg')]",[]
['propranolol'],0204000R0AABMBM,"[('3000', 'mcg'), ('200000', 'mcg')]",[]
['propranolol'],0204000R0AABNBN,"[('6000', 'mcg'), ('200000', 'mcg')]",[]
['propranolol'],0204000R0AABPBP,"[('5000', 'mcg')]",[]
['propranolol'],0204000R0AABQBQ,"[('5000', 'mcg')]",[]
['propranolol'],0204000R0AABRBR,"[('7000', 'mcg')]",[]
['propranolol'],0204000R0AABSBS,"[('15000', 'mcg')]",[]
['propranolol'],0204000R0AABTBT,"[('9000', 'mcg')]",[]
['propranolol'],0204000R0AABUBU,"[('5000', 'mcg')]",[]
['propranolol'],0204000R0AABVBV,"[('2850', 'mcg')]",[]
['propranolol'],0204000R0AABWBW,"[('90000', 'mcg')]",[]
['propranolol'],0204000R0AABXBX,"[('8000', 'mcg')]",[]
['propranolol'],0204000R0AABYBY,"[('40000', 'mcg')]",[]
['propranolol'],0204000R0AABZBZ,"[('50000', 'mcg')]",[]
['propranolol'],0204000R0AACACA,"[('20000', 'mcg')]",[]
['propranolol'],0204000R0AACBCB,"[('15000', 'mcg')]",[]
['propranolol'],0204000R0AACCCC,"[('160000', 'mcg')]",[]
['propranolol'],0204000R0AACDCD,"[('160000', 'mcg')]",[]
['propranolol'],0204000R0AACECE,"[('8000', 'mcg')]",[]
['propranolol'],0204000R0AACFCF,"[('3000', 'mcg')]",[]
['propranolol'],0204000R0AACGCG,"[('10000', 'mcg')]",[]
['propranolol'],0204000R0AACHCH,"[('50000', 'mcg')]",[]
['propranolol'],0204000R0AACICI,"[('5000', 'mcg')]",[]
['propranolol'],0204000R0AACJCJ,"[('10000', 'mcg')]",[]
['propranolol'],0204000R0AACKCK,"[('25000', 'mcg')]",[]
['propranolol'],0204000R0AACLCL,"[('40000', 'mcg')]",[]
['propranolol'],0204000R0AACMCM,"[('1670', 'mcg')]",[]
['propranolol'],0204000R0AACNCN,"[('80000', 'mcg')]",[]
['propranolol'],0204000R0AACPCP,"[('20000', 'mcg')]",[]
['propranolol'],0204000R0AACQCQ,"[('2750', 'mcg')]",[]
['propranolol'],0204000R0AACRCR,"[('15000', 'mcg')]",[]
['propranolol'],0204000R0AACSCS,"[('2500', 'mcg')]",[]
['propranolol'],0204000R0AACTCT,"[('3000', 'mcg')]",[]
['propranolol'],0204000R0AACUCU,"[('2000', 'mcg')]",[]
['propranolol'],0204000R0AACVCV,"[('160000', 'mcg')]",[]
['propranolol'],0204000R0AACWCW,"[('5000', 'mcg')]",[]
['propranolol'],0204000R0AACXCX,"[('10000', 'mcg')]",[]
['propranolol'],0204000R0AACYCY,"[('50000', 'mcg')]",[]
['propranolol'],0204000R0AACZCZ,"[('3500', 'mcg')]",[]
['propranolol'],0204000R0AADADA,"[('32000', 'mcg')]",[]
['propranolol'],0204000R0AADBDB,"[('40000', 'mcg')]",[]
['propranolol'],0204000R0AADCDC,"[('80000', 'mcg')]",[]
['propranolol'],0204000R0AADDDD,"[('6000', 'mcg')]",[]
['propranolol'],0204000R0AADEDE,"[('16000', 'mcg')]",[]
['propranolol'],0204000R0AADFDF,"[('20000', 'mcg')]",[]
['propranolol'],0204000R0AADGDG,"[('22500', 'mcg')]",[]
['propranolol'],0204000R0AADHDH,"[('4000', 'mcg')]",[]
['propranolol'],0204000R0AADIDI,"[('80000', 'mcg')]",[]
['propranolol'],0204000R0AADJDJ,"[('40000', 'mcg')]",[]
['propranolol'],0204000R0BBAAAH,"[('10000', 'mcg')]",[]
['propranolol'],0204000R0BBABAJ,"[('40000', 'mcg')]",[]
['propranolol'],0204000R0BBACAK,"[('80000', 'mcg')]",[]
['propranolol'],0204000R0BBADAL,"[('160000', 'mcg')]",[]
['propranolol'],0204000R0BCABAJ,"[('40000', 'mcg')]",[]
['propranolol'],0204000R0BCACAH,"[('10000', 'mcg')]",[]
['propranolol'],0204000R0BCADAK,"[('80000', 'mcg')]",[]
['propranolol'],0204000R0BCAEAL,"[('160000', 'mcg')]",[]
['propranolol'],0204000R0BDAAAH,"[('10000', 'mcg')]",[]
['propranolol'],0204000R0BDABAJ,"[('40000', 'mcg')]",[]
['propranolol'],0204000R0BDACAB,"[('160000', 'mcg')]",[]
['propranolol'],0204000R0BDADAA,"[('80000', 'mcg')]",[]
['propranolol'],0204000R0BDAEAB,"[('160000', 'mcg')]",[]
['propranolol'],0204000R0BDAFAA,"[('80000', 'mcg')]",[]
['propranolol'],0204000R0BDAGAH,"[('10000', 'mcg')]",[]
['propranolol'],0204000R0BDAHAL,"[('160000', 'mcg')]",[]
['propranolol'],0204000R0BDAIAJ,"[('40000', 'mcg')]",[]
['propranolol'],0204000R0BDAJAK,"[('80000', 'mcg')]",[]
['propranolol'],0204000R0BEAAAH,"[('10000', 'mcg')]",[]
['propranolol'],0204000R0BEABAJ,"[('40000', 'mcg')]",[]
['propranolol'],0204000R0BEACAK,"[('80000', 'mcg')]",[]
['propranolol'],0204000R0BEADAL,"[('160000', 'mcg')]",[]
['propranolol'],0204000R0BGAAAH,"[('10000', 'mcg')]",[]
['propranolol'],0204000R0BGABAJ,"[('40000', 'mcg')]",[]
['propranolol'],0204000R0BGACAK,"[('80000', 'mcg')]",[]
['propranolol'],0204000R0BGADAL,"[('160000', 'mcg')]",[]
['propranolol'],0204000R0BGAEAC,"[('1000', 'mcg')]","[('1', 'sztuk')]"
['propranolol'],0204000R0BGAFAA,"[('80000', 'mcg')]",[]
['propranolol'],0204000R0BGAGAB,"[('160000', 'mcg')]",[]
['propranolol'],0204000R0BIAAAB,"[('160000', 'mcg')]",[]
['propranolol'],0204000R0BJAAAH,"[('10000', 'mcg')]",[]
['propranolol'],0204000R0BJABAJ,"[('40000', 'mcg')]",[]
['propranolol'],0204000R0BJACAK,"[('80000', 'mcg')]",[]
['propranolol'],0204000R0BJADAL,"[('160000', 'mcg')]",[]
['propranolol'],0204000R0BKAAAH,"[('10000', 'mcg')]",[]
['propranolol'],0204000R0BKABAJ,"[('40000', 'mcg')]",[]
['propranolol'],0204000R0BKACAK,"[('80000', 'mcg')]",[]
['propranolol'],0204000R0BKADAL,"[('160000', 'mcg')]",[]
['propranolol'],0204000R0BLAAAB,"[('160000', 'mcg')]",[]
['propranolol'],0204000R0BMAAAH,"[('10000', 'mcg')]",[]
['propranolol'],0204000R0BMABAJ,"[('40000', 'mcg')]",[]
['propranolol'],0204000R0BMACAK,"[('80000', 'mcg')]",[]
['propranolol'],0204000R0BMADAL,"[('160000', 'mcg')]",[]
['propranolol'],0204000R0BMAEAB,"[('160000', 'mcg')]",[]
['propranolol'],0204000R0BMAFAB,"[('160000', 'mcg')]",[]
['propranolol'],0204000R0BMAGAA,"[('80000', 'mcg')]",[]
['propranolol'],0204000R0BNAAAB,"[('160000', 'mcg')]",[]
['propranolol'],0204000R0BNABAA,"[('80000', 'mcg')]",[]
['propranolol'],0204000R0BNACAB,"[('160000', 'mcg')]",[]
['propranolol'],0204000R0BNADAA,"[('80000', 'mcg')]",[]
['propranolol'],0204000R0BNAEAA,"[('80000', 'mcg')]",[]
['propranolol'],0204000R0BNAFAB,"[('160000', 'mcg')]",[]
['propranolol'],0204000R0BPAAAB,"[('160000', 'mcg')]",[]
['propranolol'],0204000R0BPABAA,"[('80000', 'mcg')]",[]
['propranolol'],0204000R0BQAAAB,"[('160000', 'mcg')]",[]
['propranolol'],0204000R0BRAAAB,"[('160000', 'mcg')]",[]
['propranolol'],0204000R0BSAAAB,"[('160000', 'mcg')]",[]
['propranolol'],0204000R0BTAAAA,"[('80000', 'mcg')]",[]
['propranolol'],0204000R0BTABAB,"[('160000', 'mcg')]",[]
['propranolol'],0204000R0BUAAAB,"[('160000', 'mcg')]",[]
['propranolol'],0204000R0BVAACW,"[('5000', 'mcg')]",[]
['propranolol'],0204000R0BVABCX,"[('10000', 'mcg')]",[]
['propranolol'],0204000R0BVACCY,"[('50000', 'mcg')]",[]
['propranolol'],0204000R0BVADDB,"[('40000', 'mcg')]",[]
['propranolol'],0204000R0BWAAAH,"[('10000', 'mcg')]",[]
['propranolol'],0204000R0BXAAAA,"[('80000', 'mcg')]",[]
['propranolol'],0204000R0BXABAB,"[('160000', 'mcg')]",[]
['propranolol'],0204000R0BYAAAA,"[('80000', 'mcg')]",[]
['sotalol'],0204000T0AAAAAA,"[('2000', 'mcg')]","[('5', 'sztuk')]"
['sotalol'],0204000T0AAABAB,"[('40000', 'mcg')]",[]
['sotalol'],0204000T0AAACAC,"[('80000', 'mcg')]",[]
['sotalol'],0204000T0AAAEAE,"[('160000', 'mcg')]",[]
['sotalol'],0204000T0AAAFAF,"[('200000', 'mcg')]",[]
['sotalol'],0204000T0AAAGAG,"[('160000', 'mcg')]",[]
['sotalol'],0204000T0AAAHAH,"[('10000', 'mcg')]","[('4', 'sztuk')]"
['sotalol'],0204000T0AAAIAI,"[('9000', 'mcg')]",[]
['sotalol'],0204000T0AAAJAJ,"[('60000', 'mcg')]",[]
['sotalol'],0204000T0AAAKAK,"[('20000', 'mcg')]",[]
['sotalol'],0204000T0AAALAL,[],[]
['sotalol'],0204000T0AAAMAM,"[('40000', 'mcg')]",[]
['sotalol'],0204000T0AAANAN,"[('20000', 'mcg')]",[]
['sotalol'],0204000T0AAAPAP,"[('50000', 'mcg')]",[]
['sotalol'],0204000T0AAAQAQ,"[('6000', 'mcg')]",[]
['sotalol'],0204000T0AAARAR,"[('30000', 'mcg')]",[]
['sotalol'],0204000T0AAASAS,"[('10000', 'mcg')]",[]
['sotalol'],0204000T0AAATAT,"[('25000', 'mcg')]",[]
['sotalol'],0204000T0AAAUAU,"[('80000', 'mcg')]",[]
['sotalol'],0204000T0AAAVAV,"[('35000', 'mcg')]",[]
['sotalol'],0204000T0AAAWAW,"[('5000', 'mcg')]",[]
['sotalol'],0204000T0AAAXAX,"[('4000', 'mcg')]",[]
['sotalol'],0204000T0AAAYAY,"[('10000', 'mcg')]",[]
['sotalol'],0204000T0AAAZAZ,"[('6000', 'mcg')]",[]
['sotalol'],0204000T0AABABA,"[('8000', 'mcg')]",[]
['sotalol'],0204000T0AABBBB,"[('18000', 'mcg')]",[]
['sotalol'],0204000T0AABCBC,"[('25000', 'mcg')]",[]
['sotalol'],0204000T0AABDBD,"[('50000', 'mcg')]",[]
['sotalol'],0204000T0BBAAAB,"[('40000', 'mcg')]",[]
['sotalol'],0204000T0BBABAC,"[('80000', 'mcg')]",[]
['sotalol'],0204000T0BBACAF,"[('200000', 'mcg')]",[]
['sotalol'],0204000T0BCAAAC,"[('80000', 'mcg')]",[]
['sotalol'],0204000T0BCABAE,"[('160000', 'mcg')]",[]
['sotalol'],0204000T0BCACAA,"[('2000', 'mcg')]","[('5', 'sztuk')]"
['sotalol'],0204000T0BCADAH,"[('10000', 'mcg')]","[('4', 'sztuk')]"
['sotalol'],0204000T0BDAAAE,"[('160000', 'mcg')]",[]
"['atenolol', 'nifedipine']",0204000U0AAAAAA,"[('50000', 'mcg'), ('20000', 'mcg')]",[]
"['atenolol', 'nifedipine']",0204000U0BBAAAA,[],[]
['atenolol'],0204000U0BCAAAA,"[('50000', 'mcg'), ('20000', 'mcg')]",[]
['timolol'],0204000V0AAAAAA,"[('10000', 'mcg')]",[]
['timolol'],0204000V0AAABAB,"[('10000', 'mcg')]",[]
['timolol'],0204000V0BBAAAA,"[('10000', 'mcg')]",[]
['timolol'],0204000V0BCAAAA,"[('10000', 'mcg')]",[]
['metoprolol'],0204000W0BBAAAA,[],[]
['metoprolol'],0204000W0BBABAB,[],[]
['metoprolol'],0204000W0BCAAAC,[],[]
"['bendroflumethiazide', 'nadolol']",0204000X0AAAAAA,"[('40000', 'mcg'), ('5000', 'mcg')]",[]
"['bendroflumethiazide', 'nadolol']",0204000X0AAABAB,"[('80000', 'mcg'), ('5000', 'mcg')]",[]
['nadolol'],0204000X0BBAAAA,[],[]
['nadolol'],0204000X0BBABAB,[],[]
['furosemide'],0204000Z0AAAAAA,"[('20000', 'mcg'), ('40000', 'mcg')]",[]
['macitentan'],0205010AAAAAAAA,"[('10000', 'mcg')]",[]
['macitentan'],0205010AABBAAAA,"[('10000', 'mcg')]",[]
['hydralazine'],0205010J0AAA1A1,"[('5000', 'mcg')]",[]
['hydralazine'],0205010J0AAA2A2,"[('2500', 'mcg')]",[]
['hydralazine'],0205010J0AAA3A3,"[('10000', 'mcg')]",[]
['hydralazine'],0205010J0AAA4A4,"[('50000', 'mcg')]",[]
['hydralazine'],0205010J0AAA5A5,"[('5000', 'mcg')]",[]
['hydralazine'],0205010J0AAA6A6,"[('75000', 'mcg')]",[]
['hydralazine'],0205010J0AAA7A7,"[('7500', 'mcg')]",[]
['hydralazine'],0205010J0AAA8A8,"[('25000', 'mcg')]",[]
['hydralazine'],0205010J0AAA9A9,"[('20000', 'mcg')]",[]
['hydralazine'],0205010J0AAAAAA,"[('35000', 'mcg')]",[]
['hydralazine'],0205010J0AAABAB,[],[]
['hydralazine'],0205010J0AAACAC,"[('6250', 'mcg')]",[]
['hydralazine'],0205010J0AAADAD,"[('3125', 'mcg')]",[]
['hydralazine'],0205010J0AAAEAE,"[('7000', 'mcg')]",[]
['hydralazine'],0205010J0AAAFAF,"[('12500', 'mcg')]",[]
['hydralazine'],0205010J0AAAGAG,"[('25000', 'mcg')]",[]
['hydralazine'],0205010J0AAAHAH,"[('50000', 'mcg')]",[]
['hydralazine'],0205010J0AAAIAI,"[('100000', 'mcg')]",[]
['hydralazine'],0205010J0AAAJAJ,"[('5000', 'mcg')]",[]
['hydralazine'],0205010J0AAAKAK,"[('20000', 'mcg')]",[]
['hydralazine'],0205010J0AAALAL,"[('5000', 'mcg')]",[]
['hydralazine'],0205010J0AAAMAM,"[('5000', 'mcg')]",[]
['hydralazine'],0205010J0AAANAN,"[('10000', 'mcg')]",[]
['hydralazine'],0205010J0AAAPAP,"[('10000', 'mcg')]",[]
['hydralazine'],0205010J0AAAQAQ,"[('20000', 'mcg')]",[]
['hydralazine'],0205010J0AAARAR,"[('25000', 'mcg')]",[]
['hydralazine'],0205010J0AAASAS,"[('12500', 'mcg')]",[]
['hydralazine'],0205010J0AAATAT,"[('6250', 'mcg')]",[]
['hydralazine'],0205010J0AAAUAU,"[('6250', 'mcg')]",[]
['hydralazine'],0205010J0AAAVAV,"[('50000', 'mcg')]",[]
['hydralazine'],0205010J0AAAWAW,"[('12500', 'mcg')]",[]
['hydralazine'],0205010J0AAAXAX,"[('15000', 'mcg')]",[]
['hydralazine'],0205010J0AAAYAY,"[('9000', 'mcg')]",[]
['hydralazine'],0205010J0AAAZAZ,[],[]
['hydralazine'],0205010J0AABABA,"[('62500', 'mcg')]",[]
['hydralazine'],0205010J0AABBBB,"[('12500', 'mcg')]",[]
['hydralazine'],0205010J0AABCBC,"[('10000', 'mcg')]",[]
['hydralazine'],0205010J0AABDBD,"[('7500', 'mcg')]",[]
['hydralazine'],0205010J0AABEBE,"[('100000', 'mcg')]",[]
['hydralazine'],0205010J0AABFBF,"[('4000', 'mcg')]",[]
['hydralazine'],0205010J0AABGBG,"[('37500', 'mcg')]",[]
['hydralazine'],0205010J0AABHBH,"[('3000', 'mcg')]",[]
['hydralazine'],0205010J0AABIBI,"[('2000', 'mcg')]",[]
['hydralazine'],0205010J0AABJBJ,"[('10000', 'mcg')]",[]
['hydralazine'],0205010J0AABKBK,"[('10000', 'mcg')]",[]
['hydralazine'],0205010J0AABLBL,"[('15000', 'mcg')]",[]
['hydralazine'],0205010J0AABMBM,"[('20000', 'mcg')]",[]
['hydralazine'],0205010J0AABNBN,"[('10000', 'mcg')]",[]
['hydralazine'],0205010J0AABPBP,"[('1250', 'mcg')]",[]
['hydralazine'],0205010J0AABQBQ,"[('2500', 'mcg')]",[]
['hydralazine'],0205010J0AABRBR,"[('1000', 'mcg')]",[]
['hydralazine'],0205010J0AABSBS,"[('35000', 'mcg')]",[]
['hydralazine'],0205010J0BBAAAG,"[('25000', 'mcg')]",[]
['hydralazine'],0205010J0BBABAH,"[('50000', 'mcg')]",[]
['hydralazine'],0205010J0BBACAK,"[('20000', 'mcg')]",[]
['hydralazine'],0205010J0BBADAW,"[('12500', 'mcg')]",[]
['hydralazine'],0205010J0BBAEBK,"[('10000', 'mcg')]",[]
['hydralazine'],0205010J0BCAABK,"[('10000', 'mcg')]",[]
['minoxidil'],0205010N0AAAAAA,"[('2500', 'mcg')]",[]
['minoxidil'],0205010N0AAABAB,"[('5000', 'mcg')]",[]
['minoxidil'],0205010N0AAACAC,"[('10000', 'mcg')]",[]
['minoxidil'],0205010N0AAADAD,[],[]
['minoxidil'],0205010N0BBAAAA,"[('2500', 'mcg')]",[]
['minoxidil'],0205010N0BBABAB,"[('5000', 'mcg')]",[]
['minoxidil'],0205010N0BBACAC,"[('10000', 'mcg')]",[]
['minoxidil'],0205010N0BCAAAA,"[('2500', 'mcg')]",[]
['bosentan'],0205010U0AAAAAA,"[('62500', 'mcg')]",[]
['bosentan'],0205010U0AAABAB,"[('125000', 'mcg')]",[]
['bosentan'],0205010U0BBAAAA,"[('62500', 'mcg')]",[]
['bosentan'],0205010U0BBABAB,"[('125000', 'mcg')]",[]
['bosentan'],0205010U0BCAAAA,"[('62500', 'mcg')]",[]
['bosentan'],0205010U0BCABAB,"[('125000', 'mcg')]",[]
['iloprost'],0205010V0AAAAAA,"[('100', 'mcg')]","[('1', 'sztuk')]"
['iloprost'],0205010V0AAABAB,"[('100', 'mcg')]","[('5', 'sztuk')]"
['iloprost'],0205010V0AAACAC,"[('10', 'mcg')]",[]
['iloprost'],0205010V0AAADAD,"[('20', 'mcg')]",[]
['iloprost'],0205010V0BBAAAC,"[('10', 'mcg')]","[('1', 'sztuk')]"
['iloprost'],0205010V0BBABAD,"[('20', 'mcg')]","[('1', 'sztuk')]"
['ambrisentan'],0205010X0AAAAAA,"[('5000', 'mcg')]",[]
['ambrisentan'],0205010X0AAABAB,"[('10000', 'mcg')]",[]
['ambrisentan'],0205010X0BBAAAA,"[('5000', 'mcg')]",[]
['ambrisentan'],0205010X0BBABAB,"[('10000', 'mcg')]",[]
['sildenafil'],0205010Y0AAAAAA,"[('20000', 'mcg')]",[]
['sildenafil'],0205010Y0AAABAB,"[('10000', 'mcg')]",[]
['sildenafil'],0205010Y0AAACAC,"[('800', 'mcg')]","[('5', 'sztuk')]"
['sildenafil'],0205010Y0BBAAAA,"[('20000', 'mcg')]",[]
['sildenafil'],0205010Y0BBABAB,"[('10000', 'mcg')]",[]
['sildenafil'],0205010Y0BBACAC,"[('800', 'mcg')]","[('5', 'sztuk')]"
['sildenafil'],0205010Y0BCAAAA,"[('20000', 'mcg')]",[]
['tadalafil'],0205010Z0AAAAAA,"[('20000', 'mcg')]",[]
['tadalafil'],0205010Z0BBAAAA,"[('20000', 'mcg')]",[]
['clonidine'],0205020E0AAAAAA,"[('250', 'mcg')]",[]
['clonidine'],0205020E0AAABAB,"[('150', 'mcg')]","[('1', 'sztuk')]"
['clonidine'],0205020E0AAACAC,"[('100', 'mcg')]",[]
['clonidine'],0205020E0AAADAD,"[('300', 'mcg')]",[]
['clonidine'],0205020E0AAAEAE,"[('2500', 'mcg')]",[]
['clonidine'],0205020E0AAAFAF,"[('100', 'mcg')]",[]
['clonidine'],0205020E0AAAGAG,"[('200', 'mcg')]",[]
['clonidine'],0205020E0AAAHAH,"[('300', 'mcg')]",[]
['clonidine'],0205020E0AAAIAI,"[('7787', 'mcg')]",[]
['clonidine'],0205020E0AAAJAJ,"[('6750', 'mcg')]",[]
['clonidine'],0205020E0BBAAAC,"[('100', 'mcg')]",[]
['clonidine'],0205020E0BBABAD,"[('300', 'mcg')]",[]
['clonidine'],0205020E0BBACAA,"[('250', 'mcg')]",[]
['clonidine'],0205020E0BBADAB,"[('150', 'mcg')]","[('1', 'sztuk')]"
['clonidine'],0205020E0BBAEAF,"[('100', 'mcg')]",[]
['clonidine'],0205020E0BBAFAG,"[('200', 'mcg')]",[]
['clonidine'],0205020E0BBAGAH,"[('300', 'mcg')]",[]
['guanfacine'],0205020G0AAAAAA,"[('1000', 'mcg')]",[]
['guanfacine'],0205020G0AAABAB,"[('1000', 'mcg')]",[]
['guanfacine'],0205020G0AAACAC,"[('1000', 'mcg')]",[]
['guanfacine'],0205020G0BBAAAA,"[('1000', 'mcg')]",[]
['guanfacine'],0205020G0BCAAAA,"[('1000', 'mcg')]",[]
['guanfacine'],0205020G0BDAAAA,"[('1000', 'mcg')]",[]
['methyldopa'],0205020H0AAAAAA,"[('250000', 'mcg')]",[]
['methyldopa'],0205020H0AAABAB,"[('250000', 'mcg')]",[]
['methyldopa'],0205020H0AAACAC,"[('125000', 'mcg')]",[]
['methyldopa'],0205020H0AAADAD,"[('250000', 'mcg')]",[]
['methyldopa'],0205020H0AAAEAE,"[('500000', 'mcg')]",[]
['methyldopa'],0205020H0AAAFAF,"[('50000', 'mcg')]","[('5', 'sztuk')]"
['methyldopa'],0205020H0AAAGAG,[],[]
['methyldopa'],0205020H0AAAHAH,"[('500000', 'mcg')]",[]
['methyldopa'],0205020H0AAAIAI,"[('250000', 'mcg')]",[]
['methyldopa'],0205020H0AAAJAJ,"[('50000', 'mcg')]",[]
['methyldopa'],0205020H0AAAKAK,"[('60000', 'mcg')]",[]
['methyldopa'],0205020H0AAALAL,"[('125000', 'mcg')]",[]
['methyldopa'],0205020H0BBAAAC,"[('125000', 'mcg')]",[]
['methyldopa'],0205020H0BBABAD,"[('250000', 'mcg')]",[]
['methyldopa'],0205020H0BBACAE,"[('500000', 'mcg')]",[]
['methyldopa'],0205020H0BBADAB,"[('250000', 'mcg')]",[]
['methyldopa'],0205020H0BCAAAC,"[('125000', 'mcg')]",[]
['methyldopa'],0205020H0BCABAD,"[('250000', 'mcg')]",[]
['methyldopa'],0205020H0BCACAE,"[('500000', 'mcg')]",[]
['methyldopa'],0205020H0BDAAAA,"[('250000', 'mcg')]",[]
['methyldopa'],0205020H0BDABAD,"[('250000', 'mcg')]",[]
['methyldopa'],0205020H0BDACAE,"[('500000', 'mcg')]",[]
['methyldopa'],0205020H0BFAAAC,"[('125000', 'mcg')]",[]
['methyldopa'],0205020H0BFABAD,"[('250000', 'mcg')]",[]
['methyldopa'],0205020H0BFACAE,"[('500000', 'mcg')]",[]
['methyldopa'],0205020H0BGAAAA,"[('250000', 'mcg')]",[]
['methyldopa'],0205020H0BHAAAD,"[('250000', 'mcg')]",[]
['methyldopa'],0205020H0BHABAE,"[('500000', 'mcg')]",[]
"['hydrochlorothiazide', 'methyldopa']",0205020I0AAAAAA,"[('250000', 'mcg'), ('15000', 'mcg')]",[]
['methyldopa'],0205020I0BBAAAA,[],[]
['methyldopa'],0205020J0BBAAAA,"[('50000', 'mcg')]","[('5', 'sztuk')]"
['moxonidine'],0205020M0AAAAAA,"[('200', 'mcg')]",[]
['moxonidine'],0205020M0AAABAB,"[('400', 'mcg')]",[]
['moxonidine'],0205020M0AAACAC,"[('300', 'mcg')]",[]
['moxonidine'],0205020M0AAADAD,"[('400', 'mcg')]",[]
['moxonidine'],0205020M0AAAEAE,"[('200', 'mcg')]",[]
['moxonidine'],0205020M0AAAFAF,"[('300', 'mcg')]",[]
['moxonidine'],0205020M0BBAAAA,"[('200', 'mcg')]",[]
['moxonidine'],0205020M0BBABAB,"[('400', 'mcg')]",[]
['moxonidine'],0205020M0BBACAC,"[('300', 'mcg')]",[]
['moxonidine'],0205020M0BBADAA,"[('200', 'mcg')]",[]
['moxonidine'],0205020M0BBAEAB,"[('400', 'mcg')]",[]
['moxonidine'],0205020M0BBAFAC,"[('300', 'mcg')]",[]
['moxonidine'],0205020M0BCAAAA,"[('200', 'mcg')]",[]
['moxonidine'],0205020M0BDAAAB,"[('400', 'mcg')]",[]
['hydrochlorothiazide'],0205020R0BCAAAB,[],[]
['doxazosin'],0205040D0AAAAAA,"[('1000', 'mcg')]",[]
['doxazosin'],0205040D0AAABAB,"[('2000', 'mcg')]",[]
['doxazosin'],0205040D0AAACAC,"[('4000', 'mcg')]",[]
['doxazosin'],0205040D0AAADAD,[],[]
['doxazosin'],0205040D0AAAEAE,"[('1000', 'mcg')]",[]
['doxazosin'],0205040D0AAAFAF,"[('4000', 'mcg')]",[]
['doxazosin'],0205040D0AAAGAG,"[('2000', 'mcg')]",[]
['doxazosin'],0205040D0AAAHAH,"[('8000', 'mcg')]",[]
['doxazosin'],0205040D0AAAIAI,"[('2000', 'mcg')]",[]
['doxazosin'],0205040D0AAAJAJ,"[('4000', 'mcg')]",[]
['doxazosin'],0205040D0AAAKAK,"[('5000', 'mcg')]",[]
['doxazosin'],0205040D0AAALAL,"[('4000', 'mcg')]",[]
['doxazosin'],0205040D0AAAMAM,"[('1000', 'mcg')]",[]
['doxazosin'],0205040D0AAANAN,"[('2000', 'mcg')]",[]
['doxazosin'],0205040D0AAAPAP,"[('3000', 'mcg')]",[]
['doxazosin'],0205040D0AAAQAQ,"[('4000', 'mcg')]",[]
['doxazosin'],0205040D0AAARAR,"[('8000', 'mcg')]",[]
['doxazosin'],0205040D0AAASAS,"[('6000', 'mcg')]",[]
['doxazosin'],0205040D0AAATAT,"[('2500', 'mcg')]",[]
['doxazosin'],0205040D0AAAUAU,"[('500', 'mcg')]",[]
['doxazosin'],0205040D0AAAVAV,"[('80000', 'mcg')]",[]
['doxazosin'],0205040D0AAAWAW,"[('16000', 'mcg')]",[]
['doxazosin'],0205040D0AAAXAX,"[('4000', 'mcg')]",[]
['doxazosin'],0205040D0AAAYAY,"[('4000', 'mcg')]",[]
['doxazosin'],0205040D0AAAZAZ,"[('1000', 'mcg')]",[]
['doxazosin'],0205040D0AABABA,"[('1000', 'mcg')]",[]
['doxazosin'],0205040D0AABBBB,"[('8000', 'mcg')]",[]
['doxazosin'],0205040D0BBAAAA,"[('1000', 'mcg')]",[]
['doxazosin'],0205040D0BBABAB,"[('2000', 'mcg')]",[]
['doxazosin'],0205040D0BBACAC,"[('4000', 'mcg')]",[]
['doxazosin'],0205040D0BBADAQ,"[('4000', 'mcg')]",[]
['doxazosin'],0205040D0BBAEAR,"[('8000', 'mcg')]",[]
['doxazosin'],0205040D0BCAAAB,"[('2000', 'mcg')]",[]
['doxazosin'],0205040D0BCABAC,"[('4000', 'mcg')]",[]
['doxazosin'],0205040D0BDAAAA,"[('1000', 'mcg')]",[]
['doxazosin'],0205040D0BDABAB,"[('2000', 'mcg')]",[]
['doxazosin'],0205040D0BDACAC,"[('4000', 'mcg')]",[]
['doxazosin'],0205040D0BDADAQ,"[('4000', 'mcg')]",[]
['doxazosin'],0205040D0BEAAAQ,"[('4000', 'mcg')]",[]
['doxazosin'],0205040D0BFAAAQ,"[('4000', 'mcg')]",[]
['doxazosin'],0205040D0BGAAAQ,"[('4000', 'mcg')]",[]
['doxazosin'],0205040D0BGABAQ,"[('4000', 'mcg')]",[]
['doxazosin'],0205040D0BHAAAQ,"[('4000', 'mcg')]",[]
['doxazosin'],0205040D0BIAAAQ,"[('4000', 'mcg')]",[]
['doxazosin'],0205040D0BJAAAQ,"[('4000', 'mcg')]",[]
['doxazosin'],0205040D0BKAAAQ,"[('4000', 'mcg')]",[]
['doxazosin'],0205040D0BKABAQ,"[('4000', 'mcg')]",[]
['indoramin'],0205040I0AAAAAA,"[('25000', 'mcg')]",[]
['indoramin'],0205040I0AAABAB,"[('50000', 'mcg')]",[]
['indoramin'],0205040I0AAACAC,"[('20000', 'mcg')]",[]
['indoramin'],0205040I0BBAAAA,"[('25000', 'mcg')]",[]
['indoramin'],0205040I0BBABAB,"[('50000', 'mcg')]",[]
['phenoxybenzamine'],0205040M0AAAAAA,"[('2500', 'mcg')]",[]
['phenoxybenzamine'],0205040M0AAABAB,"[('5000', 'mcg')]",[]
['phenoxybenzamine'],0205040M0AAACAC,"[('10000', 'mcg')]",[]
['phenoxybenzamine'],0205040M0AAADAD,"[('50000', 'mcg')]","[('2', 'sztuk')]"
['phenoxybenzamine'],0205040M0AAAEAE,"[('5000', 'mcg')]",[]
['phenoxybenzamine'],0205040M0AAAGAG,"[('2500', 'mcg')]",[]
['phenoxybenzamine'],0205040M0AAAHAH,"[('2000', 'mcg')]",[]
['phenoxybenzamine'],0205040M0AAAIAI,"[('10000', 'mcg')]",[]
['phenoxybenzamine'],0205040M0AAAJAJ,"[('100000', 'mcg')]","[('2', 'sztuk')]"
['phenoxybenzamine'],0205040M0AAAKAK,"[('2000', 'mcg')]",[]
['phenoxybenzamine'],0205040M0AAALAL,"[('6000', 'mcg')]",[]
['phenoxybenzamine'],0205040M0AAAMAM,"[('25000', 'mcg')]",[]
['phenoxybenzamine'],0205040M0AAANAN,"[('10000', 'mcg')]",[]
['phenoxybenzamine'],0205040M0AAAPAP,"[('5000', 'mcg')]",[]
['phenoxybenzamine'],0205040M0AAAQAQ,"[('8000', 'mcg')]",[]
['phenoxybenzamine'],0205040M0BBAAAC,"[('10000', 'mcg')]",[]
['phenoxybenzamine'],0205040M0BBABAA,"[('2500', 'mcg')]",[]
['phenoxybenzamine'],0205040M0BBACAB,"[('5000', 'mcg')]",[]
['phenoxybenzamine'],0205040M0BBADAE,"[('5000', 'mcg')]",[]
['phenoxybenzamine'],0205040M0BBAEAD,"[('50000', 'mcg')]","[('2', 'sztuk')]"
['prazosin'],0205040S0AAAAAA,"[('500', 'mcg'), ('1000', 'mcg')]",[]
['prazosin'],0205040S0AAABAB,"[('500', 'mcg')]",[]
['prazosin'],0205040S0AAACAC,"[('1000', 'mcg')]",[]
['prazosin'],0205040S0AAADAD,"[('2000', 'mcg')]",[]
['prazosin'],0205040S0AAAEAE,"[('5000', 'mcg')]",[]
['prazosin'],0205040S0AAAFAF,"[('1000', 'mcg')]",[]
['prazosin'],0205040S0AAAGAG,"[('2000', 'mcg')]",[]
['prazosin'],0205040S0AAAHAH,"[('300', 'mcg')]",[]
['prazosin'],0205040S0AAAIAI,"[('500', 'mcg')]",[]
['prazosin'],0205040S0AAAJAJ,"[('250', 'mcg')]",[]
['prazosin'],0205040S0AAAKAK,"[('1000', 'mcg')]",[]
['prazosin'],0205040S0AAALAL,"[('150000', 'mcg')]",[]
['prazosin'],0205040S0AAAMAM,"[('1000', 'mcg')]",[]
['prazosin'],0205040S0AAANAN,"[('2000', 'mcg')]",[]
['prazosin'],0205040S0BBAAAB,"[('500', 'mcg')]",[]
['prazosin'],0205040S0BBABAC,"[('1000', 'mcg')]",[]
['prazosin'],0205040S0BBACAD,"[('2000', 'mcg')]",[]
['prazosin'],0205040S0BBADAE,"[('5000', 'mcg')]",[]
['prazosin'],0205040S0BBAEAA,"[('500', 'mcg'), ('1000', 'mcg')]",[]
['prazosin'],0205040S0BCAAAC,"[('1000', 'mcg')]",[]
['prazosin'],0205040S0BCABAD,"[('2000', 'mcg')]",[]
['prazosin'],0205040S0BCACAE,"[('5000', 'mcg')]",[]
['prazosin'],0205040S0BDAAAB,"[('500', 'mcg')]",[]
['prazosin'],0205040S0BDABAC,"[('1000', 'mcg')]",[]
['prazosin'],0205040S0BDACAE,"[('5000', 'mcg')]",[]
['prazosin'],0205040S0BDADAD,"[('2000', 'mcg')]",[]
['prazosin'],0205040S0BEAAAB,"[('500', 'mcg')]",[]
['prazosin'],0205040S0BEABAC,"[('1000', 'mcg')]",[]
['prazosin'],0205040S0BEACAD,"[('2000', 'mcg')]",[]
['prazosin'],0205040S0BEADAE,"[('5000', 'mcg')]",[]
['terazosin'],0205040V0AAAAAA,"[('1000', 'mcg'), ('2000', 'mcg')]",[]
['terazosin'],0205040V0AAABAB,"[('2000', 'mcg')]",[]
['terazosin'],0205040V0AAACAC,"[('5000', 'mcg')]",[]
['terazosin'],0205040V0AAADAD,"[('10000', 'mcg')]",[]
['terazosin'],0205040V0BBAAAA,"[('1000', 'mcg'), ('2000', 'mcg')]",[]
['terazosin'],0205040V0BBABAB,"[('2000', 'mcg')]",[]
['terazosin'],0205040V0BBACAC,"[('5000', 'mcg')]",[]
['terazosin'],0205040V0BBADAD,"[('10000', 'mcg')]",[]
['terazosin'],0205040V0BBAEAA,"[('1000', 'mcg'), ('2000', 'mcg')]",[]
['terazosin'],0205040V0BCAAAB,"[('2000', 'mcg')]",[]
['terazosin'],0205040V0BCABAC,"[('5000', 'mcg')]",[]
['perindopril'],0205051AAAAAAAA,"[('2500', 'mcg')]",[]
['perindopril'],0205051AAAAABAB,"[('5000', 'mcg')]",[]
['perindopril'],0205051AAAAACAC,"[('10000', 'mcg')]",[]
"['indapamide', 'perindopril']",0205051ABAAAAAA,"[('5000', 'mcg'), ('1250', 'mcg')]",[]
"['amlodipine', 'perindopril']",0205051ACAAAAAA,"[('4000', 'mcg'), ('5000', 'mcg')]",[]
"['amlodipine', 'perindopril']",0205051ACAAABAB,"[('4000', 'mcg'), ('10000', 'mcg')]",[]
"['amlodipine', 'perindopril']",0205051ACAAACAC,"[('8000', 'mcg'), ('10000', 'mcg')]",[]
"['amlodipine', 'perindopril']",0205051ACAAADAD,"[('8000', 'mcg'), ('5000', 'mcg')]",[]
['captopril'],0205051F0AAA1A1,"[('12500', 'mcg')]",[]
['captopril'],0205051F0AAA2A2,"[('4000', 'mcg')]",[]
['captopril'],0205051F0AAA3A3,"[('25000', 'mcg')]",[]
['captopril'],0205051F0AAA4A4,"[('8000', 'mcg')]",[]
['captopril'],0205051F0AAA5A5,"[('500', 'mcg')]",[]
['captopril'],0205051F0AAA6A6,"[('1000', 'mcg')]",[]
['captopril'],0205051F0AAA7A7,"[('1500', 'mcg')]",[]
['captopril'],0205051F0AAA8A8,"[('300', 'mcg')]",[]
['captopril'],0205051F0AAA9A9,"[('300', 'mcg')]",[]
['captopril'],0205051F0AAAAAA,"[('8000', 'mcg')]",[]
['captopril'],0205051F0AAABAB,"[('2000', 'mcg')]",[]
['captopril'],0205051F0AAACAC,"[('3000', 'mcg')]",[]
['captopril'],0205051F0AAADAD,"[('12500', 'mcg')]",[]
['captopril'],0205051F0AAAEAE,"[('25000', 'mcg')]",[]
['captopril'],0205051F0AAAFAF,"[('50000', 'mcg')]",[]
['captopril'],0205051F0AAAGAG,"[('6250', 'mcg')]",[]
['captopril'],0205051F0AAAHAH,"[('3000', 'mcg')]",[]
['captopril'],0205051F0AAAIAI,"[('5000', 'mcg')]",[]
['captopril'],0205051F0AAAJAJ,[],[]
['captopril'],0205051F0AAAKAK,"[('2000', 'mcg')]",[]
['captopril'],0205051F0AAALAL,"[('8000', 'mcg')]",[]
['captopril'],0205051F0AAAMAM,"[('1000', 'mcg')]",[]
['captopril'],0205051F0AAANAN,"[('5000', 'mcg')]",[]
['captopril'],0205051F0AAAPAP,"[('3125', 'mcg')]",[]
['captopril'],0205051F0AAAQAQ,"[('6250', 'mcg')]",[]
['captopril'],0205051F0AAARAR,"[('1000', 'mcg')]",[]
['captopril'],0205051F0AAASAS,"[('6250', 'mcg')]",[]
['captopril'],0205051F0AAATAT,"[('10000', 'mcg')]",[]
['captopril'],0205051F0AAAUAU,"[('1250', 'mcg')]",[]
['captopril'],0205051F0AAAVAV,"[('3000', 'mcg')]",[]
['captopril'],0205051F0AAAWAW,"[('4500', 'mcg')]",[]
['captopril'],0205051F0AAAXAX,"[('1500', 'mcg')]",[]
['captopril'],0205051F0AAAYAY,"[('5000', 'mcg')]",[]
['captopril'],0205051F0AAAZAZ,"[('2000', 'mcg')]",[]
['captopril'],0205051F0AABABA,"[('880', 'mcg')]",[]
['captopril'],0205051F0AABBBB,"[('2300', 'mcg')]",[]
['captopril'],0205051F0AABCBC,"[('6000', 'mcg')]",[]
['captopril'],0205051F0AABDBD,"[('500', 'mcg')]",[]
['captopril'],0205051F0AABEBE,"[('12500', 'mcg')]",[]
['captopril'],0205051F0AABFBF,"[('700', 'mcg')]",[]
['captopril'],0205051F0AABGBG,"[('10000', 'mcg')]",[]
['captopril'],0205051F0AABHBH,[],[]
['captopril'],0205051F0AABIBI,"[('300', 'mcg')]",[]
['captopril'],0205051F0AABJBJ,"[('400', 'mcg')]",[]
['captopril'],0205051F0AABKBK,"[('1500', 'mcg')]",[]
['captopril'],0205051F0AABLBL,"[('25000', 'mcg')]",[]
['captopril'],0205051F0AABMBM,"[('5000', 'mcg')]",[]
['captopril'],0205051F0AABNBN,"[('5000', 'mcg')]",[]
['captopril'],0205051F0AABPBP,"[('20000', 'mcg')]",[]
['captopril'],0205051F0AABQBQ,"[('2500', 'mcg')]",[]
['captopril'],0205051F0AABRBR,"[('10000', 'mcg')]",[]
['captopril'],0205051F0AABSBS,"[('5400', 'mcg')]",[]
['captopril'],0205051F0AABTBT,"[('12500', 'mcg')]",[]
['captopril'],0205051F0AABUBU,"[('6000', 'mcg')]",[]
['captopril'],0205051F0AABVBV,"[('1250', 'mcg')]",[]
['captopril'],0205051F0AABWBW,"[('25000', 'mcg')]",[]
['captopril'],0205051F0AABXBX,"[('6250', 'mcg')]",[]
['captopril'],0205051F0AABYBY,"[('2500', 'mcg')]",[]
['captopril'],0205051F0AABZBZ,"[('2000', 'mcg')]",[]
['captopril'],0205051F0AACACA,"[('50000', 'mcg')]",[]
['captopril'],0205051F0AACBCB,"[('12500', 'mcg')]",[]
['captopril'],0205051F0AACCCC,"[('100', 'mcg')]",[]
['captopril'],0205051F0AACDCD,"[('3000', 'mcg')]",[]
['captopril'],0205051F0AACECE,"[('7500', 'mcg')]",[]
['captopril'],0205051F0AACFCF,"[('500', 'mcg')]",[]
['captopril'],0205051F0AACGCG,"[('15000', 'mcg')]",[]
['captopril'],0205051F0AACHCH,"[('4000', 'mcg')]",[]
['captopril'],0205051F0AACICI,"[('3125', 'mcg')]",[]
['captopril'],0205051F0AACJCJ,"[('1000', 'mcg')]",[]
['captopril'],0205051F0AACKCK,"[('7000', 'mcg')]",[]
['captopril'],0205051F0AACLCL,"[('9000', 'mcg')]",[]
['captopril'],0205051F0AACMCM,"[('9000', 'mcg')]",[]
['captopril'],0205051F0AACNCN,"[('1500', 'mcg')]",[]
['captopril'],0205051F0AACPCP,"[('400', 'mcg')]",[]
['captopril'],0205051F0AACQCQ,"[('3500', 'mcg')]",[]
['captopril'],0205051F0AACRCR,"[('6000', 'mcg')]",[]
['captopril'],0205051F0AACSCS,"[('15000', 'mcg')]",[]
['captopril'],0205051F0AACTCT,"[('5000', 'mcg')]",[]
['captopril'],0205051F0AACUCU,"[('3500', 'mcg')]",[]
['captopril'],0205051F0AACVCV,"[('6250', 'mcg')]",[]
['captopril'],0205051F0AACWCW,"[('2900', 'mcg')]",[]
['captopril'],0205051F0AACXCX,"[('15625', 'mcg')]",[]
['captopril'],0205051F0AACYCY,"[('30000', 'mcg')]",[]
['captopril'],0205051F0AACZCZ,"[('18500', 'mcg')]",[]
['captopril'],0205051F0AADADA,"[('3250', 'mcg')]",[]
['captopril'],0205051F0AADBDB,"[('8250', 'mcg')]",[]
['captopril'],0205051F0AADCDC,"[('100000', 'mcg')]",[]
['captopril'],0205051F0AADDDD,"[('1600', 'mcg')]",[]
['captopril'],0205051F0AADEDE,"[('8000', 'mcg')]",[]
['captopril'],0205051F0AADFDF,"[('12000', 'mcg')]",[]
['captopril'],0205051F0AADGDG,"[('1750', 'mcg')]",[]
['captopril'],0205051F0AADHDH,"[('7500', 'mcg')]",[]
['captopril'],0205051F0AADIDI,"[('6200', 'mcg')]",[]
['captopril'],0205051F0AADJDJ,"[('17500', 'mcg')]",[]
['captopril'],0205051F0AADKDK,"[('3125', 'mcg')]",[]
['captopril'],0205051F0AADLDL,"[('31250', 'mcg')]",[]
['captopril'],0205051F0AADMDM,"[('22500', 'mcg')]",[]
['captopril'],0205051F0AADNDN,"[('62500', 'mcg')]",[]
['captopril'],0205051F0AADPDP,"[('17000', 'mcg')]",[]
['captopril'],0205051F0AADQDQ,"[('11250', 'mcg')]",[]
['captopril'],0205051F0AADRDR,"[('2300', 'mcg')]",[]
['captopril'],0205051F0AADSDS,"[('6500', 'mcg')]",[]
['captopril'],0205051F0AADTDT,"[('7000', 'mcg')]",[]
['captopril'],0205051F0AADUDU,"[('50000', 'mcg')]",[]
['captopril'],0205051F0AADVDV,"[('5000', 'mcg')]",[]
['captopril'],0205051F0AADWDW,"[('5000', 'mcg')]",[]
['captopril'],0205051F0AADXDX,"[('25000', 'mcg')]",[]
['captopril'],0205051F0AADYDY,"[('25000', 'mcg')]",[]
['captopril'],0205051F0AADZDZ,"[('25000', 'mcg')]",[]
['captopril'],0205051F0AAEAEA,"[('5000', 'mcg')]",[]
['captopril'],0205051F0BBAAAD,"[('12500', 'mcg')]",[]
['captopril'],0205051F0BBABAE,"[('25000', 'mcg')]",[]
['captopril'],0205051F0BBACAF,"[('50000', 'mcg')]",[]
['captopril'],0205051F0BCABAE,"[('25000', 'mcg')]",[]
['captopril'],0205051F0BCACAF,"[('50000', 'mcg')]",[]
['captopril'],0205051F0BCADAD,"[('12500', 'mcg')]",[]
['captopril'],0205051F0BCAEAJ,[],[]
['captopril'],0205051F0BCAFCT,"[('5000', 'mcg')]",[]
['captopril'],0205051F0BDAAAD,"[('12500', 'mcg')]",[]
['captopril'],0205051F0BDABAE,"[('25000', 'mcg')]",[]
['captopril'],0205051F0BDACAF,"[('50000', 'mcg')]",[]
['captopril'],0205051F0BEAAAD,"[('12500', 'mcg')]",[]
['captopril'],0205051F0BEABAE,"[('25000', 'mcg')]",[]
['captopril'],0205051F0BEACAF,"[('50000', 'mcg')]",[]
['captopril'],0205051F0BFAAAD,"[('12500', 'mcg')]",[]
['captopril'],0205051F0BFABAE,"[('25000', 'mcg')]",[]
['captopril'],0205051F0BFACAF,"[('50000', 'mcg')]",[]
['captopril'],0205051F0BGAAAD,"[('12500', 'mcg')]",[]
['captopril'],0205051F0BGABAE,"[('25000', 'mcg')]",[]
['captopril'],0205051F0BGACAF,"[('50000', 'mcg')]",[]
['captopril'],0205051F0BHAAAD,"[('12500', 'mcg')]",[]
['captopril'],0205051F0BHABAF,"[('50000', 'mcg')]",[]
['captopril'],0205051F0BHACAE,"[('25000', 'mcg')]",[]
['captopril'],0205051F0BIAADZ,"[('25000', 'mcg')]",[]
['captopril'],0205051F0BIABEA,"[('5000', 'mcg')]",[]
"['captopril', 'hydrochlorothiazide']",0205051G0AAAAAA,"[('25000', 'mcg'), ('50000', 'mcg')]",[]
"['captopril', 'hydrochlorothiazide']",0205051G0AAABAB,"[('12500', 'mcg'), ('25000', 'mcg')]",[]
"['captopril', 'hydrochlorothiazide']",0205051G0BBAAAA,"[('25000', 'mcg'), ('50000', 'mcg')]",[]
"['captopril', 'hydrochlorothiazide']",0205051G0BCAAAA,"[('25000', 'mcg'), ('50000', 'mcg')]",[]
"['captopril', 'hydrochlorothiazide']",0205051G0BCABAB,"[('12500', 'mcg'), ('25000', 'mcg')]",[]
"['captopril', 'hydrochlorothiazide']",0205051G0BDAAAB,"[('12500', 'mcg'), ('25000', 'mcg')]",[]
"['captopril', 'hydrochlorothiazide']",0205051G0BDABAA,"[('25000', 'mcg'), ('50000', 'mcg')]",[]
"['enalapril', 'hydrochlorothiazide']",0205051H0AAAAAA,"[('20000', 'mcg'), ('12500', 'mcg')]",[]
"['enalapril', 'hydrochlorothiazide']",0205051H0BBAAAA,[],[]
['enalapril'],0205051I0AAAAAA,"[('2500', 'mcg')]",[]
['enalapril'],0205051I0AAABAB,"[('5000', 'mcg')]",[]
['enalapril'],0205051I0AAACAC,"[('10000', 'mcg')]",[]
['enalapril'],0205051I0AAADAD,"[('20000', 'mcg')]",[]
['enalapril'],0205051I0AAAEAE,"[('5000', 'mcg')]",[]
['enalapril'],0205051I0AAAFAF,"[('2500', 'mcg'), ('5000', 'mcg')]",[]
['enalapril'],0205051I0AAAGAG,"[('1000', 'mcg')]",[]
['enalapril'],0205051I0AAAHAH,[],[]
['enalapril'],0205051I0AAAIAI,"[('1500', 'mcg')]",[]
['enalapril'],0205051I0AAAJAJ,"[('2500', 'mcg')]",[]
['enalapril'],0205051I0AAAKAK,"[('40000', 'mcg')]",[]
['enalapril'],0205051I0AAALAL,"[('1000', 'mcg')]",[]
['enalapril'],0205051I0AAAMAM,"[('3500', 'mcg')]",[]
['enalapril'],0205051I0AAANAN,"[('5000', 'mcg')]",[]
['enalapril'],0205051I0AAAPAP,"[('20000', 'mcg')]",[]
['enalapril'],0205051I0AAAQAQ,"[('2500', 'mcg')]",[]
['enalapril'],0205051I0AAARAR,"[('600', 'mcg')]",[]
['enalapril'],0205051I0AAASAS,"[('1000', 'mcg')]",[]
['enalapril'],0205051I0AAATAT,"[('3500', 'mcg')]",[]
['enalapril'],0205051I0AAAUAU,"[('10000', 'mcg')]",[]
['enalapril'],0205051I0AAAVAV,"[('500', 'mcg')]",[]
['enalapril'],0205051I0AAAWAW,"[('2000', 'mcg')]",[]
['enalapril'],0205051I0AAAXAX,"[('3750', 'mcg')]",[]
['enalapril'],0205051I0AAAYAY,"[('3000', 'mcg')]",[]
['enalapril'],0205051I0AAAZAZ,"[('4000', 'mcg')]",[]
['enalapril'],0205051I0AABABA,"[('1200', 'mcg')]",[]
['enalapril'],0205051I0AABBBB,"[('25000', 'mcg')]",[]
['enalapril'],0205051I0AABCBC,"[('7000', 'mcg')]",[]
['enalapril'],0205051I0AABDBD,"[('2000', 'mcg')]",[]
['enalapril'],0205051I0AABEBE,"[('2000', 'mcg')]",[]
['enalapril'],0205051I0AABFBF,"[('1250', 'mcg')]",[]
['enalapril'],0205051I0AABGBG,"[('3000', 'mcg')]",[]
['enalapril'],0205051I0AABHBH,"[('2500', 'mcg')]",[]
['enalapril'],0205051I0AABIBI,"[('5000', 'mcg')]",[]
['enalapril'],0205051I0AABJBJ,"[('10000', 'mcg')]",[]
['enalapril'],0205051I0AABKBK,"[('20000', 'mcg')]",[]
['enalapril'],0205051I0AABLBL,"[('12500', 'mcg')]",[]
['enalapril'],0205051I0AABMBM,"[('500', 'mcg')]",[]
['enalapril'],0205051I0AABNBN,"[('15000', 'mcg')]",[]
['enalapril'],0205051I0AABPBP,"[('10000', 'mcg')]",[]
['enalapril'],0205051I0AABQBQ,"[('8000', 'mcg')]",[]
['enalapril'],0205051I0AABRBR,"[('20000', 'mcg')]",[]
['enalapril'],0205051I0AABSBS,"[('1500', 'mcg')]",[]
['enalapril'],0205051I0AABTBT,"[('1200', 'mcg')]",[]
['enalapril'],0205051I0AABUBU,"[('1667', 'mcg')]",[]
['enalapril'],0205051I0AABVBV,"[('40000', 'mcg')]",[]
['enalapril'],0205051I0AABWBW,"[('7500', 'mcg')]",[]
['enalapril'],0205051I0AABXBX,"[('2500', 'mcg')]",[]
['enalapril'],0205051I0AABYBY,"[('5000', 'mcg')]",[]
['enalapril'],0205051I0AABZBZ,"[('5000', 'mcg')]",[]
['enalapril'],0205051I0AACACA,"[('10000', 'mcg')]",[]
['enalapril'],0205051I0AACBCB,"[('1250', 'mcg')]",[]
['enalapril'],0205051I0BBAAAA,"[('2500', 'mcg')]",[]
['enalapril'],0205051I0BBABAB,"[('5000', 'mcg')]",[]
['enalapril'],0205051I0BBACAC,"[('10000', 'mcg')]",[]
['enalapril'],0205051I0BBADAD,"[('20000', 'mcg')]",[]
['enalapril'],0205051I0BBAEAF,"[('2500', 'mcg'), ('5000', 'mcg')]",[]
['enalapril'],0205051I0BBAFBH,"[('2500', 'mcg')]",[]
['enalapril'],0205051I0BBAGBI,"[('5000', 'mcg')]",[]
['enalapril'],0205051I0BBAHBJ,"[('10000', 'mcg')]",[]
['enalapril'],0205051I0BBAIBK,"[('20000', 'mcg')]",[]
['enalapril'],0205051I0BCAAAB,"[('5000', 'mcg')]",[]
['enalapril'],0205051I0BCABAD,"[('20000', 'mcg')]",[]
['enalapril'],0205051I0BDAAAB,"[('5000', 'mcg')]",[]
['enalapril'],0205051I0BEAAAA,"[('2500', 'mcg')]",[]
['enalapril'],0205051I0BEABAB,"[('5000', 'mcg')]",[]
['enalapril'],0205051I0BEACAC,"[('10000', 'mcg')]",[]
['enalapril'],0205051I0BEADAD,"[('20000', 'mcg')]",[]
['enalapril'],0205051I0BFAAAA,"[('2500', 'mcg')]",[]
['enalapril'],0205051I0BFABAB,"[('5000', 'mcg')]",[]
['enalapril'],0205051I0BFACAC,"[('10000', 'mcg')]",[]
['enalapril'],0205051I0BFADAD,"[('20000', 'mcg')]",[]
['fosinopril'],0205051J0AAAAAA,"[('10000', 'mcg')]",[]
['fosinopril'],0205051J0AAABAB,"[('20000', 'mcg')]",[]
['fosinopril'],0205051J0AAACAC,"[('20000', 'mcg')]",[]
['fosinopril'],0205051J0BBAAAA,"[('10000', 'mcg')]",[]
['fosinopril'],0205051J0BBABAB,"[('20000', 'mcg')]",[]
['fosinopril'],0205051J0BCAAAB,"[('20000', 'mcg')]",[]
['fosinopril'],0205051J0BDAAAA,"[('10000', 'mcg')]",[]
"['hydrochlorothiazide', 'lisinopril']",0205051K0AAAAAA,"[('20000', 'mcg'), ('12500', 'mcg')]",[]
"['hydrochlorothiazide', 'lisinopril']",0205051K0AAABAB,"[('10000', 'mcg'), ('12500', 'mcg')]",[]
"['hydrochlorothiazide', 'lisinopril']",0205051K0BBAAAA,[],[]
"['hydrochlorothiazide', 'lisinopril']",0205051K0BBABAB,[],[]
"['hydrochlorothiazide', 'lisinopril']",0205051K0BCAAAA,[],[]
"['hydrochlorothiazide', 'lisinopril']",0205051K0BCABAB,[],[]
"['hydrochlorothiazide', 'lisinopril']",0205051K0BDAAAB,"[('10000', 'mcg'), ('12500', 'mcg')]",[]
"['hydrochlorothiazide', 'lisinopril']",0205051K0BDABAA,"[('20000', 'mcg'), ('12500', 'mcg')]",[]
"['hydrochlorothiazide', 'lisinopril']",0205051K0BEAAAB,"[('10000', 'mcg'), ('12500', 'mcg')]",[]
"['hydrochlorothiazide', 'lisinopril']",0205051K0BEABAA,"[('20000', 'mcg'), ('12500', 'mcg')]",[]
['lisinopril'],0205051L0AAAAAA,"[('2500', 'mcg')]",[]
['lisinopril'],0205051L0AAABAB,"[('5000', 'mcg')]",[]
['lisinopril'],0205051L0AAACAC,"[('10000', 'mcg')]",[]
['lisinopril'],0205051L0AAADAD,"[('20000', 'mcg')]",[]
['lisinopril'],0205051L0AAAEAE,[],[]
['lisinopril'],0205051L0AAAFAF,"[('20000', 'mcg')]",[]
['lisinopril'],0205051L0AAAGAG,"[('5000', 'mcg')]",[]
['lisinopril'],0205051L0AAAHAH,"[('10000', 'mcg')]",[]
['lisinopril'],0205051L0AAAIAI,"[('2500', 'mcg')]",[]
['lisinopril'],0205051L0AAAJAJ,"[('30000', 'mcg')]",[]
['lisinopril'],0205051L0AAAKAK,"[('15000', 'mcg')]",[]
['lisinopril'],0205051L0AAALAL,"[('5000', 'mcg')]",[]
['lisinopril'],0205051L0AAAMAM,"[('500', 'mcg')]",[]
['lisinopril'],0205051L0AAANAN,"[('7500', 'mcg')]",[]
['lisinopril'],0205051L0AAAPAP,"[('10000', 'mcg')]",[]
['lisinopril'],0205051L0AAAQAQ,"[('5000', 'mcg')]",[]
['lisinopril'],0205051L0AAARAR,"[('40000', 'mcg')]",[]
['lisinopril'],0205051L0AAASAS,"[('37500', 'mcg')]",[]
['lisinopril'],0205051L0AAATAT,"[('14000', 'mcg')]",[]
['lisinopril'],0205051L0AAAUAU,"[('5000', 'mcg')]",[]
['lisinopril'],0205051L0AAAVAV,"[('5000', 'mcg')]",[]
['lisinopril'],0205051L0AAAWAW,"[('2500', 'mcg')]",[]
['lisinopril'],0205051L0AAAXAX,"[('2500', 'mcg')]",[]
['lisinopril'],0205051L0AAAYAY,"[('20000', 'mcg')]",[]
['lisinopril'],0205051L0AAAZAZ,"[('20000', 'mcg')]",[]
['lisinopril'],0205051L0BBAAAA,"[('2500', 'mcg')]",[]
['lisinopril'],0205051L0BBABAB,"[('5000', 'mcg')]",[]
['lisinopril'],0205051L0BBACAC,"[('10000', 'mcg')]",[]
['lisinopril'],0205051L0BBADAD,"[('20000', 'mcg')]",[]
['lisinopril'],0205051L0BCAAAA,"[('2500', 'mcg')]",[]
['lisinopril'],0205051L0BCABAB,"[('5000', 'mcg')]",[]
['lisinopril'],0205051L0BCACAC,"[('10000', 'mcg')]",[]
['lisinopril'],0205051L0BCADAD,"[('20000', 'mcg')]",[]
['lisinopril'],0205051L0BDAAAA,"[('2500', 'mcg')]",[]
['lisinopril'],0205051L0BEAAAA,"[('2500', 'mcg')]",[]
['lisinopril'],0205051L0BEABAB,"[('5000', 'mcg')]",[]
['lisinopril'],0205051L0BEACAC,"[('10000', 'mcg')]",[]
['lisinopril'],0205051L0BEADAD,"[('20000', 'mcg')]",[]
['perindopril'],0205051M0AAAAAA,"[('2000', 'mcg')]",[]
['perindopril'],0205051M0AAABAB,"[('4000', 'mcg')]",[]
['perindopril'],0205051M0AAACAC,"[('1000', 'mcg')]",[]
['perindopril'],0205051M0AAADAD,"[('2000', 'mcg')]",[]
['perindopril'],0205051M0AAAEAE,"[('4000', 'mcg')]",[]
['perindopril'],0205051M0AAAFAF,"[('8000', 'mcg')]",[]
['perindopril'],0205051M0AAAGAG,"[('4000', 'mcg')]",[]
['perindopril'],0205051M0AAAHAH,"[('8000', 'mcg')]",[]
['perindopril'],0205051M0AAAIAI,"[('4000', 'mcg')]",[]
['perindopril'],0205051M0AAAJAJ,"[('2000', 'mcg')]",[]
['perindopril'],0205051M0AAAKAK,"[('4000', 'mcg')]",[]
['perindopril'],0205051M0AAALAL,"[('4000', 'mcg')]",[]
['perindopril'],0205051M0AAAMAM,"[('3000', 'mcg')]",[]
['perindopril'],0205051M0BBAAAA,"[('2000', 'mcg')]",[]
['perindopril'],0205051M0BBABAB,"[('4000', 'mcg')]",[]
['perindopril'],0205051M0BBACAF,"[('8000', 'mcg')]",[]
"['indapamide', 'perindopril']",0205051N0AAAAAA,"[('4000', 'mcg'), ('1250', 'mcg')]",[]
"['indapamide', 'perindopril']",0205051N0BBAAAA,[],[]
"['hydrochlorothiazide', 'quinapril']",0205051P0AAAAAA,"[('10000', 'mcg'), ('12500', 'mcg')]",[]
"['hydrochlorothiazide', 'quinapril']",0205051P0BBAAAA,"[('10000', 'mcg'), ('12500', 'mcg')]",[]
['quinapril'],0205051Q0AAAAAA,"[('5000', 'mcg')]",[]
['quinapril'],0205051Q0AAABAB,"[('10000', 'mcg')]",[]
['quinapril'],0205051Q0AAACAC,"[('20000', 'mcg')]",[]
['quinapril'],0205051Q0AAADAD,"[('40000', 'mcg')]",[]
['quinapril'],0205051Q0BBAAAA,"[('5000', 'mcg')]",[]
['quinapril'],0205051Q0BBABAB,"[('10000', 'mcg')]",[]
['quinapril'],0205051Q0BBACAC,"[('20000', 'mcg')]",[]
['quinapril'],0205051Q0BBADAD,"[('40000', 'mcg')]",[]
['quinapril'],0205051Q0BCAAAA,"[('5000', 'mcg')]",[]
['quinapril'],0205051Q0BCABAB,"[('10000', 'mcg')]",[]
['quinapril'],0205051Q0BCACAC,"[('20000', 'mcg')]",[]
['quinapril'],0205051Q0BCADAD,"[('40000', 'mcg')]",[]
['ramipril'],0205051R0AAAAAA,"[('1250', 'mcg')]",[]
['ramipril'],0205051R0AAABAB,"[('2500', 'mcg')]",[]
['ramipril'],0205051R0AAACAC,"[('5000', 'mcg')]",[]
['ramipril'],0205051R0AAADAD,"[('10000', 'mcg')]",[]
['ramipril'],0205051R0AAAEAE,"[('5000', 'mcg')]",[]
['ramipril'],0205051R0AAAFAF,"[('2500', 'mcg')]",[]
['ramipril'],0205051R0AAAGAG,"[('1250', 'mcg')]",[]
['ramipril'],0205051R0AAAHAH,"[('10000', 'mcg')]",[]
['ramipril'],0205051R0AAAIAI,"[('2500', 'mcg'), ('5000', 'mcg'), ('10000', 'mcg')]",[]
['ramipril'],0205051R0AAAJAJ,"[('750', 'mcg')]",[]
['ramipril'],0205051R0AAAKAK,"[('1250', 'mcg')]",[]
['ramipril'],0205051R0AAALAL,"[('2500', 'mcg')]",[]
['ramipril'],0205051R0AAAMAM,"[('5000', 'mcg')]",[]
['ramipril'],0205051R0AAANAN,"[('10000', 'mcg')]",[]
['ramipril'],0205051R0AAAPAP,"[('1250', 'mcg')]",[]
['ramipril'],0205051R0AAAQAQ,"[('2500', 'mcg')]",[]
['ramipril'],0205051R0AAARAR,"[('5000', 'mcg')]",[]
['ramipril'],0205051R0AAASAS,"[('10000', 'mcg')]",[]
['ramipril'],0205051R0AAATAT,"[('2500', 'mcg')]",[]
['ramipril'],0205051R0AAAUAU,"[('2500', 'mcg'), ('5000', 'mcg'), ('10000', 'mcg')]",[]
['ramipril'],0205051R0AAAVAV,"[('2500', 'mcg')]",[]
['ramipril'],0205051R0AAAWAW,"[('2500', 'mcg')]",[]
['ramipril'],0205051R0AAAXAX,"[('5000', 'mcg')]",[]
['ramipril'],0205051R0AAAYAY,"[('5000', 'mcg')]",[]
['ramipril'],0205051R0BBAAAA,"[('1250', 'mcg')]",[]
['ramipril'],0205051R0BBABAB,"[('2500', 'mcg')]",[]
['ramipril'],0205051R0BBACAC,"[('5000', 'mcg')]",[]
['ramipril'],0205051R0BBADAD,"[('10000', 'mcg')]",[]
['ramipril'],0205051R0BBAEAI,"[('2500', 'mcg'), ('5000', 'mcg'), ('10000', 'mcg')]",[]
['ramipril'],0205051R0BBAFAK,"[('1250', 'mcg')]",[]
['ramipril'],0205051R0BBAGAL,"[('2500', 'mcg')]",[]
['ramipril'],0205051R0BBAHAM,"[('5000', 'mcg')]",[]
['ramipril'],0205051R0BBAIAN,"[('10000', 'mcg')]",[]
['ramipril'],0205051R0BBAJAU,"[('2500', 'mcg'), ('5000', 'mcg'), ('10000', 'mcg')]",[]
['ramipril'],0205051R0BCAAAB,"[('2500', 'mcg')]",[]
['ramipril'],0205051R0BCABAC,"[('5000', 'mcg')]",[]
['ramipril'],0205051R0BCACAD,"[('10000', 'mcg')]",[]
['ramipril'],0205051R0BDAAAA,"[('1250', 'mcg')]",[]
['ramipril'],0205051R0BDABAB,"[('2500', 'mcg')]",[]
['ramipril'],0205051R0BDACAC,"[('5000', 'mcg')]",[]
['ramipril'],0205051R0BDADAD,"[('10000', 'mcg')]",[]
"['felodipine', 'ramipril']",0205051S0AAAAAA,"[('2500', 'mcg'), ('2500', 'mcg')]",[]
"['felodipine', 'ramipril']",0205051S0AAABAB,"[('5000', 'mcg'), ('5000', 'mcg')]",[]
"['felodipine', 'ramipril']",0205051S0BBAAAA,"[('2500', 'mcg'), ('2500', 'mcg')]",[]
"['felodipine', 'ramipril']",0205051S0BBABAB,"[('5000', 'mcg'), ('5000', 'mcg')]",[]
['trandolapril'],0205051U0AAAAAA,"[('500', 'mcg')]",[]
['trandolapril'],0205051U0AAABAB,"[('1000', 'mcg')]",[]
['trandolapril'],0205051U0AAACAC,"[('2000', 'mcg')]",[]
['trandolapril'],0205051U0AAADAD,"[('500', 'mcg')]",[]
['trandolapril'],0205051U0AAAEAE,"[('2000', 'mcg')]",[]
['trandolapril'],0205051U0AAAFAF,"[('4000', 'mcg')]",[]
['trandolapril'],0205051U0AAAGAG,"[('2000', 'mcg')]",[]
['trandolapril'],0205051U0BBAAAA,"[('500', 'mcg')]",[]
['trandolapril'],0205051U0BBABAB,"[('1000', 'mcg')]",[]
['trandolapril'],0205051U0BBACAC,"[('2000', 'mcg')]",[]
['trandolapril'],0205051U0BBADAF,"[('4000', 'mcg')]",[]
['trandolapril'],0205051U0BCAAAA,"[('500', 'mcg')]",[]
['trandolapril'],0205051U0BCABAB,"[('1000', 'mcg')]",[]
['trandolapril'],0205051U0BCACAC,"[('2000', 'mcg')]",[]
"['trandolapril', 'verapamil']",0205051V0AAAAAA,[],[]
['trandolapril'],0205051V0BBAAAA,[],[]
['imidapril'],0205051W0AAAAAA,"[('10000', 'mcg')]",[]
['imidapril'],0205051W0AAABAB,"[('5000', 'mcg')]",[]
['imidapril'],0205051W0AAACAC,"[('20000', 'mcg')]",[]
['imidapril'],0205051W0BBAAAA,"[('10000', 'mcg')]",[]
['imidapril'],0205051W0BBABAB,"[('5000', 'mcg')]",[]
['imidapril'],0205051W0BBACAC,"[('20000', 'mcg')]",[]
['perindopril'],0205051Y0AAAAAA,"[('2500', 'mcg')]",[]
['perindopril'],0205051Y0AAABAB,"[('5000', 'mcg')]",[]
['perindopril'],0205051Y0AAACAC,"[('10000', 'mcg')]",[]
['perindopril'],0205051Y0BBAAAA,"[('2500', 'mcg')]",[]
['perindopril'],0205051Y0BBABAB,"[('5000', 'mcg')]",[]
['perindopril'],0205051Y0BBACAC,"[('10000', 'mcg')]",[]
"['indapamide', 'perindopril']",0205051Z0AAAAAA,"[('5000', 'mcg'), ('1250', 'mcg')]",[]
"['indapamide', 'perindopril']",0205051Z0BBAAAA,[],[]
"['hydrochlorothiazide', 'irbesartan']",0205052A0AAAAAA,"[('150000', 'mcg'), ('12500', 'mcg')]",[]
"['hydrochlorothiazide', 'irbesartan']",0205052A0AAABAB,"[('300000', 'mcg'), ('12500', 'mcg')]",[]
"['hydrochlorothiazide', 'irbesartan']",0205052A0AAACAC,"[('300000', 'mcg'), ('25000', 'mcg')]",[]
"['hydrochlorothiazide', 'irbesartan']",0205052A0BBAAAA,"[('150000', 'mcg'), ('12500', 'mcg')]",[]
"['hydrochlorothiazide', 'irbesartan']",0205052A0BBABAB,"[('300000', 'mcg'), ('12500', 'mcg')]",[]
"['hydrochlorothiazide', 'irbesartan']",0205052A0BBACAC,"[('300000', 'mcg'), ('25000', 'mcg')]",[]
"['amlodipine', 'olmesartan']",0205052ABAAAAAA,"[('20000', 'mcg'), ('5000', 'mcg')]",[]
"['amlodipine', 'olmesartan']",0205052ABAAABAB,"[('40000', 'mcg'), ('5000', 'mcg')]",[]
"['amlodipine', 'olmesartan']",0205052ABAAACAC,"[('40000', 'mcg'), ('10000', 'mcg')]",[]
"['amlodipine', 'olmesartan']",0205052ABBBAAAA,"[('20000', 'mcg'), ('5000', 'mcg')]",[]
"['amlodipine', 'olmesartan']",0205052ABBBABAB,"[('40000', 'mcg'), ('5000', 'mcg')]",[]
"['amlodipine', 'olmesartan']",0205052ABBBACAC,"[('40000', 'mcg'), ('10000', 'mcg')]",[]
"['amlodipine', 'hydrochlorothiazide', 'olmesartan']",0205052ACAAAAAA,[],[]
"['amlodipine', 'hydrochlorothiazide', 'olmesartan']",0205052ACAAABAB,[],[]
"['amlodipine', 'hydrochlorothiazide', 'olmesartan']",0205052ACAAACAC,[],[]
"['amlodipine', 'hydrochlorothiazide', 'olmesartan']",0205052ACAAADAD,[],[]
"['amlodipine', 'hydrochlorothiazide', 'olmesartan']",0205052ACAAAEAE,[],[]
"['amlodipine', 'hydrochlorothiazide', 'olmesartan']",0205052ACBBAAAA,"[('20000', 'mcg'), ('5000', 'mcg'), ('12500', 'mcg')]",[]
"['amlodipine', 'hydrochlorothiazide', 'olmesartan']",0205052ACBBABAB,"[('40000', 'mcg'), ('5000', 'mcg'), ('12500', 'mcg')]",[]
"['amlodipine', 'hydrochlorothiazide', 'olmesartan']",0205052ACBBACAC,"[('40000', 'mcg'), ('10000', 'mcg'), ('12500', 'mcg')]",[]
"['amlodipine', 'hydrochlorothiazide', 'olmesartan']",0205052ACBBADAD,"[('40000', 'mcg'), ('5000', 'mcg'), ('25000', 'mcg')]",[]
"['amlodipine', 'hydrochlorothiazide', 'olmesartan']",0205052ACBBAEAE,"[('40000', 'mcg'), ('10000', 'mcg'), ('25000', 'mcg')]",[]
['azilsartan'],0205052ADAAAAAA,"[('20000', 'mcg')]",[]
['azilsartan'],0205052ADAAABAB,"[('40000', 'mcg')]",[]
['azilsartan'],0205052ADAAACAC,"[('80000', 'mcg')]",[]
['azilsartan'],0205052ADBBAAAA,"[('20000', 'mcg')]",[]
['azilsartan'],0205052ADBBABAB,"[('40000', 'mcg')]",[]
['azilsartan'],0205052ADBBACAC,"[('80000', 'mcg')]",[]
"['sacubitril', 'valsartan']",0205052AEAAAAAA,"[('49000', 'mcg'), ('51000', 'mcg')]",[]
"['sacubitril', 'valsartan']",0205052AEAAABAB,"[('97000', 'mcg'), ('103000', 'mcg')]",[]
"['sacubitril', 'valsartan']",0205052AEAAACAC,"[('24000', 'mcg'), ('26000', 'mcg')]",[]
"['sacubitril', 'valsartan']",0205052AEBBAAAA,"[('49000', 'mcg'), ('51000', 'mcg')]",[]
"['sacubitril', 'valsartan']",0205052AEBBABAB,"[('97000', 'mcg'), ('103000', 'mcg')]",[]
"['sacubitril', 'valsartan']",0205052AEBBACAC,"[('24000', 'mcg'), ('26000', 'mcg')]",[]
['olmesartan'],0205052B0AAAAAA,"[('10000', 'mcg')]",[]
['olmesartan'],0205052B0AAABAB,"[('20000', 'mcg')]",[]
['olmesartan'],0205052B0AAACAC,"[('40000', 'mcg')]",[]
['olmesartan'],0205052B0AAADAD,"[('10000', 'mcg')]",[]
['olmesartan'],0205052B0BBAAAA,"[('10000', 'mcg')]",[]
['olmesartan'],0205052B0BBABAB,"[('20000', 'mcg')]",[]
['olmesartan'],0205052B0BBACAC,"[('40000', 'mcg')]",[]
['candesartan'],0205052C0AAAAAA,"[('2000', 'mcg')]",[]
['candesartan'],0205052C0AAABAB,"[('4000', 'mcg')]",[]
['candesartan'],0205052C0AAACAC,"[('8000', 'mcg')]",[]
['candesartan'],0205052C0AAADAD,"[('16000', 'mcg')]",[]
['candesartan'],0205052C0AAAEAE,"[('16000', 'mcg')]",[]
['candesartan'],0205052C0AAAFAF,"[('4000', 'mcg')]",[]
['candesartan'],0205052C0AAAGAG,"[('8000', 'mcg')]",[]
['candesartan'],0205052C0AAAHAH,"[('32000', 'mcg')]",[]
['candesartan'],0205052C0AAAIAI,"[('4000', 'mcg')]",[]
['candesartan'],0205052C0AAAJAJ,"[('8000', 'mcg')]",[]
['candesartan'],0205052C0BBAAAA,"[('2000', 'mcg')]",[]
['candesartan'],0205052C0BBABAB,"[('4000', 'mcg')]",[]
['candesartan'],0205052C0BBACAC,"[('8000', 'mcg')]",[]
['candesartan'],0205052C0BBADAD,"[('16000', 'mcg')]",[]
['candesartan'],0205052C0BBAEAH,"[('32000', 'mcg')]",[]
['candesartan'],0205052C0BCAAAB,"[('4000', 'mcg')]",[]
['candesartan'],0205052C0BCABAC,"[('8000', 'mcg')]",[]
['candesartan'],0205052C0BCACAD,"[('16000', 'mcg')]",[]
['candesartan'],0205052C0BDAAAD,"[('16000', 'mcg')]",[]
['candesartan'],0205052C0BDABAC,"[('8000', 'mcg')]",[]
['candesartan'],0205052C0BDACAB,"[('4000', 'mcg')]",[]
['irbesartan'],0205052I0AAAAAA,"[('75000', 'mcg')]",[]
['irbesartan'],0205052I0AAABAB,"[('150000', 'mcg')]",[]
['irbesartan'],0205052I0AAACAC,"[('300000', 'mcg')]",[]
['irbesartan'],0205052I0AAADAD,"[('150000', 'mcg')]",[]
['irbesartan'],0205052I0AAAEAE,"[('300000', 'mcg')]",[]
['irbesartan'],0205052I0AAAFAF,"[('150000', 'mcg')]",[]
['irbesartan'],0205052I0AAAGAG,"[('300000', 'mcg')]",[]
['irbesartan'],0205052I0AAAHAH,"[('75000', 'mcg')]",[]
['irbesartan'],0205052I0AAAIAI,"[('300000', 'mcg')]",[]
['irbesartan'],0205052I0AAAJAJ,"[('20000', 'mcg')]",[]
['irbesartan'],0205052I0AAAKAK,"[('30000', 'mcg')]",[]
['irbesartan'],0205052I0AAALAL,"[('37500', 'mcg')]",[]
['irbesartan'],0205052I0BBAAAA,"[('75000', 'mcg')]",[]
['irbesartan'],0205052I0BBABAB,"[('150000', 'mcg')]",[]
['irbesartan'],0205052I0BBACAC,"[('300000', 'mcg')]",[]
['irbesartan'],0205052I0BCAAAA,"[('75000', 'mcg')]",[]
['irbesartan'],0205052I0BCABAB,"[('150000', 'mcg')]",[]
['irbesartan'],0205052I0BCACAC,"[('300000', 'mcg')]",[]
['irbesartan'],0205052I0BDAAAA,"[('75000', 'mcg')]",[]
['irbesartan'],0205052I0BDABAB,"[('150000', 'mcg')]",[]
['irbesartan'],0205052I0BDACAC,"[('300000', 'mcg')]",[]
['irbesartan'],0205052I0BEAAAA,"[('75000', 'mcg')]",[]
['irbesartan'],0205052I0BEABAB,"[('150000', 'mcg')]",[]
['irbesartan'],0205052I0BEACAC,"[('300000', 'mcg')]",[]
['losartan'],0205052N0AAAAAA,"[('25000', 'mcg')]",[]
['losartan'],0205052N0AAABAB,"[('50000', 'mcg')]",[]
['losartan'],0205052N0AAACAC,"[('50000', 'mcg')]",[]
['losartan'],0205052N0AAADAD,"[('100000', 'mcg')]",[]
['losartan'],0205052N0AAAEAE,"[('50000', 'mcg')]",[]
['losartan'],0205052N0AAAFAF,"[('100000', 'mcg')]",[]
['losartan'],0205052N0AAAGAG,"[('25000', 'mcg')]",[]
['losartan'],0205052N0AAAHAH,"[('12500', 'mcg')]",[]
['losartan'],0205052N0AAAIAI,"[('12500', 'mcg')]",[]
['losartan'],0205052N0AAAJAJ,"[('50000', 'mcg')]",[]
['losartan'],0205052N0AAAKAK,"[('20000', 'mcg')]",[]
['losartan'],0205052N0BBAAAA,"[('25000', 'mcg')]",[]
['losartan'],0205052N0BBABAB,"[('50000', 'mcg')]",[]
['losartan'],0205052N0BBACAD,"[('100000', 'mcg')]",[]
['losartan'],0205052N0BBADAH,"[('12500', 'mcg')]",[]
['losartan'],0205052N0BBAEAI,"[('2500', 'mcg')]",[]
['losartan'],0205052N0BCAAAB,"[('50000', 'mcg')]",[]
"['hydrochlorothiazide', 'losartan']",0205052P0AAAAAA,"[('50000', 'mcg'), ('12500', 'mcg')]",[]
"['hydrochlorothiazide', 'losartan']",0205052P0AAABAB,"[('100000', 'mcg'), ('25000', 'mcg')]",[]
"['hydrochlorothiazide', 'losartan']",0205052P0AAACAC,"[('100000', 'mcg'), ('12500', 'mcg')]",[]
"['hydrochlorothiazide', 'losartan']",0205052P0BBAAAA,"[('50000', 'mcg'), ('12500', 'mcg')]",[]
"['hydrochlorothiazide', 'losartan']",0205052P0BBABAB,"[('100000', 'mcg'), ('25000', 'mcg')]",[]
"['hydrochlorothiazide', 'losartan']",0205052P0BBACAC,"[('100000', 'mcg'), ('12500', 'mcg')]",[]
"['hydrochlorothiazide', 'losartan']",0205052P0BCAAAA,[],[]
['telmisartan'],0205052Q0AAAAAA,"[('40000', 'mcg')]",[]
['telmisartan'],0205052Q0AAABAB,"[('80000', 'mcg')]",[]
['telmisartan'],0205052Q0AAACAC,"[('20000', 'mcg')]",[]
['telmisartan'],0205052Q0AAADAD,"[('40000', 'mcg')]",[]
['telmisartan'],0205052Q0BBAAAA,"[('40000', 'mcg')]",[]
['telmisartan'],0205052Q0BBABAB,"[('80000', 'mcg')]",[]
['telmisartan'],0205052Q0BBACAC,"[('20000', 'mcg')]",[]
['telmisartan'],0205052Q0BCAAAA,"[('40000', 'mcg')]",[]
['telmisartan'],0205052Q0BCABAB,"[('80000', 'mcg')]",[]
['telmisartan'],0205052Q0BCACAC,"[('20000', 'mcg')]",[]
"['hydrochlorothiazide', 'telmisartan']",0205052R0AAAAAA,"[('40000', 'mcg'), ('12500', 'mcg')]",[]
"['hydrochlorothiazide', 'telmisartan']",0205052R0AAABAB,"[('80000', 'mcg'), ('12500', 'mcg')]",[]
"['hydrochlorothiazide', 'telmisartan']",0205052R0AAACAC,"[('80000', 'mcg'), ('25000', 'mcg')]",[]
"['hydrochlorothiazide', 'telmisartan']",0205052R0BBAAAA,"[('40000', 'mcg'), ('12500', 'mcg')]",[]
"['hydrochlorothiazide', 'telmisartan']",0205052R0BBABAB,"[('80000', 'mcg'), ('12500', 'mcg')]",[]
"['hydrochlorothiazide', 'telmisartan']",0205052R0BBACAC,"[('80000', 'mcg'), ('25000', 'mcg')]",[]
"['hydrochlorothiazide', 'telmisartan']",0205052R0BCAAAA,"[('40000', 'mcg'), ('12500', 'mcg')]",[]
"['hydrochlorothiazide', 'telmisartan']",0205052R0BCABAB,"[('80000', 'mcg'), ('12500', 'mcg')]",[]
"['hydrochlorothiazide', 'telmisartan']",0205052R0BCACAC,"[('80000', 'mcg'), ('25000', 'mcg')]",[]
"['hydrochlorothiazide', 'telmisartan']",0205052R0BDAAAA,"[('40000', 'mcg'), ('12500', 'mcg')]",[]
"['hydrochlorothiazide', 'telmisartan']",0205052R0BDABAB,"[('80000', 'mcg'), ('12500', 'mcg')]",[]
"['hydrochlorothiazide', 'telmisartan']",0205052R0BDACAC,"[('80000', 'mcg'), ('25000', 'mcg')]",[]
['valsartan'],0205052V0AAAAAA,"[('40000', 'mcg')]",[]
['valsartan'],0205052V0AAABAB,"[('80000', 'mcg')]",[]
['valsartan'],0205052V0AAACAC,"[('160000', 'mcg')]",[]
['valsartan'],0205052V0AAADAD,"[('40000', 'mcg')]",[]
['valsartan'],0205052V0AAAEAE,"[('40000', 'mcg')]",[]
['valsartan'],0205052V0AAAFAF,"[('320000', 'mcg')]",[]
['valsartan'],0205052V0AAAGAG,"[('160000', 'mcg')]",[]
['valsartan'],0205052V0AAAHAH,"[('160000', 'mcg')]",[]
['valsartan'],0205052V0AAAIAI,"[('80000', 'mcg')]",[]
['valsartan'],0205052V0AAAJAJ,"[('3000', 'mcg')]",[]
['valsartan'],0205052V0BBAAAA,"[('40000', 'mcg')]",[]
['valsartan'],0205052V0BBABAB,"[('80000', 'mcg')]",[]
['valsartan'],0205052V0BBACAC,"[('160000', 'mcg')]",[]
['valsartan'],0205052V0BBADAD,"[('40000', 'mcg')]",[]
['valsartan'],0205052V0BBAEAF,"[('320000', 'mcg')]",[]
['valsartan'],0205052V0BBAFAJ,"[('3000', 'mcg')]",[]
['eprosartan'],0205052W0AAAAAA,"[('300000', 'mcg')]",[]
['eprosartan'],0205052W0AAABAB,"[('400000', 'mcg')]",[]
['eprosartan'],0205052W0AAACAC,"[('600000', 'mcg')]",[]
['eprosartan'],0205052W0AAADAD,"[('300000', 'mcg')]",[]
['eprosartan'],0205052W0BBAAAA,"[('300000', 'mcg')]",[]
['eprosartan'],0205052W0BBABAB,"[('400000', 'mcg')]",[]
['eprosartan'],0205052W0BBACAC,"[('600000', 'mcg')]",[]
"['hydrochlorothiazide', 'valsartan']",0205052X0AAAAAA,"[('160000', 'mcg'), ('12500', 'mcg')]",[]
"['hydrochlorothiazide', 'valsartan']",0205052X0AAABAB,"[('160000', 'mcg'), ('25000', 'mcg')]",[]
"['hydrochlorothiazide', 'valsartan']",0205052X0AAACAC,"[('80000', 'mcg'), ('12500', 'mcg')]",[]
"['hydrochlorothiazide', 'valsartan']",0205052X0BBAAAA,"[('160000', 'mcg'), ('12500', 'mcg')]",[]
"['hydrochlorothiazide', 'valsartan']",0205052X0BBABAB,"[('160000', 'mcg'), ('25000', 'mcg')]",[]
"['hydrochlorothiazide', 'valsartan']",0205052X0BBACAC,"[('80000', 'mcg'), ('12500', 'mcg')]",[]
"['hydrochlorothiazide', 'olmesartan']",0205052Y0AAAAAA,"[('20000', 'mcg'), ('12500', 'mcg')]",[]
"['hydrochlorothiazide', 'olmesartan']",0205052Y0AAABAB,"[('20000', 'mcg'), ('25000', 'mcg')]",[]
"['hydrochlorothiazide', 'olmesartan']",0205052Y0AAACAC,"[('40000', 'mcg'), ('12500', 'mcg')]",[]
"['hydrochlorothiazide', 'olmesartan']",0205052Y0BBAAAA,"[('20000', 'mcg'), ('12500', 'mcg')]",[]
"['hydrochlorothiazide', 'olmesartan']",0205052Y0BBABAB,"[('20000', 'mcg'), ('25000', 'mcg')]",[]
"['hydrochlorothiazide', 'olmesartan']",0205052Y0BBACAC,"[('40000', 'mcg'), ('12500', 'mcg')]",[]
['aliskiren'],0205053A0AAAAAA,"[('150000', 'mcg')]",[]
['aliskiren'],0205053A0AAABAB,"[('300000', 'mcg')]",[]
['aliskiren'],0205053A0BBAAAA,"[('150000', 'mcg')]",[]
['aliskiren'],0205053A0BBABAB,"[('300000', 'mcg')]",[]
['glyceryl_trinitrate'],0206010F0AAA1A1,"[('400', 'mcg')]",[]
['glyceryl_trinitrate'],0206010F0AAA5A5,"[('300', 'mcg')]",[]
['glyceryl_trinitrate'],0206010F0AAA6A6,"[('2500', 'mcg')]",[]
['glyceryl_trinitrate'],0206010F0AAA7A7,"[('5000', 'mcg')]","[('10', 'sztuk')]"
['glyceryl_trinitrate'],0206010F0AAA8A8,"[('400', 'mcg')]",[]
['glyceryl_trinitrate'],0206010F0AAAAAA,"[('400', 'mcg')]",[]
['glyceryl_trinitrate'],0206010F0AAABAB,"[('16000', 'mcg')]",[]
['glyceryl_trinitrate'],0206010F0AAACAC,"[('25000', 'mcg')]",[]
['glyceryl_trinitrate'],0206010F0AAADAD,"[('50000', 'mcg')]",[]
['glyceryl_trinitrate'],0206010F0AAAEAE,"[('500', 'mcg')]","[('10', 'sztuk')]"
['glyceryl_trinitrate'],0206010F0AAAFAF,"[('2', '%')]",[]
['glyceryl_trinitrate'],0206010F0AAAGAG,"[('300', 'mcg')]",[]
['glyceryl_trinitrate'],0206010F0AAAHAH,"[('500', 'mcg')]",[]
['glyceryl_trinitrate'],0206010F0AAAIAI,"[('600', 'mcg')]",[]
['glyceryl_trinitrate'],0206010F0AAAJAJ,"[('1000', 'mcg')]",[]
['glyceryl_trinitrate'],0206010F0AAAKAK,"[('2000', 'mcg')]",[]
['glyceryl_trinitrate'],0206010F0AAALAL,"[('2600', 'mcg')]",[]
['glyceryl_trinitrate'],0206010F0AAAMAM,"[('3000', 'mcg')]",[]
['glyceryl_trinitrate'],0206010F0AAANAN,"[('5000', 'mcg')]",[]
['glyceryl_trinitrate'],0206010F0AAAPAP,"[('6400', 'mcg')]",[]
['glyceryl_trinitrate'],0206010F0AAAQAQ,"[('10000', 'mcg')]",[]
['glyceryl_trinitrate'],0206010F0AAARAR,"[('32000', 'mcg')]",[]
['glyceryl_trinitrate'],0206010F0AAASAS,"[('100', 'mcg')]",[]
['glyceryl_trinitrate'],0206010F0AAATAT,"[('1', '%')]",[]
['glyceryl_trinitrate'],0206010F0AAAUAU,"[('1000', 'mcg')]","[('5', 'sztuk')]"
['glyceryl_trinitrate'],0206010F0AAAVAV,"[('1000', 'mcg')]","[('50', 'sztuk')]"
['glyceryl_trinitrate'],0206010F0AAAWAW,"[('100', 'mcg')]",[]
['glyceryl_trinitrate'],0206010F0AAAXAX,"[('200', 'mcg')]",[]
['glyceryl_trinitrate'],0206010F0AAAYAY,"[('400', 'mcg')]",[]
['glyceryl_trinitrate'],0206010F0AAAZAZ,"[('600', 'mcg')]",[]
['glyceryl_trinitrate'],0206010F0AABABA,"[('18000', 'mcg')]",[]
['glyceryl_trinitrate'],0206010F0AABBBB,"[('36000', 'mcg')]",[]
['glyceryl_trinitrate'],0206010F0AABCBC,"[('54000', 'mcg')]",[]
['glyceryl_trinitrate'],0206010F0AABDBD,"[('25000', 'mcg')]",[]
['glyceryl_trinitrate'],0206010F0AABEBE,"[('50000', 'mcg')]",[]
['glyceryl_trinitrate'],0206010F0AABFBF,"[('5000', 'mcg')]","[('5', 'sztuk')]"
['glyceryl_trinitrate'],0206010F0AABGBG,"[('2500', 'mcg')]",[]
['glyceryl_trinitrate'],0206010F0AABHBH,"[('5000', 'mcg')]",[]
['glyceryl_trinitrate'],0206010F0AABIBI,"[('10000', 'mcg')]",[]
['glyceryl_trinitrate'],0206010F0AABJBJ,"[('15000', 'mcg')]",[]
['glyceryl_trinitrate'],0206010F0AABLBL,"[('400', 'mcg')]",[]
['glyceryl_trinitrate'],0206010F0AABNBN,"[('5000', 'mcg')]",[]
['glyceryl_trinitrate'],0206010F0AABPBP,"[('10000', 'mcg')]",[]
['glyceryl_trinitrate'],0206010F0AABXBX,"[('2', '%')]",[]
['glyceryl_trinitrate'],0206010F0AABYBY,"[('400', 'mcg'), ('250000', 'mcg'), ('75000', 'mcg')]",[]
['glyceryl_trinitrate'],0206010F0AABZBZ,"[('400', 'mcg')]",[]
['glyceryl_trinitrate'],0206010F0AACACA,"[('2500', 'mcg')]",[]
['glyceryl_trinitrate'],0206010F0AACBCB,"[('15000', 'mcg')]",[]
['glyceryl_trinitrate'],0206010F0AACFCF,"[('400', 'mcg')]",[]
['glyceryl_trinitrate'],0206010F0AACGCG,"[('400', 'mcg')]",[]
['glyceryl_trinitrate'],0206010F0AACHCH,"[('400', 'mcg')]",[]
['glyceryl_trinitrate'],0206010F0AACICI,"[('400', 'mcg')]",[]
['glyceryl_trinitrate'],0206010F0AACJCJ,"[('400', 'mcg')]",[]
['glyceryl_trinitrate'],0206010F0AACKCK,"[('400', 'mcg')]",[]
['glyceryl_trinitrate'],0206010F0AACLCL,"[('1000', 'mcg')]","[('10', 'sztuk')]"
['glyceryl_trinitrate'],0206010F0BBAAAA,"[('400', 'mcg')]",[]
['glyceryl_trinitrate'],0206010F0BBABCJ,"[('400', 'mcg')]",[]
['glyceryl_trinitrate'],0206010F0BCAABH,[],[]
['glyceryl_trinitrate'],0206010F0BCABBI,[],[]
['glyceryl_trinitrate'],0206010F0BDAACL,"[('1000', 'mcg')]","[('10', 'sztuk')]"
['glyceryl_trinitrate'],0206010F0BDABAV,"[('1000', 'mcg')]","[('50', 'sztuk')]"
['glyceryl_trinitrate'],0206010F0BEAAAL,"[('2600', 'mcg')]",[]
['glyceryl_trinitrate'],0206010F0BEABAP,"[('6400', 'mcg')]",[]
['glyceryl_trinitrate'],0206010F0BFAAAA,"[('400', 'mcg')]",[]
['glyceryl_trinitrate'],0206010F0BFABCJ,"[('400', 'mcg')]",[]
['glyceryl_trinitrate'],0206010F0BFACBY,"[('400', 'mcg'), ('250000', 'mcg'), ('75000', 'mcg')]",[]
['glyceryl_trinitrate'],0206010F0BFADCI,"[('400', 'mcg')]",[]
['glyceryl_trinitrate'],0206010F0BFAECK,"[('400', 'mcg')]",[]
['glyceryl_trinitrate'],0206010F0BGAAAU,"[('1000', 'mcg')]","[('5', 'sztuk')]"
['glyceryl_trinitrate'],0206010F0BGABAV,"[('1000', 'mcg')]","[('50', 'sztuk')]"
['glyceryl_trinitrate'],0206010F0BHAAAF,"[('2', '%')]",[]
['glyceryl_trinitrate'],0206010F0BIAAAJ,"[('1000', 'mcg')]",[]
['glyceryl_trinitrate'],0206010F0BIABAK,"[('2000', 'mcg')]",[]
['glyceryl_trinitrate'],0206010F0BIACAM,"[('3000', 'mcg')]",[]
['glyceryl_trinitrate'],0206010F0BIADAN,"[('5000', 'mcg')]",[]
['glyceryl_trinitrate'],0206010F0BJAAAL,"[('2600', 'mcg')]",[]
['glyceryl_trinitrate'],0206010F0BJABAP,"[('6400', 'mcg')]",[]
['glyceryl_trinitrate'],0206010F0BJACAQ,"[('10000', 'mcg')]",[]
['glyceryl_trinitrate'],0206010F0BKAABH,[],[]
['glyceryl_trinitrate'],0206010F0BKABBI,[],[]
['glyceryl_trinitrate'],0206010F0BLAAAE,"[('500', 'mcg')]","[('10', 'sztuk')]"
['glyceryl_trinitrate'],0206010F0BLABA7,"[('5000', 'mcg')]","[('10', 'sztuk')]"
['glyceryl_trinitrate'],0206010F0BMAAA0,[],[]
['glyceryl_trinitrate'],0206010F0BPAAA0,[],[]
['glyceryl_trinitrate'],0206010F0BQAAA5,"[('300', 'mcg')]",[]
['glyceryl_trinitrate'],0206010F0BRAAA1,"[('400', 'mcg')]",[]
['glyceryl_trinitrate'],0206010F0BRABCH,"[('400', 'mcg')]",[]
['glyceryl_trinitrate'],0206010F0BSAABG,"[('2500', 'mcg')]",[]
['glyceryl_trinitrate'],0206010F0BSABBH,"[('5000', 'mcg')]",[]
['glyceryl_trinitrate'],0206010F0BSACBI,"[('10000', 'mcg')]",[]
['glyceryl_trinitrate'],0206010F0BSADBJ,"[('15000', 'mcg')]",[]
['glyceryl_trinitrate'],0206010F0BTAAA6,"[('2500', 'mcg')]",[]
['glyceryl_trinitrate'],0206010F0BUAABH,[],[]
['glyceryl_trinitrate'],0206010F0BUABBI,[],[]
['glyceryl_trinitrate'],0206010F0BUACBJ,[],[]
['glyceryl_trinitrate'],0206010F0BVAABH,"[('5000', 'mcg')]",[]
['glyceryl_trinitrate'],0206010F0BVABBI,"[('10000', 'mcg')]",[]
['glyceryl_trinitrate'],0206010F0BWAACI,"[('400', 'mcg')]",[]
['glyceryl_trinitrate'],0206010F0BWABCJ,"[('400', 'mcg')]",[]
['glyceryl_trinitrate'],0206010F0BXAABH,"[('5000', 'mcg')]",[]
['glyceryl_trinitrate'],0206010F0BXABBI,"[('10000', 'mcg')]",[]
['glyceryl_trinitrate'],0206010F0BXACBJ,"[('15000', 'mcg')]",[]
['isosorbide_dinitrate'],0206010I0AAAAAA,"[('20000', 'mcg')]",[]
['isosorbide_dinitrate'],0206010I0AAABAB,"[('40000', 'mcg')]",[]
['isosorbide_dinitrate'],0206010I0AAACAC,"[('1000', 'mcg')]","[('10', 'sztuk')]"
['isosorbide_dinitrate'],0206010I0AAADAD,"[('10000', 'mcg')]",[]
['isosorbide_dinitrate'],0206010I0AAAEAE,"[('20000', 'mcg')]",[]
['isosorbide_dinitrate'],0206010I0AAAFAF,"[('30000', 'mcg')]",[]
['isosorbide_dinitrate'],0206010I0AAAGAG,"[('40000', 'mcg')]",[]
['isosorbide_dinitrate'],0206010I0AAAHAH,"[('5000', 'mcg')]",[]
['isosorbide_dinitrate'],0206010I0AAAIAI,"[('20000', 'mcg')]",[]
['isosorbide_dinitrate'],0206010I0AAAJAJ,"[('40000', 'mcg')]",[]
['isosorbide_dinitrate'],0206010I0AAAKAK,"[('5000', 'mcg')]",[]
['isosorbide_dinitrate'],0206010I0AAALAL,"[('5000', 'mcg')]",[]
['isosorbide_dinitrate'],0206010I0AAAMAM,"[('1250', 'mcg')]",[]
['isosorbide_dinitrate'],0206010I0AAANAN,[],[]
['isosorbide_dinitrate'],0206010I0AAAPAP,"[('40000', 'mcg')]",[]
['isosorbide_dinitrate'],0206010I0AAAQAQ,"[('20000', 'mcg')]",[]
['isosorbide_dinitrate'],0206010I0AAARAR,"[('10000', 'mcg')]",[]
['isosorbide_dinitrate'],0206010I0AAASAS,"[('40000', 'mcg')]",[]
['isosorbide_dinitrate'],0206010I0AAATAT,"[('5000', 'mcg')]",[]
['isosorbide_dinitrate'],0206010I0AAAUAU,"[('30000', 'mcg'), ('25000000', 'mcg')]",[]
['isosorbide_dinitrate'],0206010I0AAAVAV,"[('20000', 'mcg')]",[]
['isosorbide_dinitrate'],0206010I0AAAWAW,"[('30000', 'mcg')]",[]
['isosorbide_dinitrate'],0206010I0AAAXAX,"[('30000', 'mcg'), ('50000000', 'mcg')]",[]
['isosorbide_dinitrate'],0206010I0AAAYAY,"[('25000', 'mcg')]",[]
['isosorbide_dinitrate'],0206010I0AAAZAZ,"[('25000', 'mcg')]",[]
['isosorbide_dinitrate'],0206010I0AABABA,"[('50000', 'mcg')]",[]
['isosorbide_dinitrate'],0206010I0BGAAAK,"[('5000', 'mcg')]",[]
['isosorbide_dinitrate'],0206010I0BGABAD,"[('10000', 'mcg')]",[]
['isosorbide_dinitrate'],0206010I0BGACAE,"[('20000', 'mcg')]",[]
['isosorbide_dinitrate'],0206010I0BGADAI,"[('20000', 'mcg')]",[]
['isosorbide_dinitrate'],0206010I0BGAEAC,"[('0.1', '%'), ('1000', 'mcg')]","[('10', 'sztuk')]"
['isosorbide_dinitrate'],0206010I0BGAFA0,"[('0.1', '%'), ('50000', 'mcg')]",[]
['isosorbide_dinitrate'],0206010I0BGAGAJ,"[('40000', 'mcg')]",[]
['isosorbide_dinitrate'],0206010I0BGAHAY,"[('0.05', '%'), ('25000', 'mcg')]",[]
['isosorbide_dinitrate'],0206010I0BHAAAL,"[('5000', 'mcg')]",[]
['isosorbide_dinitrate'],0206010I0BLAAAK,"[('5000', 'mcg')]",[]
['isosorbide_dinitrate'],0206010I0BLABAD,"[('10000', 'mcg')]",[]
['isosorbide_dinitrate'],0206010I0BLACAF,"[('30000', 'mcg')]",[]
['isosorbide_dinitrate'],0206010I0BLADAB,"[('40000', 'mcg')]",[]
['isosorbide_dinitrate'],0206010I0BNAAAA,"[('20000', 'mcg')]",[]
['isosorbide_dinitrate'],0206010I0BNABAB,"[('40000', 'mcg')]",[]
['isosorbide_dinitrate'],0206010I0BPAAAH,"[('5000', 'mcg')]",[]
['isosorbide_dinitrate'],0206010I0BQAAAJ,"[('40000', 'mcg')]",[]
['isosorbide_dinitrate'],0206010I0BQABAA,"[('20000', 'mcg')]",[]
['isosorbide_dinitrate'],0206010I0BQACAB,"[('40000', 'mcg')]",[]
['isosorbide_dinitrate'],0206010I0BRAAAD,"[('10000', 'mcg')]",[]
['isosorbide_dinitrate'],0206010I0BRABAE,"[('20000', 'mcg')]",[]
['isosorbide_dinitrate'],0206010I0BSAAAD,"[('10000', 'mcg')]",[]
['isosorbide_dinitrate'],0206010I0BSABAF,"[('30000', 'mcg')]",[]
['isosorbide_dinitrate'],0206010I0BTAAAM,"[('1250', 'mcg'), ('17000000', 'mcg')]",[]
['isosorbide_dinitrate'],0206010I0BUAAAD,"[('10000', 'mcg')]",[]
['isosorbide_dinitrate'],0206010I0BUABAE,"[('20000', 'mcg')]",[]
['isosorbide_dinitrate'],0206010I0BVAAAU,"[('30000', 'mcg'), ('25000000', 'mcg')]",[]
['isosorbide_dinitrate'],0206010I0BWAAAM,"[('1250', 'mcg'), ('17000000', 'mcg')]",[]
['isosorbide_dinitrate'],0206010I0BXAAAX,"[('30000', 'mcg'), ('50000000', 'mcg')]",[]
['isosorbide_dinitrate'],0206010I0BYAAAK,"[('5000', 'mcg')]",[]
['isosorbide_mononitrate'],0206010K0AAAAAA,"[('10000', 'mcg'), ('20000', 'mcg')]",[]
['isosorbide_mononitrate'],0206010K0AAABAB,"[('10000', 'mcg')]",[]
['isosorbide_mononitrate'],0206010K0AAACAC,"[('20000', 'mcg')]",[]
['isosorbide_mononitrate'],0206010K0AAADAD,"[('40000', 'mcg')]",[]
['isosorbide_mononitrate'],0206010K0AAAEAE,"[('60000', 'mcg')]",[]
['isosorbide_mononitrate'],0206010K0AAAFAF,"[('50000', 'mcg')]",[]
['isosorbide_mononitrate'],0206010K0AAAGAG,"[('40000', 'mcg')]",[]
['isosorbide_mononitrate'],0206010K0AAAHAH,"[('25000', 'mcg')]",[]
['isosorbide_mononitrate'],0206010K0AAAIAI,[],[]
['isosorbide_mononitrate'],0206010K0AAAKAK,"[('60000', 'mcg')]",[]
['isosorbide_mononitrate'],0206010K0AAALAL,"[('20000', 'mcg')]",[]
['isosorbide_mononitrate'],0206010K0AAAMAM,"[('40000', 'mcg')]",[]
['isosorbide_mononitrate'],0206010K0AAANAN,"[('10000', 'mcg')]",[]
['isosorbide_mononitrate'],0206010K0AAAPAP,"[('40000', 'mcg')]",[]
['isosorbide_mononitrate'],0206010K0AAAQAQ,"[('60000', 'mcg')]",[]
['isosorbide_mononitrate'],0206010K0AAARAR,"[('30000', 'mcg')]",[]
['isosorbide_mononitrate'],0206010K0AAASAS,"[('15000', 'mcg')]",[]
['isosorbide_mononitrate'],0206010K0AAATAT,"[('25000', 'mcg')]",[]
['isosorbide_mononitrate'],0206010K0AAAUAU,"[('50000', 'mcg')]",[]
['isosorbide_mononitrate'],0206010K0AAAVAV,"[('40000', 'mcg')]",[]
['isosorbide_mononitrate'],0206010K0AAAWAW,"[('60000', 'mcg')]",[]
['isosorbide_mononitrate'],0206010K0AAAXAX,"[('50000', 'mcg')]",[]
['isosorbide_mononitrate'],0206010K0AAAZAZ,"[('30000', 'mcg')]",[]
['isosorbide_mononitrate'],0206010K0AABABA,"[('60000', 'mcg')]",[]
['isosorbide_mononitrate'],0206010K0AABBBB,"[('20000', 'mcg')]",[]
['isosorbide_mononitrate'],0206010K0BBAAAB,"[('10000', 'mcg')]",[]
['isosorbide_mononitrate'],0206010K0BBABAC,"[('20000', 'mcg')]",[]
['isosorbide_mononitrate'],0206010K0BBACAD,"[('40000', 'mcg')]",[]
['isosorbide_mononitrate'],0206010K0BBADAF,"[('50000', 'mcg')]",[]
['isosorbide_mononitrate'],0206010K0BBAEAH,"[('25000', 'mcg')]",[]
['isosorbide_mononitrate'],0206010K0BCAAAE,"[('60000', 'mcg')]",[]
['isosorbide_mononitrate'],0206010K0BCABAH,"[('25000', 'mcg')]",[]
['isosorbide_mononitrate'],0206010K0BCACAF,"[('50000', 'mcg')]",[]
['isosorbide_mononitrate'],0206010K0BCADAG,"[('40000', 'mcg')]",[]
['isosorbide_mononitrate'],0206010K0BDAAAC,"[('20000', 'mcg')]",[]
['isosorbide_mononitrate'],0206010K0BDABAA,"[('10000', 'mcg'), ('20000', 'mcg')]",[]
['isosorbide_mononitrate'],0206010K0BDACAB,"[('10000', 'mcg')]",[]
['isosorbide_mononitrate'],0206010K0BDADAD,"[('40000', 'mcg')]",[]
['isosorbide_mononitrate'],0206010K0BDAEAG,"[('40000', 'mcg')]",[]
['isosorbide_mononitrate'],0206010K0BEAAAC,"[('20000', 'mcg')]",[]
['isosorbide_mononitrate'],0206010K0BEABAB,"[('10000', 'mcg')]",[]
['isosorbide_mononitrate'],0206010K0BEACAG,"[('40000', 'mcg')]",[]
['isosorbide_mononitrate'],0206010K0BEADAE,"[('60000', 'mcg')]",[]
['isosorbide_mononitrate'],0206010K0BGAAAC,"[('20000', 'mcg')]",[]
['isosorbide_mononitrate'],0206010K0BGABAD,"[('40000', 'mcg')]",[]
['isosorbide_mononitrate'],0206010K0BGACAB,"[('10000', 'mcg')]",[]
['isosorbide_mononitrate'],0206010K0BHAAAF,"[('50000', 'mcg')]",[]
['isosorbide_mononitrate'],0206010K0BKAAAE,"[('60000', 'mcg')]",[]
['isosorbide_mononitrate'],0206010K0BKABAZ,"[('30000', 'mcg')]",[]
['isosorbide_mononitrate'],0206010K0BLAAAC,"[('20000', 'mcg')]",[]
['isosorbide_mononitrate'],0206010K0BLABAB,"[('10000', 'mcg')]",[]
['isosorbide_mononitrate'],0206010K0BLACAD,"[('40000', 'mcg')]",[]
['isosorbide_mononitrate'],0206010K0BMAAAC,"[('20000', 'mcg')]",[]
['isosorbide_mononitrate'],0206010K0BNAAAC,"[('20000', 'mcg')]",[]
['isosorbide_mononitrate'],0206010K0BNABAD,"[('40000', 'mcg')]",[]
['isosorbide_mononitrate'],0206010K0BNACAE,"[('60000', 'mcg')]",[]
['isosorbide_mononitrate'],0206010K0BNADAF,"[('50000', 'mcg')]",[]
['isosorbide_mononitrate'],0206010K0BPAAAB,"[('10000', 'mcg')]",[]
['isosorbide_mononitrate'],0206010K0BPABAC,"[('20000', 'mcg')]",[]
['isosorbide_mononitrate'],0206010K0BPACAD,"[('40000', 'mcg')]",[]
['isosorbide_mononitrate'],0206010K0BQAAAB,"[('10000', 'mcg')]",[]
['isosorbide_mononitrate'],0206010K0BQABAD,"[('40000', 'mcg')]",[]
['isosorbide_mononitrate'],0206010K0BQACAC,"[('20000', 'mcg')]",[]
['isosorbide_mononitrate'],0206010K0BRAAAE,"[('60000', 'mcg')]",[]
['isosorbide_mononitrate'],0206010K0BSAAAE,"[('60000', 'mcg')]",[]
['isosorbide_mononitrate'],0206010K0BTAAAC,"[('20000', 'mcg')]",[]
['isosorbide_mononitrate'],0206010K0BTABAB,"[('10000', 'mcg')]",[]
['isosorbide_mononitrate'],0206010K0BTACAD,"[('40000', 'mcg')]",[]
['isosorbide_mononitrate'],0206010K0BTADAB,"[('10000', 'mcg')]",[]
['isosorbide_mononitrate'],0206010K0BTAEAQ,"[('60000', 'mcg')]",[]
['isosorbide_mononitrate'],0206010K0BTAFAP,"[('40000', 'mcg')]",[]
['isosorbide_mononitrate'],0206010K0BUAAAB,"[('10000', 'mcg')]",[]
['isosorbide_mononitrate'],0206010K0BUABAC,"[('20000', 'mcg')]",[]
['isosorbide_mononitrate'],0206010K0BUACAH,"[('25000', 'mcg')]",[]
['isosorbide_mononitrate'],0206010K0BUADAF,"[('50000', 'mcg')]",[]
['isosorbide_mononitrate'],0206010K0BVAAAE,"[('60000', 'mcg')]",[]
['isosorbide_mononitrate'],0206010K0BVABAH,"[('25000', 'mcg')]",[]
['isosorbide_mononitrate'],0206010K0BVACAF,"[('50000', 'mcg')]",[]
['isosorbide_mononitrate'],0206010K0BWAAAE,"[('60000', 'mcg')]",[]
['isosorbide_mononitrate'],0206010K0BWABAG,"[('40000', 'mcg')]",[]
['isosorbide_mononitrate'],0206010K0BWACAT,"[('25000', 'mcg')]",[]
['isosorbide_mononitrate'],0206010K0BWADAU,"[('50000', 'mcg')]",[]
['isosorbide_mononitrate'],0206010K0BWAEAF,"[('50000', 'mcg')]",[]
['isosorbide_mononitrate'],0206010K0BWAFAH,"[('25000', 'mcg')]",[]
['isosorbide_mononitrate'],0206010K0BXACAE,"[('60000', 'mcg')]",[]
['isosorbide_mononitrate'],0206010K0BYAAAE,"[('60000', 'mcg')]",[]
['isosorbide_mononitrate'],0206010K0BZAAAE,"[('60000', 'mcg')]",[]
['isosorbide_mononitrate'],0206010K0CBAAAE,"[('60000', 'mcg')]",[]
['isosorbide_mononitrate'],0206010K0CCAAAE,"[('60000', 'mcg')]",[]
['isosorbide_mononitrate'],0206010K0CCABAE,"[('60000', 'mcg')]",[]
['isosorbide_mononitrate'],0206010K0CCACAE,"[('60000', 'mcg')]",[]
['isosorbide_mononitrate'],0206010K0CCADAE,"[('60000', 'mcg')]",[]
['isosorbide_mononitrate'],0206010K0CDAAAE,"[('60000', 'mcg')]",[]
['isosorbide_mononitrate'],0206010K0CEAAAE,"[('60000', 'mcg')]",[]
['isosorbide_mononitrate'],0206010K0CEABAG,"[('40000', 'mcg')]",[]
['isosorbide_mononitrate'],0206010K0CFAAAE,"[('60000', 'mcg')]",[]
['isosorbide_mononitrate'],0206010K0CGAAAE,"[('60000', 'mcg')]",[]
['isosorbide_mononitrate'],0206010K0CGABAE,"[('60000', 'mcg')]",[]
['isosorbide_mononitrate'],0206010K0CHAAAE,"[('60000', 'mcg')]",[]
['isosorbide_mononitrate'],0206010K0CIAAAB,"[('10000', 'mcg')]",[]
['isosorbide_mononitrate'],0206010K0CIABAC,"[('20000', 'mcg')]",[]
['isosorbide_mononitrate'],0206010K0CIACAD,"[('40000', 'mcg')]",[]
['isosorbide_mononitrate'],0206010K0CIADAE,"[('60000', 'mcg')]",[]
['isosorbide_mononitrate'],0206010K0CJAAAE,"[('60000', 'mcg')]",[]
['isosorbide_mononitrate'],0206010K0CKAAAE,"[('60000', 'mcg')]",[]
['isosorbide_mononitrate'],0206010K0CLAAAF,"[('50000', 'mcg')]",[]
['isosorbide_mononitrate'],0206010K0CNAAAE,"[('60000', 'mcg')]",[]
['isosorbide_mononitrate'],0206010K0CPAAAF,"[('50000', 'mcg')]",[]
['isosorbide_mononitrate'],0206010K0CQAAAU,"[('50000', 'mcg')]",[]
['isosorbide_mononitrate'],0206010K0CQABAF,"[('50000', 'mcg')]",[]
['isosorbide_mononitrate'],0206010K0CRAAAE,"[('60000', 'mcg')]",[]
['isosorbide_mononitrate'],0206010K0CSAAAG,"[('40000', 'mcg')]",[]
['isosorbide_mononitrate'],0206010K0CSABAE,"[('60000', 'mcg')]",[]
['isosorbide_mononitrate'],0206010K0CTAAAE,"[('60000', 'mcg')]",[]
['isosorbide_mononitrate'],0206010K0CUAAAP,"[('40000', 'mcg')]",[]
['isosorbide_mononitrate'],0206010K0CUABAQ,"[('60000', 'mcg')]",[]
"['aspirin', 'isosorbide_mononitrate']",0206010W0AAAAAA,"[('60000', 'mcg'), ('75000', 'mcg')]",[]
"['aspirin', 'isosorbide_mononitrate']",0206010W0AAABAB,"[('60000', 'mcg'), ('150000', 'mcg')]",[]
"['aspirin', 'isosorbide_mononitrate']",0206010W0BBAAAA,[],[]
"['aspirin', 'isosorbide_mononitrate']",0206010W0BBABAB,[],[]
['amlodipine'],0206020A0AAAAAA,"[('5000', 'mcg')]",[]
['amlodipine'],0206020A0AAABAB,"[('10000', 'mcg')]",[]
['amlodipine'],0206020A0AAACAC,"[('5000', 'mcg')]",[]
['amlodipine'],0206020A0AAADAD,"[('10000', 'mcg')]",[]
['amlodipine'],0206020A0AAAEAE,"[('5000', 'mcg')]",[]
['amlodipine'],0206020A0AAAFAF,"[('50000', 'mcg')]",[]
['amlodipine'],0206020A0AAAGAG,"[('4000', 'mcg')]",[]
['amlodipine'],0206020A0AAAHAH,"[('10000', 'mcg')]",[]
['amlodipine'],0206020A0AAAIAI,"[('4000', 'mcg')]",[]
['amlodipine'],0206020A0AAAJAJ,"[('2500', 'mcg')]",[]
['amlodipine'],0206020A0AAAKAK,"[('2500', 'mcg')]",[]
['amlodipine'],0206020A0AAALAL,"[('5000', 'mcg')]",[]
['amlodipine'],0206020A0AAAMAM,"[('1500', 'mcg')]",[]
['amlodipine'],0206020A0AAANAN,"[('2000', 'mcg')]",[]
['amlodipine'],0206020A0AAAPAP,"[('10000', 'mcg')]",[]
['amlodipine'],0206020A0AAAQAQ,"[('5000', 'mcg')]",[]
['amlodipine'],0206020A0AAARAR,"[('5000', 'mcg')]",[]
['amlodipine'],0206020A0AAASAS,"[('10000', 'mcg')]",[]
['amlodipine'],0206020A0AAATAT,"[('10000', 'mcg')]",[]
['amlodipine'],0206020A0AAAUAU,"[('5000', 'mcg')]",[]
['amlodipine'],0206020A0BBAAAA,"[('5000', 'mcg')]",[]
['amlodipine'],0206020A0BBABAB,"[('10000', 'mcg')]",[]
['amlodipine'],0206020A0BCAAAB,"[('10000', 'mcg')]",[]
['amlodipine'],0206020A0BCABAA,"[('5000', 'mcg')]",[]
['amlodipine'],0206020A0BDAAAK,"[('2500', 'mcg')]",[]
['amlodipine'],0206020A0BDABAA,"[('5000', 'mcg')]",[]
['amlodipine'],0206020A0BEAAAA,"[('5000', 'mcg')]",[]
['amlodipine'],0206020A0BFAAAA,"[('5000', 'mcg')]",[]
['amlodipine'],0206020A0BFABAB,"[('10000', 'mcg')]",[]
['trimetazidine'],0206020B0AAAAAA,"[('20000', 'mcg')]",[]
['trimetazidine'],0206020B0AAABAB,"[('35000', 'mcg')]",[]
['trimetazidine'],0206020B0BBAAAA,"[('20000', 'mcg')]",[]
['trimetazidine'],0206020B0BBABAB,"[('35000', 'mcg')]",[]
['diltiazem'],0206020C0AAAAAA,"[('60000', 'mcg')]",[]
['diltiazem'],0206020C0AAABAB,"[('120000', 'mcg')]",[]
['diltiazem'],0206020C0AAACAC,"[('90000', 'mcg')]",[]
['diltiazem'],0206020C0AAADAD,"[('120000', 'mcg')]",[]
['diltiazem'],0206020C0AAAEAE,"[('300000', 'mcg')]",[]
['diltiazem'],0206020C0AAAFAF,"[('90000', 'mcg')]",[]
['diltiazem'],0206020C0AAAGAG,"[('180000', 'mcg')]",[]
['diltiazem'],0206020C0AAAHAH,"[('300000', 'mcg')]",[]
['diltiazem'],0206020C0AAAIAI,"[('120000', 'mcg')]",[]
['diltiazem'],0206020C0AAAJAJ,"[('60000', 'mcg')]",[]
['diltiazem'],0206020C0AAAKAK,"[('90000', 'mcg')]",[]
['diltiazem'],0206020C0AAALAL,"[('120000', 'mcg')]",[]
['diltiazem'],0206020C0AAAMAM,"[('240000', 'mcg')]",[]
['diltiazem'],0206020C0AAANAN,"[('180000', 'mcg')]",[]
['diltiazem'],0206020C0AAAPAP,"[('240000', 'mcg')]",[]
['diltiazem'],0206020C0AAAQAQ,[],[]
['diltiazem'],0206020C0AAARAR,"[('60000', 'mcg')]",[]
['diltiazem'],0206020C0AAASAS,"[('120000', 'mcg')]",[]
['diltiazem'],0206020C0AAATAT,"[('90000', 'mcg')]",[]
['diltiazem'],0206020C0AAAUAU,"[('120000', 'mcg')]",[]
['diltiazem'],0206020C0AAAVAV,"[('180000', 'mcg')]",[]
['diltiazem'],0206020C0AAAWAW,"[('240000', 'mcg')]",[]
['diltiazem'],0206020C0AAAXAX,"[('200000', 'mcg')]",[]
['diltiazem'],0206020C0AAAYAY,"[('240000', 'mcg')]",[]
['diltiazem'],0206020C0AAAZAZ,"[('90000', 'mcg')]",[]
['diltiazem'],0206020C0AABABA,"[('360000', 'mcg')]",[]
['diltiazem'],0206020C0AABBBB,"[('120000', 'mcg')]",[]
['diltiazem'],0206020C0AABCBC,"[('100000', 'mcg')]",[]
['diltiazem'],0206020C0AABEBE,"[('50000', 'mcg')]",[]
['diltiazem'],0206020C0AABFBF,"[('30000', 'mcg')]",[]
['diltiazem'],0206020C0AABGBG,"[('20000', 'mcg')]",[]
['diltiazem'],0206020C0AABHBH,"[('10000', 'mcg')]",[]
['diltiazem'],0206020C0AABIBI,"[('60000', 'mcg')]",[]
['diltiazem'],0206020C0BBAAAA,"[('60000', 'mcg')]",[]
['diltiazem'],0206020C0BBABAC,"[('90000', 'mcg')]",[]
['diltiazem'],0206020C0BBACAS,"[('120000', 'mcg')]",[]
['diltiazem'],0206020C0BBADAE,"[('300000', 'mcg')]",[]
['diltiazem'],0206020C0BBAEAX,"[('200000', 'mcg')]",[]
['diltiazem'],0206020C0BCAAAA,"[('60000', 'mcg')]",[]
['diltiazem'],0206020C0BCABAS,"[('120000', 'mcg')]",[]
['diltiazem'],0206020C0BCACAC,"[('90000', 'mcg')]",[]
['diltiazem'],0206020C0BDAAAA,"[('60000', 'mcg')]",[]
['diltiazem'],0206020C0BEAAAA,"[('60000', 'mcg')]",[]
['diltiazem'],0206020C0BEABAC,"[('90000', 'mcg')]",[]
['diltiazem'],0206020C0BEACAS,"[('120000', 'mcg')]",[]
['diltiazem'],0206020C0BFAAAS,"[('120000', 'mcg')]",[]
['diltiazem'],0206020C0BFABAA,"[('60000', 'mcg')]",[]
['diltiazem'],0206020C0BFACAT,"[('90000', 'mcg')]",[]
['diltiazem'],0206020C0BFADAU,"[('120000', 'mcg')]",[]
['diltiazem'],0206020C0BFAEAV,"[('180000', 'mcg')]",[]
['diltiazem'],0206020C0BFAFAE,"[('300000', 'mcg')]",[]
['diltiazem'],0206020C0BFAGAU,"[('120000', 'mcg')]",[]
['diltiazem'],0206020C0BFAHAV,"[('180000', 'mcg')]",[]
['diltiazem'],0206020C0BFAIAW,"[('240000', 'mcg')]",[]
['diltiazem'],0206020C0BFAJAX,"[('200000', 'mcg')]",[]
['diltiazem'],0206020C0BGAAAA,"[('60000', 'mcg')]",[]
['diltiazem'],0206020C0BHAAAJ,"[('60000', 'mcg')]",[]
['diltiazem'],0206020C0BHABAT,"[('90000', 'mcg')]",[]
['diltiazem'],0206020C0BHACAU,"[('120000', 'mcg')]",[]
['diltiazem'],0206020C0BHADAU,"[('120000', 'mcg')]",[]
['diltiazem'],0206020C0BHAEAV,"[('180000', 'mcg')]",[]
['diltiazem'],0206020C0BHAFAW,"[('240000', 'mcg')]",[]
['diltiazem'],0206020C0BIAAAU,"[('120000', 'mcg')]",[]
['diltiazem'],0206020C0BIABAV,"[('180000', 'mcg')]",[]
['diltiazem'],0206020C0BIACAW,"[('240000', 'mcg')]",[]
['diltiazem'],0206020C0BIADAE,"[('300000', 'mcg')]",[]
['diltiazem'],0206020C0BJAAAT,"[('90000', 'mcg')]",[]
['diltiazem'],0206020C0BJABAU,"[('120000', 'mcg')]",[]
['diltiazem'],0206020C0BJACAV,"[('180000', 'mcg')]",[]
['diltiazem'],0206020C0BJADAW,"[('240000', 'mcg')]",[]
['diltiazem'],0206020C0BJAEAE,"[('300000', 'mcg')]",[]
['diltiazem'],0206020C0BKAAAA,"[('60000', 'mcg')]",[]
['diltiazem'],0206020C0BLAAAU,"[('120000', 'mcg')]",[]
['diltiazem'],0206020C0BMAAAE,"[('300000', 'mcg')]",[]
['diltiazem'],0206020C0BMABAU,"[('120000', 'mcg')]",[]
['diltiazem'],0206020C0BMACAV,"[('180000', 'mcg')]",[]
['diltiazem'],0206020C0BMADAW,"[('240000', 'mcg')]",[]
['diltiazem'],0206020C0BNAAAU,"[('120000', 'mcg')]",[]
['diltiazem'],0206020C0BNABAV,"[('180000', 'mcg')]",[]
['diltiazem'],0206020C0BNACAW,"[('240000', 'mcg')]",[]
['diltiazem'],0206020C0BNADAE,"[('300000', 'mcg')]",[]
['diltiazem'],0206020C0BNAEBA,"[('360000', 'mcg')]",[]
['diltiazem'],0206020C0BPAAAT,"[('90000', 'mcg')]",[]
['diltiazem'],0206020C0BPABAU,"[('120000', 'mcg')]",[]
['diltiazem'],0206020C0BPACAJ,"[('60000', 'mcg')]",[]
['diltiazem'],0206020C0BPADAU,"[('120000', 'mcg')]",[]
['diltiazem'],0206020C0BPAEAV,"[('180000', 'mcg')]",[]
['diltiazem'],0206020C0BPAFAW,"[('240000', 'mcg')]",[]
['diltiazem'],0206020C0BQAAAA,"[('60000', 'mcg')]",[]
['diltiazem'],0206020C0BQABAT,"[('90000', 'mcg')]",[]
['diltiazem'],0206020C0BQACAU,"[('120000', 'mcg')]",[]
['diltiazem'],0206020C0BQADAV,"[('180000', 'mcg')]",[]
['diltiazem'],0206020C0BQAEAW,"[('240000', 'mcg')]",[]
['diltiazem'],0206020C0BQAFAE,"[('300000', 'mcg')]",[]
['diltiazem'],0206020C0BRAAAJ,"[('60000', 'mcg')]",[]
['diltiazem'],0206020C0BRABAT,"[('90000', 'mcg')]",[]
['diltiazem'],0206020C0BRACAU,"[('120000', 'mcg')]",[]
['diltiazem'],0206020C0BRADAW,"[('240000', 'mcg')]",[]
['diltiazem'],0206020C0BRAEAE,"[('300000', 'mcg')]",[]
['diltiazem'],0206020C0BSAAAJ,"[('60000', 'mcg')]",[]
['diltiazem'],0206020C0BSABAT,"[('90000', 'mcg')]",[]
['diltiazem'],0206020C0BSACAU,"[('120000', 'mcg')]",[]
['diltiazem'],0206020C0BTAAAA,"[('60000', 'mcg')]",[]
['diltiazem'],0206020C0BUAAAJ,"[('60000', 'mcg')]",[]
['diltiazem'],0206020C0BUABAT,"[('90000', 'mcg')]",[]
['diltiazem'],0206020C0BUACAU,"[('120000', 'mcg')]",[]
['diltiazem'],0206020C0BVAAAV,"[('180000', 'mcg')]",[]
['diltiazem'],0206020C0BVABAW,"[('240000', 'mcg')]",[]
['diltiazem'],0206020C0BVACAE,"[('300000', 'mcg')]",[]
['diltiazem'],0206020C0BWAAAU,"[('120000', 'mcg')]",[]
['diltiazem'],0206020C0BWABAV,"[('180000', 'mcg')]",[]
['diltiazem'],0206020C0BWACAW,"[('240000', 'mcg')]",[]
['diltiazem'],0206020C0BWADAE,"[('300000', 'mcg')]",[]
['diltiazem'],0206020C0BWAEAJ,"[('60000', 'mcg')]",[]
['diltiazem'],0206020C0BWAFAT,"[('90000', 'mcg')]",[]
['diltiazem'],0206020C0BXAAAA,"[('60000', 'mcg')]",[]
['diltiazem'],0206020C0BYAAAJ,"[('60000', 'mcg')]",[]
['diltiazem'],0206020C0BYABAT,"[('90000', 'mcg')]",[]
['diltiazem'],0206020C0BYACAU,"[('120000', 'mcg')]",[]
['diltiazem'],0206020C0BZAAAE,[],[]
['diltiazem'],0206020C0BZABAU,[],[]
['diltiazem'],0206020C0BZACAV,[],[]
['diltiazem'],0206020C0BZADAW,[],[]
"['diltiazem', 'hydrochlorothiazide']",0206020D0AAAAAA,"[('150000', 'mcg'), ('12500', 'mcg')]",[]
['diltiazem'],0206020D0BBAAAA,[],[]
['felodipine'],0206020F0AAAAAA,"[('5000', 'mcg')]",[]
['felodipine'],0206020F0AAABAB,"[('5000', 'mcg')]",[]
['felodipine'],0206020F0AAACAC,"[('10000', 'mcg')]",[]
['felodipine'],0206020F0AAADAD,"[('2500', 'mcg')]",[]
['felodipine'],0206020F0AAAEAE,"[('2500', 'mcg')]",[]
['felodipine'],0206020F0AAAFAF,"[('7500', 'mcg')]",[]
['felodipine'],0206020F0AAAGAG,"[('2500', 'mcg')]",[]
['felodipine'],0206020F0AAAHAH,"[('5000', 'mcg')]",[]
['felodipine'],0206020F0AAAIAI,"[('2500', 'mcg')]",[]
['felodipine'],0206020F0BBAAAB,"[('5000', 'mcg')]",[]
['felodipine'],0206020F0BBABAC,"[('10000', 'mcg')]",[]
['felodipine'],0206020F0BBACAD,"[('2500', 'mcg')]",[]
['felodipine'],0206020F0BCAAAB,"[('5000', 'mcg')]",[]
['felodipine'],0206020F0BDAAAB,"[('5000', 'mcg')]",[]
['felodipine'],0206020F0BDABAD,"[('2500', 'mcg')]",[]
['felodipine'],0206020F0BDACAC,"[('10000', 'mcg')]",[]
['felodipine'],0206020F0BEAAAB,"[('5000', 'mcg')]",[]
['felodipine'],0206020F0BEABAC,"[('10000', 'mcg')]",[]
['felodipine'],0206020F0BEACAD,"[('2500', 'mcg')]",[]
['felodipine'],0206020F0BFAAAB,"[('5000', 'mcg')]",[]
['felodipine'],0206020F0BFABAC,"[('10000', 'mcg')]",[]
['felodipine'],0206020F0BGAAAB,"[('5000', 'mcg')]",[]
['felodipine'],0206020F0BGABAC,"[('10000', 'mcg')]",[]
['felodipine'],0206020F0BGACAD,"[('2500', 'mcg')]",[]
['felodipine'],0206020F0BHAAAB,"[('5000', 'mcg')]",[]
['felodipine'],0206020F0BHABAC,"[('10000', 'mcg')]",[]
['felodipine'],0206020F0BIAAAB,"[('5000', 'mcg')]",[]
['felodipine'],0206020F0BIABAC,"[('10000', 'mcg')]",[]
['felodipine'],0206020F0BIACAB,"[('5000', 'mcg')]",[]
['felodipine'],0206020F0BIADAC,"[('10000', 'mcg')]",[]
['felodipine'],0206020F0BJAAAB,"[('5000', 'mcg')]",[]
['felodipine'],0206020F0BJABAC,"[('10000', 'mcg')]",[]
['felodipine'],0206020F0BJACAD,"[('2500', 'mcg')]",[]
['felodipine'],0206020F0BKAAAB,"[('5000', 'mcg')]",[]
['felodipine'],0206020F0BKABAC,"[('10000', 'mcg')]",[]
['felodipine'],0206020F0BKACAD,"[('2500', 'mcg')]",[]
['felodipine'],0206020F0BLAAAB,"[('5000', 'mcg')]",[]
['felodipine'],0206020F0BLABAC,"[('10000', 'mcg')]",[]
['felodipine'],0206020F0BLACAD,"[('2500', 'mcg')]",[]
['felodipine'],0206020F0BLADAD,"[('2500', 'mcg')]",[]
['felodipine'],0206020F0BLAEAD,"[('2500', 'mcg')]",[]
['felodipine'],0206020F0BMAAAC,"[('10000', 'mcg')]",[]
['lacidipine'],0206020K0AAAAAA,"[('2000', 'mcg')]",[]
['lacidipine'],0206020K0AAABAB,"[('4000', 'mcg')]",[]
['lacidipine'],0206020K0AAACAC,"[('2000', 'mcg')]",[]
['lacidipine'],0206020K0AAADAD,"[('2000', 'mcg')]",[]
['lacidipine'],0206020K0BBAAAA,"[('2000', 'mcg')]",[]
['lacidipine'],0206020K0BBABAB,"[('4000', 'mcg')]",[]
['lacidipine'],0206020K0BCAAAA,"[('2000', 'mcg')]",[]
['lacidipine'],0206020K0BDAAAB,"[('4000', 'mcg')]",[]
['lercanidipine'],0206020L0AAAAAA,"[('10000', 'mcg')]",[]
['lercanidipine'],0206020L0AAABAB,"[('20000', 'mcg')]",[]
['lercanidipine'],0206020L0BBAAAA,"[('10000', 'mcg')]",[]
['lercanidipine'],0206020L0BBABAB,"[('20000', 'mcg')]",[]
['nimodipine'],0206020M0AAAAAA,"[('200', 'mcg')]","[('50', 'sztuk')]"
['nimodipine'],0206020M0AAABAB,"[('30000', 'mcg')]",[]
['nimodipine'],0206020M0AAACAC,"[('30000', 'mcg')]",[]
['nimodipine'],0206020M0BBAAAA,"[('200', 'mcg')]","[('50', 'sztuk')]"
['nimodipine'],0206020M0BBABAB,"[('30000', 'mcg')]",[]
['nicardipine'],0206020Q0AAAAAA,"[('20000', 'mcg')]",[]
['nicardipine'],0206020Q0AAABAB,"[('30000', 'mcg')]",[]
['nicardipine'],0206020Q0AAACAC,"[('30000', 'mcg')]",[]
['nicardipine'],0206020Q0AAADAD,"[('45000', 'mcg')]",[]
['nicardipine'],0206020Q0AAAEAE,"[('20000', 'mcg')]",[]
['nicardipine'],0206020Q0AAAFAF,"[('20000', 'mcg')]",[]
['nicardipine'],0206020Q0BBAAAA,"[('20000', 'mcg')]",[]
['nicardipine'],0206020Q0BBABAB,"[('30000', 'mcg')]",[]
['nicardipine'],0206020Q0BBACAC,"[('30000', 'mcg')]",[]
['nicardipine'],0206020Q0BBADAD,"[('45000', 'mcg')]",[]
['nifedipine'],0206020R0AAAAAA,"[('5000', 'mcg')]",[]
['nifedipine'],0206020R0AAABAB,"[('10000', 'mcg')]",[]
['nifedipine'],0206020R0AAACAC,"[('20000', 'mcg')]",[]
['nifedipine'],0206020R0AAAEAE,"[('10000', 'mcg')]",[]
['nifedipine'],0206020R0AAAFAF,"[('100', 'mcg')]","[('2', 'sztuk')]"
['nifedipine'],0206020R0AAAGAG,"[('0.5', '%')]",[]
['nifedipine'],0206020R0AAAHAH,"[('20000', 'mcg')]",[]
['nifedipine'],0206020R0AAAIAI,"[('40000', 'mcg')]",[]
['nifedipine'],0206020R0AAAJAJ,"[('20000', 'mcg')]",[]
['nifedipine'],0206020R0AAAKAK,"[('2', '%')]",[]
['nifedipine'],0206020R0AAALAL,"[('20000', 'mcg')]",[]
['nifedipine'],0206020R0AAAMAM,"[('10000', 'mcg')]",[]
['nifedipine'],0206020R0AAANAN,"[('30000', 'mcg')]",[]
['nifedipine'],0206020R0AAAPAP,"[('60000', 'mcg')]",[]
['nifedipine'],0206020R0AAAQAQ,[],[]
['nifedipine'],0206020R0AAARAR,"[('20000', 'mcg')]",[]
['nifedipine'],0206020R0AAASAS,"[('20000', 'mcg')]",[]
['nifedipine'],0206020R0AAATAT,"[('10000', 'mcg')]",[]
['nifedipine'],0206020R0AAAUAU,"[('100000', 'mcg')]",[]
['nifedipine'],0206020R0AAAVAV,"[('10000', 'mcg')]",[]
['nifedipine'],0206020R0AAAWAW,"[('10000', 'mcg')]",[]
['nifedipine'],0206020R0AAAXAX,"[('40000', 'mcg')]",[]
['nifedipine'],0206020R0AAAYAY,"[('10000', 'mcg')]",[]
['nifedipine'],0206020R0AAAZAZ,"[('20000', 'mcg')]",[]
['nifedipine'],0206020R0AABABA,"[('40000', 'mcg')]",[]
['nifedipine'],0206020R0AABBBB,"[('5000', 'mcg')]",[]
['nifedipine'],0206020R0AABCBC,"[('25000', 'mcg')]",[]
['nifedipine'],0206020R0AABDBD,"[('30000', 'mcg')]",[]
['nifedipine'],0206020R0AABEBE,"[('30000', 'mcg')]",[]
['nifedipine'],0206020R0AABFBF,"[('60000', 'mcg')]",[]
['nifedipine'],0206020R0AABGBG,"[('20000', 'mcg')]",[]
['nifedipine'],0206020R0AABHBH,"[('1000', 'mcg')]",[]
['nifedipine'],0206020R0AABJBJ,"[('4000', 'mcg')]",[]
['nifedipine'],0206020R0AABKBK,"[('2500', 'mcg')]",[]
['nifedipine'],0206020R0AABLBL,"[('2000', 'mcg')]",[]
['nifedipine'],0206020R0AABMBM,"[('7500', 'mcg')]",[]
['nifedipine'],0206020R0AABNBN,"[('2200', 'mcg')]",[]
['nifedipine'],0206020R0AABPBP,"[('60000', 'mcg')]",[]
['nifedipine'],0206020R0AABQBQ,"[('10000', 'mcg')]",[]
['nifedipine'],0206020R0AABRBR,"[('5000', 'mcg')]",[]
['nifedipine'],0206020R0BBAAAA,"[('5000', 'mcg')]",[]
['nifedipine'],0206020R0BBABAB,"[('10000', 'mcg')]",[]
['nifedipine'],0206020R0BBAEAF,"[('100', 'mcg')]","[('2', 'sztuk')]"
['nifedipine'],0206020R0BBAFAR,"[('20000', 'mcg')]",[]
['nifedipine'],0206020R0BBAGAE,"[('10000', 'mcg')]",[]
['nifedipine'],0206020R0BBAHAN,"[('30000', 'mcg')]",[]
['nifedipine'],0206020R0BBAIAP,"[('60000', 'mcg')]",[]
['nifedipine'],0206020R0BBAJAR,"[('20000', 'mcg')]",[]
['nifedipine'],0206020R0BCAAAI,"[('40000', 'mcg')]",[]
['nifedipine'],0206020R0BCABAC,"[('20000', 'mcg')]",[]
['nifedipine'],0206020R0BDAAAA,"[('5000', 'mcg')]",[]
['nifedipine'],0206020R0BDABAB,"[('10000', 'mcg')]",[]
['nifedipine'],0206020R0BFAAAB,"[('10000', 'mcg')]",[]
['nifedipine'],0206020R0BGAAAH,"[('20000', 'mcg')]",[]
['nifedipine'],0206020R0BGABAM,"[('10000', 'mcg')]",[]
['nifedipine'],0206020R0BGACBE,"[('30000', 'mcg')]",[]
['nifedipine'],0206020R0BGADBF,"[('60000', 'mcg')]",[]
['nifedipine'],0206020R0BHAAAA,"[('5000', 'mcg')]",[]
['nifedipine'],0206020R0BHABAB,"[('10000', 'mcg')]",[]
['nifedipine'],0206020R0BHACAR,"[('20000', 'mcg')]",[]
['nifedipine'],0206020R0BHADAX,"[('40000', 'mcg')]",[]
['nifedipine'],0206020R0BHAEAE,"[('10000', 'mcg')]",[]
['nifedipine'],0206020R0BIAAAC,"[('20000', 'mcg')]",[]
['nifedipine'],0206020R0BJAAAR,"[('20000', 'mcg')]",[]
['nifedipine'],0206020R0BKAAAA,"[('5000', 'mcg')]",[]
['nifedipine'],0206020R0BKABAB,"[('10000', 'mcg')]",[]
['nifedipine'],0206020R0BKACAR,"[('20000', 'mcg')]",[]
['nifedipine'],0206020R0BKADAE,"[('10000', 'mcg')]",[]
['nifedipine'],0206020R0BLAAAR,"[('20000', 'mcg')]",[]
['nifedipine'],0206020R0BLABAE,"[('10000', 'mcg')]",[]
['nifedipine'],0206020R0BMAAAS,"[('20000', 'mcg')]",[]
['nifedipine'],0206020R0BNAAAR,"[('20000', 'mcg')]",[]
['nifedipine'],0206020R0BPAAAB,"[('10000', 'mcg')]",[]
['nifedipine'],0206020R0BPABAA,"[('5000', 'mcg')]",[]
['nifedipine'],0206020R0BQAAAR,"[('20000', 'mcg')]",[]
['nifedipine'],0206020R0BQABAN,"[('30000', 'mcg')]",[]
['nifedipine'],0206020R0BQACAE,"[('10000', 'mcg')]",[]
['nifedipine'],0206020R0BRAAAR,"[('20000', 'mcg')]",[]
['nifedipine'],0206020R0BRABAE,"[('10000', 'mcg')]",[]
['nifedipine'],0206020R0BRACAN,"[('30000', 'mcg')]",[]
['nifedipine'],0206020R0BRADAP,"[('60000', 'mcg')]",[]
['nifedipine'],0206020R0BSAAAN,"[('30000', 'mcg')]",[]
['nifedipine'],0206020R0BTAAAS,"[('20000', 'mcg')]",[]
['nifedipine'],0206020R0BUAAAE,"[('10000', 'mcg')]",[]
['nifedipine'],0206020R0BUABAR,"[('20000', 'mcg')]",[]
['nifedipine'],0206020R0BUACAN,"[('30000', 'mcg')]",[]
['nifedipine'],0206020R0BUADAP,"[('60000', 'mcg')]",[]
['nifedipine'],0206020R0BVAAAR,"[('20000', 'mcg')]",[]
['nifedipine'],0206020R0BVABAN,"[('30000', 'mcg')]",[]
['nifedipine'],0206020R0BVACAP,"[('60000', 'mcg')]",[]
['nifedipine'],0206020R0BWAAAE,"[('10000', 'mcg')]",[]
['nifedipine'],0206020R0BWABAR,"[('20000', 'mcg')]",[]
['nifedipine'],0206020R0BXAAAX,"[('40000', 'mcg')]",[]
['nifedipine'],0206020R0BYAAAR,"[('20000', 'mcg')]",[]
['nifedipine'],0206020R0BZAAAE,"[('10000', 'mcg')]",[]
['nifedipine'],0206020R0BZABAR,"[('20000', 'mcg')]",[]
['nifedipine'],0206020R0CBAAAE,"[('10000', 'mcg')]",[]
['nifedipine'],0206020R0CBABAR,"[('20000', 'mcg')]",[]
['nifedipine'],0206020R0CBACAE,"[('10000', 'mcg')]",[]
['nifedipine'],0206020R0CBADAR,"[('20000', 'mcg')]",[]
['nifedipine'],0206020R0CBAEAR,"[('20000', 'mcg')]",[]
['nifedipine'],0206020R0CCAAAE,"[('10000', 'mcg')]",[]
['nifedipine'],0206020R0CCABAR,"[('20000', 'mcg')]",[]
['nifedipine'],0206020R0CDAAAR,"[('20000', 'mcg')]",[]
['nifedipine'],0206020R0CEAAAR,"[('20000', 'mcg')]",[]
['nifedipine'],0206020R0CEABAR,"[('20000', 'mcg')]",[]
['nifedipine'],0206020R0CFAAAR,"[('20000', 'mcg')]",[]
['nifedipine'],0206020R0CFABAN,"[('30000', 'mcg')]",[]
['nifedipine'],0206020R0CFACAP,"[('60000', 'mcg')]",[]
['nifedipine'],0206020R0CGAAAE,"[('10000', 'mcg')]",[]
['nifedipine'],0206020R0CGABAR,"[('20000', 'mcg')]",[]
['nifedipine'],0206020R0CHAAAN,"[('30000', 'mcg')]",[]
['nifedipine'],0206020R0CHABAP,"[('60000', 'mcg')]",[]
['nifedipine'],0206020R0CIAAAN,"[('30000', 'mcg')]",[]
['nifedipine'],0206020R0CIABAP,"[('60000', 'mcg')]",[]
['nifedipine'],0206020R0CJAAAN,"[('30000', 'mcg')]",[]
['nifedipine'],0206020R0CJABAP,"[('60000', 'mcg')]",[]
['verapamil'],0206020T0AAA1A1,"[('80000', 'mcg')]",[]
['verapamil'],0206020T0AAA2A2,"[('20000', 'mcg')]",[]
['verapamil'],0206020T0AAA3A3,"[('10000', 'mcg')]",[]
['verapamil'],0206020T0AAAAAA,"[('2500', 'mcg')]","[('2', 'sztuk')]"
['verapamil'],0206020T0AAACAC,"[('40000', 'mcg')]",[]
['verapamil'],0206020T0AAADAD,"[('80000', 'mcg')]",[]
['verapamil'],0206020T0AAAEAE,"[('100000', 'mcg')]",[]
['verapamil'],0206020T0AAAFAF,"[('120000', 'mcg')]",[]
['verapamil'],0206020T0AAAGAG,"[('160000', 'mcg')]",[]
['verapamil'],0206020T0AAAHAH,"[('240000', 'mcg')]",[]
['verapamil'],0206020T0AAAIAI,"[('120000', 'mcg')]",[]
['verapamil'],0206020T0AAAJAJ,"[('180000', 'mcg')]",[]
['verapamil'],0206020T0AAAKAK,"[('240000', 'mcg')]",[]
['verapamil'],0206020T0AAALAL,"[('7500', 'mcg')]",[]
['verapamil'],0206020T0AAAMAM,"[('7500', 'mcg')]",[]
['verapamil'],0206020T0AAANAN,"[('2500', 'mcg')]","[('2', 'sztuk')]"
['verapamil'],0206020T0AAAPAP,"[('3500', 'mcg')]",[]
['verapamil'],0206020T0AAAQAQ,"[('40000', 'mcg')]",[]
['verapamil'],0206020T0AAARAR,"[('20000', 'mcg')]",[]
['verapamil'],0206020T0AAASAS,"[('80000', 'mcg')]",[]
['verapamil'],0206020T0AAATAT,"[('40000', 'mcg')]",[]
['verapamil'],0206020T0AAAUAU,"[('120000', 'mcg')]",[]
['verapamil'],0206020T0AAAVAV,"[('40000', 'mcg')]",[]
['verapamil'],0206020T0AAAWAW,"[('120000', 'mcg')]",[]
['verapamil'],0206020T0AAAXAX,"[('2500', 'mcg')]",[]
['verapamil'],0206020T0AAAYAY,[],[]
['verapamil'],0206020T0AAAZAZ,"[('40000', 'mcg')]",[]
['verapamil'],0206020T0AABABA,"[('120000', 'mcg')]",[]
['verapamil'],0206020T0AABBBB,"[('240000', 'mcg')]",[]
['verapamil'],0206020T0AABCBC,"[('240000', 'mcg')]",[]
['verapamil'],0206020T0AABDBD,"[('45000', 'mcg')]",[]
['verapamil'],0206020T0AABEBE,"[('30000', 'mcg')]",[]
['verapamil'],0206020T0AABFBF,"[('250000', 'mcg')]",[]
['verapamil'],0206020T0AABGBG,"[('50000', 'mcg')]",[]
['verapamil'],0206020T0AABHBH,"[('240000', 'mcg')]",[]
['verapamil'],0206020T0AABIBI,"[('120000', 'mcg')]",[]
['verapamil'],0206020T0BBAAAC,"[('40000', 'mcg')]",[]
['verapamil'],0206020T0BBABAD,"[('80000', 'mcg')]",[]
['verapamil'],0206020T0BBACAF,"[('120000', 'mcg')]",[]
['verapamil'],0206020T0BBADAG,"[('160000', 'mcg')]",[]
['verapamil'],0206020T0BCAAAC,"[('40000', 'mcg')]",[]
['verapamil'],0206020T0BCABAD,"[('80000', 'mcg')]",[]
['verapamil'],0206020T0BCACAF,"[('120000', 'mcg')]",[]
['verapamil'],0206020T0BCADAG,"[('160000', 'mcg')]",[]
['verapamil'],0206020T0BCAEAA,"[('2500', 'mcg')]","[('2', 'sztuk')]"
['verapamil'],0206020T0BCAFAH,"[('240000', 'mcg')]",[]
['verapamil'],0206020T0BDAAAC,"[('40000', 'mcg')]",[]
['verapamil'],0206020T0BDABAD,"[('80000', 'mcg')]",[]
['verapamil'],0206020T0BDACAF,"[('120000', 'mcg')]",[]
['verapamil'],0206020T0BDADAG,"[('160000', 'mcg')]",[]
['verapamil'],0206020T0BDAEAH,"[('240000', 'mcg')]",[]
['verapamil'],0206020T0BDAFAN,"[('2500', 'mcg')]","[('2', 'sztuk')]"
['verapamil'],0206020T0BDAGAU,"[('120000', 'mcg')]",[]
['verapamil'],0206020T0BDAHAD,"[('80000', 'mcg')]",[]
['verapamil'],0206020T0BDAIAA,"[('2500', 'mcg')]","[('2', 'sztuk')]"
['verapamil'],0206020T0BFAAAI,"[('120000', 'mcg')]",[]
['verapamil'],0206020T0BFABAJ,"[('180000', 'mcg')]",[]
['verapamil'],0206020T0BFACAK,"[('240000', 'mcg')]",[]
['verapamil'],0206020T0BGAAAC,"[('40000', 'mcg')]",[]
['verapamil'],0206020T0BGABAD,"[('80000', 'mcg')]",[]
['verapamil'],0206020T0BGACAF,"[('120000', 'mcg')]",[]
['verapamil'],0206020T0BHAAAH,"[('240000', 'mcg')]",[]
['verapamil'],0206020T0BHABAH,"[('240000', 'mcg')]",[]
['verapamil'],0206020T0BHACAH,"[('240000', 'mcg')]",[]
['verapamil'],0206020T0BHADAH,"[('240000', 'mcg')]",[]
['verapamil'],0206020T0BIAAAH,"[('240000', 'mcg')]",[]
['verapamil'],0206020T0BJAAAH,"[('240000', 'mcg')]",[]
['verapamil'],0206020T0BKAAAV,"[('40000', 'mcg')]",[]
['verapamil'],0206020T0BLAAAH,"[('240000', 'mcg')]",[]
['verapamil'],0206020T0BMAAAU,"[('120000', 'mcg')]",[]
['verapamil'],0206020T0BMABAH,"[('240000', 'mcg')]",[]
['verapamil'],0206020T0BMACAH,"[('240000', 'mcg')]",[]
['verapamil'],0206020T0BMADAU,"[('120000', 'mcg')]",[]
['verapamil'],0206020T0BNAAAH,"[('240000', 'mcg')]",[]
"['amlodipine', 'valsartan']",0206020Z0AAAAAA,"[('5000', 'mcg'), ('80000', 'mcg')]",[]
"['amlodipine', 'valsartan']",0206020Z0AAABAB,"[('5000', 'mcg'), ('160000', 'mcg')]",[]
"['amlodipine', 'valsartan']",0206020Z0AAACAC,"[('10000', 'mcg'), ('160000', 'mcg')]",[]
"['amlodipine', 'valsartan']",0206020Z0BBAAAA,"[('5000', 'mcg'), ('80000', 'mcg')]",[]
"['amlodipine', 'valsartan']",0206020Z0BBABAB,"[('5000', 'mcg'), ('160000', 'mcg')]",[]
"['amlodipine', 'valsartan']",0206020Z0BBACAC,"[('10000', 'mcg'), ('160000', 'mcg')]",[]
['nicorandil'],0206030N0AAAAAA,"[('10000', 'mcg')]",[]
['nicorandil'],0206030N0AAABAB,"[('20000', 'mcg')]",[]
['nicorandil'],0206030N0AAACAC,"[('10000', 'mcg')]",[]
['nicorandil'],0206030N0AAADAD,"[('20000', 'mcg')]",[]
['nicorandil'],0206030N0AAAEAE,"[('10000', 'mcg')]",[]
['nicorandil'],0206030N0AAAFAF,"[('20000', 'mcg')]",[]
['nicorandil'],0206030N0BBAAAA,"[('10000', 'mcg')]",[]
['nicorandil'],0206030N0BBABAB,"[('20000', 'mcg')]",[]
['ivabradine'],0206030Y0AAAAAA,"[('5000', 'mcg')]",[]
['ivabradine'],0206030Y0AAABAB,"[('7500', 'mcg')]",[]
['ivabradine'],0206030Y0AAACAC,"[('2500', 'mcg')]",[]
['ivabradine'],0206030Y0BBAAAA,"[('5000', 'mcg')]",[]
['ivabradine'],0206030Y0BBABAB,"[('7500', 'mcg')]",[]
['ranolazine'],0206030Z0AAAAAA,"[('375000', 'mcg')]",[]
['ranolazine'],0206030Z0AAABAB,"[('500000', 'mcg')]",[]
['ranolazine'],0206030Z0AAACAC,"[('750000', 'mcg')]",[]
['ranolazine'],0206030Z0BBAAAA,"[('375000', 'mcg')]",[]
['ranolazine'],0206030Z0BBABAB,"[('500000', 'mcg')]",[]
['ranolazine'],0206030Z0BBACAC,"[('750000', 'mcg')]",[]
['cinnarizine'],0206040AAAAAAAA,"[('75000', 'mcg')]",[]
['cinnarizine'],0206040AABBAAAA,"[('75000', 'mcg')]",[]
['naftidrofuryl'],0206040AEAAAAAA,"[('100000', 'mcg')]",[]
['naftidrofuryl'],0206040AEAAABAB,"[('20000', 'mcg')]","[('10', 'sztuk')]"
['naftidrofuryl'],0206040AEAAACAC,"[('100000', 'mcg')]",[]
['naftidrofuryl'],0206040AEAAADAD,"[('200000', 'mcg')]",[]
['naftidrofuryl'],0206040AEAAAEAE,"[('100000', 'mcg')]",[]
['naftidrofuryl'],0206040AEBBAAAA,"[('100000', 'mcg')]",[]
['naftidrofuryl'],0206040AEBBABAB,"[('20000', 'mcg')]","[('10', 'sztuk')]"
['naftidrofuryl'],0206040AEBCAAAA,"[('100000', 'mcg')]",[]
['naftidrofuryl'],0206040AEBDAAAD,"[('200000', 'mcg')]",[]
['nicotinic_acid'],0206040AFAAAAAA,"[('500000', 'mcg')]",[]
['nicotinic_acid'],0206040AFAAABAB,"[('750000', 'mcg')]",[]
['nicotinic_acid'],0206040AFAAACAC,"[('1000000', 'mcg')]","[('5', 'sztuk')]"
['nicotinic_acid'],0206040AFAAADAD,"[('25000', 'mcg')]",[]
['nicotinic_acid'],0206040AFAAAEAE,"[('150000', 'mcg')]",[]
['nicotinic_acid'],0206040AFAAAFAF,"[('200000', 'mcg')]",[]
['nicotinic_acid'],0206040AFAAAGAG,"[('7000', 'mcg'), ('25000', 'mcg')]",[]
['nicotinic_acid'],0206040AFAAAHAH,"[('1000000', 'mcg')]","[('5', 'sztuk')]"
['nicotinic_acid'],0206040AFBBAAAG,[],[]
['nicotinic_acid'],0206040AFBCAAAA,"[('500000', 'mcg')]",[]
['nicotinic_acid'],0206040AFBCABAB,"[('750000', 'mcg')]",[]
['nicotinic_acid'],0206040AFBCACAC,"[('1000000', 'mcg')]","[('5', 'sztuk')]"
['nicotinic_acid'],0206040AFBCADAF,"[('200000', 'mcg')]",[]
['nicotinic_acid'],0206040AFBDAAAD,"[('25000', 'mcg')]",[]
['nicotinic_acid'],0206040AFBDABAE,"[('150000', 'mcg')]",[]
['pentoxifylline'],0206040AGAAAAAA,"[('20000', 'mcg')]","[('5', 'sztuk')]"
['pentoxifylline'],0206040AGAAABAB,"[('100000', 'mcg')]",[]
['pentoxifylline'],0206040AGAAACAC,"[('400000', 'mcg')]",[]
['pentoxifylline'],0206040AGAAADAD,"[('300000', 'mcg')]",[]
['pentoxifylline'],0206040AGAAAEAE,"[('200000', 'mcg')]",[]
['pentoxifylline'],0206040AGAAAFAF,"[('100000', 'mcg')]",[]
['pentoxifylline'],0206040AGAAAGAG,"[('100000', 'mcg')]",[]
['pentoxifylline'],0206040AGBBAAAC,"[('400000', 'mcg')]",[]
['pentoxifylline'],0206040AGBBABAA,"[('100000', 'mcg')]",[]
['pentoxifylline'],0206040AGBBACAB,"[('100000', 'mcg')]",[]
['pentoxifylline'],0206040AGBCAAAC,"[('400000', 'mcg')]",[]
['pentoxifylline'],0206040AGBDAAAC,"[('400000', 'mcg')]",[]
['rutosides'],0206040AHAAAAAA,"[('250000', 'mcg')]",[]
['rutosides'],0206040AHBBAAAA,"[('250000', 'mcg')]",[]
['moxisylyte'],0206040AIAAAAAA,"[('5000', 'mcg')]","[('1', 'sztuk')]"
['moxisylyte'],0206040AIAAABAB,"[('15000', 'mcg')]","[('2', 'sztuk')]"
['moxisylyte'],0206040AIAAACAC,"[('40000', 'mcg')]",[]
['moxisylyte'],0206040AIAAADAD,"[('200000', 'mcg')]",[]
['moxisylyte'],0206040AIAAAEAE,"[('10000', 'mcg')]",[]
['moxisylyte'],0206040AIAAAFAF,"[('40000', 'mcg')]",[]
['moxisylyte'],0206040AIBBAAAC,"[('40000', 'mcg')]",[]
['moxisylyte'],0206040AIBBABAA,"[('5000', 'mcg')]","[('1', 'sztuk')]"
['moxisylyte'],0206040AIBBACAB,"[('15000', 'mcg')]","[('2', 'sztuk')]"
['acetyl_l_carnitine'],0206040ALAAAAAA,"[('100000', 'mcg')]","[('5', 'sztuk')]"
['acetyl_l_carnitine'],0206040ALAAABAB,"[('500000', 'mcg')]",[]
['acetyl_l_carnitine'],0206040ALBBAAAA,"[('100000', 'mcg')]","[('5', 'sztuk')]"
['acetyl_l_carnitine'],0206040ALBBABAB,"[('500000', 'mcg')]",[]
"['diosmin', 'hesperidin']",0206040ATAAAAAA,"[('450000', 'mcg'), ('50000', 'mcg')]",[]
"['diosmin', 'hesperidin']",0206040ATBBAAAA,"[('500000', 'mcg')]",[]
['cilostazol'],0206040X0AAAAAA,"[('100000', 'mcg')]",[]
['cilostazol'],0206040X0AAABAB,"[('50000', 'mcg')]",[]
['cilostazol'],0206040X0BBAAAA,"[('100000', 'mcg')]",[]
['cilostazol'],0206040X0BBABAB,"[('50000', 'mcg')]",[]
['diosmin'],0206040Z0AAAAAA,"[('300000', 'mcg')]",[]
['diosmin'],0206040Z0BBAAAA,"[('300000', 'mcg')]",[]
['etilefrine'],0207010G0AAAAAA,"[('5000', 'mcg')]",[]
['etilefrine'],0207010G0AAABAB,"[('7500', 'mcg')]",[]
['etilefrine'],0207010G0AAACAC,"[('25000', 'mcg')]",[]
['etilefrine'],0207010G0BBAAAA,"[('5000', 'mcg')]",[]
['etilefrine'],0207010G0BBABAB,"[('7500', 'mcg')]",[]
['etilefrine'],0207010G0BBACAC,"[('25000', 'mcg')]",[]
['phenylephrine'],0207020X0AAAAAA,"[('1', '%')]","[('1', 'sztuk')]"
['phenylephrine'],0207020X0AAABAB,"[('50000', 'mcg')]",[]
['phenylephrine'],0207020X0AAACAC,"[('50000', 'mcg')]",[]
['midodrine'],0207020Y0AAAAAA,"[('2500', 'mcg')]",[]
['midodrine'],0207020Y0AAABAB,"[('5000', 'mcg')]",[]
['midodrine'],0207020Y0AAACAC,"[('2500', 'mcg')]",[]
['midodrine'],0207020Y0AAADAD,"[('5000', 'mcg')]",[]
['midodrine'],0207020Y0AAAEAE,"[('2500', 'mcg')]",[]
['midodrine'],0207020Y0AAAFAF,"[('5000', 'mcg')]",[]
['midodrine'],0207020Y0BBAAAE,"[('2500', 'mcg')]",[]
['midodrine'],0207020Y0BBABAF,"[('5000', 'mcg')]",[]
['midodrine'],0207020Y0BCAAAD,"[('5000', 'mcg')]",[]
['midodrine'],0207020Y0BCABAA,"[('2500', 'mcg')]",[]
['midodrine'],0207020Y0BDAAAE,"[('2500', 'mcg')]",[]
['midodrine'],0207020Y0BDABAF,"[('5000', 'mcg')]",[]
['midodrine'],0207020Y0BEAAAE,"[('2500', 'mcg')]",[]
['ephedrine'],0207020Z0AAAAAA,"[('30000', 'mcg')]","[('1', 'sztuk')]"
['ephedrine'],0207020Z0AAABAB,"[('60000', 'mcg')]","[('1', 'sztuk')]"
['ephedrine'],0207020Z0AAACAC,"[('3000', 'mcg')]","[('10', 'sztuk')]"
['ephedrine'],0207020Z0AAADAD,"[('3000', 'mcg')]","[('10', 'sztuk')]"
['adrenaline'],0207030A0AAAAAA,"[('1000', 'mcg'), ('200000', 'mcg')]","[('2', 'sztuk')]"
['adrenaline'],0207030A0AAABAB,"[('1000', 'mcg'), ('10000', 'mcg')]","[('10', 'sztuk')]"
['adrenaline'],0207030A0AAACAC,"[('1000', 'mcg'), ('10000', 'mcg')]","[('3', 'sztuk')]"
['adrenaline'],0207030A0AAADAD,"[('1000', 'mcg'), ('10000', 'mcg')]","[('1', 'sztuk')]"
['adrenaline'],0207030A0AAAEAE,"[('1000', 'mcg'), ('10000', 'mcg')]","[('5', 'sztuk')]"
['adrenaline'],0207030A0AAAFAF,"[('1000', 'mcg'), ('10000', 'mcg')]","[('10', 'sztuk')]"
['adrenaline'],0207030A0AAAGAG,"[('1000', 'mcg'), ('80000', 'mcg')]","[('50', 'sztuk')]"
['adrenaline'],0207030A0AAAHAH,"[('1000', 'mcg'), ('10000', 'mcg')]","[('30', 'sztuk')]"
['adrenaline'],0207030A0AAAIAI,"[('1000', 'mcg'), ('10000', 'mcg')]","[('2', 'sztuk')]"
['adrenaline'],0207030A0AAAJAJ,"[('1000', 'mcg'), ('10000', 'mcg')]","[('5', 'sztuk')]"
['adrenaline'],0207030A0AAAKAK,"[('1000', 'mcg'), ('10000', 'mcg')]","[('5', 'sztuk')]"
['adrenaline'],0207030A0AAALAL,"[('1000', 'mcg'), ('10000', 'mcg')]","[('1', 'sztuk')]"
['adrenaline'],0207030A0AAAMAM,"[('1000', 'mcg'), ('10000', 'mcg')]","[('1', 'sztuk')]"
['adrenaline'],0207030A0BBAAAC,"[('1000', 'mcg'), ('10000', 'mcg'), ('300', 'mcg')]",[]
['adrenaline'],0207030A0BBABAB,"[('1000', 'mcg'), ('10000', 'mcg'), ('1000', 'mcg')]",[]
['fondaparinux'],0208010ABAAAAAA,"[('5000', 'mcg')]","[('5', 'sztuk')]"
['fondaparinux'],0208010ABAAABAB,"[('12500', 'mcg')]","[('4', 'sztuk')]"
['fondaparinux'],0208010ABAAACAC,"[('12500', 'mcg')]","[('6', 'sztuk')]"
['fondaparinux'],0208010ABAAADAD,"[('12500', 'mcg')]","[('8', 'sztuk')]"
['fondaparinux'],0208010ABAAAEAE,"[('5000', 'mcg')]","[('3', 'sztuk')]"
['fondaparinux'],0208010ABBBAAAA,"[('5000', 'mcg')]","[('5', 'sztuk')]"
['fondaparinux'],0208010ABBBABAB,"[('5000', 'mcg')]",[]
['fondaparinux'],0208010ABBBACAC,"[('7500', 'mcg')]",[]
['fondaparinux'],0208010ABBBADAD,"[('10000', 'mcg')]",[]
['fondaparinux'],0208010ABBBAEAE,"[('1500', 'mcg')]",[]
['enoxaparin'],0208010D0AAAAAA,"[('100000', 'mcg')]","[('2', 'sztuk')]"
['enoxaparin'],0208010D0AAABAB,"[('100000', 'mcg')]","[('4', 'sztuk')]"
['enoxaparin'],0208010D0AAACAC,"[('100000', 'mcg')]","[('6', 'sztuk')]"
['enoxaparin'],0208010D0AAADAD,"[('100000', 'mcg')]","[('8', 'sztuk')]"
['enoxaparin'],0208010D0AAAEAE,"[('100000', 'mcg')]","[('1', 'sztuk')]"
['enoxaparin'],0208010D0AAAFAF,"[('150000', 'mcg')]","[('8', 'sztuk')]"
['enoxaparin'],0208010D0AAAGAG,"[('150000', 'mcg')]","[('1', 'sztuk')]"
['enoxaparin'],0208010D0AAAHAH,"[('100000', 'mcg')]","[('3', 'sztuk')]"
['enoxaparin'],0208010D0BBAAAA,"[('100000', 'mcg')]","[('2', 'sztuk')]"
['enoxaparin'],0208010D0BBABAB,"[('100000', 'mcg')]","[('4', 'sztuk')]"
['enoxaparin'],0208010D0BBACAC,"[('100000', 'mcg')]","[('6', 'sztuk')]"
['enoxaparin'],0208010D0BBADAD,"[('100000', 'mcg')]","[('8', 'sztuk')]"
['enoxaparin'],0208010D0BBAEAE,"[('100000', 'mcg')]","[('1', 'sztuk')]"
['enoxaparin'],0208010D0BBAFAF,"[('150000', 'mcg')]","[('8', 'sztuk')]"
['enoxaparin'],0208010D0BBAGAG,"[('150000', 'mcg')]","[('1', 'sztuk')]"
['enoxaparin'],0208010D0BBAHAH,"[('100000', 'mcg')]","[('3', 'sztuk')]"
['enoxaparin'],0208010D0BCAAAA,"[('100000', 'mcg')]","[('2', 'sztuk')]"
['enoxaparin'],0208010D0BCABAB,"[('100000', 'mcg')]","[('4', 'sztuk')]"
['enoxaparin'],0208010D0BCACAC,"[('100000', 'mcg')]","[('6', 'sztuk')]"
['enoxaparin'],0208010D0BCADAD,"[('100000', 'mcg')]","[('8', 'sztuk')]"
['enoxaparin'],0208010D0BCAEAE,"[('100000', 'mcg')]","[('1', 'sztuk')]"
['enoxaparin'],0208010D0BDAAAA,"[('20000', 'mcg')]",[]
['enoxaparin'],0208010D0BDABAB,"[('40000', 'mcg')]",[]
['enoxaparin'],0208010D0BDACAC,"[('60000', 'mcg')]",[]
['enoxaparin'],0208010D0BDADAD,"[('80000', 'mcg')]",[]
['enoxaparin'],0208010D0BDAEAE,"[('100000', 'mcg')]",[]
['enoxaparin'],0208010D0BEAAAA,"[('20000', 'mcg')]",[]
['enoxaparin'],0208010D0BEABAB,"[('40000', 'mcg')]",[]
['enoxaparin'],0208010D0BEACAC,"[('60000', 'mcg')]",[]
['enoxaparin'],0208010D0BEADAD,"[('80000', 'mcg')]",[]
['enoxaparin'],0208010D0BEAEAE,"[('100000', 'mcg')]",[]
['enoxaparin'],0208010D0BEAFAG,"[('150000', 'mcg')]",[]
['enoxaparin'],0208010D0BEAGAF,"[('120000', 'mcg')]",[]
['pentosan'],0208010F0AAAAAA,"[('100000', 'mcg')]",[]
['pentosan'],0208010F0AAABAB,"[('100000', 'mcg')]",[]
['pentosan'],0208010F0BBAAAA,"[('100000', 'mcg')]","[('1', 'sztuk')]"
['pentosan'],0208010F0BCAAAB,"[('100000', 'mcg')]","[('1', 'sztuk')]"
['heparin'],0208010K0AAA1A1,[],"[('1', 'sztuk')]"
['heparin'],0208010K0AAA2A2,[],"[('10', 'sztuk')]"
['heparin'],0208010K0AAA4A4,[],"[('5', 'sztuk')]"
['heparin'],0208010K0AAA5A5,[],"[('5', 'sztuk')]"
['heparin'],0208010K0AAA6A6,[],"[('5', 'sztuk')]"
['heparin'],0208010K0AAA7A7,[],"[('1', 'sztuk')]"
['heparin'],0208010K0AAA8A8,[],"[('5', 'sztuk')]"
['heparin'],0208010K0AAA9A9,[],"[('1', 'sztuk')]"
['heparin'],0208010K0AAAAAA,[],"[('5', 'sztuk')]"
['heparin'],0208010K0AAABAB,[],"[('5', 'sztuk')]"
['heparin'],0208010K0AAADAD,[],"[('5', 'sztuk')]"
['heparin'],0208010K0AAAEAE,[],"[('5', 'sztuk')]"
['heparin'],0208010K0AAAFAF,[],"[('2', 'sztuk')]"
['heparin'],0208010K0AAAGAG,[],"[('5', 'sztuk')]"
['heparin'],0208010K0AAAIAI,[],"[('2', 'sztuk')]"
['heparin'],0208010K0AAAJAJ,[],"[('3', 'sztuk')]"
['heparin'],0208010K0AAAKAK,[],"[('1', 'sztuk')]"
['heparin'],0208010K0AAALAL,[],"[('2', 'sztuk')]"
['heparin'],0208010K0AAAMAM,[],"[('1', 'sztuk')]"
['heparin'],0208010K0AAANAN,[],"[('1', 'sztuk')]"
['heparin'],0208010K0AAAPAP,[],"[('1', 'sztuk')]"
['heparin'],0208010K0AAAQAQ,[],"[('2', 'sztuk')]"
['heparin'],0208010K0AAASAS,[],"[('5', 'sztuk')]"
['heparin'],0208010K0AAATAT,[],"[('5', 'sztuk')]"
['heparin'],0208010K0AAAUAU,[],"[('4', 'sztuk')]"
['heparin'],0208010K0AAAVAV,[],"[('5', 'sztuk')]"
['heparin'],0208010K0AAAWAW,[],"[('5', 'sztuk')]"
['heparin'],0208010K0AAAYAY,[],"[('2', 'sztuk')]"
['heparin'],0208010K0AAAZAZ,[],"[('20', 'sztuk')]"
['heparin'],0208010K0AABABA,[],"[('2', 'sztuk')]"
['heparin'],0208010K0AABBBB,[],"[('1', 'sztuk')]"
['heparin'],0208010K0AABCBC,[],"[('5', 'sztuk')]"
['heparin'],0208010K0AABDBD,[],"[('5', 'sztuk')]"
['heparin'],0208010K0AABEBE,[],"[('2', 'sztuk')]"
['heparin'],0208010K0AABFBF,[],"[('1', 'sztuk')]"
['heparin'],0208010K0AABGBG,[],"[('10', 'sztuk')]"
['heparin'],0208010K0AABHBH,[],"[('2', 'sztuk')]"
['heparin'],0208010K0AABIBI,[],"[('2', 'sztuk')]"
['heparin'],0208010K0AABJBJ,[],"[('1', 'sztuk')]"
['heparin'],0208010K0BBACAL,[],"[('2', 'sztuk')]"
['heparin'],0208010K0BBADAA,[],"[('5', 'sztuk')]"
['heparin'],0208010K0BBAEBE,[],"[('2', 'sztuk')]"
['heparin'],0208010K0BCAAA7,[],"[('1', 'sztuk')]"
['heparin'],0208010K0BCABA9,[],"[('1', 'sztuk')]"
['heparin'],0208010K0BCADA8,[],"[('5', 'sztuk')]"
['heparin'],0208010K0BCAEAL,[],"[('2', 'sztuk')]"
['heparin'],0208010K0BCAGA2,[],"[('10', 'sztuk')]"
['heparin'],0208010K0BCAHAZ,[],"[('20', 'sztuk')]"
['heparin'],0208010K0BCAHBF,[],"[('1', 'sztuk')]"
['heparin'],0208010K0BCAIBC,[],"[('5', 'sztuk')]"
['heparin'],0208010K0BDAAA4,[],"[('5', 'sztuk')]"
['heparin'],0208010K0BDABA5,[],"[('5', 'sztuk')]"
['heparin'],0208010K0BDACA6,[],"[('5', 'sztuk')]"
['heparin'],0208010K0BEAAA8,[],"[('5', 'sztuk')]"
['heparin'],0208010K0BEABA2,[],"[('10', 'sztuk')]"
['heparin'],0208010K0BEACAZ,[],"[('20', 'sztuk')]"
['heparin'],0208010K0BFAAA7,[],"[('1', 'sztuk')]"
['heparin'],0208010K0BFABA9,[],"[('1', 'sztuk')]"
['heparin'],0208010K0BFACAN,[],"[('1', 'sztuk')]"
['heparin'],0208010K0BFADBF,[],"[('1', 'sztuk')]"
['heparin'],0208010K0BGABAU,[],"[('4', 'sztuk')]"
['heparin'],0208010K0BGACBE,[],"[('2', 'sztuk')]"
['heparin'],0208010K0BKAAAJ,[],"[('3', 'sztuk')]"
['heparin'],0208010K0BKABBH,[],"[('2', 'sztuk')]"
['heparin'],0208010K0BLAAA7,[],[]
['heparin'],0208010K0BLABA4,[],"[('5', 'sztuk')]"
['heparin'],0208010K0BLACAL,[],"[('2', 'sztuk')]"
['heparin'],0208010K0BLADA9,[],"[('1', 'sztuk')]"
['heparin'],0208010K0BLAEA8,[],"[('5', 'sztuk')]"
['heparin'],0208010K0BLAHAX,[],[]
['heparin'],0208010K0BLAIA5,[],"[('5', 'sztuk')]"
['heparin'],0208010K0BLAJAN,[],"[('1', 'sztuk')]"
['heparin'],0208010K0BLAKA6,[],"[('5', 'sztuk')]"
['heparin'],0208010K0BLALBF,[],"[('1', 'sztuk')]"
['heparin'],0208010K0BLAMBC,[],"[('5', 'sztuk')]"
['dalteparin'],0208010L0AAAAAA,[],"[('2', 'sztuk')]"
['dalteparin'],0208010L0AAABAB,[],"[('2', 'sztuk')]"
['dalteparin'],0208010L0AAACAC,[],"[('1', 'sztuk')]"
['dalteparin'],0208010L0AAADAD,[],"[('4', 'sztuk')]"
['dalteparin'],0208010L0AAAEAE,[],"[('4', 'sztuk')]"
['dalteparin'],0208010L0AAAFAF,[],"[('4', 'sztuk')]"
['dalteparin'],0208010L0AAAGAG,[],"[('5', 'sztuk')]"
['dalteparin'],0208010L0AAAHAH,[],"[('6', 'sztuk')]"
['dalteparin'],0208010L0AAAIAI,[],"[('72', 'sztuk')]"
['dalteparin'],0208010L0AAAJAJ,[],"[('1', 'sztuk')]"
['dalteparin'],0208010L0AAAKAK,[],"[('3', 'sztuk')]"
['dalteparin'],0208010L0AAALAL,[],"[('1', 'sztuk')]"
['dalteparin'],0208010L0BBAAAC,[],"[('1', 'sztuk')]"
['dalteparin'],0208010L0BBABAB,[],"[('2', 'sztuk')]"
['dalteparin'],0208010L0BBACAA,[],"[('2', 'sztuk')]"
['dalteparin'],0208010L0BBADAD,[],"[('4', 'sztuk')]"
['dalteparin'],0208010L0BBAEAE,[],"[('4', 'sztuk')]"
['dalteparin'],0208010L0BBAFAF,[],"[('4', 'sztuk')]"
['dalteparin'],0208010L0BBAGAG,[],"[('5', 'sztuk')]"
['dalteparin'],0208010L0BBAHAH,[],"[('6', 'sztuk')]"
['dalteparin'],0208010L0BBAIAI,[],"[('72', 'sztuk')]"
['dalteparin'],0208010L0BBAJAJ,[],"[('1', 'sztuk')]"
['dalteparin'],0208010L0BBAKAK,[],"[('3', 'sztuk')]"
['dalteparin'],0208010L0BBALAL,[],"[('1', 'sztuk')]"
['dalteparin'],0208010L0BCAAAB,[],"[('2', 'sztuk')]"
['heparin'],0208010N0AAAAAA,[],"[('5', 'sztuk')]"
['heparin'],0208010N0AAABAB,[],"[('2', 'sztuk')]"
['heparin'],0208010N0AAACAC,[],"[('5', 'sztuk')]"
['heparin'],0208010N0AAADAD,[],"[('8', 'sztuk')]"
['heparin'],0208010N0AAAEAE,[],"[('1', 'sztuk')]"
['heparin'],0208010N0AAAFAF,[],"[('2', 'sztuk')]"
['heparin'],0208010N0AAAHAH,[],"[('5', 'sztuk')]"
['heparin'],0208010N0AAAIAI,[],"[('2', 'sztuk')]"
['heparin'],0208010N0AAAJAJ,[],"[('8', 'sztuk')]"
['heparin'],0208010N0AAAKAK,[],"[('2', 'sztuk')]"
['heparin'],0208010N0BBAAAF,[],"[('2', 'sztuk')]"
['heparin'],0208010N0BBABAC,[],"[('5', 'sztuk')]"
['heparin'],0208010N0BBACAD,[],"[('8', 'sztuk')]"
['heparin'],0208010N0BBADAH,[],"[('5', 'sztuk')]"
['heparin'],0208010N0BBAEAJ,[],"[('8', 'sztuk')]"
['heparin'],0208010N0BCAAAA,[],"[('5', 'sztuk')]"
['heparin'],0208010N0BCABAB,[],"[('2', 'sztuk')]"
['heparin'],0208010N0BCACAF,[],"[('2', 'sztuk')]"
['heparin'],0208010N0BDAAAF,[],"[('2', 'sztuk')]"
['heparin'],0208010N0BDABAH,[],"[('5', 'sztuk')]"
['heparin'],0208010N0BEAAAB,[],"[('2', 'sztuk')]"
['heparin'],0208010P0AAAAAA,[],"[('2', 'sztuk')]"
['heparin'],0208010P0AAABAB,[],"[('2', 'sztuk')]"
['heparin'],0208010P0AAACAC,[],"[('10', 'sztuk')]"
['heparin'],0208010P0AAADAD,[],"[('5', 'sztuk')]"
['heparin'],0208010P0AAAEAE,[],"[('5', 'sztuk')]"
['heparin'],0208010P0AAAFAF,[],[]
['heparin'],0208010P0AAAGAG,[],"[('5', 'sztuk')]"
['heparin'],0208010P0AAAHAH,[],"[('10', 'sztuk')]"
['heparin'],0208010P0AAAIAI,[],"[('2', 'sztuk')]"
['heparin'],0208010P0BBAAAB,[],"[('2', 'sztuk')]"
['heparin'],0208010P0BCAAAB,[],"[('2', 'sztuk')]"
['heparin'],0208010P0BCABAC,[],"[('10', 'sztuk')]"
['heparin'],0208010P0BDAAAD,[],"[('5', 'sztuk')]"
['heparin'],0208010P0BDABAD,[],"[('5', 'sztuk')]"
['heparin'],0208010P0BEAAAD,[],"[('5', 'sztuk')]"
['tinzaparin'],0208010W0AAAAAA,[],"[('5', 'sztuk')]"
['tinzaparin'],0208010W0AAABAB,[],"[('5', 'sztuk')]"
['tinzaparin'],0208010W0AAACAC,[],"[('5', 'sztuk')]"
['tinzaparin'],0208010W0AAADAD,[],"[('5', 'sztuk')]"
['tinzaparin'],0208010W0AAAEAE,[],"[('3', 'sztuk')]"
['tinzaparin'],0208010W0AAAFAF,[],"[('2', 'sztuk')]"
['tinzaparin'],0208010W0AAAGAG,[],"[('2', 'sztuk')]"
['tinzaparin'],0208010W0AAAHAH,[],"[('5', 'sztuk')]"
['tinzaparin'],0208010W0AAAIAI,[],"[('7', 'sztuk')]"
['tinzaparin'],0208010W0AAAJAJ,[],"[('9', 'sztuk')]"
['tinzaparin'],0208010W0AAAKAK,[],"[('5', 'sztuk')]"
['tinzaparin'],0208010W0AAALAL,[],"[('35', 'sztuk')]"
['tinzaparin'],0208010W0AAAMAM,[],"[('45', 'sztuk')]"
['tinzaparin'],0208010W0AAANAN,[],"[('2', 'sztuk')]"
['tinzaparin'],0208010W0AAAPAP,[],"[('7', 'sztuk')]"
['tinzaparin'],0208010W0AAAQAQ,[],"[('25', 'sztuk')]"
['tinzaparin'],0208010W0AAARAR,[],"[('8', 'sztuk')]"
['tinzaparin'],0208010W0AAASAS,[],"[('6', 'sztuk')]"
['tinzaparin'],0208010W0AAATAT,[],"[('4', 'sztuk')]"
['tinzaparin'],0208010W0BBAAAA,[],"[('5', 'sztuk')]"
['tinzaparin'],0208010W0BBABAB,[],"[('5', 'sztuk')]"
['tinzaparin'],0208010W0BBACAC,[],"[('5', 'sztuk')]"
['tinzaparin'],0208010W0BCAAAD,[],"[('5', 'sztuk')]"
['tinzaparin'],0208010W0BCABAE,[],"[('3', 'sztuk')]"
['tinzaparin'],0208010W0BCACAF,[],"[('2', 'sztuk')]"
['tinzaparin'],0208010W0BCADAH,[],"[('5', 'sztuk')]"
['tinzaparin'],0208010W0BCAEAI,[],"[('7', 'sztuk')]"
['tinzaparin'],0208010W0BCAFAJ,[],"[('9', 'sztuk')]"
['tinzaparin'],0208010W0BCAGAK,[],"[('5', 'sztuk')]"
['tinzaparin'],0208010W0BCAHAL,[],"[('35', 'sztuk')]"
['tinzaparin'],0208010W0BCAIAM,[],"[('45', 'sztuk')]"
['tinzaparin'],0208010W0BCAJAN,[],"[('2', 'sztuk')]"
['tinzaparin'],0208010W0BCAKAQ,[],"[('25', 'sztuk')]"
['tinzaparin'],0208010W0BCALAR,[],"[('8', 'sztuk')]"
['tinzaparin'],0208010W0BCAMAS,[],"[('6', 'sztuk')]"
['tinzaparin'],0208010W0BCANAT,[],"[('4', 'sztuk')]"
['edoxaban'],0208020AAAAAAAA,"[('15000', 'mcg')]",[]
['edoxaban'],0208020AAAAABAB,"[('30000', 'mcg')]",[]
['edoxaban'],0208020AAAAACAC,"[('60000', 'mcg')]",[]
['edoxaban'],0208020AABBAAAA,"[('15000', 'mcg')]",[]
['edoxaban'],0208020AABBABAB,"[('30000', 'mcg')]",[]
['edoxaban'],0208020AABBACAC,"[('60000', 'mcg')]",[]
['acenocoumarol'],0208020H0AAAAAA,"[('1000', 'mcg')]",[]
['acenocoumarol'],0208020H0AAABAB,"[('4000', 'mcg')]",[]
['acenocoumarol'],0208020H0BBAAAA,"[('1000', 'mcg')]",[]
['acenocoumarol'],0208020H0BBABAB,"[('4000', 'mcg')]",[]
['pentosan'],0208020I0AAAAAA,"[('100000', 'mcg')]",[]
['pentosan'],0208020I0AAABAB,"[('50000', 'mcg')]",[]
['pentosan'],0208020I0AAACAC,"[('25000', 'mcg')]",[]
['pentosan'],0208020I0AAADAD,"[('50000', 'mcg')]",[]
['pentosan'],0208020I0AAAEAE,"[('100000', 'mcg')]",[]
['pentosan'],0208020I0AAAFAF,"[('100000', 'mcg')]",[]
['pentosan'],0208020I0AAAGAG,"[('100000', 'mcg')]",[]
['pentosan'],0208020I0BBAAAB,"[('50000', 'mcg')]",[]
['pentosan'],0208020I0BCAAAC,"[('25000', 'mcg')]",[]
['pentosan'],0208020I0BDAAAD,"[('50000', 'mcg')]",[]
['pentosan'],0208020I0BEAAAB,"[('50000', 'mcg')]",[]
['pentosan'],0208020I0BEAAAE,"[('100000', 'mcg')]",[]
['pentosan'],0208020I0BEABAE,"[('100000', 'mcg')]",[]
['pentosan'],0208020I0BEACAG,"[('100000', 'mcg')]",[]
['pentosan'],0208020I0BEADAG,"[('100000', 'mcg')]",[]
['phenindione'],0208020N0AAAAAA,"[('10000', 'mcg')]",[]
['phenindione'],0208020N0AAABAB,"[('25000', 'mcg')]",[]
['phenindione'],0208020N0AAACAC,"[('50000', 'mcg')]",[]
['phenindione'],0208020N0BBAAAA,"[('10000', 'mcg')]",[]
['phenindione'],0208020N0BBABAB,"[('25000', 'mcg')]",[]
['phenindione'],0208020N0BBACAC,"[('50000', 'mcg')]",[]
['phenprocoumon'],0208020S0AAAAAA,"[('3000', 'mcg')]",[]
['phenprocoumon'],0208020S0BBAAAA,"[('3000', 'mcg')]",[]
['warfarin'],0208020V0AAAAAA,"[('1000', 'mcg')]",[]
['warfarin'],0208020V0AAABAB,"[('3000', 'mcg')]",[]
['warfarin'],0208020V0AAACAC,"[('4000', 'mcg')]",[]
['warfarin'],0208020V0AAADAD,"[('5000', 'mcg')]",[]
['warfarin'],0208020V0AAAFAF,"[('300', 'mcg')]",[]
['warfarin'],0208020V0AAAGAG,"[('5000', 'mcg')]",[]
['warfarin'],0208020V0AAAHAH,[],[]
['warfarin'],0208020V0AAAIAI,"[('5000', 'mcg')]",[]
['warfarin'],0208020V0AAAJAJ,"[('2000', 'mcg')]",[]
['warfarin'],0208020V0AAAKAK,"[('25000', 'mcg')]",[]
['warfarin'],0208020V0AAALAL,"[('250', 'mcg')]",[]
['warfarin'],0208020V0AAAMAM,"[('3000', 'mcg')]",[]
['warfarin'],0208020V0AAANAN,"[('1000', 'mcg')]",[]
['warfarin'],0208020V0AAAPAP,"[('4160', 'mcg')]",[]
['warfarin'],0208020V0AAAQAQ,"[('500', 'mcg')]",[]
['warfarin'],0208020V0AAARAR,"[('1500', 'mcg')]",[]
['warfarin'],0208020V0AAASAS,"[('500', 'mcg')]",[]
['warfarin'],0208020V0AAATAT,"[('100', 'mcg')]",[]
['warfarin'],0208020V0AAAUAU,"[('2500', 'mcg')]",[]
['warfarin'],0208020V0AAAVAV,"[('10000', 'mcg')]",[]
['warfarin'],0208020V0AAAWAW,"[('4000', 'mcg')]",[]
['warfarin'],0208020V0AAAXAX,"[('500', 'mcg')]",[]
['warfarin'],0208020V0AAAYAY,"[('1000', 'mcg')]",[]
['warfarin'],0208020V0AAAZAZ,"[('5000', 'mcg')]",[]
['warfarin'],0208020V0AABABA,"[('1000', 'mcg')]",[]
['warfarin'],0208020V0AABBBB,"[('1000', 'mcg')]",[]
['warfarin'],0208020V0AABCBC,"[('3000', 'mcg')]",[]
['warfarin'],0208020V0AABDBD,"[('5000', 'mcg')]",[]
['warfarin'],0208020V0BBAAAA,"[('1000', 'mcg')]",[]
['warfarin'],0208020V0BBABAB,"[('3000', 'mcg')]",[]
['warfarin'],0208020V0BBACAD,"[('5000', 'mcg')]",[]
['warfarin'],0208020V0BBAEA0,"[('2000', 'mcg')]",[]
['warfarin'],0208020V0BBAFAS,"[('500', 'mcg')]",[]
['warfarin'],0208020V0BCAAAA,"[('1000', 'mcg')]",[]
['warfarin'],0208020V0BCABAB,"[('3000', 'mcg')]",[]
['warfarin'],0208020V0BCACAD,"[('5000', 'mcg')]",[]
['warfarin'],0208020V0BDAAAC,"[('4000', 'mcg')]",[]
['dabigatran'],0208020X0AAAAAA,"[('75000', 'mcg')]",[]
['dabigatran'],0208020X0AAABAB,"[('110000', 'mcg')]",[]
['dabigatran'],0208020X0AAACAC,"[('150000', 'mcg')]",[]
['dabigatran'],0208020X0BBAAAA,"[('75000', 'mcg')]",[]
['dabigatran'],0208020X0BBABAB,"[('110000', 'mcg')]",[]
['dabigatran'],0208020X0BBACAC,"[('150000', 'mcg')]",[]
['rivaroxaban'],0208020Y0AAAAAA,"[('10000', 'mcg')]",[]
['rivaroxaban'],0208020Y0AAABAB,"[('15000', 'mcg')]",[]
['rivaroxaban'],0208020Y0AAACAC,"[('20000', 'mcg')]",[]
['rivaroxaban'],0208020Y0AAADAD,"[('2500', 'mcg')]",[]
['rivaroxaban'],0208020Y0AAAEAE,"[('15000', 'mcg'), ('20000', 'mcg')]",[]
['rivaroxaban'],0208020Y0BBAAAA,"[('10000', 'mcg')]",[]
['rivaroxaban'],0208020Y0BBABAB,"[('15000', 'mcg')]",[]
['rivaroxaban'],0208020Y0BBACAC,"[('20000', 'mcg')]",[]
['rivaroxaban'],0208020Y0BBADAD,"[('2500', 'mcg')]",[]
['rivaroxaban'],0208020Y0BBAEAE,"[('15000', 'mcg'), ('20000', 'mcg')]",[]
['apixaban'],0208020Z0AAAAAA,"[('2500', 'mcg')]",[]
['apixaban'],0208020Z0AAABAB,"[('5000', 'mcg')]",[]
['apixaban'],0208020Z0BBAAAA,"[('2500', 'mcg')]",[]
['apixaban'],0208020Z0BBABAB,"[('5000', 'mcg')]",[]
['aspirin'],0209000A0AAA1A1,"[('14000', 'mcg')]",[]
['aspirin'],0209000A0AAA2A2,"[('30000', 'mcg')]",[]
['aspirin'],0209000A0AAA3A3,"[('16000', 'mcg')]",[]
['aspirin'],0209000A0AAA4A4,"[('62500', 'mcg')]",[]
['aspirin'],0209000A0AAA5A5,"[('100000', 'mcg')]",[]
['aspirin'],0209000A0AAA6A6,"[('75000', 'mcg')]",[]
['aspirin'],0209000A0AAA7A7,"[('75000', 'mcg')]",[]
['aspirin'],0209000A0AAAAAA,"[('37500', 'mcg')]",[]
['aspirin'],0209000A0AAABAB,"[('75000', 'mcg')]",[]
['aspirin'],0209000A0AAACAC,"[('37500', 'mcg')]",[]
['aspirin'],0209000A0AAADAD,"[('40000', 'mcg')]",[]
['aspirin'],0209000A0AAAEAE,"[('100000', 'mcg')]",[]
['aspirin'],0209000A0AAAFAF,"[('25000', 'mcg')]",[]
['aspirin'],0209000A0AAAGAG,"[('40000', 'mcg')]",[]
['aspirin'],0209000A0AAAHAH,"[('40000', 'mcg')]",[]
['aspirin'],0209000A0AAAIAI,"[('60000', 'mcg')]",[]
['aspirin'],0209000A0AAAJAJ,"[('75000', 'mcg')]",[]
['aspirin'],0209000A0AAAKAK,"[('75000', 'mcg')]",[]
['aspirin'],0209000A0AAALAL,"[('50000', 'mcg')]",[]
['aspirin'],0209000A0AAAMAM,"[('50000', 'mcg')]",[]
['aspirin'],0209000A0AAANAN,"[('75000', 'mcg')]",[]
['aspirin'],0209000A0AAAPAP,"[('22000', 'mcg')]",[]
['aspirin'],0209000A0AAAQAQ,"[('20000', 'mcg')]",[]
['aspirin'],0209000A0AAARAR,"[('5000', 'mcg')]",[]
['aspirin'],0209000A0AAASAS,"[('10000', 'mcg')]",[]
['aspirin'],0209000A0AAATAT,"[('25000', 'mcg')]",[]
['aspirin'],0209000A0AAAUAU,"[('30000', 'mcg')]",[]
['aspirin'],0209000A0AAAVAV,"[('20000', 'mcg')]",[]
['aspirin'],0209000A0AAAXAX,"[('100000', 'mcg')]",[]
['aspirin'],0209000A0AAAYAY,"[('20000', 'mcg')]",[]
['aspirin'],0209000A0AAAZAZ,"[('75000', 'mcg')]",[]
['aspirin'],0209000A0AABABA,"[('25000', 'mcg')]",[]
['aspirin'],0209000A0AABBBB,"[('40000', 'mcg')]",[]
['aspirin'],0209000A0AABCBC,"[('18750', 'mcg')]",[]
['aspirin'],0209000A0AABDBD,"[('60000', 'mcg')]",[]
['aspirin'],0209000A0AABEBE,"[('50000', 'mcg')]",[]
['aspirin'],0209000A0AABFBF,"[('30000', 'mcg')]",[]
['aspirin'],0209000A0AABGBG,"[('75000', 'mcg')]",[]
['aspirin'],0209000A0AABHBH,"[('15000', 'mcg')]",[]
['aspirin'],0209000A0AABIBI,"[('37500', 'mcg')]",[]
['aspirin'],0209000A0AABJBJ,"[('225000', 'mcg')]",[]
['aspirin'],0209000A0AABKBK,"[('300000', 'mcg')]",[]
['aspirin'],0209000A0AABLBL,"[('45000', 'mcg')]",[]
['aspirin'],0209000A0AABMBM,"[('30000', 'mcg')]",[]
['aspirin'],0209000A0AABNBN,"[('15000', 'mcg')]",[]
['aspirin'],0209000A0AABPBP,"[('18750', 'mcg')]",[]
['aspirin'],0209000A0AABQBQ,"[('35000', 'mcg')]",[]
['aspirin'],0209000A0AABRBR,"[('50000', 'mcg')]",[]
['aspirin'],0209000A0AABTBT,"[('25000', 'mcg')]",[]
['aspirin'],0209000A0AABVBV,"[('20000', 'mcg')]",[]
['aspirin'],0209000A0AABXBX,"[('10000', 'mcg')]",[]
['aspirin'],0209000A0AABYBY,"[('60000', 'mcg')]",[]
['aspirin'],0209000A0AABZBZ,"[('6000', 'mcg')]",[]
['aspirin'],0209000A0AACACA,"[('120000', 'mcg')]",[]
['aspirin'],0209000A0AACBCB,"[('75000', 'mcg')]",[]
['aspirin'],0209000A0AACCCC,"[('37500', 'mcg')]",[]
['aspirin'],0209000A0AACDCD,"[('40000', 'mcg')]",[]
['aspirin'],0209000A0AACECE,"[('150000', 'mcg')]",[]
['aspirin'],0209000A0AACFCF,"[('150000', 'mcg')]",[]
['aspirin'],0209000A0BBAAAJ,"[('75000', 'mcg')]",[]
['aspirin'],0209000A0BCAAAJ,"[('75000', 'mcg')]",[]
['aspirin'],0209000A0BDAAAE,"[('100000', 'mcg')]",[]
['aspirin'],0209000A0BDABA0,"[('300000', 'mcg')]",[]
['aspirin'],0209000A0BEABAX,"[('100000', 'mcg')]",[]
['aspirin'],0209000A0BFAAAK,"[('75000', 'mcg')]",[]
['aspirin'],0209000A0BGAAAB,"[('75000', 'mcg')]",[]
['aspirin'],0209000A0BGABAK,"[('75000', 'mcg')]",[]
['aspirin'],0209000A0BHAAAB,"[('75000', 'mcg')]",[]
['aspirin'],0209000A0BIAAAK,"[('75000', 'mcg')]",[]
['aspirin'],0209000A0BJAAAK,"[('75000', 'mcg')]",[]
['aspirin'],0209000A0BKAAAK,"[('75000', 'mcg')]",[]
['aspirin'],0209000A0BLAAAK,"[('75000', 'mcg')]",[]
['aspirin'],0209000A0BMAAAK,"[('75000', 'mcg')]",[]
['aspirin'],0209000A0BNAAAB,"[('75000', 'mcg')]",[]
['aspirin'],0209000A0BPAAAK,"[('75000', 'mcg')]",[]
['aspirin'],0209000A0BQAAAB,"[('75000', 'mcg')]",[]
['aspirin'],0209000A0BRAAAB,"[('75000', 'mcg')]",[]
['clopidogrel'],0209000C0AAAAAA,"[('75000', 'mcg')]",[]
['clopidogrel'],0209000C0AAABAB,"[('75000', 'mcg')]",[]
['clopidogrel'],0209000C0AAACAC,"[('75000', 'mcg')]",[]
['clopidogrel'],0209000C0AAADAD,"[('25000', 'mcg')]",[]
['clopidogrel'],0209000C0AAAEAE,"[('300000', 'mcg')]",[]
['clopidogrel'],0209000C0AAAFAF,"[('11000', 'mcg')]",[]
['clopidogrel'],0209000C0AAAGAG,"[('75000', 'mcg')]",[]
['clopidogrel'],0209000C0AAAHAH,"[('5000', 'mcg')]",[]
['clopidogrel'],0209000C0AAAIAI,"[('4000', 'mcg')]",[]
['clopidogrel'],0209000C0AAAJAJ,"[('75000', 'mcg')]",[]
['clopidogrel'],0209000C0AAAKAK,"[('75000', 'mcg')]",[]
['clopidogrel'],0209000C0AAALAL,"[('1000', 'mcg')]",[]
['clopidogrel'],0209000C0AAAMAM,"[('5000', 'mcg')]",[]
['clopidogrel'],0209000C0AAANAN,"[('6000', 'mcg')]",[]
['clopidogrel'],0209000C0AAAPAP,"[('3500', 'mcg')]",[]
['clopidogrel'],0209000C0AAAQAQ,"[('6000', 'mcg')]",[]
['clopidogrel'],0209000C0AAARAR,"[('7000', 'mcg')]",[]
['clopidogrel'],0209000C0BBAAAA,"[('75000', 'mcg')]",[]
['clopidogrel'],0209000C0BBABAE,"[('300000', 'mcg')]",[]
['clopidogrel'],0209000C0BCAAAA,"[('75000', 'mcg')]",[]
['clopidogrel'],0209000C0BDAAAA,"[('75000', 'mcg')]",[]
['dipyridamole'],0209000L0AAAAAA,"[('5000', 'mcg')]","[('2', 'sztuk')]"
['dipyridamole'],0209000L0AAABAB,"[('25000', 'mcg')]",[]
['dipyridamole'],0209000L0AAACAC,"[('100000', 'mcg')]",[]
['dipyridamole'],0209000L0AAADAD,"[('100000', 'mcg')]",[]
['dipyridamole'],0209000L0AAAEAE,"[('10000', 'mcg')]",[]
['dipyridamole'],0209000L0AAAFAF,"[('100000', 'mcg')]",[]
['dipyridamole'],0209000L0AAAGAG,[],[]
['dipyridamole'],0209000L0AAAHAH,"[('100000', 'mcg')]",[]
['dipyridamole'],0209000L0AAAIAI,"[('5000', 'mcg')]",[]
['dipyridamole'],0209000L0AAAJAJ,"[('10000', 'mcg')]",[]
['dipyridamole'],0209000L0AAAKAK,"[('50000', 'mcg')]",[]
['dipyridamole'],0209000L0AAALAL,"[('50000', 'mcg')]",[]
['dipyridamole'],0209000L0AAAMAM,"[('200000', 'mcg')]",[]
['dipyridamole'],0209000L0AAANAN,"[('200000', 'mcg')]",[]
['dipyridamole'],0209000L0AAAPAP,"[('250000', 'mcg')]",[]
['dipyridamole'],0209000L0AAAQAQ,"[('25000', 'mcg')]",[]
['dipyridamole'],0209000L0AAARAR,"[('15000', 'mcg')]",[]
['dipyridamole'],0209000L0AAASAS,"[('30000', 'mcg')]",[]
['dipyridamole'],0209000L0AAATAT,"[('20000', 'mcg')]",[]
['dipyridamole'],0209000L0AAAUAU,"[('12500', 'mcg')]",[]
['dipyridamole'],0209000L0AAAVAV,"[('100000', 'mcg')]",[]
['dipyridamole'],0209000L0AAAWAW,"[('100000', 'mcg')]",[]
['dipyridamole'],0209000L0AAAXAX,"[('200000', 'mcg')]",[]
['dipyridamole'],0209000L0AAAYAY,"[('200000', 'mcg')]",[]
['dipyridamole'],0209000L0AAAZAZ,"[('200000', 'mcg')]",[]
['dipyridamole'],0209000L0BBAAAB,"[('25000', 'mcg')]",[]
['dipyridamole'],0209000L0BBABAC,"[('100000', 'mcg')]",[]
['dipyridamole'],0209000L0BBACAA,"[('5000', 'mcg')]","[('2', 'sztuk')]"
['dipyridamole'],0209000L0BBADAF,"[('100000', 'mcg')]",[]
['dipyridamole'],0209000L0BBAEA0,"[('25000', 'mcg')]",[]
['dipyridamole'],0209000L0BBAFAM,"[('200000', 'mcg')]",[]
['dipyridamole'],0209000L0BBAGAM,"[('200000', 'mcg')]",[]
['dipyridamole'],0209000L0BCAAAB,"[('25000', 'mcg')]",[]
['dipyridamole'],0209000L0BCABAC,"[('100000', 'mcg')]",[]
['dipyridamole'],0209000L0BDAAAB,"[('25000', 'mcg')]",[]
['dipyridamole'],0209000L0BDABAC,"[('100000', 'mcg')]",[]
['dipyridamole'],0209000L0BEAAAB,"[('25000', 'mcg')]",[]
['dipyridamole'],0209000L0BEABAC,"[('100000', 'mcg')]",[]
['dipyridamole'],0209000L0BFAAAC,"[('100000', 'mcg')]",[]
['dipyridamole'],0209000L0BFABAB,"[('25000', 'mcg')]",[]
['dipyridamole'],0209000L0BGAAAM,"[('200000', 'mcg')]",[]
['dipyridamole'],0209000L0BHAAAM,"[('200000', 'mcg')]",[]
['dipyridamole'],0209000L0BIAAAM,"[('200000', 'mcg')]",[]
['ticlopidine'],0209000U0AAAAAA,"[('250000', 'mcg')]",[]
['ticlopidine'],0209000U0AAABAB,"[('250000', 'mcg')]",[]
['ticlopidine'],0209000U0BBAAAB,"[('250000', 'mcg')]",[]
['ticlopidine'],0209000U0BCAAAB,"[('250000', 'mcg')]",[]
"['aspirin', 'dipyridamole']",0209000V0AAAAAA,"[('200000', 'mcg'), ('25000', 'mcg')]",[]
"['aspirin', 'dipyridamole']",0209000V0BBAAAA,[],[]
"['aspirin', 'dipyridamole']",0209000V0BCAAAA,"[('200000', 'mcg'), ('25000', 'mcg')]",[]
"['aspirin', 'dipyridamole']",0209000V0BDAAAA,"[('200000', 'mcg'), ('25000', 'mcg')]",[]
['prasugrel'],0209000Y0AAAAAA,"[('5000', 'mcg')]",[]
['prasugrel'],0209000Y0AAABAB,"[('10000', 'mcg')]",[]
['prasugrel'],0209000Y0BBAAAA,"[('5000', 'mcg')]",[]
['prasugrel'],0209000Y0BBABAB,"[('10000', 'mcg')]",[]
['ticagrelor'],0209000Z0AAAAAA,"[('90000', 'mcg')]",[]
['ticagrelor'],0209000Z0AAABAB,"[('60000', 'mcg')]",[]
['ticagrelor'],0209000Z0AAACAC,"[('90000', 'mcg')]",[]
['ticagrelor'],0209000Z0BBAAAA,"[('90000', 'mcg')]",[]
['ticagrelor'],0209000Z0BBABAB,"[('60000', 'mcg')]",[]
['ticagrelor'],0209000Z0BBACAC,"[('90000', 'mcg')]",[]
['tranexamic_acid'],0211000P0AAAAAA,"[('100000', 'mcg')]","[('5', 'sztuk')]"
['tranexamic_acid'],0211000P0AAABAB,"[('500000', 'mcg')]",[]
['tranexamic_acid'],0211000P0AAACAC,"[('500000', 'mcg')]",[]
['tranexamic_acid'],0211000P0AAADAD,"[('5', '%')]",[]
['tranexamic_acid'],0211000P0AAAEAE,"[('8', '%')]",[]
['tranexamic_acid'],0211000P0AAAFAF,"[('500000', 'mcg')]",[]
['tranexamic_acid'],0211000P0AAAGAG,"[('4.8', '%')]",[]
['tranexamic_acid'],0211000P0AAAHAH,"[('100000', 'mcg')]","[('10', 'sztuk')]"
['tranexamic_acid'],0211000P0AAAIAI,"[('250000', 'mcg')]",[]
['tranexamic_acid'],0211000P0AAAJAJ,"[('1000000', 'mcg')]","[('5', 'sztuk')]"
['tranexamic_acid'],0211000P0AAAKAK,"[('2500000', 'mcg')]","[('5', 'sztuk')]"
['tranexamic_acid'],0211000P0AAALAL,"[('10', '%')]",[]
['tranexamic_acid'],0211000P0AAAMAM,"[('10', '%')]",[]
['tranexamic_acid'],0211000P0AAANAN,"[('400000', 'mcg')]",[]
['tranexamic_acid'],0211000P0AAAPAP,"[('1', '%')]",[]
['tranexamic_acid'],0211000P0AAAQAQ,"[('100000', 'mcg')]",[]
['tranexamic_acid'],0211000P0AAARAR,"[('300000', 'mcg')]",[]
['tranexamic_acid'],0211000P0AAASAS,"[('5', '%')]",[]
['tranexamic_acid'],0211000P0AAATAT,"[('4.9', '%')]",[]
['tranexamic_acid'],0211000P0AAAUAU,"[('25000', 'mcg')]",[]
['tranexamic_acid'],0211000P0AAAVAV,"[('0.5', '%')]",[]
['tranexamic_acid'],0211000P0AAAWAW,"[('350000', 'mcg')]",[]
['tranexamic_acid'],0211000P0AAAXAX,"[('425000', 'mcg')]",[]
['tranexamic_acid'],0211000P0AAAYAY,"[('4', '%')]",[]
['tranexamic_acid'],0211000P0AAAZAZ,"[('240000', 'mcg')]",[]
['tranexamic_acid'],0211000P0AABABA,"[('225000', 'mcg')]",[]
['tranexamic_acid'],0211000P0AABBBB,"[('500000', 'mcg')]",[]
['tranexamic_acid'],0211000P0AABCBC,"[('500000', 'mcg')]",[]
['tranexamic_acid'],0211000P0AABDBD,"[('5', '%')]",[]
['tranexamic_acid'],0211000P0AABEBE,"[('250000', 'mcg')]",[]
['tranexamic_acid'],0211000P0AABFBF,"[('150000', 'mcg')]",[]
['tranexamic_acid'],0211000P0BBAAAC,"[('500000', 'mcg')]",[]
['tranexamic_acid'],0211000P0BBABAB,"[('500000', 'mcg')]",[]
['tranexamic_acid'],0211000P0BBACAA,"[('100000', 'mcg')]","[('5', 'sztuk')]"
['tranexamic_acid'],0211000P0BCAAAH,"[('100000', 'mcg')]","[('10', 'sztuk')]"
['tranexamic_acid'],0211000P0BDAAAC,"[('500000', 'mcg')]",[]
['tranexamic_acid'],0211000P0BEAAAC,"[('500000', 'mcg')]",[]
['ciprofibrate'],021200010AAAAAA,"[('100000', 'mcg')]",[]
['ciprofibrate'],021200010BBAAAA,"[('100000', 'mcg')]",[]
['acipimox'],0212000A0AAAAAA,"[('250000', 'mcg')]",[]
['acipimox'],0212000A0BBAAAA,"[('250000', 'mcg')]",[]
['rosuvastatin'],0212000AAAAAAAA,"[('10000', 'mcg')]",[]
['rosuvastatin'],0212000AAAAABAB,"[('20000', 'mcg')]",[]
['rosuvastatin'],0212000AAAAACAC,"[('40000', 'mcg')]",[]
['rosuvastatin'],0212000AAAAADAD,"[('5000', 'mcg')]",[]
['rosuvastatin'],0212000AAAAAEAE,"[('20000', 'mcg')]",[]
['rosuvastatin'],0212000AABBAAAA,"[('10000', 'mcg')]",[]
['rosuvastatin'],0212000AABBABAB,"[('20000', 'mcg')]",[]
['rosuvastatin'],0212000AABBACAC,"[('40000', 'mcg')]",[]
['rosuvastatin'],0212000AABBADAD,"[('5000', 'mcg')]",[]
['omega_3_acid'],0212000ABAAAAAA,"[('460000', 'mcg'), ('380000', 'mcg')]",[]
['omega_3_acid'],0212000ABBBAAAA,[],[]
['omega_3_acid'],0212000ABBCAAAA,"[('1000000', 'mcg')]",[]
['omega_3_acid'],0212000ABBDAAAA,"[('1000000', 'mcg')]",[]
['omega_3_acid'],0212000ABBEAAAA,"[('1000000', 'mcg')]",[]
['omega_3_acid'],0212000ABBFAAAA,"[('1000000', 'mcg')]",[]
['omega_3_acid'],0212000ABBGAAAA,"[('1000000', 'mcg')]",[]
['omega_3_acid'],0212000ABBHAAAA,"[('1000000', 'mcg')]",[]
['omega_3_acid'],0212000ABBIAAAA,"[('1000000', 'mcg')]",[]
"['ezetimibe', 'simvastatin']",0212000ACAAAAAA,"[('20000', 'mcg'), ('10000', 'mcg')]",[]
"['ezetimibe', 'simvastatin']",0212000ACAAABAB,"[('40000', 'mcg'), ('10000', 'mcg')]",[]
"['ezetimibe', 'simvastatin']",0212000ACAAACAC,"[('80000', 'mcg'), ('10000', 'mcg')]",[]
"['ezetimibe', 'simvastatin']",0212000ACBBAAAA,"[('10000', 'mcg'), ('20000', 'mcg')]",[]
"['ezetimibe', 'simvastatin']",0212000ACBBABAB,"[('10000', 'mcg'), ('40000', 'mcg')]",[]
"['ezetimibe', 'simvastatin']",0212000ACBBACAC,"[('10000', 'mcg'), ('80000', 'mcg')]",[]
['colesevelam'],0212000ADAAAAAA,"[('625000', 'mcg')]",[]
['colesevelam'],0212000ADBBAAAA,"[('625000', 'mcg')]",[]
['nicotinic_acid'],0212000AEAAAAAA,"[('1000000', 'mcg')]",[]
['nicotinic_acid'],0212000AEBBAAAA,"[('1000000', 'mcg'), ('20000', 'mcg')]",[]
['evolocumab'],0212000AHAAAAAA,"[('140000', 'mcg')]","[('1', 'sztuk')]"
['evolocumab'],0212000AHAAABAB,"[('140000', 'mcg')]","[('1', 'sztuk')]"
['evolocumab'],0212000AHBBAAAA,"[('140000', 'mcg')]","[('1', 'sztuk')]"
['evolocumab'],0212000AHBBABAB,"[('140000', 'mcg')]","[('1', 'sztuk')]"
['alirocumab'],0212000AIAAAAAA,"[('75000', 'mcg')]",[]
['alirocumab'],0212000AIAAABAB,"[('150000', 'mcg')]",[]
['alirocumab'],0212000AIBBAAAA,"[('75000', 'mcg')]",[]
['alirocumab'],0212000AIBBABAB,"[('150000', 'mcg')]",[]
"['fenofibrate', 'simvastatin']",0212000AJAAAAAA,"[('145000', 'mcg'), ('20000', 'mcg')]",[]
"['fenofibrate', 'simvastatin']",0212000AJAAABAB,"[('145000', 'mcg'), ('40000', 'mcg')]",[]
"['fenofibrate', 'simvastatin']",0212000AJBBAAAA,"[('145000', 'mcg'), ('20000', 'mcg')]",[]
"['fenofibrate', 'simvastatin']",0212000AJBBABAB,"[('145000', 'mcg'), ('40000', 'mcg')]",[]
['atorvastatin'],0212000B0AAAAAA,"[('10000', 'mcg')]",[]
['atorvastatin'],0212000B0AAABAB,"[('20000', 'mcg')]",[]
['atorvastatin'],0212000B0AAACAC,"[('40000', 'mcg')]",[]
['atorvastatin'],0212000B0AAADAD,"[('80000', 'mcg')]",[]
['atorvastatin'],0212000B0AAAEAE,"[('20000', 'mcg')]",[]
['atorvastatin'],0212000B0AAAFAF,"[('20000', 'mcg')]",[]
['atorvastatin'],0212000B0AAAGAG,"[('40000', 'mcg')]",[]
['atorvastatin'],0212000B0AAAHAH,"[('10000', 'mcg')]",[]
['atorvastatin'],0212000B0AAAIAI,"[('80000', 'mcg')]",[]
['atorvastatin'],0212000B0AAAJAJ,"[('10000', 'mcg')]",[]
['atorvastatin'],0212000B0AAAKAK,"[('20000', 'mcg')]",[]
['atorvastatin'],0212000B0AAALAL,"[('10000', 'mcg')]",[]
['atorvastatin'],0212000B0AAAMAM,"[('20000', 'mcg')]",[]
['atorvastatin'],0212000B0AAANAN,"[('30000', 'mcg')]",[]
['atorvastatin'],0212000B0AAAPAP,"[('60000', 'mcg')]",[]
['atorvastatin'],0212000B0AAAQAQ,"[('20000', 'mcg')]",[]
['atorvastatin'],0212000B0BBAAAA,"[('10000', 'mcg')]",[]
['atorvastatin'],0212000B0BBABAB,"[('20000', 'mcg')]",[]
['atorvastatin'],0212000B0BBACAC,"[('40000', 'mcg')]",[]
['atorvastatin'],0212000B0BBADAD,"[('80000', 'mcg')]",[]
['atorvastatin'],0212000B0BBAEAL,"[('10000', 'mcg')]",[]
['atorvastatin'],0212000B0BBAFAM,"[('20000', 'mcg')]",[]
['atorvastatin'],0212000B0BCAAAA,"[('10000', 'mcg')]",[]
['atorvastatin'],0212000B0BDAAAA,"[('10000', 'mcg')]",[]
['atorvastatin'],0212000B0BEAAAA,"[('10000', 'mcg')]",[]
['atorvastatin'],0212000B0BFAAAB,"[('20000', 'mcg')]",[]
['atorvastatin'],0212000B0BFABAA,"[('10000', 'mcg')]",[]
['atorvastatin'],0212000B0BGAAAA,"[('10000', 'mcg')]",[]
['bezafibrate'],0212000D0AAAAAA,"[('200000', 'mcg')]",[]
['bezafibrate'],0212000D0AAABAB,"[('400000', 'mcg')]",[]
['bezafibrate'],0212000D0AAACAC,"[('200000', 'mcg')]",[]
['bezafibrate'],0212000D0BBAAAA,"[('200000', 'mcg')]",[]
['bezafibrate'],0212000D0BBABAB,"[('400000', 'mcg')]",[]
['bezafibrate'],0212000D0BCAAAB,"[('400000', 'mcg')]",[]
['bezafibrate'],0212000D0BDAAAB,"[('400000', 'mcg')]",[]
['bezafibrate'],0212000D0BEAAAB,"[('400000', 'mcg')]",[]
['bezafibrate'],0212000D0BFAAAB,"[('400000', 'mcg')]",[]
['colestyramine'],0212000F0AAAAAA,"[('325000', 'mcg')]",[]
['colestyramine'],0212000F0AAABAB,"[('4000000', 'mcg')]",[]
['colestyramine'],0212000F0AAADAD,"[('375000', 'mcg')]",[]
['colestyramine'],0212000F0AAAEAE,"[('4000000', 'mcg')]",[]
['colestyramine'],0212000F0AAAFAF,[],[]
['colestyramine'],0212000F0AAAGAG,"[('500000', 'mcg')]",[]
['colestyramine'],0212000F0AAAHAH,"[('900000', 'mcg')]",[]
['colestyramine'],0212000F0AAAIAI,"[('1000000', 'mcg')]",[]
['colestyramine'],0212000F0AAAJAJ,"[('500000', 'mcg')]",[]
['colestyramine'],0212000F0AAAKAK,"[('625000', 'mcg')]",[]
['colestyramine'],0212000F0AAALAL,"[('550000', 'mcg')]",[]
['colestyramine'],0212000F0AAAMAM,"[('4000000', 'mcg')]",[]
['colestyramine'],0212000F0AAANAN,"[('270000', 'mcg')]",[]
['colestyramine'],0212000F0AAAPAP,"[('400000', 'mcg')]",[]
['colestyramine'],0212000F0AAAQAQ,"[('100000', 'mcg')]",[]
['colestyramine'],0212000F0AAARAR,"[('10000000', 'mcg')]",[]
['colestyramine'],0212000F0AAASAS,"[('9000000', 'mcg')]",[]
['colestyramine'],0212000F0BBAAAB,"[('9000000', 'mcg'), ('4000000', 'mcg')]",[]
['colestyramine'],0212000F0BBABA0,[],[]
['colestyramine'],0212000F0BBACAE,"[('9000000', 'mcg'), ('4000000', 'mcg')]",[]
['colestyramine'],0212000F0BCAAAB,"[('4000000', 'mcg')]",[]
['colestipol'],0212000K0AAAAAA,"[('0.2', '%'), ('5000000', 'mcg')]",[]
['colestipol'],0212000K0AAABAB,"[('0.2', '%'), ('5000000', 'mcg')]",[]
['colestipol'],0212000K0AAACAC,"[('1000000', 'mcg')]",[]
['colestipol'],0212000K0BBAAAA,"[('0.2', '%'), ('5000000', 'mcg')]",[]
['colestipol'],0212000K0BBABAB,"[('0.2', '%'), ('5000000', 'mcg')]",[]
['colestipol'],0212000K0BBACAC,"[('1000000', 'mcg')]",[]
['ezetimibe'],0212000L0AAAAAA,"[('10000', 'mcg')]",[]
['ezetimibe'],0212000L0BBAAAA,"[('10000', 'mcg')]",[]
['fluvastatin'],0212000M0AAAAAA,"[('20000', 'mcg')]",[]
['fluvastatin'],0212000M0AAABAB,"[('40000', 'mcg')]",[]
['fluvastatin'],0212000M0AAACAC,"[('10000', 'mcg')]",[]
['fluvastatin'],0212000M0AAADAD,"[('80000', 'mcg')]",[]
['fluvastatin'],0212000M0AAAEAE,"[('80000', 'mcg')]",[]
['fluvastatin'],0212000M0BBAAAA,"[('20000', 'mcg')]",[]
['fluvastatin'],0212000M0BBABAB,"[('40000', 'mcg')]",[]
['fluvastatin'],0212000M0BBACAD,"[('80000', 'mcg')]",[]
['fluvastatin'],0212000M0BCAAAD,"[('80000', 'mcg')]",[]
['fluvastatin'],0212000M0BDAAAD,"[('80000', 'mcg')]",[]
['fluvastatin'],0212000M0BEAAAD,"[('80000', 'mcg')]",[]
['fluvastatin'],0212000M0BFAAAD,"[('80000', 'mcg')]",[]
['fluvastatin'],0212000M0BGAAAD,"[('80000', 'mcg')]",[]
['fenofibrate'],0212000P0AAAAAA,"[('100000', 'mcg')]",[]
['fenofibrate'],0212000P0AAABAB,"[('200000', 'mcg')]",[]
['fenofibrate'],0212000P0AAACAC,"[('67000', 'mcg')]",[]
['fenofibrate'],0212000P0AAADAD,"[('267000', 'mcg')]",[]
['fenofibrate'],0212000P0AAAEAE,"[('160000', 'mcg')]",[]
['fenofibrate'],0212000P0AAAFAF,"[('200000', 'mcg')]",[]
['fenofibrate'],0212000P0AAAGAG,"[('160000', 'mcg')]",[]
['fenofibrate'],0212000P0BBAAAA,"[('100000', 'mcg')]",[]
['fenofibrate'],0212000P0BBABAB,"[('200000', 'mcg')]",[]
['fenofibrate'],0212000P0BBACAC,"[('67000', 'mcg')]",[]
['fenofibrate'],0212000P0BBADAD,"[('267000', 'mcg')]",[]
['fenofibrate'],0212000P0BCAAAE,"[('160000', 'mcg')]",[]
['fenofibrate'],0212000P0BDAAAF,"[('200000', 'mcg')]",[]
['gemfibrozil'],0212000Q0AAAAAA,"[('300000', 'mcg')]",[]
['gemfibrozil'],0212000Q0AAABAB,"[('600000', 'mcg')]",[]
['gemfibrozil'],0212000Q0BBAAAA,"[('300000', 'mcg')]",[]
['gemfibrozil'],0212000Q0BBABAB,"[('600000', 'mcg')]",[]
['gemfibrozil'],0212000Q0BCAAAA,"[('300000', 'mcg')]",[]
['nicotinic_acid'],0212000U0AAAAAA,"[('25000', 'mcg')]",[]
['nicotinic_acid'],0212000U0AAABAB,"[('50000', 'mcg')]",[]
['nicotinic_acid'],0212000U0AAACAC,"[('100000', 'mcg')]",[]
['nicotinic_acid'],0212000U0AAADAD,"[('5000', 'mcg')]",[]
['nicotinic_acid'],0212000U0AAAEAE,"[('500000', 'mcg')]",[]
['nicotinic_acid'],0212000U0AAAGAG,"[('500000', 'mcg')]",[]
['nicotinic_acid'],0212000U0AAAHAH,"[('1000000', 'mcg')]",[]
['nicotinic_acid'],0212000U0AAAIAI,"[('25000', 'mcg')]",[]
['nicotinic_acid'],0212000U0AAAJAJ,"[('250000', 'mcg')]",[]
['nicotinic_acid'],0212000U0AAALAL,"[('1000000', 'mcg')]",[]
['nicotinic_acid'],0212000U0AAAMAM,"[('300000', 'mcg')]",[]
['nicotinic_acid'],0212000U0AAANAN,"[('15000', 'mcg')]",[]
['nicotinic_acid'],0212000U0AAAPAP,"[('1000000', 'mcg')]",[]
['nicotinic_acid'],0212000U0AAAQAQ,"[('100000', 'mcg')]",[]
['nicotinic_acid'],0212000U0AAARAR,"[('500000', 'mcg')]",[]
['nicotinic_acid'],0212000U0AAASAS,"[('100000', 'mcg')]",[]
['nicotinic_acid'],0212000U0AAATAT,"[('50000', 'mcg')]",[]
['nicotinic_acid'],0212000U0AAAUAU,"[('50000', 'mcg')]","[('1', 'sztuk')]"
['nicotinic_acid'],0212000U0AAAVAV,"[('500000', 'mcg')]",[]
['nicotinic_acid'],0212000U0AAAWAW,"[('750000', 'mcg')]",[]
['nicotinic_acid'],0212000U0AAAXAX,"[('1000000', 'mcg')]",[]
['nicotinic_acid'],0212000U0AAAYAY,[],[]
['nicotinic_acid'],0212000U0AAAZAZ,"[('500000', 'mcg')]",[]
['nicotinic_acid'],0212000U0BBAAAH,"[('1000000', 'mcg')]",[]
['nicotinic_acid'],0212000U0BCAAAR,"[('500000', 'mcg')]",[]
['nicotinic_acid'],0212000U0BCABAQ,"[('100000', 'mcg')]",[]
['nicotinic_acid'],0212000U0BDAAAR,"[('500000', 'mcg')]",[]
['nicotinic_acid'],0212000U0BEAAAB,"[('50000', 'mcg')]",[]
['nicotinic_acid'],0212000U0BFAAAV,"[('500000', 'mcg')]",[]
['nicotinic_acid'],0212000U0BFABAW,"[('750000', 'mcg')]",[]
['nicotinic_acid'],0212000U0BFACAX,"[('1000000', 'mcg')]",[]
['nicotinic_acid'],0212000U0BFADAY,[],[]
['pravastatin'],0212000X0AAAAAA,"[('10000', 'mcg')]",[]
['pravastatin'],0212000X0AAABAB,"[('20000', 'mcg')]",[]
['pravastatin'],0212000X0AAACAC,"[('20000', 'mcg')]",[]
['pravastatin'],0212000X0AAADAD,"[('40000', 'mcg')]",[]
['pravastatin'],0212000X0AAAEAE,"[('10000', 'mcg')]",[]
['pravastatin'],0212000X0AAAFAF,"[('20000', 'mcg')]",[]
['pravastatin'],0212000X0AAAGAG,"[('20000', 'mcg')]",[]
['pravastatin'],0212000X0AAAHAH,"[('40000', 'mcg')]",[]
['pravastatin'],0212000X0AAAIAI,"[('10000', 'mcg')]",[]
['pravastatin'],0212000X0AAAJAJ,"[('2500', 'mcg')]",[]
['pravastatin'],0212000X0AAAKAK,"[('5000', 'mcg')]",[]
['pravastatin'],0212000X0AAALAL,"[('20000', 'mcg')]",[]
['pravastatin'],0212000X0AAAMAM,"[('5000', 'mcg')]",[]
['pravastatin'],0212000X0BBAAAA,"[('10000', 'mcg')]",[]
['pravastatin'],0212000X0BBABAB,"[('20000', 'mcg')]",[]
['pravastatin'],0212000X0BBACAD,"[('40000', 'mcg')]",[]
['pravastatin'],0212000X0BCAAAB,"[('20000', 'mcg')]",[]
['pravastatin'],0212000X0BDAAAA,"[('10000', 'mcg')]",[]
['pravastatin'],0212000X0BDABAB,"[('20000', 'mcg')]",[]
['pravastatin'],0212000X0BEAAAA,"[('10000', 'mcg')]",[]
['simvastatin'],0212000Y0AAAAAA,"[('10000', 'mcg')]",[]
['simvastatin'],0212000Y0AAABAB,"[('20000', 'mcg')]",[]
['simvastatin'],0212000Y0AAACAC,"[('10000', 'mcg')]",[]
['simvastatin'],0212000Y0AAADAD,"[('40000', 'mcg')]",[]
['simvastatin'],0212000Y0AAAEAE,"[('20000', 'mcg')]",[]
['simvastatin'],0212000Y0AAAFAF,"[('10000', 'mcg')]",[]
['simvastatin'],0212000Y0AAAGAG,"[('20000', 'mcg')]",[]
['simvastatin'],0212000Y0AAAHAH,"[('80000', 'mcg')]",[]
['simvastatin'],0212000Y0AAAIAI,"[('5000', 'mcg')]",[]
['simvastatin'],0212000Y0AAAJAJ,"[('5000', 'mcg')]",[]
['simvastatin'],0212000Y0AAAKAK,"[('20000', 'mcg')]",[]
['simvastatin'],0212000Y0AAALAL,"[('40000', 'mcg')]",[]
['simvastatin'],0212000Y0AAAMAM,"[('40000', 'mcg')]",[]
['simvastatin'],0212000Y0AAANAN,"[('80000', 'mcg')]",[]
['simvastatin'],0212000Y0AAAPAP,"[('25000', 'mcg')]",[]
['simvastatin'],0212000Y0BBAAAA,"[('10000', 'mcg')]",[]
['simvastatin'],0212000Y0BBABAB,"[('20000', 'mcg')]",[]
['simvastatin'],0212000Y0BBACAD,"[('40000', 'mcg')]",[]
['simvastatin'],0212000Y0BBADAH,"[('80000', 'mcg')]",[]
['simvastatin'],0212000Y0BBAEAA,"[('10000', 'mcg')]",[]
['simvastatin'],0212000Y0BCAAAB,"[('20000', 'mcg')]",[]
['simvastatin'],0212000Y0BDAAAA,"[('10000', 'mcg')]",[]
['simvastatin'],0212000Y0BDABAB,"[('20000', 'mcg')]",[]
['simvastatin'],0212000Y0BDACAD,"[('40000', 'mcg')]",[]
['simvastatin'],0212000Y0BDADAH,"[('80000', 'mcg')]",[]
['simvastatin'],0212000Y0BEAAAA,"[('10000', 'mcg')]",[]
['simvastatin'],0212000Y0BEABAB,"[('20000', 'mcg')]",[]
['simvastatin'],0212000Y0BEACAD,"[('40000', 'mcg')]",[]
['simvastatin'],0212000Y0BFAAAA,"[('10000', 'mcg')]",[]
['tetradecyl_sulphate'],0213000T0AAAAAA,"[('3', '%')]","[('1', 'sztuk')]"
['tetradecyl_sulphate'],0213000T0AAABAB,"[('3', '%')]","[('30', 'sztuk')]"
['tetradecyl_sulphate'],0213000T0AAACAC,"[('0.5', '%')]","[('2', 'sztuk')]"
['tetradecyl_sulphate'],0213000T0AAADAD,"[('1', '%')]","[('2', 'sztuk')]"
['tetradecyl_sulphate'],0213000T0AAAEAE,"[('3', '%')]","[('1', 'sztuk')]"
['tetradecyl_sulphate'],0213000T0AAAFAF,"[('3', '%')]","[('2', 'sztuk')]"
['tetradecyl_sulphate'],0213000T0AAAGAG,"[('3', '%')]","[('5', 'sztuk')]"
['tetradecyl_sulphate'],0213000T0AAAHAH,"[('0.2', '%')]","[('5', 'sztuk')]"
['tetradecyl_sulphate'],0213000T0BBAAAA,"[('3', '%')]","[('1', 'sztuk')]"
['tetradecyl_sulphate'],0213000T0BBABAB,"[('3', '%')]","[('30', 'sztuk')]"
['tetradecyl_sulphate'],0213000T0BBACAC,"[('0.5', '%')]","[('2', 'sztuk')]"
['tetradecyl_sulphate'],0213000T0BBADAD,"[('1', '%')]","[('2', 'sztuk')]"
['tetradecyl_sulphate'],0213000T0BBAEAF,"[('3', '%')]","[('2', 'sztuk')]"
['tetradecyl_sulphate'],0213000T0BBAFAG,"[('3', '%')]","[('5', 'sztuk')]"
['tetradecyl_sulphate'],0213000T0BBAGAH,"[('0.2', '%')]","[('5', 'sztuk')]"
['tetradecyl_sulphate'],0213000T0BCAAAA,"[('3', '%')]","[('1', 'sztuk')]"
['tetradecyl_sulphate'],0213000T0BDAAAC,"[('0.5', '%')]","[('2', 'sztuk')]"
['tetradecyl_sulphate'],0213000T0BDABAH,"[('0.2', '%')]","[('5', 'sztuk')]"
['tetradecyl_sulphate'],0213000T0BDACAD,"[('1', '%')]","[('2', 'sztuk')]"
['tetradecyl_sulphate'],0213000T0BDADAF,"[('3', '%')]","[('2', 'sztuk')]"
['tetradecyl_sulphate'],0213000T0BDAEAG,"[('3', '%')]","[('5', 'sztuk')]"
['tetradecyl_sulphate'],0213000T0BEAAAG,"[('3', '%')]","[('5', 'sztuk')]"
['tetradecyl_sulphate'],0213000T0BEABAH,"[('0.2', '%')]","[('5', 'sztuk')]"
['tetradecyl_sulphate'],0213000T0BEACAC,"[('0.5', '%')]","[('2', 'sztuk')]"
['tetradecyl_sulphate'],0213000T0BEADAD,"[('1', '%')]","[('2', 'sztuk')]"
['tetradecyl_sulphate'],0213000T0BEAEAF,"[('3', '%')]","[('2', 'sztuk')]"
['adrenaline'],0301012A0AAAAAA,"[('220', 'mcg')]",[]
['adrenaline'],0301012A0AAABAB,"[('220', 'mcg')]",[]
['adrenaline'],0301012A0AAACAC,"[('220', 'mcg')]",[]
['adrenaline'],0301012A0BBAAAA,"[('220', 'mcg')]",[]
['adrenaline'],0301012A0BCAAAA,"[('220', 'mcg')]",[]
['adrenaline'],0301012A0BCABAB,"[('220', 'mcg')]",[]
['adrenaline'],0301012A0BCACAC,"[('220', 'mcg')]",[]
['ephedrine'],0301012F0AAAAAA,"[('15000', 'mcg')]",[]
['ephedrine'],0301012F0AAABAB,"[('30000', 'mcg')]",[]
['ephedrine'],0301012F0AAACAC,"[('60000', 'mcg')]",[]
['ephedrine'],0301012F0AAADAD,"[('15000', 'mcg')]",[]
['ephedrine'],0301012F0AAAEAE,"[('7500', 'mcg')]",[]
['ephedrine'],0301012F0AAAFAF,[],[]
['ephedrine'],0301012F0AAAHAH,"[('50000', 'mcg')]",[]
['ephedrine'],0301012F0AAAIAI,"[('7500', 'mcg')]",[]
['ephedrine'],0301012F0AAAKAK,[],[]
['ephedrine'],0301012F0AAALAL,"[('4000', 'mcg')]",[]
['ephedrine'],0301012F0AAAMAM,"[('30000', 'mcg')]",[]
['ephedrine'],0301012F0AAANAN,"[('15000', 'mcg')]",[]
['ephedrine'],0301012F0AAAPAP,"[('500', 'mcg')]",[]
['ephedrine'],0301012F0AAAQAQ,"[('10000', 'mcg')]",[]
['ephedrine'],0301012F0AAARAR,"[('20000', 'mcg')]",[]
['ephedrine'],0301012F0AAASAS,"[('20000', 'mcg')]",[]
['ephedrine'],0301012F0AAAUAU,"[('15000', 'mcg')]",[]
['ephedrine'],0301012F0AAAVAV,"[('4000', 'mcg')]",[]
['ephedrine'],0301012F0BBAAAL,"[('4000', 'mcg')]",[]
['ephedrine'],0301012F0BBABA0,[],[]
['ephedrine'],0301012F0BBACA0,"[('1000', 'mcg'), ('2000', 'mcg')]",[]
['ephedrine'],0301012F0BBADA0,[],"[('5', 'sztuk')]"
['ephedrine'],0301012F0BBAEA0,[],"[('5', 'sztuk')]"
['adrenaline'],0301040E0AAAAAA,[],[]
['adrenaline'],0301040E0AAABAB,[],[]
['adrenaline'],0301040E0AAACAC,[],"[('50', 'sztuk')]"
['adrenaline'],0301040E0AAADAD,[],"[('20', 'sztuk')]"
['adrenaline'],0301040E0AAAEAE,[],[]
['adrenaline'],0301040E0AAAFAF,[],[]
['adrenaline'],0301040E0AAAGAG,[],[]
['adrenaline'],0301040E0BBAAAC,[],"[('50', 'sztuk')]"
['adrenaline'],0301040E0BBABAD,[],"[('20', 'sztuk')]"
['adrenaline'],0301040E0BBACAE,[],[]
['adrenaline'],0301040E0BBADAG,[],[]
['adrenaline'],0301040E0BCAAA0,[],[]
['adrenaline'],0301040E0BDAAA0,[],"[('30', 'sztuk')]"
['adrenaline'],0301040E0BEAAA0,[],[]
['adrenaline'],0301040E0BFAAAA,[],[]
['adrenaline'],0301040E0BGAAA0,"[('30000000', 'mcg')]",[]
['ephedrine'],0301040J0AAAAAA,"[('15000', 'mcg'), ('120000', 'mcg')]",[]
['ephedrine'],0301040J0AAABAB,[],[]
['ephedrine'],0301040J0AAACAC,[],[]
['ephedrine'],0301040J0BBAAAA,[],[]
['ephedrine'],0301040J0BBABAB,[],[]
['ephedrine'],0301040J0BCAAAC,[],[]
['ephedrine'],0301040K0AAABAB,"[('25000', 'mcg'), ('130000', 'mcg')]",[]
['ephedrine'],0301040K0AAACAC,"[('6000', 'mcg'), ('30000', 'mcg')]","[('5', 'sztuk')]"
['ephedrine'],0301040K0AAADAD,"[('24000', 'mcg'), ('120000', 'mcg')]",[]
['ephedrine'],0301040K0AAAEAE,"[('50000', 'mcg'), ('65000', 'mcg')]",[]
['ephedrine'],0301040K0AAAFAF,"[('48000', 'mcg'), ('180000', 'mcg')]",[]
['ephedrine'],0301040K0AAAGAG,"[('11000', 'mcg'), ('120000', 'mcg')]",[]
['ephedrine'],0301040K0AAAHAH,[],[]
['ephedrine'],0301040K0BCAAAB,[],[]
['ephedrine'],0301040K0BDAAAC,[],[]
['ephedrine'],0301040K0BDABAD,[],[]
['ephedrine'],0301040K0BDACAF,[],[]
['ephedrine'],0301040K0BEAAAE,[],[]
['ephedrine'],0301040K0BFAAAH,[],[]
['ephedrine'],0301040K0BFABAG,[],[]
['ephedrine'],0301040K0BGAAA0,[],[]
['ephedrine'],0301040K0BHAAAG,[],[]
['promethazine'],0304010W0AAAAAA,"[('5000', 'mcg')]",[]
['promethazine'],0304010W0AAABAB,"[('25000', 'mcg')]","[('1', 'sztuk')]"
['promethazine'],0304010W0AAADAD,"[('10000', 'mcg')]",[]
['promethazine'],0304010W0AAAEAE,"[('20000', 'mcg')]",[]
['promethazine'],0304010W0AAAFAF,"[('25000', 'mcg')]",[]
['promethazine'],0304010W0AAAGAG,"[('25000', 'mcg')]",[]
['promethazine'],0304010W0AAAHAH,"[('5000', 'mcg')]",[]
['promethazine'],0304010W0AAAIAI,"[('50000', 'mcg')]",[]
['promethazine'],0304010W0AAAJAJ,"[('25000', 'mcg')]",[]
['promethazine'],0304010W0AAAKAK,"[('5000', 'mcg')]",[]
['promethazine'],0304010W0AAALAL,"[('25000', 'mcg')]",[]
['promethazine'],0304010W0AAAMAM,"[('5000', 'mcg')]",[]
['promethazine'],0304010W0AAANAN,"[('25000', 'mcg')]",[]
['promethazine'],0304010W0AAAPAP,"[('5000', 'mcg')]",[]
['promethazine'],0304010W0AAAQAQ,"[('25000', 'mcg')]",[]
['promethazine'],0304010W0AAARAR,"[('50000', 'mcg')]",[]
['promethazine'],0304010W0AAASAS,"[('25000', 'mcg')]","[('2', 'sztuk')]"
['promethazine'],0304010W0AAATAT,"[('25000', 'mcg')]","[('1', 'sztuk')]"
['promethazine'],0304010W0BBAAAD,"[('10000', 'mcg')]",[]
['promethazine'],0304010W0BBABAL,"[('25000', 'mcg')]",[]
['promethazine'],0304010W0BBACAK,"[('5000', 'mcg')]",[]
['promethazine'],0304010W0BBADAB,"[('25000', 'mcg')]","[('1', 'sztuk')]"
['promethazine'],0304010W0BBAEA0,"[('5000', 'mcg')]","[('5', 'sztuk')]"
['promethazine'],0304010W0BBAFA0,"[('5000', 'mcg')]",[]
['promethazine'],0304010W0BBAGAG,"[('25000', 'mcg')]","[('2', 'sztuk')]"
['promethazine'],0304010W0BBAIAL,"[('25000', 'mcg')]",[]
['promethazine'],0304010W0BBAJAP,"[('5000', 'mcg')]",[]
['promethazine'],0304010W0BCAAAE,"[('20000', 'mcg')]",[]
['promethazine'],0304010W0BDAAAK,"[('5000', 'mcg')]",[]
['promethazine'],0304010W0BEAAAP,"[('5000', 'mcg')]",[]
['promethazine'],0304010W0BFAAAH,"[('5000', 'mcg')]",[]
['adrenaline'],0304030C0AAA2A2,"[('1000', 'mcg'), ('2000000', 'mcg'), ('150', 'mcg')]",[]
['adrenaline'],0304030C0AAA3A3,"[('1000', 'mcg'), ('1000000', 'mcg'), ('1000', 'mcg')]","[('3', 'sztuk')]"
['adrenaline'],0304030C0AAAAAA,"[('280', 'mcg')]",[]
['adrenaline'],0304030C0AAABAB,"[('1000', 'mcg'), ('1000000', 'mcg')]","[('1', 'sztuk')]"
['adrenaline'],0304030C0AAAEAE,"[('1000', 'mcg'), ('1000000', 'mcg')]","[('2', 'sztuk')]"
['adrenaline'],0304030C0AAAFAF,"[('1000', 'mcg'), ('1000000', 'mcg')]","[('5', 'sztuk')]"
['adrenaline'],0304030C0AAAIAI,"[('1000', 'mcg'), ('1000000', 'mcg')]","[('5', 'sztuk')]"
['adrenaline'],0304030C0AAAKAK,"[('500', 'mcg')]",[]
['adrenaline'],0304030C0AAALAL,"[('1000', 'mcg'), ('1000000', 'mcg')]","[('1', 'sztuk')]"
['adrenaline'],0304030C0AAANAN,"[('1000', 'mcg')]",[]
['adrenaline'],0304030C0AAAPAP,"[('1000', 'mcg'), ('1000000', 'mcg')]","[('30', 'sztuk')]"
['adrenaline'],0304030C0AAARAR,"[('1000', 'mcg'), ('1000000', 'mcg')]","[('25', 'sztuk')]"
['adrenaline'],0304030C0AAASAS,"[('1000', 'mcg'), ('5000000', 'mcg')]","[('1', 'sztuk')]"
['adrenaline'],0304030C0AAAVAV,"[('1000', 'mcg'), ('1000000', 'mcg')]","[('5', 'sztuk')]"
['adrenaline'],0304030C0AAAWAW,"[('1000', 'mcg'), ('1000000', 'mcg')]","[('1', 'sztuk')]"
['adrenaline'],0304030C0AAAXAX,"[('1000', 'mcg'), ('1000000', 'mcg')]","[('5', 'sztuk')]"
['adrenaline'],0304030C0AAAYAY,"[('1000', 'mcg'), ('1000000', 'mcg')]","[('1', 'sztuk')]"
['adrenaline'],0304030C0AAAZAZ,"[('1000', 'mcg'), ('1000000', 'mcg')]","[('3', 'sztuk')]"
['adrenaline'],0304030C0AABABA,"[('1000', 'mcg'), ('1000000', 'mcg')]","[('20', 'sztuk')]"
['adrenaline'],0304030C0AABBBB,"[('1000', 'mcg'), ('1000000', 'mcg')]","[('5', 'sztuk')]"
['adrenaline'],0304030C0AABDBD,"[('1000', 'mcg'), ('1000000', 'mcg')]","[('10', 'sztuk')]"
['adrenaline'],0304030C0AABEBE,"[('1000', 'mcg'), ('600000', 'mcg'), ('1670', 'mcg')]","[('3', 'sztuk')]"
['adrenaline'],0304030C0AABFBF,"[('1000', 'mcg'), ('1000000', 'mcg'), ('150', 'mcg')]",[]
['adrenaline'],0304030C0AABGBG,"[('1000', 'mcg'), ('1000000', 'mcg')]",[]
['adrenaline'],0304030C0BBAAAA,"[('280', 'mcg')]",[]
['adrenaline'],0304030C0BCAAAI,"[('1000', 'mcg'), ('1000000', 'mcg'), ('500', 'mcg')]",[]
['adrenaline'],0304030C0BCADAL,"[('1000', 'mcg'), ('1000000', 'mcg'), ('1000', 'mcg')]",[]
['adrenaline'],0304030C0BCAEAB,"[('1000', 'mcg'), ('1000000', 'mcg')]","[('1', 'sztuk')]"
['adrenaline'],0304030C0BCAFAW,"[('1000', 'mcg'), ('1000000', 'mcg'), ('1000', 'mcg')]",[]
['adrenaline'],0304030C0BDAAA0,[],[]
['adrenaline'],0304030C0BEAAA2,"[('1000', 'mcg'), ('2000000', 'mcg'), ('150', 'mcg')]",[]
['adrenaline'],0304030C0BEABA3,"[('1000', 'mcg'), ('1000000', 'mcg'), ('1000', 'mcg')]","[('3', 'sztuk')]"
['adrenaline'],0304030C0BFAAAY,"[('1000', 'mcg'), ('1000000', 'mcg'), ('1000', 'mcg')]",[]
['adrenaline'],0304030C0BGAAA3,"[('1000', 'mcg'), ('1000000', 'mcg'), ('1000', 'mcg')]","[('3', 'sztuk')]"
['adrenaline'],0304030C0BGABA2,"[('1000', 'mcg'), ('2000000', 'mcg'), ('500', 'mcg')]","[('3', 'sztuk')]"
['adrenaline'],0304030C0BGACBE,"[('1000', 'mcg'), ('600000', 'mcg'), ('1670', 'mcg')]","[('3', 'sztuk')]"
['adrenaline'],0304030C0BHAABF,"[('1000', 'mcg'), ('1000000', 'mcg')]","[('15', 'sztuk')]"
['adrenaline'],0304030C0BHABA3,"[('1000', 'mcg'), ('1000000', 'mcg')]","[('3', 'sztuk')]"
['adrenaline'],0304030C0BIAABF,"[('1000', 'mcg'), ('1000000', 'mcg'), ('1000', 'mcg')]","[('15', 'sztuk')]"
['adrenaline'],0304030C0BIABA3,"[('1000', 'mcg'), ('1000000', 'mcg'), ('1000', 'mcg')]","[('3', 'sztuk')]"
['adrenaline'],0304030C0BIACBG,"[('1000', 'mcg'), ('1000000', 'mcg'), ('1000', 'mcg')]","[('5', 'sztuk')]"
['ephedrine'],0304030G0AAAAAA,"[('2', '%')]",[]
['codeine'],0309010C0AAAAAA,"[('15000', 'mcg')]",[]
['codeine'],0309010C0AAABAB,"[('15000', 'mcg')]",[]
['codeine'],0309010C0AAACAC,"[('3000', 'mcg')]",[]
['codeine'],0309010C0AAADAD,"[('15000', 'mcg')]",[]
['codeine'],0309010C0AAAEAE,"[('3000', 'mcg')]",[]
['codeine'],0309010C0AAAFAF,"[('15000', 'mcg')]",[]
['codeine'],0309010C0AAAGAG,"[('3000', 'mcg')]",[]
['codeine'],0309010C0AAAHAH,"[('15000', 'mcg')]",[]
['codeine'],0309010C0AAAIAI,[],[]
['codeine'],0309010C0AAAJAJ,"[('3000', 'mcg')]",[]
['codeine'],0309010C0BBAAAD,"[('15000', 'mcg')]",[]
['codeine'],0309010C0BBABAE,"[('3000', 'mcg')]",[]
['codeine'],0309010C0BCAAAD,"[('15000', 'mcg')]",[]
['codeine'],0309010C0BCABAE,"[('3000', 'mcg')]",[]
['diamorphine'],0309010N0AAAAAA,"[('3000', 'mcg')]",[]
['diamorphine'],0309010N0AAABAB,"[('15000', 'mcg')]",[]
['diamorphine'],0309010N0AAACAC,"[('10000', 'mcg')]",[]
['diamorphine'],0309010N0AAADAD,"[('2500', 'mcg')]",[]
['diamorphine'],0309010N0AAAEAE,"[('500000', 'mcg')]",[]
['diamorphine'],0309010N0AAAFAF,"[('5000', 'mcg')]",[]
['diamorphine'],0309010N0AAAGAG,"[('30000', 'mcg')]",[]
['diamorphine'],0309010N0AAAHAH,"[('2500', 'mcg')]",[]
['diamorphine'],0309010N0AAAIAI,"[('1250', 'mcg')]",[]
['diamorphine'],0309010N0AAAJAJ,"[('3000', 'mcg')]",[]
['diamorphine'],0309010N0AAAKAK,"[('2000', 'mcg')]",[]
['methadone'],0309010S0AAAAAA,"[('2000', 'mcg')]",[]
['methadone'],0309010S0AAABAB,"[('5000', 'mcg')]",[]
['methadone'],0309010S0AAACAC,"[('10000', 'mcg')]",[]
['methadone'],0309010S0AAADAD,"[('2000', 'mcg')]",[]
['methadone'],0309010S0AAAEAE,"[('2000', 'mcg')]",[]
['ephedrine'],0309010Y0AAAAAA,"[('15000', 'mcg'), ('7500', 'mcg')]",[]
['ephedrine'],0309010Y0BBAAAA,[],[]
['promethazine'],030902030BEAAAG,[],[]
['promethazine'],030902030BEABAG,[],[]
['promethazine'],030902030BEACAH,[],[]
['promethazine'],030902060BBAAA0,[],[]
['ibuprofen'],0309020AAAAAAAA,"[('300000', 'mcg')]",[]
['ibuprofen'],0309020AAAAABAB,"[('100000', 'mcg'), ('15000', 'mcg')]",[]
['ibuprofen'],0309020AABBAAAA,[],[]
['ibuprofen'],0309020AABBABAA,"[('300000', 'mcg'), ('45000', 'mcg')]",[]
['ibuprofen'],0309020AABCAAAB,[],[]
['codeine'],0309020ACAAAAAA,"[('75000', 'mcg'), ('7000', 'mcg')]",[]
['codeine'],0309020ACBBAAAA,[],[]
['ephedrine'],0309020AEAAAAAA,"[('3000', 'mcg'), ('6250', 'mcg')]",[]
['ephedrine'],0309020AEBBAAAA,[],[]
['caffeine'],0309020F0AAAAAA,[],[]
['caffeine'],0309020F0AAABAB,[],[]
['caffeine'],0309020F0AAACAC,"[('300000', 'mcg')]",[]
['caffeine'],0309020F0AAADAD,[],[]
['caffeine'],0309020F0BBAAA0,[],[]
['promethazine'],0309020Q0BDAAA0,[],[]
['codeine'],0309020X0AAAAAA,[],[]
['codeine'],0309020X0AAABAB,"[('8000', 'mcg'), ('8000', 'mcg')]",[]
['ephedrine'],0309020Y0BBAAA0,[],[]
['ephedrine'],0309020Y0BDAAA0,[],[]
['ephedrine'],0309020Y0BEAAA0,[],[]
['ephedrine'],0309020Y0BFAAA0,[],[]
['ephedrine'],0309020Y0BGAAAA,[],[]
['ephedrine'],0310000E0BBAAAA,[],[]
['ephedrine'],0310000E0BCAAA0,[],[]
['ibuprofen'],0310000N0BNAAAN,[],[]
['paracetamol'],0310000N0BSAAAU,[],[]
['paracetamol'],0310000N0BVAAAW,[],[]
['paracetamol'],0310000N0BXAAAW,[],[]
['phenylephrine'],0310000Q0AAAAAA,"[('12000', 'mcg')]",[]
['phenylephrine'],0310000Q0AAABAB,"[('12180', 'mcg')]",[]
['phenylephrine'],0310000Q0AAACAC,"[('200000', 'mcg'), ('5000', 'mcg')]",[]
['phenylephrine'],0310000Q0AAADAD,"[('12200', 'mcg')]",[]
['phenylephrine'],0310000Q0BBAAAA,"[('12000', 'mcg')]",[]
['phenylephrine'],0310000Q0BCAAAA,"[('12000', 'mcg')]",[]
['phenylephrine'],0310000Q0BDAAAB,[],[]
"['ibuprofen', 'phenylephrine']",0310000Q0BEAAAC,[],[]
"['ibuprofen', 'phenylephrine']",0310000Q0BFAAAC,"[('200000', 'mcg'), ('5000', 'mcg')]",[]
"['ibuprofen', 'phenylephrine']",0310000Q0BFABAC,"[('200000', 'mcg'), ('5000', 'mcg')]",[]
"['ibuprofen', 'phenylephrine']",0310000Q0BFACAC,"[('200000', 'mcg'), ('5000', 'mcg')]",[]
"['ibuprofen', 'phenylephrine']",0310000Q0BFADAC,"[('200000', 'mcg'), ('5000', 'mcg')]",[]
['phenylephrine'],0310000Q0BGAAAD,"[('12200', 'mcg')]",[]
['oxybate'],0401010ACAAAAAA,"[('2500000', 'mcg')]","[('5', 'sztuk')]"
['oxybate'],0401010ACBBAAAA,"[('500000', 'mcg')]",[]
['melatonin'],0401010ADAAAAAA,"[('2000', 'mcg')]",[]
['melatonin'],0401010ADAAABAB,"[('3000', 'mcg')]",[]
['melatonin'],0401010ADAAACAC,"[('500', 'mcg')]",[]
['melatonin'],0401010ADAAADAD,"[('1000', 'mcg')]",[]
['melatonin'],0401010ADAAAEAE,"[('2000', 'mcg')]",[]
['melatonin'],0401010ADAAAFAF,"[('5000', 'mcg')]",[]
['melatonin'],0401010ADAAAGAG,"[('5000', 'mcg')]",[]
['melatonin'],0401010ADAAAHAH,"[('2500', 'mcg')]",[]
['melatonin'],0401010ADAAAIAI,"[('1000', 'mcg')]",[]
['melatonin'],0401010ADAAAJAJ,"[('3000', 'mcg')]",[]
['melatonin'],0401010ADAAAKAK,"[('10000', 'mcg')]",[]
['melatonin'],0401010ADAAALAL,"[('2500', 'mcg')]",[]
['melatonin'],0401010ADAAAMAM,"[('3000', 'mcg')]",[]
['melatonin'],0401010ADAAANAN,"[('3000', 'mcg')]",[]
['melatonin'],0401010ADAAAPAP,"[('300', 'mcg')]",[]
['melatonin'],0401010ADAAAQAQ,"[('3000', 'mcg')]",[]
['melatonin'],0401010ADAAARAR,"[('500', 'mcg')]",[]
['melatonin'],0401010ADAAASAS,"[('500', 'mcg')]",[]
['melatonin'],0401010ADAAATAT,"[('2500', 'mcg')]",[]
['melatonin'],0401010ADAAAUAU,"[('4000', 'mcg')]",[]
['melatonin'],0401010ADAAAVAV,"[('2500', 'mcg')]",[]
['melatonin'],0401010ADAAAWAW,"[('20000', 'mcg')]",[]
['melatonin'],0401010ADAAAXAX,"[('1250', 'mcg')]",[]
['melatonin'],0401010ADAAAYAY,"[('2000', 'mcg')]",[]
['melatonin'],0401010ADAAAZAZ,"[('12500', 'mcg')]",[]
['melatonin'],0401010ADAABABA,"[('5000', 'mcg')]",[]
['melatonin'],0401010ADAABBBB,"[('300', 'mcg')]",[]
['melatonin'],0401010ADAABCBC,"[('750', 'mcg')]",[]
['melatonin'],0401010ADAABDBD,"[('300', 'mcg')]",[]
['melatonin'],0401010ADAABEBE,"[('3000', 'mcg')]",[]
['melatonin'],0401010ADAABFBF,"[('3000', 'mcg')]",[]
['melatonin'],0401010ADAABGBG,"[('4000', 'mcg')]",[]
['melatonin'],0401010ADAABHBH,"[('5000', 'mcg')]",[]
['melatonin'],0401010ADAABIBI,"[('3000', 'mcg')]",[]
['melatonin'],0401010ADAABJBJ,"[('8000', 'mcg')]",[]
['melatonin'],0401010ADAABKBK,"[('2000', 'mcg')]",[]
['melatonin'],0401010ADAABLBL,"[('5000', 'mcg')]",[]
['melatonin'],0401010ADAABMBM,"[('20000', 'mcg')]",[]
['melatonin'],0401010ADAABNBN,"[('1500', 'mcg')]",[]
['melatonin'],0401010ADAABPBP,"[('3000', 'mcg')]",[]
['melatonin'],0401010ADAABQBQ,"[('1000', 'mcg')]",[]
['melatonin'],0401010ADAABRBR,"[('3000', 'mcg')]",[]
['melatonin'],0401010ADAABSBS,"[('5000', 'mcg')]",[]
['melatonin'],0401010ADAABTBT,"[('1000', 'mcg')]",[]
['melatonin'],0401010ADAABUBU,"[('10000', 'mcg')]",[]
['melatonin'],0401010ADAABVBV,"[('6000', 'mcg')]",[]
['melatonin'],0401010ADAABWBW,"[('6000', 'mcg')]",[]
['melatonin'],0401010ADAABXBX,"[('5000', 'mcg')]",[]
['melatonin'],0401010ADAABYBY,"[('2000', 'mcg')]",[]
['melatonin'],0401010ADAABZBZ,"[('2000', 'mcg')]",[]
['melatonin'],0401010ADAACACA,"[('3000', 'mcg')]",[]
['melatonin'],0401010ADAACBCB,"[('3000', 'mcg')]",[]
['melatonin'],0401010ADAACCCC,"[('3000', 'mcg')]",[]
['melatonin'],0401010ADAACDCD,"[('10000', 'mcg')]",[]
['melatonin'],0401010ADAACECE,"[('10000', 'mcg')]",[]
['melatonin'],0401010ADAACFCF,"[('2500', 'mcg')]",[]
['melatonin'],0401010ADAACGCG,"[('2500', 'mcg')]",[]
['melatonin'],0401010ADAACHCH,"[('2000', 'mcg')]",[]
['melatonin'],0401010ADAACICI,"[('7500', 'mcg')]",[]
['melatonin'],0401010ADAACJCJ,"[('7000', 'mcg')]",[]
['melatonin'],0401010ADAACKCK,"[('15000', 'mcg')]",[]
['melatonin'],0401010ADAACLCL,"[('7000', 'mcg')]",[]
['melatonin'],0401010ADAACMCM,"[('7000', 'mcg')]",[]
['melatonin'],0401010ADAACNCN,"[('10000', 'mcg')]",[]
['melatonin'],0401010ADAACPCP,"[('4000', 'mcg')]",[]
['melatonin'],0401010ADAACQCQ,"[('6000', 'mcg')]",[]
['melatonin'],0401010ADAACRCR,"[('2500', 'mcg')]",[]
['melatonin'],0401010ADAACSCS,"[('8000', 'mcg')]",[]
['melatonin'],0401010ADAACTCT,"[('1000', 'mcg')]",[]
['melatonin'],0401010ADBBAAAA,"[('2000', 'mcg')]",[]
['melatonin'],0401010ADBCAPAS,"[('500', 'mcg')]",[]
['melatonin'],0401010ADBCAQAI,"[('1000', 'mcg')]",[]
['melatonin'],0401010ADBCARAV,"[('2500', 'mcg')]",[]
['melatonin'],0401010ADBCATAX,"[('1000', 'mcg')]",[]
['melatonin'],0401010ADBCAVAI,"[('1000', 'mcg')]",[]
['melatonin'],0401010ADBCAXAZ,"[('2500', 'mcg')]",[]
['melatonin'],0401010ADBCAYBA,"[('1000', 'mcg')]",[]
['melatonin'],0401010ADBCBABD,"[('300', 'mcg')]",[]
['melatonin'],0401010ADBCBBBE,"[('3000', 'mcg')]",[]
['melatonin'],0401010ADBCBCBB,"[('300', 'mcg')]",[]
['melatonin'],0401010ADBCBDBC,"[('750', 'mcg')]",[]
['melatonin'],0401010ADBCBEAC,"[('500', 'mcg')]",[]
['melatonin'],0401010ADBCBFAK,"[('10000', 'mcg')]",[]
['melatonin'],0401010ADBCBGAJ,"[('3000', 'mcg')]",[]
['melatonin'],0401010ADBCBIBL,"[('5000', 'mcg')]",[]
['melatonin'],0401010ADBCBJBL,"[('5000', 'mcg')]",[]
['melatonin'],0401010ADBCBKBM,"[('20000', 'mcg')]",[]
['melatonin'],0401010ADBCBLBN,"[('1500', 'mcg')]",[]
['melatonin'],0401010ADBCBMBP,"[('3000', 'mcg')]",[]
['melatonin'],0401010ADBCBNBP,"[('3000', 'mcg')]",[]
['melatonin'],0401010ADBCBPBQ,"[('1000', 'mcg')]","[('1', 'sztuk')]"
['melatonin'],0401010ADBCBQBR,"[('3000', 'mcg')]","[('3', 'sztuk')]"
['melatonin'],0401010ADBCBRBS,"[('5000', 'mcg')]","[('5', 'sztuk')]"
['melatonin'],0401010ADBCBSBP,"[('3000', 'mcg')]",[]
['melatonin'],0401010ADBCBTBR,"[('3000', 'mcg')]",[]
['melatonin'],0401010ADBCBUBP,"[('3000', 'mcg')]",[]
['melatonin'],0401010ADBCBVBP,"[('3000', 'mcg')]",[]
['melatonin'],0401010ADBCBWBP,"[('3000', 'mcg')]",[]
['melatonin'],0401010ADBCBXBQ,"[('1000', 'mcg')]",[]
['melatonin'],0401010ADBCBYBR,"[('3000', 'mcg')]",[]
['melatonin'],0401010ADBCBZBP,"[('3000', 'mcg')]",[]
['melatonin'],0401010ADBCCABP,"[('3000', 'mcg')]",[]
['melatonin'],0401010ADBCCBBR,"[('3000', 'mcg')]",[]
['melatonin'],0401010ADBCCCBL,"[('5000', 'mcg')]",[]
['melatonin'],0401010ADBCCDAE,"[('2000', 'mcg')]",[]
['melatonin'],0401010ADBCCEBS,"[('5000', 'mcg')]",[]
['melatonin'],0401010ADBCCFAA,"[('2000', 'mcg')]",[]
['chloral_hydrate'],0401010B0AAAAAA,"[('500000', 'mcg')]",[]
['chloral_hydrate'],0401010B0AAABAB,"[('200000', 'mcg')]",[]
['chloral_hydrate'],0401010B0AAACAC,"[('1000000', 'mcg')]","[('10', 'sztuk')]"
['chloral_hydrate'],0401010B0AAAEAE,[],[]
['chloral_hydrate'],0401010B0AAAFAF,"[('143000', 'mcg')]",[]
['chloral_hydrate'],0401010B0AAAGAG,"[('500000', 'mcg')]",[]
['chloral_hydrate'],0401010B0AAAHAH,"[('414000', 'mcg')]",[]
['chloral_hydrate'],0401010B0AAAIAI,"[('300000', 'mcg')]",[]
['chloral_hydrate'],0401010B0AAAJAJ,"[('250000', 'mcg')]",[]
['chloral_hydrate'],0401010B0AAAKAK,"[('500000', 'mcg')]",[]
['chloral_hydrate'],0401010B0AAALAL,"[('60000', 'mcg')]",[]
['chloral_hydrate'],0401010B0AAAMAM,"[('50000', 'mcg')]",[]
['chloral_hydrate'],0401010B0AAANAN,"[('1000000', 'mcg')]","[('5', 'sztuk')]"
['chloral_hydrate'],0401010B0AAAPAP,[],[]
['chloral_hydrate'],0401010B0AAAQAQ,"[('500000', 'mcg')]",[]
['chloral_hydrate'],0401010B0AAARAR,"[('500000', 'mcg')]",[]
['chloral_hydrate'],0401010B0AAASAS,"[('300000', 'mcg')]",[]
['chloral_hydrate'],0401010B0AAATAT,"[('1000000', 'mcg')]","[('5', 'sztuk')]"
['chloral_hydrate'],0401010B0AAAUAU,"[('325000', 'mcg')]",[]
['chloral_hydrate'],0401010B0AAAVAV,"[('5000000', 'mcg')]","[('5', 'sztuk')]"
['chloral_hydrate'],0401010B0AAAWAW,"[('145000', 'mcg')]",[]
['chloral_hydrate'],0401010B0AAAXAX,"[('100000', 'mcg')]",[]
['chloral_hydrate'],0401010B0AAAYAY,"[('143000', 'mcg')]",[]
['chloral_hydrate'],0401010B0AAAZAZ,"[('1250000', 'mcg')]","[('5', 'sztuk')]"
['chloral_hydrate'],0401010B0AABABA,"[('200000', 'mcg')]",[]
['chloral_hydrate'],0401010B0AABBBB,"[('500000', 'mcg')]",[]
['chloral_hydrate'],0401010B0AABCBC,"[('750000', 'mcg')]",[]
['chloral_hydrate'],0401010B0AABDBD,"[('1500000', 'mcg')]","[('5', 'sztuk')]"
['chloral_hydrate'],0401010B0AABEBE,"[('250000', 'mcg')]",[]
['chloral_hydrate'],0401010B0AABFBF,"[('100000', 'mcg')]",[]
['chloral_hydrate'],0401010B0AABGBG,"[('200000', 'mcg')]",[]
['chloral_hydrate'],0401010B0AABHBH,"[('1000000', 'mcg')]",[]
['chloral_hydrate'],0401010B0AABIBI,"[('400000', 'mcg')]",[]
['chloral_hydrate'],0401010B0AABJBJ,"[('1000', 'mcg')]",[]
['chloral_hydrate'],0401010B0AABKBK,"[('25000', 'mcg')]",[]
['chloral_hydrate'],0401010B0AABLBL,"[('125000', 'mcg')]",[]
['chloral_hydrate'],0401010B0AABMBM,"[('40000', 'mcg')]",[]
['chloral_hydrate'],0401010B0AABNBN,"[('70000', 'mcg')]",[]
['chloral_hydrate'],0401010B0AABPBP,"[('600000', 'mcg')]",[]
['chloral_hydrate'],0401010B0AABQBQ,"[('50000', 'mcg')]",[]
['chloral_hydrate'],0401010B0AABRBR,"[('500000', 'mcg')]",[]
['chloral_hydrate'],0401010B0AABSBS,"[('500000', 'mcg')]",[]
['chloral_hydrate'],0401010B0AABTBT,"[('500000', 'mcg')]",[]
['chloral_hydrate'],0401010B0AABUBU,"[('200000', 'mcg')]",[]
['chloral_hydrate'],0401010B0AABVBV,"[('200000', 'mcg')]",[]
['chloral_hydrate'],0401010B0AABWBW,"[('1000000', 'mcg')]","[('5', 'sztuk')]"
['chloral_hydrate'],0401010B0BBAAAA,"[('500000', 'mcg')]",[]
"['chloral_hydrate', 'cloral_betaine']",0401010B0BCABAF,"[('143300', 'mcg')]",[]
['cloral_betaine'],0401010C0AAAAAA,"[('707000', 'mcg')]",[]
"['chloral_hydrate', 'cloral_betaine']",0401010C0BBAAAA,"[('707000', 'mcg')]",[]
['clomethiazole'],0401010D0AAABAB,"[('0.8', '%')]","[('500', 'sztuk')]"
['clomethiazole'],0401010D0AAACAC,"[('157500', 'mcg')]",[]
['clomethiazole'],0401010D0AAADAD,"[('250000', 'mcg')]",[]
['clomethiazole'],0401010D0AAAEAE,"[('250000', 'mcg')]",[]
['clomethiazole'],0401010D0BBABAC,"[('250000', 'mcg')]",[]
['clomethiazole'],0401010D0BBACAB,"[('0.8', '%')]","[('500', 'sztuk')]"
['clomethiazole'],0401010F0AAAAAA,"[('192000', 'mcg')]",[]
['clomethiazole'],0401010F0BBAAAA,"[('192000', 'mcg')]",[]
['flurazepam'],0401010L0AAAAAA,"[('15000', 'mcg')]",[]
['flurazepam'],0401010L0AAABAB,"[('30000', 'mcg')]",[]
['flurazepam'],0401010L0AAACAC,"[('5000', 'mcg')]",[]
['flurazepam'],0401010L0AAADAD,"[('15000', 'mcg')]",[]
['flurazepam'],0401010L0BBAAAA,"[('15000', 'mcg')]",[]
['flurazepam'],0401010L0BBABAB,"[('30000', 'mcg')]",[]
['loprazolam'],0401010N0AAAAAA,"[('1000', 'mcg')]",[]
['loprazolam'],0401010N0BBAAAA,"[('1000', 'mcg')]",[]
['lormetazepam'],0401010P0AAAAAA,"[('1000', 'mcg')]",[]
['lormetazepam'],0401010P0AAABAB,"[('500', 'mcg')]",[]
['lormetazepam'],0401010P0AAACAC,"[('1000', 'mcg')]",[]
['lormetazepam'],0401010P0AAADAD,"[('250', 'mcg')]",[]
['lormetazepam'],0401010P0AAAEAE,"[('2000', 'mcg')]",[]
['lormetazepam'],0401010P0AAAFAF,"[('500', 'mcg')]",[]
['lormetazepam'],0401010P0AAAGAG,"[('1000', 'mcg')]",[]
['lormetazepam'],0401010P0AAAHAH,"[('125', 'mcg')]",[]
['nitrazepam'],0401010R0AAAAAA,"[('2500', 'mcg')]",[]
['nitrazepam'],0401010R0AAACAC,"[('5000', 'mcg')]",[]
['nitrazepam'],0401010R0AAADAD,"[('10000', 'mcg')]",[]
['nitrazepam'],0401010R0AAAEAE,"[('2500', 'mcg')]",[]
['nitrazepam'],0401010R0AAAFAF,"[('30000', 'mcg')]",[]
['nitrazepam'],0401010R0AAAGAG,[],[]
['nitrazepam'],0401010R0AAAHAH,"[('500', 'mcg')]",[]
['nitrazepam'],0401010R0AAAIAI,"[('5000', 'mcg')]",[]
['nitrazepam'],0401010R0AAAJAJ,"[('1000', 'mcg')]",[]
['nitrazepam'],0401010R0AAAKAK,"[('5000', 'mcg')]",[]
['nitrazepam'],0401010R0AAALAL,"[('5000', 'mcg')]",[]
['nitrazepam'],0401010R0AAAMAM,[],[]
['nitrazepam'],0401010R0AAANAN,"[('6000', 'mcg')]",[]
['nitrazepam'],0401010R0AAAPAP,"[('5000', 'mcg')]",[]
['nitrazepam'],0401010R0AAAQAQ,"[('2500', 'mcg')]",[]
['nitrazepam'],0401010R0AAARAR,"[('2500', 'mcg')]",[]
['nitrazepam'],0401010R0AAASAS,"[('10000', 'mcg')]",[]
['nitrazepam'],0401010R0AAATAT,"[('450', 'mcg')]",[]
['nitrazepam'],0401010R0AAAUAU,"[('10000', 'mcg')]",[]
['nitrazepam'],0401010R0AAAVAV,"[('2000', 'mcg')]",[]
['nitrazepam'],0401010R0AAAWAW,"[('4000', 'mcg')]",[]
['nitrazepam'],0401010R0AAAXAX,"[('5000', 'mcg')]",[]
['nitrazepam'],0401010R0BBAAAD,"[('10000', 'mcg')]",[]
['nitrazepam'],0401010R0BBABAC,"[('5000', 'mcg')]",[]
['nitrazepam'],0401010R0BCAAAC,"[('5000', 'mcg')]",[]
['nitrazepam'],0401010R0BDAAAC,"[('5000', 'mcg')]",[]
['nitrazepam'],0401010R0BDABAI,"[('5000', 'mcg')]",[]
['nitrazepam'],0401010R0BEAAAC,"[('5000', 'mcg')]",[]
['nitrazepam'],0401010R0BFAAAA,"[('2500', 'mcg')]",[]
['nitrazepam'],0401010R0BGAAAC,"[('5000', 'mcg')]",[]
['temazepam'],0401010T0AAAAAA,"[('10000', 'mcg')]",[]
['temazepam'],0401010T0AAACAC,"[('20000', 'mcg')]",[]
['temazepam'],0401010T0AAAEAE,"[('10000', 'mcg')]",[]
['temazepam'],0401010T0AAAFAF,"[('15000', 'mcg')]",[]
['temazepam'],0401010T0AAAHAH,"[('5000', 'mcg')]",[]
['temazepam'],0401010T0AAAJAJ,"[('15000', 'mcg')]",[]
['temazepam'],0401010T0AAALAL,"[('30000', 'mcg')]",[]
['temazepam'],0401010T0AAAMAM,"[('10000', 'mcg')]",[]
['temazepam'],0401010T0AAANAN,"[('20000', 'mcg')]",[]
['temazepam'],0401010T0AAAPAP,"[('10000', 'mcg')]",[]
['temazepam'],0401010T0AAAQAQ,"[('20000', 'mcg')]",[]
['temazepam'],0401010T0AAATAT,"[('10000', 'mcg')]",[]
['temazepam'],0401010T0AAAUAU,"[('20000', 'mcg')]",[]
['temazepam'],0401010T0AAAVAV,"[('15000', 'mcg')]",[]
['temazepam'],0401010T0AAAWAW,"[('30000', 'mcg')]",[]
['temazepam'],0401010T0AAAXAX,"[('2000', 'mcg'), ('5000', 'mcg'), ('10000', 'mcg')]",[]
['temazepam'],0401010T0AAAYAY,"[('5000', 'mcg')]",[]
['temazepam'],0401010T0AAAZAZ,"[('2000', 'mcg')]",[]
['temazepam'],0401010T0AABABA,"[('10000', 'mcg')]",[]
['temazepam'],0401010T0AABBBB,"[('20000', 'mcg')]",[]
['temazepam'],0401010T0AABCBC,"[('14000', 'mcg')]",[]
['temazepam'],0401010T0BBAAAA,"[('10000', 'mcg')]",[]
['temazepam'],0401010T0BBABAC,"[('20000', 'mcg')]",[]
['temazepam'],0401010T0BDAAAA,"[('10000', 'mcg')]",[]
['temazepam'],0401010T0BDABAC,"[('20000', 'mcg')]",[]
['temazepam'],0401010T0BDACAX,"[('2000', 'mcg'), ('5000', 'mcg'), ('10000', 'mcg')]",[]
['temazepam'],0401010T0BDADAV,"[('15000', 'mcg')]",[]
['temazepam'],0401010T0BDAEAW,"[('30000', 'mcg')]",[]
['temazepam'],0401010T0BEAAAM,"[('10000', 'mcg')]",[]
['temazepam'],0401010T0BEABAN,"[('20000', 'mcg')]",[]
['zolpidem'],0401010Y0AAAAAA,"[('5000', 'mcg')]",[]
['zolpidem'],0401010Y0AAABAB,"[('10000', 'mcg')]",[]
['zolpidem'],0401010Y0AAACAC,"[('5000', 'mcg')]",[]
['zolpidem'],0401010Y0BBAAAA,"[('5000', 'mcg')]",[]
['zolpidem'],0401010Y0BBABAB,"[('10000', 'mcg')]",[]
['zopiclone'],0401010Z0AAAAAA,"[('7500', 'mcg')]",[]
['zopiclone'],0401010Z0AAABAB,"[('5000', 'mcg')]",[]
['zopiclone'],0401010Z0AAACAC,"[('3750', 'mcg')]",[]
['zopiclone'],0401010Z0AAADAD,"[('7500', 'mcg')]",[]
['zopiclone'],0401010Z0AAAEAE,"[('3750', 'mcg')]",[]
['zopiclone'],0401010Z0AAAFAF,"[('7500', 'mcg')]",[]
['zopiclone'],0401010Z0AAAGAG,"[('1880', 'mcg')]",[]
['zopiclone'],0401010Z0AAAHAH,"[('3750', 'mcg')]",[]
['zopiclone'],0401010Z0AAAIAI,"[('7500', 'mcg')]",[]
['zopiclone'],0401010Z0AAAJAJ,"[('3750', 'mcg')]",[]
['zopiclone'],0401010Z0AAAKAK,"[('3750', 'mcg')]",[]
['zopiclone'],0401010Z0AAALAL,"[('7500', 'mcg')]",[]
['zopiclone'],0401010Z0AAAMAM,"[('7500', 'mcg')]",[]
['zopiclone'],0401010Z0BBAAAA,"[('7500', 'mcg')]",[]
['zopiclone'],0401010Z0BBABAC,"[('3750', 'mcg')]",[]
['zopiclone'],0401010Z0BCAAAC,"[('3750', 'mcg')]",[]
['zopiclone'],0401010Z0BCABAA,"[('7500', 'mcg')]",[]
['alprazolam'],0401020A0AAAAAA,"[('250', 'mcg')]",[]
['alprazolam'],0401020A0AAABAB,"[('500', 'mcg')]",[]
['alprazolam'],0401020A0BBAAAA,"[('250', 'mcg')]",[]
['alprazolam'],0401020A0BBABAB,"[('500', 'mcg')]",[]
['buspirone'],0401020B0AAAAAA,"[('5000', 'mcg')]",[]
['buspirone'],0401020B0AAABAB,"[('10000', 'mcg')]",[]
['buspirone'],0401020B0AAACAC,"[('5000', 'mcg')]",[]
['buspirone'],0401020B0BBAAAA,"[('5000', 'mcg')]",[]
['buspirone'],0401020B0BBABAB,"[('10000', 'mcg')]",[]
['chlordiazepoxide'],0401020D0AAADAD,"[('5000', 'mcg')]",[]
['chlordiazepoxide'],0401020D0AAAEAE,"[('10000', 'mcg')]",[]
['chlordiazepoxide'],0401020D0AAAFAF,"[('25000', 'mcg')]",[]
['chlordiazepoxide'],0401020D0AAAGAG,"[('5000', 'mcg')]",[]
['chlordiazepoxide'],0401020D0BBAAAD,"[('5000', 'mcg')]",[]
['chlordiazepoxide'],0401020D0BBABAE,"[('10000', 'mcg')]",[]
['chlordiazepoxide'],0401020D0BBACAF,"[('25000', 'mcg')]",[]
['chlordiazepoxide'],0401020D0BCAAAD,"[('5000', 'mcg')]",[]
['chlordiazepoxide'],0401020E0AAAAAA,"[('5000', 'mcg')]",[]
['chlordiazepoxide'],0401020E0AAABAB,"[('10000', 'mcg')]",[]
['chlordiazepoxide'],0401020E0AAACAC,"[('25000', 'mcg')]",[]
['chlordiazepoxide'],0401020E0AAADAD,"[('5000', 'mcg')]",[]
['chlordiazepoxide'],0401020E0AAAEAE,"[('10000', 'mcg')]",[]
['chlordiazepoxide'],0401020E0AAAFAF,"[('100000', 'mcg')]",[]
['chlordiazepoxide'],0401020E0AAAGAG,"[('2500', 'mcg')]",[]
['chlordiazepoxide'],0401020E0AAAHAH,"[('2000', 'mcg')]",[]
['chlordiazepoxide'],0401020E0AAAIAI,"[('10000', 'mcg')]",[]
['chlordiazepoxide'],0401020E0AAAJAJ,"[('5000', 'mcg')]",[]
['chlordiazepoxide'],0401020E0AAAKAK,"[('1000', 'mcg')]",[]
['chlordiazepoxide'],0401020E0AAALAL,"[('2500', 'mcg')]",[]
['chlordiazepoxide'],0401020E0AAAMAM,"[('3500', 'mcg')]",[]
['chlordiazepoxide'],0401020E0AAANAN,"[('3000', 'mcg')]",[]
['chlordiazepoxide'],0401020E0AAAPAP,"[('2000', 'mcg')]",[]
['chlordiazepoxide'],0401020E0AAAQAQ,"[('1500', 'mcg')]",[]
['chlordiazepoxide'],0401020E0AAARAR,[],[]
['chlordiazepoxide'],0401020E0AAASAS,"[('4000', 'mcg')]",[]
['chlordiazepoxide'],0401020E0AAATAT,"[('1500', 'mcg')]",[]
['chlordiazepoxide'],0401020E0AAAUAU,"[('5000', 'mcg')]",[]
['chlordiazepoxide'],0401020E0AAAVAV,"[('10000', 'mcg')]",[]
['chlordiazepoxide'],0401020E0AAAWAW,"[('500', 'mcg')]",[]
['chlordiazepoxide'],0401020E0AAAXAX,"[('25000', 'mcg')]",[]
['chlordiazepoxide'],0401020E0AAAYAY,"[('2500', 'mcg')]",[]
['chlordiazepoxide'],0401020E0BBAAAF,"[('100000', 'mcg')]",[]
['chlordiazepoxide'],0401020E0BBABAD,"[('5000', 'mcg')]",[]
['chlordiazepoxide'],0401020E0BBACAE,"[('10000', 'mcg')]",[]
['chlordiazepoxide'],0401020E0BCAAAA,"[('5000', 'mcg')]",[]
['chlordiazepoxide'],0401020E0BCABAB,"[('10000', 'mcg')]",[]
['chlordiazepoxide'],0401020E0BCACAC,"[('25000', 'mcg')]",[]
['chlordiazepoxide'],0401020E0BCADAE,"[('10000', 'mcg')]",[]
['chlordiazepoxide'],0401020E0BCAEAD,"[('5000', 'mcg')]",[]
['bromazepam'],0401020G0AAAAAA,"[('3000', 'mcg')]",[]
['bromazepam'],0401020G0BBAAAA,"[('3000', 'mcg')]",[]
['diazepam'],0401020K0AAA1A1,"[('10000', 'mcg')]",[]
['diazepam'],0401020K0AAA2A2,"[('2000', 'mcg')]",[]
['diazepam'],0401020K0AAA3A3,"[('5000', 'mcg')]",[]
['diazepam'],0401020K0AAA4A4,"[('2000', 'mcg')]",[]
['diazepam'],0401020K0AAA5A5,"[('10000', 'mcg')]",[]
['diazepam'],0401020K0AAA6A6,"[('2000', 'mcg')]",[]
['diazepam'],0401020K0AAA7A7,"[('20000', 'mcg')]",[]
['diazepam'],0401020K0AAA8A8,"[('200', 'mcg')]",[]
['diazepam'],0401020K0AAA9A9,"[('2000', 'mcg')]",[]
['diazepam'],0401020K0AAAAAA,"[('2000', 'mcg')]",[]
['diazepam'],0401020K0AAABAB,"[('5000', 'mcg')]",[]
['diazepam'],0401020K0AAACAC,"[('5000', 'mcg')]","[('2', 'sztuk')]"
['diazepam'],0401020K0AAADAD,"[('5000', 'mcg')]",[]
['diazepam'],0401020K0AAAEAE,"[('10000', 'mcg')]",[]
['diazepam'],0401020K0AAAFAF,"[('5000', 'mcg')]",[]
['diazepam'],0401020K0AAAGAG,"[('10000', 'mcg')]",[]
['diazepam'],0401020K0AAAHAH,"[('2000', 'mcg')]",[]
['diazepam'],0401020K0AAAIAI,"[('5000', 'mcg')]",[]
['diazepam'],0401020K0AAAJAJ,"[('10000', 'mcg')]",[]
['diazepam'],0401020K0AAAKAK,"[('10000', 'mcg')]","[('1', 'sztuk')]"
['diazepam'],0401020K0AAALAL,"[('5000', 'mcg')]","[('4', 'sztuk')]"
['diazepam'],0401020K0AAAMAM,"[('500', 'mcg')]","[('10', 'sztuk')]"
['diazepam'],0401020K0AAANAN,"[('2000', 'mcg')]",[]
['diazepam'],0401020K0AAAPAP,"[('2500', 'mcg')]",[]
['diazepam'],0401020K0AAAQAQ,"[('5000', 'mcg')]","[('2', 'sztuk')]"
['diazepam'],0401020K0AAARAR,"[('5000', 'mcg')]","[('2', 'sztuk')]"
['diazepam'],0401020K0AAASAS,"[('1000', 'mcg')]","[('10', 'sztuk')]"
['diazepam'],0401020K0AAATAT,"[('5000', 'mcg')]",[]
['diazepam'],0401020K0AAAUAU,"[('5000', 'mcg')]",[]
['diazepam'],0401020K0AAAVAV,"[('2500', 'mcg')]","[('2', 'sztuk')]"
['diazepam'],0401020K0AAAWAW,"[('2000', 'mcg')]",[]
['diazepam'],0401020K0AAAXAX,"[('5000', 'mcg')]",[]
['diazepam'],0401020K0AAAYAY,"[('2000', 'mcg')]",[]
['diazepam'],0401020K0AAAZAZ,"[('5000', 'mcg')]","[('1', 'sztuk')]"
['diazepam'],0401020K0AABABA,"[('2000', 'mcg')]",[]
['diazepam'],0401020K0AABBBB,"[('10000', 'mcg')]",[]
['diazepam'],0401020K0AABCBC,"[('1000', 'mcg')]",[]
['diazepam'],0401020K0AABDBD,"[('2500', 'mcg')]",[]
['diazepam'],0401020K0AABEBE,[],[]
['diazepam'],0401020K0AABFBF,"[('10000', 'mcg')]",[]
['diazepam'],0401020K0AABGBG,"[('7000', 'mcg')]",[]
['diazepam'],0401020K0AABHBH,"[('10000', 'mcg')]",[]
['diazepam'],0401020K0AABIBI,"[('1000', 'mcg')]",[]
['diazepam'],0401020K0AABJBJ,"[('10000', 'mcg')]",[]
['diazepam'],0401020K0AABKBK,"[('1000', 'mcg')]",[]
['diazepam'],0401020K0AABLBL,"[('8000', 'mcg')]",[]
['diazepam'],0401020K0AABMBM,"[('25000', 'mcg')]",[]
['diazepam'],0401020K0AABNBN,"[('2000', 'mcg')]",[]
['diazepam'],0401020K0AABPBP,"[('8000', 'mcg')]",[]
['diazepam'],0401020K0AABQBQ,"[('2500', 'mcg')]",[]
['diazepam'],0401020K0AABRBR,"[('4000', 'mcg')]","[('5', 'sztuk')]"
['diazepam'],0401020K0AABTBT,"[('3000', 'mcg')]",[]
['diazepam'],0401020K0AABUBU,"[('2500', 'mcg')]",[]
['diazepam'],0401020K0AABVBV,"[('3000', 'mcg')]",[]
['diazepam'],0401020K0AABWBW,"[('5000', 'mcg')]",[]
['diazepam'],0401020K0AABXBX,"[('50000', 'mcg')]",[]
['diazepam'],0401020K0AABYBY,"[('500', 'mcg')]",[]
['diazepam'],0401020K0AABZBZ,"[('2000', 'mcg')]","[('20', 'sztuk')]"
['diazepam'],0401020K0AACACA,"[('10000', 'mcg')]",[]
['diazepam'],0401020K0AACBCB,"[('2500', 'mcg')]",[]
['diazepam'],0401020K0AACCCC,"[('4000', 'mcg')]",[]
['diazepam'],0401020K0AACDCD,"[('10000', 'mcg')]",[]
['diazepam'],0401020K0AACECE,"[('2500', 'mcg')]",[]
['diazepam'],0401020K0AACFCF,"[('25000', 'mcg')]",[]
['diazepam'],0401020K0AACGCG,"[('10000', 'mcg')]",[]
['diazepam'],0401020K0AACHCH,"[('15000', 'mcg')]",[]
['diazepam'],0401020K0AACICI,"[('2000', 'mcg')]",[]
['diazepam'],0401020K0AACJCJ,"[('5000', 'mcg')]",[]
['diazepam'],0401020K0BBAAAQ,"[('5000', 'mcg')]","[('2', 'sztuk')]"
['diazepam'],0401020K0BCAAA2,"[('2000', 'mcg')]",[]
['diazepam'],0401020K0BCABA3,"[('5000', 'mcg')]",[]
['diazepam'],0401020K0BDABAD,"[('5000', 'mcg')]",[]
['diazepam'],0401020K0BDACAE,"[('10000', 'mcg')]",[]
['diazepam'],0401020K0BDADAC,"[('5000', 'mcg')]","[('2', 'sztuk')]"
['diazepam'],0401020K0BEAAA2,"[('2000', 'mcg')]",[]
['diazepam'],0401020K0BEABA3,"[('5000', 'mcg')]",[]
['diazepam'],0401020K0BEACAC,"[('5000', 'mcg')]","[('2', 'sztuk')]"
['diazepam'],0401020K0BEADAF,"[('5000', 'mcg')]",[]
['diazepam'],0401020K0BEAFAL,"[('5000', 'mcg')]","[('4', 'sztuk')]"
['diazepam'],0401020K0BEAGAH,"[('2000', 'mcg')]",[]
['diazepam'],0401020K0BEAHAI,"[('5000', 'mcg')]",[]
['diazepam'],0401020K0BEAIAJ,"[('10000', 'mcg')]",[]
['diazepam'],0401020K0BEAJAW,"[('2000', 'mcg')]",[]
['diazepam'],0401020K0BEAKBB,"[('10000', 'mcg')]",[]
['diazepam'],0401020K0BEALCA,"[('10000', 'mcg')]",[]
['diazepam'],0401020K0BFAAAS,"[('10000', 'mcg')]",[]
['diazepam'],0401020K0BGAAAH,"[('2000', 'mcg')]",[]
['diazepam'],0401020K0BGABAI,"[('5000', 'mcg')]",[]
['diazepam'],0401020K0BGACAJ,"[('10000', 'mcg')]",[]
['diazepam'],0401020K0BHAAAH,"[('2000', 'mcg')]",[]
['diazepam'],0401020K0BHABAI,"[('5000', 'mcg')]",[]
['diazepam'],0401020K0BHACAJ,"[('10000', 'mcg')]",[]
['diazepam'],0401020K0BIAAAH,"[('2000', 'mcg')]",[]
['diazepam'],0401020K0BIABAI,"[('5000', 'mcg')]",[]
['diazepam'],0401020K0BJAAAT,"[('5000', 'mcg')]",[]
['diazepam'],0401020K0BJABA6,"[('2000', 'mcg')]",[]
['diazepam'],0401020K0BKAABB,"[('10000', 'mcg')]",[]
['diazepam'],0401020K0BLAAAD,"[('5000', 'mcg')]",[]
['diazepam'],0401020K0BLABAE,"[('10000', 'mcg')]",[]
['diazepam'],0401020K0BLACBQ,"[('2000', 'mcg')]","[('25', 'sztuk')]"
['diazepam'],0401020K0BLADBR,"[('4000', 'mcg')]","[('5', 'sztuk')]"
['diazepam'],0401020K0BMAAAI,"[('5000', 'mcg')]",[]
['diazepam'],0401020K0BMABAJ,"[('10000', 'mcg')]",[]
['diazepam'],0401020K0BMACAH,"[('2000', 'mcg')]",[]
['lorazepam'],0401020P0AAA1A1,"[('700', 'mcg')]",[]
['lorazepam'],0401020P0AAA2A2,"[('125', 'mcg')]",[]
['lorazepam'],0401020P0AAA3A3,"[('600', 'mcg')]",[]
['lorazepam'],0401020P0AAA4A4,"[('25', 'mcg')]",[]
['lorazepam'],0401020P0AAA5A5,"[('2000', 'mcg')]",[]
['lorazepam'],0401020P0AAA6A6,"[('750', 'mcg')]",[]
['lorazepam'],0401020P0AAA7A7,"[('250', 'mcg')]",[]
['lorazepam'],0401020P0AAA8A8,"[('300', 'mcg')]",[]
['lorazepam'],0401020P0AAA9A9,"[('200', 'mcg')]",[]
['lorazepam'],0401020P0AAAAAA,"[('4000', 'mcg')]","[('1', 'sztuk')]"
['lorazepam'],0401020P0AAABAB,"[('1000', 'mcg')]",[]
['lorazepam'],0401020P0AAACAC,"[('2500', 'mcg')]",[]
['lorazepam'],0401020P0AAADAD,"[('500', 'mcg')]",[]
['lorazepam'],0401020P0AAAEAE,"[('500', 'mcg')]",[]
['lorazepam'],0401020P0AAAFAF,"[('1000', 'mcg')]",[]
['lorazepam'],0401020P0AAAGAG,"[('150', 'mcg')]",[]
['lorazepam'],0401020P0AAAHAH,"[('250', 'mcg')]",[]
['lorazepam'],0401020P0AAAIAI,"[('250', 'mcg')]",[]
['lorazepam'],0401020P0AAAJAJ,"[('250', 'mcg')]",[]
['lorazepam'],0401020P0AAAKAK,"[('125', 'mcg')]",[]
['lorazepam'],0401020P0AAALAL,"[('125', 'mcg')]",[]
['lorazepam'],0401020P0AAAMAM,"[('125', 'mcg')]",[]
['lorazepam'],0401020P0AAANAN,"[('1000', 'mcg')]",[]
['lorazepam'],0401020P0AAAPAP,"[('500', 'mcg')]",[]
['lorazepam'],0401020P0AAAQAQ,"[('375', 'mcg')]",[]
['lorazepam'],0401020P0AAARAR,"[('62', 'mcg')]",[]
['lorazepam'],0401020P0AAASAS,"[('200', 'mcg')]",[]
['lorazepam'],0401020P0AAATAT,"[('750', 'mcg')]",[]
['lorazepam'],0401020P0AAAUAU,"[('200', 'mcg')]",[]
['lorazepam'],0401020P0AAAVAV,"[('31', 'mcg')]",[]
['lorazepam'],0401020P0AAAWAW,"[('100', 'mcg')]",[]
['lorazepam'],0401020P0AAAXAX,"[('62', 'mcg')]",[]
['lorazepam'],0401020P0AAAYAY,"[('15', 'mcg')]",[]
['lorazepam'],0401020P0AAAZAZ,"[('800', 'mcg')]",[]
['lorazepam'],0401020P0AABABA,"[('312', 'mcg')]",[]
['lorazepam'],0401020P0AABBBB,"[('375', 'mcg')]",[]
['lorazepam'],0401020P0AABCBC,[],[]
['lorazepam'],0401020P0AABDBD,"[('450', 'mcg')]",[]
['lorazepam'],0401020P0AABEBE,"[('800', 'mcg')]",[]
['lorazepam'],0401020P0AABFBF,"[('500', 'mcg')]",[]
['lorazepam'],0401020P0AABGBG,"[('500', 'mcg')]",[]
['lorazepam'],0401020P0AABHBH,"[('250', 'mcg')]",[]
['lorazepam'],0401020P0AABIBI,"[('1000', 'mcg')]",[]
['lorazepam'],0401020P0AABJBJ,"[('5000', 'mcg')]",[]
['lorazepam'],0401020P0AABKBK,"[('62', 'mcg')]",[]
['lorazepam'],0401020P0AABLBL,"[('3000', 'mcg')]",[]
['lorazepam'],0401020P0AABMBM,"[('150', 'mcg')]",[]
['lorazepam'],0401020P0AABNBN,"[('400', 'mcg')]",[]
['lorazepam'],0401020P0AABPBP,"[('350', 'mcg')]",[]
['lorazepam'],0401020P0AABQBQ,"[('300', 'mcg')]",[]
['lorazepam'],0401020P0AABRBR,"[('2000', 'mcg')]",[]
['lorazepam'],0401020P0AABSBS,"[('400', 'mcg')]",[]
['lorazepam'],0401020P0AABTBT,"[('200', 'mcg')]",[]
['lorazepam'],0401020P0AABUBU,"[('100', 'mcg')]",[]
['lorazepam'],0401020P0AABVBV,"[('500', 'mcg')]",[]
['lorazepam'],0401020P0AABWBW,"[('1000', 'mcg')]",[]
['lorazepam'],0401020P0AABXBX,"[('4000', 'mcg')]",[]
['lorazepam'],0401020P0AABYBY,"[('2000', 'mcg')]",[]
['lorazepam'],0401020P0AABZBZ,"[('3750', 'mcg')]",[]
['lorazepam'],0401020P0AACACA,"[('1125', 'mcg')]",[]
['lorazepam'],0401020P0AACBCB,"[('60', 'mcg')]",[]
['lorazepam'],0401020P0AACCCC,"[('2500', 'mcg')]",[]
['lorazepam'],0401020P0AACDCD,"[('1000', 'mcg')]",[]
['lorazepam'],0401020P0AACECE,"[('1000', 'mcg')]",[]
['lorazepam'],0401020P0AACFCF,"[('500', 'mcg')]",[]
['lorazepam'],0401020P0AACGCG,"[('500', 'mcg')]",[]
['lorazepam'],0401020P0AACHCH,"[('2000', 'mcg')]","[('1', 'sztuk')]"
['lorazepam'],0401020P0AACICI,"[('1000', 'mcg')]",[]
['lorazepam'],0401020P0AACJCJ,"[('2000', 'mcg')]","[('1', 'sztuk')]"
['lorazepam'],0401020P0BBAAAC,"[('2500', 'mcg')]",[]
['lorazepam'],0401020P0BCAAAA,"[('4000', 'mcg')]",[]
['lorazepam'],0401020P0BCABAB,"[('1000', 'mcg')]",[]
['lorazepam'],0401020P0BCACAC,"[('2500', 'mcg')]",[]
['lorazepam'],0401020P0BCADBV,"[('500', 'mcg')]",[]
['lorazepam'],0401020P0BCAEBW,"[('1000', 'mcg')]",[]
['lorazepam'],0401020P0BCAFBY,"[('2000', 'mcg')]",[]
['lorazepam'],0401020P0BDAAAA,"[('4000', 'mcg')]",[]
['oxazepam'],0401020T0AAAAAA,"[('30000', 'mcg')]",[]
['oxazepam'],0401020T0AAABAB,"[('10000', 'mcg')]",[]
['oxazepam'],0401020T0AAACAC,"[('15000', 'mcg')]",[]
['oxazepam'],0401020T0AAADAD,"[('30000', 'mcg')]",[]
['oxazepam'],0401020T0AAAEAE,"[('10000', 'mcg')]",[]
['oxazepam'],0401020T0AAAFAF,"[('625', 'mcg')]",[]
['oxazepam'],0401020T0AAAGAG,[],[]
['oxazepam'],0401020T0AAAHAH,"[('2500', 'mcg')]",[]
['oxazepam'],0401020T0AAAIAI,"[('12500', 'mcg')]",[]
['oxazepam'],0401020T0AAAJAJ,"[('10000', 'mcg')]",[]
['oxazepam'],0401020T0AAAKAK,"[('2000', 'mcg')]",[]
['oxazepam'],0401020T0AAALAL,"[('5000', 'mcg')]",[]
['oxazepam'],0401020T0BBAAAB,"[('10000', 'mcg')]",[]
['oxazepam'],0401020T0BBABAC,"[('15000', 'mcg')]",[]
['oxazepam'],0401020T0BCAAAB,"[('10000', 'mcg')]",[]
['oxazepam'],0401020T0BCABAC,"[('15000', 'mcg')]",[]
['oxazepam'],0401020T0BDAAAA,"[('30000', 'mcg')]",[]
['amobarbital'],0401030C0AAAAAA,"[('15000', 'mcg')]",[]
['amobarbital'],0401030C0AAABAB,"[('30000', 'mcg')]",[]
['amobarbital'],0401030C0AAACAC,"[('50000', 'mcg')]",[]
['amobarbital'],0401030C0AAADAD,"[('100000', 'mcg')]",[]
['amobarbital'],0401030C0AAAEAE,"[('200000', 'mcg')]",[]
['amobarbital'],0401030C0AAAFAF,"[('20000', 'mcg')]",[]
['amobarbital'],0401030C0AAAGAG,"[('15000', 'mcg')]",[]
['amobarbital'],0401030C0AAAHAH,"[('10000', 'mcg')]",[]
['amobarbital'],0401030C0AAAIAI,"[('5000', 'mcg')]",[]
['amobarbital'],0401030C0BBAAAA,"[('15000', 'mcg')]",[]
['amobarbital'],0401030C0BBABAB,"[('30000', 'mcg')]",[]
['amobarbital'],0401030C0BBACAC,"[('50000', 'mcg')]",[]
['amobarbital'],0401030C0BBADAD,"[('100000', 'mcg')]",[]
['amobarbital'],0401030C0BBAEAE,"[('200000', 'mcg')]",[]
['amobarbital'],0401030C0BBAFA0,"[('60000', 'mcg')]",[]
['amobarbital'],0401030E0AAAAAA,"[('60000', 'mcg')]",[]
['amobarbital'],0401030E0AAABAB,"[('200000', 'mcg')]",[]
['amobarbital'],0401030E0AAADAD,"[('500000', 'mcg')]",[]
['amobarbital'],0401030E0AAAEAE,"[('60000', 'mcg')]",[]
['amobarbital'],0401030E0AAAFAF,"[('200000', 'mcg')]",[]
['amobarbital'],0401030E0AAAGAG,"[('10000', 'mcg')]",[]
['amobarbital'],0401030E0AAAHAH,"[('250000', 'mcg')]",[]
['amobarbital'],0401030E0AAAIAI,"[('5000', 'mcg')]",[]
['amobarbital'],0401030E0AAAJAJ,"[('5000', 'mcg')]",[]
['amobarbital'],0401030E0AAAKAK,"[('3000', 'mcg')]",[]
['amobarbital'],0401030E0AAALAL,"[('2000', 'mcg')]",[]
['amobarbital'],0401030E0AAAMAM,"[('1000', 'mcg')]",[]
['amobarbital'],0401030E0BBAAAA,"[('60000', 'mcg')]",[]
['amobarbital'],0401030E0BBABAB,"[('200000', 'mcg')]",[]
['amobarbital'],0401030E0BBACAE,"[('60000', 'mcg')]",[]
['amobarbital'],0401030E0BBADAF,"[('200000', 'mcg')]",[]
['amobarbital'],0401030E0BBAEAH,"[('250000', 'mcg')]",[]
['amobarbital'],0401030E0BBAFAD,"[('500000', 'mcg')]",[]
['butobarbital'],0401030H0AAAAAA,"[('300000', 'mcg')]",[]
['butobarbital'],0401030H0AAABAB,"[('100000', 'mcg')]",[]
['butobarbital'],0401030H0BBAAAB,"[('100000', 'mcg')]",[]
['secobarbital'],0401030T0AAAAAA,"[('50000', 'mcg')]",[]
['secobarbital'],0401030T0AAABAB,"[('100000', 'mcg')]",[]
['secobarbital'],0401030T0AAACAC,"[('50000', 'mcg'), ('50000', 'mcg')]",[]
['secobarbital'],0401030T0AAADAD,"[('25000', 'mcg')]",[]
['secobarbital'],0401030T0BBAAAA,"[('50000', 'mcg')]",[]
['secobarbital'],0401030T0BBABAB,"[('100000', 'mcg')]",[]
['secobarbital'],0401030T0BCAAAC,"[('100000', 'mcg')]",[]
['secobarbital'],0401030T0BDAAA0,[],[]
['zuclopenthixol'],040201010AAAAAA,"[('50000', 'mcg')]","[('1', 'sztuk')]"
['zuclopenthixol'],040201010AAABAB,"[('50000', 'mcg')]","[('2', 'sztuk')]"
['zuclopenthixol'],040201010BBAAAA,"[('50000', 'mcg')]","[('1', 'sztuk')]"
['zuclopenthixol'],040201010BBABAB,"[('50000', 'mcg')]","[('2', 'sztuk')]"
['risperidone'],040201030AAAAAA,"[('1000', 'mcg')]",[]
['risperidone'],040201030AAABAB,"[('2000', 'mcg')]",[]
['risperidone'],040201030AAACAC,"[('3000', 'mcg')]",[]
['risperidone'],040201030AAADAD,"[('4000', 'mcg')]",[]
['risperidone'],040201030AAAEAE,"[('1000', 'mcg')]",[]
['risperidone'],040201030AAAFAF,"[('6000', 'mcg')]",[]
['risperidone'],040201030AAAGAG,"[('4000', 'mcg')]",[]
['risperidone'],040201030AAAHAH,"[('2000', 'mcg')]",[]
['risperidone'],040201030AAAIAI,"[('1000', 'mcg')]",[]
['risperidone'],040201030AAAJAJ,"[('3000', 'mcg')]",[]
['risperidone'],040201030AAAKAK,"[('500', 'mcg')]",[]
['risperidone'],040201030AAALAL,"[('1000', 'mcg')]",[]
['risperidone'],040201030AAAMAM,"[('2000', 'mcg')]",[]
['risperidone'],040201030AAANAN,"[('500', 'mcg')]",[]
['risperidone'],040201030AAAPAP,"[('3000', 'mcg')]",[]
['risperidone'],040201030AAAQAQ,"[('4000', 'mcg')]",[]
['risperidone'],040201030AAARAR,"[('125', 'mcg')]",[]
['risperidone'],040201030AAASAS,"[('250', 'mcg')]",[]
['risperidone'],040201030BBAAAA,"[('1000', 'mcg')]",[]
['risperidone'],040201030BBABAB,"[('2000', 'mcg')]",[]
['risperidone'],040201030BBACAC,"[('3000', 'mcg')]",[]
['risperidone'],040201030BBADAD,"[('4000', 'mcg')]",[]
['risperidone'],040201030BBAEAE,"[('1000', 'mcg')]",[]
['risperidone'],040201030BBAFAF,"[('6000', 'mcg')]",[]
['risperidone'],040201030BBAGAK,"[('500', 'mcg')]",[]
['risperidone'],040201030BBAHAL,"[('1000', 'mcg')]",[]
['risperidone'],040201030BBAIAM,"[('2000', 'mcg')]",[]
['risperidone'],040201030BBAJAN,"[('500', 'mcg')]",[]
['risperidone'],040201030BBAKAP,"[('3000', 'mcg')]",[]
['risperidone'],040201030BBALAQ,"[('4000', 'mcg')]",[]
['olanzapine'],040201060AAAAAA,"[('5000', 'mcg')]",[]
['olanzapine'],040201060AAABAB,"[('7500', 'mcg')]",[]
['olanzapine'],040201060AAACAC,"[('10000', 'mcg')]",[]
['olanzapine'],040201060AAADAD,"[('2500', 'mcg')]",[]
['olanzapine'],040201060AAAEAE,"[('5000', 'mcg')]",[]
['olanzapine'],040201060AAAFAF,"[('10000', 'mcg')]",[]
['olanzapine'],040201060AAAGAG,"[('10000', 'mcg')]",[]
['olanzapine'],040201060AAAHAH,"[('7500', 'mcg')]",[]
['olanzapine'],040201060AAAIAI,"[('2500', 'mcg')]",[]
['olanzapine'],040201060AAAJAJ,"[('1250', 'mcg')]",[]
['olanzapine'],040201060AAAKAK,"[('15000', 'mcg')]",[]
['olanzapine'],040201060AAALAL,"[('15000', 'mcg')]",[]
['olanzapine'],040201060AAAMAM,"[('5000', 'mcg')]",[]
['olanzapine'],040201060AAANAN,"[('10000', 'mcg')]",[]
['olanzapine'],040201060AAAPAP,"[('20000', 'mcg')]",[]
['olanzapine'],040201060AAAQAQ,"[('20000', 'mcg')]",[]
['olanzapine'],040201060AAARAR,"[('5000', 'mcg')]",[]
['olanzapine'],040201060AAASAS,"[('5000', 'mcg')]",[]
['olanzapine'],040201060AAATAT,"[('10000', 'mcg')]",[]
['olanzapine'],040201060AAAUAU,"[('15000', 'mcg')]",[]
['olanzapine'],040201060AAAVAV,"[('20000', 'mcg')]",[]
['olanzapine'],040201060AAAWAW,"[('5000', 'mcg')]",[]
['olanzapine'],040201060AAAXAX,"[('10000', 'mcg')]",[]
['olanzapine'],040201060AAAYAY,"[('15000', 'mcg')]",[]
['olanzapine'],040201060AAAZAZ,"[('20000', 'mcg')]",[]
['olanzapine'],040201060AABABA,"[('2500', 'mcg')]",[]
['olanzapine'],040201060AABBBB,"[('12500', 'mcg')]",[]
['olanzapine'],040201060AABCBC,"[('15000', 'mcg')]",[]
['olanzapine'],040201060AABDBD,"[('6000', 'mcg')]",[]
['olanzapine'],040201060AABEBE,"[('6500', 'mcg')]",[]
['olanzapine'],040201060AABFBF,"[('5000', 'mcg')]",[]
['olanzapine'],040201060BBAAAA,"[('5000', 'mcg')]",[]
['olanzapine'],040201060BBABAB,"[('7500', 'mcg')]",[]
['olanzapine'],040201060BBACAC,"[('10000', 'mcg')]",[]
['olanzapine'],040201060BBADAD,"[('2500', 'mcg')]",[]
['olanzapine'],040201060BBAEAE,"[('5000', 'mcg')]",[]
['olanzapine'],040201060BBAFAF,"[('10000', 'mcg')]",[]
['olanzapine'],040201060BBAGAK,"[('15000', 'mcg')]",[]
['olanzapine'],040201060BBAHAL,"[('15000', 'mcg')]",[]
['olanzapine'],040201060BBAIAN,"[('10000', 'mcg')]",[]
['olanzapine'],040201060BBAJAP,"[('20000', 'mcg')]",[]
['olanzapine'],040201060BBAKAQ,"[('20000', 'mcg')]",[]
['olanzapine'],040201060BCAAAD,"[('2500', 'mcg')]",[]
['olanzapine'],040201060BCABAA,"[('5000', 'mcg')]",[]
['olanzapine'],040201060BCACAB,"[('7500', 'mcg')]",[]
['olanzapine'],040201060BCADAC,"[('10000', 'mcg')]",[]
['olanzapine'],040201060BCAEAL,"[('15000', 'mcg')]",[]
['olanzapine'],040201060BCAFAQ,"[('20000', 'mcg')]",[]
['olanzapine'],040201060BCAGAS,"[('5000', 'mcg')]",[]
['olanzapine'],040201060BCAHAT,"[('10000', 'mcg')]",[]
['olanzapine'],040201060BCAIAU,"[('15000', 'mcg')]",[]
['olanzapine'],040201060BCAJAV,"[('20000', 'mcg')]",[]
['olanzapine'],040201060BDAAAT,"[('10000', 'mcg')]",[]
['olanzapine'],040201060BDABAU,"[('15000', 'mcg')]",[]
['olanzapine'],040201060BDACAS,"[('5000', 'mcg')]",[]
['olanzapine'],040201060BDADAV,"[('20000', 'mcg')]",[]
['amisulpride'],0402010A0AAAAAA,"[('200000', 'mcg')]",[]
['amisulpride'],0402010A0AAABAB,"[('50000', 'mcg')]",[]
['amisulpride'],0402010A0AAACAC,"[('50000', 'mcg')]",[]
['amisulpride'],0402010A0AAADAD,"[('25000', 'mcg')]",[]
['amisulpride'],0402010A0AAAEAE,"[('400000', 'mcg')]",[]
['amisulpride'],0402010A0AAAFAF,"[('500000', 'mcg')]",[]
['amisulpride'],0402010A0AAAGAG,"[('100000', 'mcg')]",[]
['amisulpride'],0402010A0AAAHAH,"[('100000', 'mcg')]",[]
['amisulpride'],0402010A0AAAIAI,"[('12500', 'mcg')]",[]
['amisulpride'],0402010A0AAAJAJ,"[('12500', 'mcg')]",[]
['amisulpride'],0402010A0AAAKAK,"[('25000', 'mcg')]",[]
['amisulpride'],0402010A0AAALAL,"[('25000', 'mcg')]",[]
['amisulpride'],0402010A0AAAMAM,"[('200000', 'mcg')]",[]
['amisulpride'],0402010A0BBAAAA,"[('200000', 'mcg')]",[]
['amisulpride'],0402010A0BBABAB,"[('50000', 'mcg')]",[]
['amisulpride'],0402010A0BBACAE,"[('400000', 'mcg')]",[]
['amisulpride'],0402010A0BBADAF,"[('100000', 'mcg')]",[]
['amisulpride'],0402010A0BBAEAG,"[('100000', 'mcg')]",[]
['amisulpride'],0402010A0BBAFAH,"[('100000', 'mcg')]",[]
['quetiapine'],0402010ABAAAAAA,"[('25000', 'mcg'), ('100000', 'mcg')]",[]
['quetiapine'],0402010ABAAABAB,"[('25000', 'mcg')]",[]
['quetiapine'],0402010ABAAACAC,"[('100000', 'mcg')]",[]
['quetiapine'],0402010ABAAADAD,"[('200000', 'mcg')]",[]
['quetiapine'],0402010ABAAAEAE,"[('125000', 'mcg')]",[]
['quetiapine'],0402010ABAAAFAF,"[('150000', 'mcg')]",[]
['quetiapine'],0402010ABAAAGAG,"[('25000', 'mcg'), ('100000', 'mcg'), ('150000', 'mcg')]",[]
['quetiapine'],0402010ABAAAHAH,"[('25000', 'mcg')]",[]
['quetiapine'],0402010ABAAAIAI,"[('12500', 'mcg')]",[]
['quetiapine'],0402010ABAAAJAJ,"[('150000', 'mcg')]",[]
['quetiapine'],0402010ABAAAKAK,"[('300000', 'mcg')]",[]
['quetiapine'],0402010ABAAALAL,"[('50000', 'mcg')]",[]
['quetiapine'],0402010ABAAAMAM,"[('100000', 'mcg')]",[]
['quetiapine'],0402010ABAAANAN,"[('50000', 'mcg')]",[]
['quetiapine'],0402010ABAAAPAP,"[('100000', 'mcg')]",[]
['quetiapine'],0402010ABAAAQAQ,"[('25000', 'mcg')]",[]
['quetiapine'],0402010ABAAARAR,"[('200000', 'mcg')]",[]
['quetiapine'],0402010ABAAASAS,"[('12500', 'mcg')]",[]
['quetiapine'],0402010ABAAATAT,"[('400000', 'mcg')]",[]
['quetiapine'],0402010ABAAAUAU,"[('75000', 'mcg')]",[]
['quetiapine'],0402010ABAAAVAV,"[('50000', 'mcg')]",[]
['quetiapine'],0402010ABAAAWAW,"[('200000', 'mcg')]",[]
['quetiapine'],0402010ABAAAXAX,"[('300000', 'mcg')]",[]
['quetiapine'],0402010ABAAAYAY,"[('400000', 'mcg')]",[]
['quetiapine'],0402010ABAAAZAZ,"[('6250', 'mcg')]",[]
['quetiapine'],0402010ABAABABA,"[('150000', 'mcg')]",[]
['quetiapine'],0402010ABAABBBB,"[('12500', 'mcg')]",[]
['quetiapine'],0402010ABAABCBC,"[('100000', 'mcg')]",[]
['quetiapine'],0402010ABAABDBD,"[('25000', 'mcg')]",[]
['quetiapine'],0402010ABAABEBE,"[('50000', 'mcg')]",[]
['quetiapine'],0402010ABAABFBF,"[('20000', 'mcg')]",[]
['quetiapine'],0402010ABBBAAAA,"[('25000', 'mcg'), ('100000', 'mcg')]",[]
['quetiapine'],0402010ABBBABAB,"[('25000', 'mcg')]",[]
['quetiapine'],0402010ABBBACAC,"[('100000', 'mcg')]",[]
['quetiapine'],0402010ABBBADAD,"[('200000', 'mcg')]",[]
['quetiapine'],0402010ABBBAEAF,"[('150000', 'mcg')]",[]
['quetiapine'],0402010ABBBAFAG,"[('25000', 'mcg'), ('100000', 'mcg'), ('150000', 'mcg')]",[]
['quetiapine'],0402010ABBBAGAK,"[('300000', 'mcg')]",[]
['quetiapine'],0402010ABBBAHAV,"[('50000', 'mcg')]",[]
['quetiapine'],0402010ABBBAIAW,"[('200000', 'mcg')]",[]
['quetiapine'],0402010ABBBAJAX,"[('300000', 'mcg')]",[]
['quetiapine'],0402010ABBBAKAY,"[('400000', 'mcg')]",[]
['quetiapine'],0402010ABBBALBA,"[('150000', 'mcg')]",[]
['quetiapine'],0402010ABBCAAAV,"[('50000', 'mcg')]",[]
['quetiapine'],0402010ABBCABAW,"[('200000', 'mcg')]",[]
['quetiapine'],0402010ABBCACAX,"[('300000', 'mcg')]",[]
['quetiapine'],0402010ABBCADAY,"[('400000', 'mcg')]",[]
['quetiapine'],0402010ABBCAEBA,"[('150000', 'mcg')]",[]
['quetiapine'],0402010ABBDAAAV,"[('50000', 'mcg')]",[]
['quetiapine'],0402010ABBDABAW,"[('200000', 'mcg')]",[]
['quetiapine'],0402010ABBDACAX,"[('300000', 'mcg')]",[]
['quetiapine'],0402010ABBDADAY,"[('400000', 'mcg')]",[]
['quetiapine'],0402010ABBEAAAW,"[('200000', 'mcg')]",[]
['quetiapine'],0402010ABBEABAY,"[('400000', 'mcg')]",[]
['quetiapine'],0402010ABBEACAX,"[('300000', 'mcg')]",[]
['quetiapine'],0402010ABBFAAAV,"[('50000', 'mcg')]",[]
['quetiapine'],0402010ABBFABAW,"[('200000', 'mcg')]",[]
['quetiapine'],0402010ABBFACAX,"[('300000', 'mcg')]",[]
['quetiapine'],0402010ABBFADAY,"[('400000', 'mcg')]",[]
['quetiapine'],0402010ABBGAAAV,"[('50000', 'mcg')]",[]
['quetiapine'],0402010ABBGABAW,"[('200000', 'mcg')]",[]
['quetiapine'],0402010ABBGACAX,"[('300000', 'mcg')]",[]
['quetiapine'],0402010ABBGADAY,"[('400000', 'mcg')]",[]
['quetiapine'],0402010ABBGAEBA,"[('150000', 'mcg')]",[]
['quetiapine'],0402010ABBHAAAV,"[('50000', 'mcg')]",[]
['quetiapine'],0402010ABBHABBA,"[('150000', 'mcg')]",[]
['quetiapine'],0402010ABBHACAW,"[('200000', 'mcg')]",[]
['quetiapine'],0402010ABBHADAX,"[('300000', 'mcg')]",[]
['quetiapine'],0402010ABBHAEAY,"[('400000', 'mcg')]",[]
['quetiapine'],0402010ABBIAAAV,"[('50000', 'mcg')]",[]
['quetiapine'],0402010ABBIABBA,"[('150000', 'mcg')]",[]
['quetiapine'],0402010ABBIACAW,"[('200000', 'mcg')]",[]
['quetiapine'],0402010ABBIADAX,"[('300000', 'mcg')]",[]
['quetiapine'],0402010ABBIAEAY,"[('400000', 'mcg')]",[]
['quetiapine'],0402010ABBJAAAV,"[('50000', 'mcg')]",[]
['quetiapine'],0402010ABBJABBA,"[('150000', 'mcg')]",[]
['quetiapine'],0402010ABBJACAW,"[('200000', 'mcg')]",[]
['quetiapine'],0402010ABBJADAX,"[('300000', 'mcg')]",[]
['quetiapine'],0402010ABBJAEAY,"[('400000', 'mcg')]",[]
['quetiapine'],0402010ABBKAAAV,"[('50000', 'mcg')]",[]
['quetiapine'],0402010ABBKABBA,"[('150000', 'mcg')]",[]
['quetiapine'],0402010ABBKACAW,"[('200000', 'mcg')]",[]
['quetiapine'],0402010ABBKADAX,"[('300000', 'mcg')]",[]
['quetiapine'],0402010ABBKAEAY,"[('400000', 'mcg')]",[]
['quetiapine'],0402010ABBLAAAX,"[('300000', 'mcg')]",[]
['quetiapine'],0402010ABBLABAW,"[('200000', 'mcg')]",[]
['quetiapine'],0402010ABBLACBA,"[('150000', 'mcg')]",[]
['quetiapine'],0402010ABBLADAV,"[('50000', 'mcg')]",[]
['quetiapine'],0402010ABBLAEAY,"[('400000', 'mcg')]",[]
['aripiprazole'],0402010ADAAAAAA,"[('10000', 'mcg')]",[]
['aripiprazole'],0402010ADAAABAB,"[('15000', 'mcg')]",[]
['aripiprazole'],0402010ADAAACAC,"[('30000', 'mcg')]",[]
['aripiprazole'],0402010ADAAADAD,"[('5000', 'mcg')]",[]
['aripiprazole'],0402010ADAAAEAE,"[('10000', 'mcg')]",[]
['aripiprazole'],0402010ADAAAFAF,"[('15000', 'mcg')]",[]
['aripiprazole'],0402010ADAAAGAG,"[('5000', 'mcg')]",[]
['aripiprazole'],0402010ADAAAHAH,"[('7500', 'mcg')]","[('3', 'sztuk')]"
['aripiprazole'],0402010ADAAAJAJ,"[('7500', 'mcg')]",[]
['aripiprazole'],0402010ADBBAAAA,"[('10000', 'mcg')]",[]
['aripiprazole'],0402010ADBBABAB,"[('15000', 'mcg')]",[]
['aripiprazole'],0402010ADBBACAC,"[('30000', 'mcg')]",[]
['aripiprazole'],0402010ADBBADAD,"[('5000', 'mcg')]",[]
['aripiprazole'],0402010ADBBAEAE,"[('10000', 'mcg')]",[]
['aripiprazole'],0402010ADBBAFAF,"[('15000', 'mcg')]",[]
['aripiprazole'],0402010ADBBAGAG,"[('1000', 'mcg')]",[]
['aripiprazole'],0402010ADBBAHAH,"[('7500', 'mcg')]","[('3', 'sztuk')]"
['paliperidone'],0402010AEAAAAAA,"[('3000', 'mcg')]",[]
['paliperidone'],0402010AEAAABAB,"[('6000', 'mcg')]",[]
['paliperidone'],0402010AEAAACAC,"[('9000', 'mcg')]",[]
['paliperidone'],0402010AEBBAAAA,"[('3000', 'mcg')]",[]
['paliperidone'],0402010AEBBABAB,"[('6000', 'mcg')]",[]
['paliperidone'],0402010AEBBACAC,"[('9000', 'mcg')]",[]
['ziprasidone'],0402010AGAAAAAA,"[('40000', 'mcg')]",[]
['ziprasidone'],0402010AGAAABAB,"[('80000', 'mcg')]",[]
['ziprasidone'],0402010AGAAACAC,"[('60000', 'mcg')]",[]
['ziprasidone'],0402010AGAAADAD,"[('20000', 'mcg')]",[]
['ziprasidone'],0402010AGBBAAAA,"[('40000', 'mcg')]",[]
['ziprasidone'],0402010AGBBABAB,"[('80000', 'mcg')]",[]
['ziprasidone'],0402010AGBBACAC,"[('60000', 'mcg')]",[]
['lurasidone'],0402010AIAAAAAA,"[('18500', 'mcg')]",[]
['lurasidone'],0402010AIAAABAB,"[('37000', 'mcg')]",[]
['lurasidone'],0402010AIAAACAC,"[('74000', 'mcg')]",[]
['lurasidone'],0402010AIBBAAAA,"[('18500', 'mcg')]",[]
['lurasidone'],0402010AIBBABAB,"[('37000', 'mcg')]",[]
['lurasidone'],0402010AIBBACAC,"[('74000', 'mcg')]",[]
['cariprazine'],0402010AJAAAAAA,"[('1500', 'mcg')]",[]
['cariprazine'],0402010AJAAABAB,"[('3000', 'mcg')]",[]
['cariprazine'],0402010AJAAACAC,"[('4500', 'mcg')]",[]
['cariprazine'],0402010AJAAADAD,"[('6000', 'mcg')]",[]
['cariprazine'],0402010AJBBAAAA,"[('1500', 'mcg')]",[]
['cariprazine'],0402010AJBBABAB,"[('3000', 'mcg')]",[]
['cariprazine'],0402010AJBBACAC,"[('4500', 'mcg')]",[]
['cariprazine'],0402010AJBBADAD,"[('6000', 'mcg')]",[]
['benperidol'],0402010B0AAAAAA,"[('250', 'mcg')]",[]
['benperidol'],0402010B0AAABAB,"[('250', 'mcg')]",[]
['benperidol'],0402010B0AAACAC,"[('500', 'mcg')]",[]
['benperidol'],0402010B0AAADAD,"[('250', 'mcg')]",[]
['benperidol'],0402010B0BBAAAA,"[('250', 'mcg')]",[]
['benperidol'],0402010B0BCAAAA,"[('250', 'mcg')]",[]
['clozapine'],0402010C0AAAAAA,"[('25000', 'mcg')]",[]
['clozapine'],0402010C0AAABAB,"[('100000', 'mcg')]",[]
['clozapine'],0402010C0AAACAC,"[('50000', 'mcg')]",[]
['clozapine'],0402010C0AAADAD,"[('200000', 'mcg')]",[]
['clozapine'],0402010C0AAAEAE,"[('250000', 'mcg')]",[]
['clozapine'],0402010C0AAAFAF,"[('100000', 'mcg')]",[]
['clozapine'],0402010C0AAAGAG,"[('250000', 'mcg')]",[]
['clozapine'],0402010C0BBAAAA,"[('25000', 'mcg')]",[]
['clozapine'],0402010C0BBABAB,"[('100000', 'mcg')]",[]
['clozapine'],0402010C0BCAAAA,"[('25000', 'mcg')]",[]
['clozapine'],0402010C0BCABAB,"[('100000', 'mcg')]",[]
['clozapine'],0402010C0BCACAC,"[('50000', 'mcg')]",[]
['clozapine'],0402010C0BCADAD,"[('200000', 'mcg')]",[]
['clozapine'],0402010C0BCAEAE,"[('50000', 'mcg')]",[]
['clozapine'],0402010C0BDAAAA,"[('25000', 'mcg')]",[]
['clozapine'],0402010C0BDABAB,"[('100000', 'mcg')]",[]
['chlorpromazine'],0402010D0AAA1A1,"[('100000', 'mcg')]","[('1', 'sztuk')]"
['chlorpromazine'],0402010D0AAA2A2,"[('100000', 'mcg')]",[]
['chlorpromazine'],0402010D0AAA3A3,"[('50000', 'mcg')]",[]
['chlorpromazine'],0402010D0AAA4A4,"[('5000', 'mcg')]",[]
['chlorpromazine'],0402010D0AAA5A5,"[('12500', 'mcg')]",[]
['chlorpromazine'],0402010D0AAA6A6,"[('10000', 'mcg')]",[]
['chlorpromazine'],0402010D0AAABAB,"[('25000', 'mcg')]",[]
['chlorpromazine'],0402010D0AAACAC,"[('10000', 'mcg')]","[('5', 'sztuk')]"
['chlorpromazine'],0402010D0AAADAD,"[('25000', 'mcg')]","[('1', 'sztuk')]"
['chlorpromazine'],0402010D0AAAEAE,"[('100000', 'mcg')]",[]
['chlorpromazine'],0402010D0AAAFAF,"[('100000', 'mcg')]",[]
['chlorpromazine'],0402010D0AAAHAH,"[('10000', 'mcg')]",[]
['chlorpromazine'],0402010D0AAAIAI,"[('25000', 'mcg')]",[]
['chlorpromazine'],0402010D0AAAJAJ,"[('50000', 'mcg')]",[]
['chlorpromazine'],0402010D0AAAKAK,"[('100000', 'mcg')]",[]
['chlorpromazine'],0402010D0AAALAL,"[('200000', 'mcg')]",[]
['chlorpromazine'],0402010D0AAAMAM,"[('25000', 'mcg')]","[('2', 'sztuk')]"
['chlorpromazine'],0402010D0AAANAN,"[('100000', 'mcg')]","[('2', 'sztuk')]"
['chlorpromazine'],0402010D0AAAPAP,"[('100000', 'mcg')]",[]
['chlorpromazine'],0402010D0AAAQAQ,"[('12500', 'mcg')]",[]
['chlorpromazine'],0402010D0AAARAR,"[('100000', 'mcg')]",[]
['chlorpromazine'],0402010D0AAASAS,"[('25000', 'mcg')]",[]
['chlorpromazine'],0402010D0AAATAT,"[('50000', 'mcg')]",[]
['chlorpromazine'],0402010D0AAAUAU,"[('50000', 'mcg')]",[]
['chlorpromazine'],0402010D0AAAVAV,"[('25000', 'mcg')]",[]
['chlorpromazine'],0402010D0AAAWAW,"[('100000', 'mcg')]",[]
['chlorpromazine'],0402010D0AAAXAX,[],[]
['chlorpromazine'],0402010D0AAAYAY,"[('100000', 'mcg')]",[]
['chlorpromazine'],0402010D0AAAZAZ,"[('20000', 'mcg')]",[]
['chlorpromazine'],0402010D0AABABA,"[('1500', 'mcg')]",[]
['chlorpromazine'],0402010D0AABBBB,"[('12500', 'mcg')]",[]
['chlorpromazine'],0402010D0AABCBC,"[('100000', 'mcg')]",[]
['chlorpromazine'],0402010D0AABDBD,"[('10000', 'mcg')]",[]
['chlorpromazine'],0402010D0BBAAAI,"[('25000', 'mcg')]",[]
['chlorpromazine'],0402010D0BBABAJ,"[('50000', 'mcg')]",[]
['chlorpromazine'],0402010D0BBACAK,"[('100000', 'mcg')]",[]
['chlorpromazine'],0402010D0BDAAAH,"[('10000', 'mcg')]",[]
['chlorpromazine'],0402010D0BDABAI,"[('25000', 'mcg')]",[]
['chlorpromazine'],0402010D0BDACAJ,"[('50000', 'mcg')]",[]
['chlorpromazine'],0402010D0BDADAK,"[('100000', 'mcg')]",[]
['chlorpromazine'],0402010D0BDAEAB,"[('25000', 'mcg')]",[]
['chlorpromazine'],0402010D0BDAFAP,"[('100000', 'mcg')]",[]
['chlorpromazine'],0402010D0BDAGAD,"[('2.5', '%'), ('25000', 'mcg')]","[('1', 'sztuk')]"
['chlorpromazine'],0402010D0BDAHAR,"[('100000', 'mcg')]",[]
['chlorpromazine'],0402010D0BDAIAC,"[('1', '%'), ('10000', 'mcg')]","[('5', 'sztuk')]"
['chlorpromazine'],0402010D0BDAJA0,[],[]
['chlorpromazine'],0402010D0BDALAM,"[('2.5', '%'), ('25000', 'mcg')]","[('2', 'sztuk')]"
['chlorpromazine'],0402010D0BEAAAR,"[('100000', 'mcg')]",[]
['chlorpromazine'],0402010D0BFAAAJ,"[('50000', 'mcg')]",[]
['flupentixol'],0402010H0AAAAAA,"[('3000', 'mcg')]",[]
['flupentixol'],0402010H0BBAAAA,"[('3000', 'mcg')]",[]
['fluphenazine'],0402010I0AAAAAA,"[('250', 'mcg')]",[]
['fluphenazine'],0402010I0AAABAB,"[('1000', 'mcg')]",[]
['fluphenazine'],0402010I0AAACAC,"[('2500', 'mcg')]",[]
['fluphenazine'],0402010I0AAADAD,"[('5000', 'mcg')]",[]
['fluphenazine'],0402010I0AAAEAE,"[('500', 'mcg')]",[]
['fluphenazine'],0402010I0BBAAAB,"[('1000', 'mcg')]",[]
['fluphenazine'],0402010I0BBABAC,"[('2500', 'mcg')]",[]
['fluphenazine'],0402010I0BBACAD,"[('5000', 'mcg')]",[]
['haloperidol'],0402010J0AAA1A1,[],[]
['haloperidol'],0402010J0AAA2A2,"[('2000', 'mcg')]",[]
['haloperidol'],0402010J0AAA3A3,"[('5000', 'mcg')]",[]
['haloperidol'],0402010J0AAA4A4,"[('5000', 'mcg')]",[]
['haloperidol'],0402010J0AAA5A5,"[('250', 'mcg')]",[]
['haloperidol'],0402010J0AAA6A6,"[('2000', 'mcg')]",[]
['haloperidol'],0402010J0AAA7A7,"[('1000', 'mcg')]",[]
['haloperidol'],0402010J0AAA8A8,"[('500', 'mcg')]",[]
['haloperidol'],0402010J0AAA9A9,"[('500', 'mcg')]",[]
['haloperidol'],0402010J0AAAAAA,"[('500', 'mcg')]",[]
['haloperidol'],0402010J0AAABAB,"[('1000', 'mcg')]",[]
['haloperidol'],0402010J0AAACAC,"[('5000', 'mcg')]","[('1', 'sztuk')]"
['haloperidol'],0402010J0AAADAD,"[('10000', 'mcg')]","[('2', 'sztuk')]"
['haloperidol'],0402010J0AAAEAE,"[('5000', 'mcg')]",[]
['haloperidol'],0402010J0AAAFAF,"[('1000', 'mcg')]",[]
['haloperidol'],0402010J0AAAGAG,"[('2000', 'mcg')]",[]
['haloperidol'],0402010J0AAAHAH,"[('10000', 'mcg')]",[]
['haloperidol'],0402010J0AAAIAI,"[('500', 'mcg')]",[]
['haloperidol'],0402010J0AAAJAJ,"[('1500', 'mcg')]",[]
['haloperidol'],0402010J0AAAKAK,"[('5000', 'mcg')]",[]
['haloperidol'],0402010J0AAALAL,"[('10000', 'mcg')]",[]
['haloperidol'],0402010J0AAAMAM,"[('20000', 'mcg')]",[]
['haloperidol'],0402010J0AAAPAP,"[('5000', 'mcg')]","[('2', 'sztuk')]"
['haloperidol'],0402010J0AAAQAQ,"[('1000', 'mcg')]",[]
['haloperidol'],0402010J0AAARAR,"[('5000', 'mcg')]",[]
['haloperidol'],0402010J0AAASAS,"[('500', 'mcg')]",[]
['haloperidol'],0402010J0AAATAT,"[('10000', 'mcg')]",[]
['haloperidol'],0402010J0AAAUAU,"[('10000', 'mcg')]","[('2', 'sztuk')]"
['haloperidol'],0402010J0AAAVAV,"[('1000', 'mcg')]",[]
['haloperidol'],0402010J0AAAWAW,"[('5000', 'mcg')]",[]
['haloperidol'],0402010J0AAAXAX,"[('2000', 'mcg')]",[]
['haloperidol'],0402010J0AAAYAY,"[('1500', 'mcg')]",[]
['haloperidol'],0402010J0AAAZAZ,"[('2000', 'mcg')]",[]
['haloperidol'],0402010J0AABABA,"[('250', 'mcg')]",[]
['haloperidol'],0402010J0AABBBB,"[('1500', 'mcg')]",[]
['haloperidol'],0402010J0AABCBC,"[('1000', 'mcg')]",[]
['haloperidol'],0402010J0AABDBD,"[('25', 'mcg')]",[]
['haloperidol'],0402010J0AABEBE,"[('2500', 'mcg')]",[]
['haloperidol'],0402010J0AABFBF,"[('7500', 'mcg')]",[]
['haloperidol'],0402010J0AABGBG,"[('200', 'mcg')]",[]
['haloperidol'],0402010J0AABHBH,"[('5000', 'mcg')]",[]
['haloperidol'],0402010J0AABIBI,"[('10000', 'mcg')]",[]
['haloperidol'],0402010J0AABJBJ,"[('750', 'mcg')]",[]
['haloperidol'],0402010J0AABKBK,"[('2500', 'mcg')]",[]
['haloperidol'],0402010J0AABLBL,"[('1000', 'mcg')]",[]
['haloperidol'],0402010J0AABMBM,"[('1000', 'mcg')]",[]
['haloperidol'],0402010J0AABNBN,"[('200', 'mcg')]",[]
['haloperidol'],0402010J0BBAABC,"[('1000', 'mcg')]",[]
['haloperidol'],0402010J0BBABAG,"[('2000', 'mcg')]",[]
['haloperidol'],0402010J0BCAAAI,"[('500', 'mcg')]",[]
['haloperidol'],0402010J0BCABAJ,"[('1500', 'mcg')]",[]
['haloperidol'],0402010J0BCACAK,"[('5000', 'mcg')]",[]
['haloperidol'],0402010J0BCADAL,"[('10000', 'mcg')]",[]
['haloperidol'],0402010J0BCAEAM,"[('20000', 'mcg')]",[]
['haloperidol'],0402010J0BDAAAK,"[('5000', 'mcg')]",[]
['haloperidol'],0402010J0BDABAL,"[('10000', 'mcg')]",[]
['haloperidol'],0402010J0BDACAG,"[('2000', 'mcg')]",[]
['haloperidol'],0402010J0BDADAH,"[('10000', 'mcg')]",[]
['haloperidol'],0402010J0BDAEAC,"[('5000', 'mcg')]","[('1', 'sztuk')]"
['haloperidol'],0402010J0BDAFAJ,"[('1500', 'mcg')]",[]
['haloperidol'],0402010J0BDAGAP,"[('5000', 'mcg')]","[('2', 'sztuk')]"
['haloperidol'],0402010J0BDAHAI,"[('500', 'mcg')]",[]
['haloperidol'],0402010J0BEAAAA,"[('500', 'mcg')]",[]
['haloperidol'],0402010J0BEABAJ,"[('1500', 'mcg')]",[]
['haloperidol'],0402010J0BEACAK,"[('5000', 'mcg')]",[]
['haloperidol'],0402010J0BEADAL,"[('10000', 'mcg')]",[]
['haloperidol'],0402010J0BEAEAM,"[('20000', 'mcg')]",[]
['haloperidol'],0402010J0BEAFAG,"[('2000', 'mcg')]",[]
['haloperidol'],0402010J0BEAGAC,"[('5000', 'mcg')]","[('1', 'sztuk')]"
['haloperidol'],0402010J0BEAHAD,"[('10000', 'mcg')]","[('2', 'sztuk')]"
['haloperidol'],0402010J0BFAAAJ,"[('1500', 'mcg')]",[]
['haloperidol'],0402010J0BFABAK,"[('5000', 'mcg')]",[]
['haloperidol'],0402010J0BFACAL,"[('10000', 'mcg')]",[]
['haloperidol'],0402010J0BFADAM,"[('20000', 'mcg')]",[]
['haloperidol'],0402010J0BGAABC,"[('1000', 'mcg')]",[]
['haloperidol'],0402010J0BGABAG,"[('2000', 'mcg')]",[]
['haloperidol'],0402010J0BHAABN,"[('200', 'mcg')]",[]
['levomepromazine'],0402010K0AAAAAA,"[('25000', 'mcg')]",[]
['levomepromazine'],0402010K0AAABAB,"[('100000', 'mcg')]",[]
['levomepromazine'],0402010K0AAACAC,"[('50000', 'mcg')]",[]
['levomepromazine'],0402010K0AAADAD,"[('6250', 'mcg')]",[]
['levomepromazine'],0402010K0AAAEAE,"[('12500', 'mcg')]",[]
['levomepromazine'],0402010K0AAAFAF,"[('25000', 'mcg')]",[]
['levomepromazine'],0402010K0AAAGAG,"[('5000', 'mcg')]",[]
['levomepromazine'],0402010K0AAAHAH,"[('50000', 'mcg')]",[]
['levomepromazine'],0402010K0AAAIAI,"[('200000', 'mcg')]",[]
['levomepromazine'],0402010K0AAAJAJ,"[('10000', 'mcg')]",[]
['levomepromazine'],0402010K0AAAKAK,"[('4000', 'mcg')]",[]
['levomepromazine'],0402010K0AAALAL,"[('2500', 'mcg')]",[]
['levomepromazine'],0402010K0AAAMAM,"[('6000', 'mcg')]",[]
['levomepromazine'],0402010K0AAANAN,"[('100000', 'mcg')]",[]
['levomepromazine'],0402010K0AAAPAP,"[('6000', 'mcg')]",[]
['levomepromazine'],0402010K0AAAQAQ,"[('3000', 'mcg')]",[]
['levomepromazine'],0402010K0AAARAR,"[('2500', 'mcg')]",[]
['levomepromazine'],0402010K0AAASAS,"[('62500', 'mcg')]",[]
['levomepromazine'],0402010K0AAATAT,"[('1000', 'mcg')]",[]
['levomepromazine'],0402010K0BBAAAA,"[('25000', 'mcg')]",[]
['levomepromazine'],0402010K0BBABA0,"[('2000', 'mcg')]",[]
['levomepromazine'],0402010K0BBACA0,"[('5000', 'mcg')]",[]
['levomepromazine'],0402010K0BCAAAA,"[('25000', 'mcg')]",[]
['levomepromazine'],0402010K0BCABAI,"[('200000', 'mcg')]",[]
['levomepromazine'],0402010K0BCACAN,"[('100000', 'mcg')]",[]
['levomepromazine'],0402010K0BDAAAM,"[('6000', 'mcg')]",[]
['levomepromazine'],0402010L0AAAAAA,"[('25000', 'mcg')]","[('1', 'sztuk')]"
['levomepromazine'],0402010L0AAABAB,"[('5000', 'mcg')]",[]
['levomepromazine'],0402010L0AAACAC,"[('12500', 'mcg')]",[]
['levomepromazine'],0402010L0AAADAD,"[('25000', 'mcg')]",[]
['levomepromazine'],0402010L0BBAAAA,"[('25000', 'mcg')]","[('1', 'sztuk')]"
['pericyazine'],0402010P0AAACAC,"[('10000', 'mcg')]",[]
['pericyazine'],0402010P0AAADAD,"[('2500', 'mcg')]",[]
['pericyazine'],0402010P0AAAEAE,"[('10000', 'mcg')]",[]
['pericyazine'],0402010P0AAAFAF,"[('25000', 'mcg')]",[]
['pericyazine'],0402010P0AAAGAG,"[('2500', 'mcg')]",[]
['pericyazine'],0402010P0BBAAAD,"[('2500', 'mcg')]",[]
['pericyazine'],0402010P0BBABAE,"[('10000', 'mcg')]",[]
['pericyazine'],0402010P0BBACAF,"[('25000', 'mcg')]",[]
['pericyazine'],0402010P0BBADAC,"[('10000', 'mcg')]",[]
['perphenazine'],0402010Q0AAAAAA,"[('2000', 'mcg')]",[]
['perphenazine'],0402010Q0AAABAB,"[('5000', 'mcg')]","[('1', 'sztuk')]"
['perphenazine'],0402010Q0AAACAC,"[('2000', 'mcg')]",[]
['perphenazine'],0402010Q0AAADAD,"[('4000', 'mcg')]",[]
['perphenazine'],0402010Q0AAAEAE,"[('8000', 'mcg')]",[]
['perphenazine'],0402010Q0AAAFAF,"[('4000', 'mcg')]",[]
['perphenazine'],0402010Q0AAAGAG,"[('2000', 'mcg')]",[]
['perphenazine'],0402010Q0AAAHAH,"[('2000', 'mcg')]",[]
['perphenazine'],0402010Q0AAAIAI,"[('2000', 'mcg')]",[]
['perphenazine'],0402010Q0AAAJAJ,[],[]
['perphenazine'],0402010Q0AAAKAK,"[('2000', 'mcg')]",[]
['perphenazine'],0402010Q0AAALAL,"[('4000', 'mcg')]",[]
['perphenazine'],0402010Q0BBAAAC,"[('2000', 'mcg')]",[]
['perphenazine'],0402010Q0BBABAD,"[('4000', 'mcg')]",[]
['perphenazine'],0402010Q0BBACAE,"[('8000', 'mcg')]",[]
['perphenazine'],0402010Q0BBADAB,"[('5000', 'mcg')]","[('1', 'sztuk')]"
['perphenazine'],0402010Q0BBAEAA,"[('8000', 'mcg')]",[]
['pimozide'],0402010R0AAAAAA,"[('2000', 'mcg')]",[]
['pimozide'],0402010R0AAABAB,"[('4000', 'mcg')]",[]
['pimozide'],0402010R0AAACAC,"[('10000', 'mcg')]",[]
['pimozide'],0402010R0AAADAD,[],[]
['pimozide'],0402010R0AAAEAE,"[('250', 'mcg')]",[]
['pimozide'],0402010R0AAAFAF,"[('500', 'mcg')]",[]
['pimozide'],0402010R0AAAGAG,"[('1250', 'mcg')]",[]
['pimozide'],0402010R0AAAHAH,"[('2000', 'mcg')]",[]
['pimozide'],0402010R0BBAAAA,"[('2000', 'mcg')]",[]
['pimozide'],0402010R0BBABAB,"[('4000', 'mcg')]",[]
['pimozide'],0402010R0BBACAC,"[('10000', 'mcg')]",[]
['promazine'],0402010S0AAAAAA,"[('50000', 'mcg')]","[('1', 'sztuk')]"
['promazine'],0402010S0AAABAB,"[('50000', 'mcg')]",[]
['promazine'],0402010S0AAACAC,"[('12500', 'mcg')]",[]
['promazine'],0402010S0AAADAD,"[('25000', 'mcg')]",[]
['promazine'],0402010S0AAAEAE,"[('25000', 'mcg')]",[]
['promazine'],0402010S0AAAFAF,"[('50000', 'mcg')]",[]
['promazine'],0402010S0AAAGAG,"[('100000', 'mcg')]",[]
['promazine'],0402010S0AAAHAH,"[('50000', 'mcg')]","[('2', 'sztuk')]"
['promazine'],0402010S0AAAIAI,"[('50000', 'mcg')]",[]
['promazine'],0402010S0AAAJAJ,"[('50000', 'mcg')]",[]
['promazine'],0402010S0AAAKAK,[],[]
['promazine'],0402010S0AAALAL,"[('25000', 'mcg')]",[]
['promazine'],0402010S0AAAMAM,"[('12500', 'mcg')]",[]
['promazine'],0402010S0AAANAN,"[('50000', 'mcg')]",[]
['promazine'],0402010S0AAAPAP,"[('75000', 'mcg')]",[]
['promazine'],0402010S0AAAQAQ,"[('10000', 'mcg')]",[]
['promazine'],0402010S0AAARAR,"[('6250', 'mcg')]",[]
['promazine'],0402010S0BBAAAB,"[('50000', 'mcg'), ('75000', 'mcg')]",[]
['promazine'],0402010S0BBABAA,"[('50000', 'mcg')]","[('1', 'sztuk')]"
['promazine'],0402010S0BBACA0,"[('50000', 'mcg')]",[]
['promazine'],0402010S0BBADAE,"[('25000', 'mcg')]",[]
['promazine'],0402010S0BBAEAF,"[('50000', 'mcg')]",[]
['promazine'],0402010S0BBAFAG,"[('100000', 'mcg')]",[]
['promazine'],0402010S0BBAGA0,"[('50000', 'mcg')]",[]
['promazine'],0402010S0BBAHAH,"[('50000', 'mcg')]","[('2', 'sztuk')]"
['promazine'],0402010S0BBAIA0,"[('50000', 'mcg')]",[]
['promazine'],0402010S0BBAJA0,"[('50000', 'mcg')]",[]
['promazine'],0402010S0BBAKA0,"[('50000', 'mcg')]",[]
['promazine'],0402010S0BCAAAE,"[('25000', 'mcg')]",[]
['promazine'],0402010S0BCABAF,"[('50000', 'mcg')]",[]
['promazine'],0402010S0BDAAAE,"[('25000', 'mcg')]",[]
['zuclopenthixol'],0402010T0AAAAAA,"[('2000', 'mcg')]",[]
['zuclopenthixol'],0402010T0AAABAB,"[('10000', 'mcg')]",[]
['zuclopenthixol'],0402010T0AAACAC,"[('25000', 'mcg')]",[]
['zuclopenthixol'],0402010T0AAADAD,[],[]
['zuclopenthixol'],0402010T0AAAEAE,"[('10000', 'mcg')]",[]
['zuclopenthixol'],0402010T0AAAFAF,"[('20000', 'mcg')]",[]
['zuclopenthixol'],0402010T0AAAGAG,"[('2000', 'mcg')]",[]
['zuclopenthixol'],0402010T0AAAHAH,"[('400', 'mcg')]",[]
['zuclopenthixol'],0402010T0AAAIAI,"[('20000', 'mcg')]",[]
['zuclopenthixol'],0402010T0BBAAAA,"[('2000', 'mcg')]",[]
['zuclopenthixol'],0402010T0BBABAB,"[('10000', 'mcg')]",[]
['zuclopenthixol'],0402010T0BBACAC,"[('25000', 'mcg')]",[]
['zuclopenthixol'],0402010T0BCAAAF,"[('20000', 'mcg')]",[]
['sulpiride'],0402010U0AAAAAA,"[('200000', 'mcg')]",[]
['sulpiride'],0402010U0AAABAB,"[('500000', 'mcg')]",[]
['sulpiride'],0402010U0AAACAC,"[('25000', 'mcg')]",[]
['sulpiride'],0402010U0AAADAD,"[('500000', 'mcg')]",[]
['sulpiride'],0402010U0AAAEAE,"[('200000', 'mcg')]",[]
['sulpiride'],0402010U0AAAFAF,"[('50000', 'mcg')]",[]
['sulpiride'],0402010U0AAAGAG,"[('50000', 'mcg')]",[]
['sulpiride'],0402010U0AAAHAH,"[('200000', 'mcg')]",[]
['sulpiride'],0402010U0AAAIAI,"[('100000', 'mcg')]",[]
['sulpiride'],0402010U0AAAJAJ,"[('200000', 'mcg')]",[]
['sulpiride'],0402010U0AAAKAK,[],[]
['sulpiride'],0402010U0AAALAL,"[('200000', 'mcg')]",[]
['sulpiride'],0402010U0AAAMAM,"[('50000', 'mcg')]",[]
['sulpiride'],0402010U0AAANAN,"[('200000', 'mcg')]",[]
['sulpiride'],0402010U0AAAPAP,"[('100000', 'mcg')]",[]
['sulpiride'],0402010U0AAAQAQ,"[('400000', 'mcg')]",[]
['sulpiride'],0402010U0AAARAR,"[('300000', 'mcg')]",[]
['sulpiride'],0402010U0AAASAS,"[('400000', 'mcg')]",[]
['sulpiride'],0402010U0AAATAT,"[('25000', 'mcg')]",[]
['sulpiride'],0402010U0AAAUAU,"[('150000', 'mcg')]",[]
['sulpiride'],0402010U0AAAVAV,"[('250000', 'mcg')]",[]
['sulpiride'],0402010U0AAAWAW,"[('70000', 'mcg')]",[]
['sulpiride'],0402010U0AAAXAX,"[('50000', 'mcg')]",[]
['sulpiride'],0402010U0AAAYAY,"[('500000', 'mcg')]",[]
['sulpiride'],0402010U0AAAZAZ,"[('10000', 'mcg')]",[]
['sulpiride'],0402010U0BBAAAH,"[('200000', 'mcg')]",[]
['sulpiride'],0402010U0BBABAQ,"[('400000', 'mcg')]",[]
['sulpiride'],0402010U0BCAAAH,"[('200000', 'mcg')]",[]
['sulpiride'],0402010U0BEAAAH,"[('200000', 'mcg')]",[]
['sulpiride'],0402010U0BFAAAE,"[('200000', 'mcg')]",[]
['thioridazine'],0402010W0AAAAAA,"[('25000', 'mcg')]",[]
['thioridazine'],0402010W0AAABAB,"[('100000', 'mcg')]",[]
['thioridazine'],0402010W0AAACAC,"[('25000', 'mcg')]",[]
['thioridazine'],0402010W0AAAEAE,"[('10000', 'mcg')]",[]
['thioridazine'],0402010W0AAAFAF,"[('25000', 'mcg')]",[]
['thioridazine'],0402010W0AAAGAG,"[('50000', 'mcg')]",[]
['thioridazine'],0402010W0AAAHAH,"[('100000', 'mcg')]",[]
['thioridazine'],0402010W0AAAIAI,"[('100000', 'mcg')]",[]
['thioridazine'],0402010W0AAAJAJ,"[('10000', 'mcg')]",[]
['thioridazine'],0402010W0AAAKAK,"[('50000', 'mcg')]",[]
['thioridazine'],0402010W0AAALAL,"[('25000', 'mcg')]",[]
['thioridazine'],0402010W0AAAMAM,"[('25000', 'mcg')]",[]
['thioridazine'],0402010W0AAANAN,"[('100000', 'mcg')]",[]
['thioridazine'],0402010W0AAAPAP,[],[]
['thioridazine'],0402010W0AAAQAQ,"[('10000', 'mcg')]",[]
['thioridazine'],0402010W0AAARAR,"[('5000', 'mcg')]",[]
['thioridazine'],0402010W0AAASAS,"[('25000', 'mcg')]",[]
['thioridazine'],0402010W0AAATAT,"[('5000', 'mcg')]",[]
['thioridazine'],0402010W0AAAVAV,"[('50000', 'mcg')]",[]
['thioridazine'],0402010W0AAAWAW,"[('10000', 'mcg')]",[]
['thioridazine'],0402010W0AAAXAX,"[('10000', 'mcg')]",[]
['thioridazine'],0402010W0AAAYAY,"[('50000', 'mcg')]",[]
['thioridazine'],0402010W0BBAAAE,"[('10000', 'mcg')]",[]
['thioridazine'],0402010W0BBABAF,"[('25000', 'mcg')]",[]
['thioridazine'],0402010W0BBACAG,"[('50000', 'mcg')]",[]
['thioridazine'],0402010W0BBADAH,"[('100000', 'mcg')]",[]
['thioridazine'],0402010W0BBAEAA,"[('25000', 'mcg'), ('0.5', '%')]",[]
['thioridazine'],0402010W0BBAFAB,"[('100000', 'mcg'), ('2', '%')]",[]
['thioridazine'],0402010W0BBAGAC,"[('25000', 'mcg')]",[]
['thioridazine'],0402010W0BBAHA0,"[('25000', 'mcg')]",[]
['thioridazine'],0402010W0BBAIA0,"[('25000', 'mcg')]",[]
['thioridazine'],0402010W0BBAJA0,"[('25000', 'mcg')]",[]
['thioridazine'],0402010W0BBAKA0,"[('25000', 'mcg')]",[]
['thioridazine'],0402010W0BBALA0,"[('25000', 'mcg')]",[]
['thioridazine'],0402010W0BBAMA0,"[('25000', 'mcg')]",[]
['thioridazine'],0402010W0BCAAAF,"[('25000', 'mcg')]",[]
['thioridazine'],0402010W0BCABAH,"[('100000', 'mcg')]",[]
['thioridazine'],0402010W0BCACAG,"[('50000', 'mcg')]",[]
['trifluoperazine'],0402010X0AAAAAA,"[('2000', 'mcg')]",[]
['trifluoperazine'],0402010X0AAABAB,"[('10000', 'mcg')]",[]
['trifluoperazine'],0402010X0AAACAC,"[('15000', 'mcg')]",[]
['trifluoperazine'],0402010X0AAADAD,"[('1000', 'mcg')]","[('1', 'sztuk')]"
['trifluoperazine'],0402010X0AAAEAE,"[('10000', 'mcg')]",[]
['trifluoperazine'],0402010X0AAAFAF,"[('1000', 'mcg')]",[]
['trifluoperazine'],0402010X0AAAGAG,"[('5000', 'mcg')]",[]
['trifluoperazine'],0402010X0AAAHAH,"[('1000', 'mcg')]",[]
['trifluoperazine'],0402010X0AAAIAI,"[('5000', 'mcg')]",[]
['trifluoperazine'],0402010X0AAAJAJ,"[('2000', 'mcg')]",[]
['trifluoperazine'],0402010X0AAAKAK,"[('5000', 'mcg')]",[]
['trifluoperazine'],0402010X0AAALAL,[],[]
['trifluoperazine'],0402010X0AAAMAM,"[('5000', 'mcg')]",[]
['trifluoperazine'],0402010X0AAANAN,"[('50000', 'mcg')]",[]
['trifluoperazine'],0402010X0AAAPAP,"[('10000', 'mcg')]",[]
['trifluoperazine'],0402010X0AAAQAQ,"[('15000', 'mcg')]",[]
['trifluoperazine'],0402010X0AAARAR,"[('1000', 'mcg')]",[]
['trifluoperazine'],0402010X0AAASAS,"[('2000', 'mcg')]",[]
['trifluoperazine'],0402010X0AAATAT,"[('5000', 'mcg')]",[]
['trifluoperazine'],0402010X0BBAAAH,"[('1000', 'mcg')]",[]
['trifluoperazine'],0402010X0BBABAI,"[('5000', 'mcg')]",[]
['trifluoperazine'],0402010X0BBACAA,"[('2000', 'mcg')]",[]
['trifluoperazine'],0402010X0BBADAB,"[('10000', 'mcg')]",[]
['trifluoperazine'],0402010X0BBAEAC,"[('15000', 'mcg')]",[]
['trifluoperazine'],0402010X0BBAFAF,"[('1000', 'mcg')]",[]
['trifluoperazine'],0402010X0BBAGAE,"[('10000', 'mcg')]",[]
['trifluoperazine'],0402010X0BBAHAD,"[('1000', 'mcg')]","[('1', 'sztuk')]"
['trifluoperazine'],0402010X0BBAIA0,[],[]
['trifluoperazine'],0402010X0BBAJAT,"[('1000', 'mcg')]",[]
['trifluoperazine'],0402010X0BBAKAH,"[('1000', 'mcg')]",[]
['trifluoperazine'],0402010X0BBALAI,"[('5000', 'mcg')]",[]
['trifluoperazine'],0402010X0BCAAAH,"[('1000', 'mcg')]",[]
['trifluoperazine'],0402010X0BCABAI,"[('5000', 'mcg')]",[]
['trifluoperazine'],0402010X0BDAAA0,[],[]
['risperidone'],0402020AAAAAAAA,"[('25000', 'mcg')]",[]
['risperidone'],0402020AAAAABAB,"[('50000', 'mcg')]",[]
['risperidone'],0402020AAAAACAC,"[('37500', 'mcg')]",[]
['risperidone'],0402020AABBAAAA,"[('25000', 'mcg')]",[]
['risperidone'],0402020AABBABAB,"[('50000', 'mcg')]",[]
['risperidone'],0402020AABBACAC,"[('37500', 'mcg')]",[]
['paliperidone'],0402020ABAAAAAA,"[('50000', 'mcg')]",[]
['paliperidone'],0402020ABAAABAB,"[('75000', 'mcg')]",[]
['paliperidone'],0402020ABAAACAC,"[('100000', 'mcg')]",[]
['paliperidone'],0402020ABAAADAD,"[('150000', 'mcg')]",[]
['paliperidone'],0402020ABAAAEAE,"[('150000', 'mcg'), ('100000', 'mcg')]",[]
['paliperidone'],0402020ABAAAFAF,"[('175000', 'mcg')]",[]
['paliperidone'],0402020ABAAAGAG,"[('263000', 'mcg')]",[]
['paliperidone'],0402020ABAAAHAH,"[('350000', 'mcg')]",[]
['paliperidone'],0402020ABAAAIAI,"[('525000', 'mcg')]",[]
['paliperidone'],0402020ABBBAAAA,"[('50000', 'mcg')]",[]
['paliperidone'],0402020ABBBABAB,"[('75000', 'mcg')]",[]
['paliperidone'],0402020ABBBACAC,"[('100000', 'mcg')]",[]
['paliperidone'],0402020ABBBADAD,"[('150000', 'mcg')]",[]
['paliperidone'],0402020ABBBAEAE,"[('150000', 'mcg'), ('100000', 'mcg')]",[]
['paliperidone'],0402020ABBCAAAF,"[('175000', 'mcg')]",[]
['paliperidone'],0402020ABBCABAG,"[('263000', 'mcg')]",[]
['paliperidone'],0402020ABBCACAH,"[('350000', 'mcg')]",[]
['paliperidone'],0402020ABBCADAI,"[('525000', 'mcg')]",[]
['olanzapine'],0402020ACAAAAAA,"[('210000', 'mcg')]",[]
['olanzapine'],0402020ACAAABAB,"[('300000', 'mcg')]",[]
['olanzapine'],0402020ACAAACAC,"[('405000', 'mcg')]",[]
['olanzapine'],0402020ACBBAAAA,"[('210000', 'mcg')]",[]
['olanzapine'],0402020ACBBABAB,"[('300000', 'mcg')]",[]
['olanzapine'],0402020ACBBACAC,"[('405000', 'mcg')]",[]
['aripiprazole'],0402020ADAAAAAA,"[('400000', 'mcg')]",[]
['aripiprazole'],0402020ADAAABAB,"[('400000', 'mcg')]",[]
['aripiprazole'],0402020ADBBAAAA,"[('400000', 'mcg')]",[]
['aripiprazole'],0402020ADBBABAB,"[('400000', 'mcg')]",[]
['flupentixol'],0402020G0AAAAAA,"[('20000', 'mcg')]","[('1', 'sztuk')]"
['flupentixol'],0402020G0AAABAB,"[('100000', 'mcg')]","[('1', 'sztuk')]"
['flupentixol'],0402020G0AAACAC,"[('20000', 'mcg')]","[('2', 'sztuk')]"
['flupentixol'],0402020G0AAADAD,"[('20000', 'mcg')]","[('10', 'sztuk')]"
['flupentixol'],0402020G0AAAEAE,"[('100000', 'mcg')]","[('5', 'sztuk')]"
['flupentixol'],0402020G0AAAFAF,"[('20000', 'mcg')]","[('1', 'sztuk')]"
['flupentixol'],0402020G0AAAGAG,"[('20000', 'mcg')]","[('2', 'sztuk')]"
['flupentixol'],0402020G0AAAHAH,"[('100000', 'mcg')]","[('5', 'sztuk')]"
['flupentixol'],0402020G0AAAIAI,"[('200000', 'mcg')]","[('1', 'sztuk')]"
['flupentixol'],0402020G0BBAAAA,"[('20000', 'mcg')]","[('1', 'sztuk')]"
['flupentixol'],0402020G0BBAAAF,"[('20000', 'mcg')]","[('1', 'sztuk')]"
['flupentixol'],0402020G0BBABAC,"[('20000', 'mcg')]","[('2', 'sztuk')]"
['flupentixol'],0402020G0BBABAG,"[('20000', 'mcg')]","[('2', 'sztuk')]"
['flupentixol'],0402020G0BBACAD,"[('20000', 'mcg')]","[('10', 'sztuk')]"
['flupentixol'],0402020G0BBADAB,"[('100000', 'mcg')]","[('1', 'sztuk')]"
['flupentixol'],0402020G0BBAEAE,"[('100000', 'mcg')]","[('5', 'sztuk')]"
['flupentixol'],0402020G0BBAFAH,"[('100000', 'mcg')]","[('5', 'sztuk')]"
['flupentixol'],0402020G0BBAGAI,"[('200000', 'mcg')]","[('1', 'sztuk')]"
['flupentixol'],0402020G0BCAAAA,"[('20000', 'mcg')]","[('1', 'sztuk')]"
['flupentixol'],0402020G0BCABAC,"[('20000', 'mcg')]","[('2', 'sztuk')]"
['flupentixol'],0402020G0BCACAH,"[('100000', 'mcg')]","[('5', 'sztuk')]"
['flupentixol'],0402020G0BCADAB,"[('100000', 'mcg')]","[('1', 'sztuk')]"
['flupentixol'],0402020G0BCAEAI,"[('200000', 'mcg')]","[('1', 'sztuk')]"
['fluphenazine'],0402020L0AAAAAA,"[('25000', 'mcg')]","[('5', 'sztuk')]"
['fluphenazine'],0402020L0AAABAB,"[('100000', 'mcg')]","[('5', 'sztuk')]"
['fluphenazine'],0402020L0AAACAC,"[('25000', 'mcg')]","[('1', 'sztuk')]"
['fluphenazine'],0402020L0AAADAD,"[('25000', 'mcg')]","[('2', 'sztuk')]"
['fluphenazine'],0402020L0AAAEAE,"[('25000', 'mcg')]","[('10', 'sztuk')]"
['fluphenazine'],0402020L0AAAFAF,"[('100000', 'mcg')]","[('1', 'sztuk')]"
['fluphenazine'],0402020L0AAAGAG,"[('25000', 'mcg')]","[('1', 'sztuk')]"
['fluphenazine'],0402020L0AAAHAH,"[('25000', 'mcg')]","[('2', 'sztuk')]"
['fluphenazine'],0402020L0AAAIAI,"[('20000', 'mcg')]","[('5', 'sztuk')]"
['fluphenazine'],0402020L0BBAAAA,"[('25000', 'mcg')]","[('5', 'sztuk')]"
['fluphenazine'],0402020L0BBABAC,"[('25000', 'mcg')]","[('1', 'sztuk')]"
['fluphenazine'],0402020L0BBACAD,"[('25000', 'mcg')]","[('2', 'sztuk')]"
['fluphenazine'],0402020L0BBADAE,"[('25000', 'mcg')]","[('10', 'sztuk')]"
['fluphenazine'],0402020L0BBADAG,"[('25000', 'mcg')]","[('1', 'sztuk')]"
['fluphenazine'],0402020L0BBAEAH,"[('25000', 'mcg')]","[('2', 'sztuk')]"
['fluphenazine'],0402020L0BBAFAB,"[('100000', 'mcg')]","[('5', 'sztuk')]"
['fluphenazine'],0402020L0BBAGAF,"[('100000', 'mcg')]","[('1', 'sztuk')]"
['fluphenazine'],0402020L0BCAAAC,"[('25000', 'mcg')]","[('1', 'sztuk')]"
['fluphenazine'],0402020L0BCABAB,"[('100000', 'mcg')]","[('5', 'sztuk')]"
['fluphenazine'],0402020L0BCACAF,"[('100000', 'mcg')]","[('1', 'sztuk')]"
['fluphenazine'],0402020P0AAAAAA,"[('25000', 'mcg')]","[('1', 'sztuk')]"
['fluphenazine'],0402020P0BBAAAA,"[('25000', 'mcg')]","[('1', 'sztuk')]"
['haloperidol'],0402020T0AAAAAA,"[('50000', 'mcg')]","[('1', 'sztuk')]"
['haloperidol'],0402020T0AAABAB,"[('100000', 'mcg')]","[('1', 'sztuk')]"
['haloperidol'],0402020T0BBAAAA,"[('50000', 'mcg')]","[('1', 'sztuk')]"
['haloperidol'],0402020T0BBABAB,"[('100000', 'mcg')]","[('1', 'sztuk')]"
['zuclopenthixol'],0402020Z0AAAAAA,"[('200000', 'mcg')]","[('1', 'sztuk')]"
['zuclopenthixol'],0402020Z0AAABAB,"[('500000', 'mcg')]","[('1', 'sztuk')]"
['zuclopenthixol'],0402020Z0AAACAC,"[('200000', 'mcg')]","[('10', 'sztuk')]"
['zuclopenthixol'],0402020Z0BBAAAA,"[('200000', 'mcg')]","[('1', 'sztuk')]"
['zuclopenthixol'],0402020Z0BBABAC,"[('200000', 'mcg')]","[('10', 'sztuk')]"
['zuclopenthixol'],0402020Z0BBACAB,"[('500000', 'mcg')]","[('1', 'sztuk')]"
['lithium'],0402030K0AAABAB,"[('250000', 'mcg')]",[]
['lithium'],0402030K0AAACAC,"[('250000', 'mcg')]",[]
['lithium'],0402030K0AAADAD,"[('400000', 'mcg')]",[]
['lithium'],0402030K0AAAEAE,"[('300000', 'mcg')]",[]
['lithium'],0402030K0AAAFAF,"[('400000', 'mcg')]",[]
['lithium'],0402030K0AAAGAG,"[('450000', 'mcg')]",[]
['lithium'],0402030K0AAAIAI,"[('200000', 'mcg')]",[]
['lithium'],0402030K0AAAJAJ,"[('200000', 'mcg')]",[]
['lithium'],0402030K0AAAKAK,"[('250000', 'mcg')]",[]
['lithium'],0402030K0AAALAL,"[('800000', 'mcg')]",[]
['lithium'],0402030K0AAAMAM,"[('400000', 'mcg')]",[]
['lithium'],0402030K0AAANAN,[],[]
['lithium'],0402030K0AAAPAP,"[('200000', 'mcg')]",[]
['lithium'],0402030K0AAAQAQ,"[('300000', 'mcg')]",[]
['lithium'],0402030K0BBAAAC,"[('250000', 'mcg')]",[]
['lithium'],0402030K0BBABAF,"[('400000', 'mcg')]",[]
['lithium'],0402030K0BDAAAG,"[('450000', 'mcg')]",[]
['lithium'],0402030K0BEAAAE,"[('300000', 'mcg')]",[]
['lithium'],0402030K0BFAAAF,"[('400000', 'mcg')]",[]
['lithium'],0402030K0BFABAI,"[('200000', 'mcg')]",[]
['lithium'],0402030K0BGAAAF,"[('400000', 'mcg')]",[]
['lithium'],0402030P0AAAAAA,[],"[('5', 'sztuk')]"
['lithium'],0402030P0AAABAB,"[('564000', 'mcg')]",[]
['lithium'],0402030P0AAACAC,"[('400000', 'mcg')]",[]
['lithium'],0402030P0AAADAD,"[('520000', 'mcg')]",[]
['lithium'],0402030P0AAAHAH,[],"[('5', 'sztuk')]"
['lithium'],0402030P0AAAIAI,"[('520000', 'mcg')]",[]
['lithium'],0402030P0AAAJAJ,[],"[('5', 'sztuk')]"
['lithium'],0402030P0AAAKAK,"[('1018000', 'mcg')]","[('5', 'sztuk')]"
['lithium'],0402030P0AAALAL,"[('509000', 'mcg')]",[]
['lithium'],0402030P0BBAAAB,"[('564000', 'mcg')]",[]
['lithium'],0402030P0BCAAAI,"[('520000', 'mcg')]",[]
['lithium'],0402030P0BDAAAL,[],"[('5', 'sztuk')]"
['lithium'],0402030P0BDABAK,[],"[('5', 'sztuk')]"
['valproic_acid'],0402030Q0AAAAAA,"[('250000', 'mcg')]",[]
['valproic_acid'],0402030Q0AAABAB,"[('500000', 'mcg')]",[]
['valproic_acid'],0402030Q0AAACAC,"[('250000', 'mcg')]",[]
['valproic_acid'],0402030Q0BBAAAA,"[('250000', 'mcg')]",[]
['valproic_acid'],0402030Q0BBABAB,"[('500000', 'mcg')]",[]
['valproic_acid'],0402030Q0BBACAC,"[('250000', 'mcg')]",[]
['asenapine'],0402030R0AAAAAA,"[('10000', 'mcg')]",[]
['asenapine'],0402030R0AAABAB,"[('5000', 'mcg')]",[]
['asenapine'],0402030R0BBAAAA,"[('10000', 'mcg')]",[]
['asenapine'],0402030R0BBABAB,"[('5000', 'mcg')]",[]
['amitriptyline'],0403010B0AAA1A1,"[('75000', 'mcg')]",[]
['amitriptyline'],0403010B0AAA2A2,"[('100000', 'mcg')]",[]
['amitriptyline'],0403010B0AAA3A3,"[('50000', 'mcg')]",[]
['amitriptyline'],0403010B0AAA4A4,"[('10000', 'mcg')]",[]
['amitriptyline'],0403010B0AAA5A5,"[('25000', 'mcg')]",[]
['amitriptyline'],0403010B0AAA6A6,"[('10000', 'mcg')]",[]
['amitriptyline'],0403010B0AAA7A7,"[('80000', 'mcg')]",[]
['amitriptyline'],0403010B0AAA8A8,"[('25000', 'mcg'), ('2000', 'mcg')]",[]
['amitriptyline'],0403010B0AAA9A9,"[('10000', 'mcg'), ('2000', 'mcg')]",[]
['amitriptyline'],0403010B0AAAAAA,"[('25000', 'mcg')]",[]
['amitriptyline'],0403010B0AAABAB,"[('50000', 'mcg')]",[]
['amitriptyline'],0403010B0AAACAC,"[('75000', 'mcg')]",[]
['amitriptyline'],0403010B0AAADAD,"[('10000', 'mcg')]","[('10', 'sztuk')]"
['amitriptyline'],0403010B0AAAFAF,"[('50000', 'mcg')]",[]
['amitriptyline'],0403010B0AAAGAG,"[('10000', 'mcg')]",[]
['amitriptyline'],0403010B0AAAHAH,"[('25000', 'mcg')]",[]
['amitriptyline'],0403010B0AAAIAI,"[('50000', 'mcg')]",[]
['amitriptyline'],0403010B0AAAJAJ,"[('75000', 'mcg')]",[]
['amitriptyline'],0403010B0AAAKAK,"[('100000', 'mcg')]",[]
['amitriptyline'],0403010B0AAALAL,"[('200000', 'mcg')]",[]
['amitriptyline'],0403010B0AAAMAM,"[('300000', 'mcg')]",[]
['amitriptyline'],0403010B0AAANAN,"[('25000', 'mcg')]",[]
['amitriptyline'],0403010B0AAAPAP,"[('25000', 'mcg')]",[]
['amitriptyline'],0403010B0AAAQAQ,"[('10000', 'mcg')]",[]
['amitriptyline'],0403010B0AAASAS,"[('50000', 'mcg')]",[]
['amitriptyline'],0403010B0AAATAT,"[('50000', 'mcg')]",[]
['amitriptyline'],0403010B0AAAUAU,"[('10000', 'mcg')]",[]
['amitriptyline'],0403010B0AAAVAV,"[('150000', 'mcg')]",[]
['amitriptyline'],0403010B0AAAWAW,"[('50000', 'mcg')]",[]
['amitriptyline'],0403010B0AAAXAX,"[('25000', 'mcg')]",[]
['amitriptyline'],0403010B0AAAYAY,[],[]
['amitriptyline'],0403010B0AAAZAZ,"[('25000', 'mcg')]",[]
['amitriptyline'],0403010B0AABABA,"[('75000', 'mcg')]",[]
['amitriptyline'],0403010B0AABBBB,"[('2500', 'mcg')]",[]
['amitriptyline'],0403010B0AABCBC,"[('10000', 'mcg')]",[]
['amitriptyline'],0403010B0AABDBD,"[('5000', 'mcg')]",[]
['amitriptyline'],0403010B0AABEBE,"[('15000', 'mcg')]",[]
['amitriptyline'],0403010B0AABFBF,"[('150000', 'mcg')]",[]
['amitriptyline'],0403010B0AABGBG,"[('1250', 'mcg')]",[]
['amitriptyline'],0403010B0AABHBH,"[('10000', 'mcg')]",[]
['amitriptyline'],0403010B0AABIBI,"[('10000', 'mcg')]",[]
['amitriptyline'],0403010B0BBAAAG,"[('10000', 'mcg')]",[]
['amitriptyline'],0403010B0BBABAH,"[('25000', 'mcg')]",[]
['amitriptyline'],0403010B0BBACAI,"[('50000', 'mcg')]",[]
['amitriptyline'],0403010B0BBADAJ,"[('75000', 'mcg')]",[]
['amitriptyline'],0403010B0BCAAAG,"[('10000', 'mcg')]",[]
['amitriptyline'],0403010B0BCABAH,"[('25000', 'mcg')]",[]
['amitriptyline'],0403010B0BDAAAA,"[('25000', 'mcg')]",[]
['amitriptyline'],0403010B0BDABAB,"[('50000', 'mcg')]",[]
['amitriptyline'],0403010B0BEAAAC,"[('75000', 'mcg')]",[]
['amitriptyline'],0403010B0BEABAG,"[('10000', 'mcg')]",[]
['amitriptyline'],0403010B0BEACAH,"[('25000', 'mcg')]",[]
['amitriptyline'],0403010B0BEADAI,"[('50000', 'mcg')]",[]
['amitriptyline'],0403010B0BEAFAD,"[('10000', 'mcg')]","[('10', 'sztuk')]"
['amitriptyline'],0403010B0BFAAAH,"[('25000', 'mcg')]",[]
['amitriptyline'],0403010B0BGAAAG,"[('10000', 'mcg')]",[]
['amitriptyline'],0403010B0BGABAH,"[('25000', 'mcg')]",[]
['amitriptyline'],0403010B0BGACAA,"[('25000', 'mcg')]",[]
['amitriptyline'],0403010B0BHAAAH,"[('25000', 'mcg')]",[]
['amitriptyline'],0403010B0BIAAA8,[],[]
['amitriptyline'],0403010B0BIABA9,[],[]
['amitriptyline'],0403010B0BJAAA0,[],[]
['amitriptyline'],0403010E0AAAAAA,"[('10000', 'mcg')]",[]
['amitriptyline'],0403010E0AAABAB,"[('10000', 'mcg')]",[]
['amitriptyline'],0403010E0AAADAD,"[('25000', 'mcg')]",[]
['amitriptyline'],0403010E0AAAEAE,"[('10000', 'mcg')]",[]
['amitriptyline'],0403010E0AAAFAF,"[('10000', 'mcg')]",[]
['amitriptyline'],0403040R0AAACAC,"[('60000', 'mcg')]",[]
['amitriptyline'],0403010E0BBAAAB,"[('10000', 'mcg')]",[]
['clomipramine'],0403010F0AAAAAA,"[('10000', 'mcg')]",[]
['clomipramine'],0403010F0AAABAB,"[('25000', 'mcg')]",[]
['clomipramine'],0403010F0AAACAC,"[('50000', 'mcg')]",[]
['clomipramine'],0403010F0AAADAD,"[('12500', 'mcg')]","[('2', 'sztuk')]"
['clomipramine'],0403010F0AAAEAE,"[('25000', 'mcg')]",[]
['clomipramine'],0403010F0AAAFAF,"[('25000', 'mcg')]",[]
['clomipramine'],0403010F0AAAGAG,"[('75000', 'mcg')]",[]
['clomipramine'],0403010F0AAAIAI,"[('10000', 'mcg')]",[]
['clomipramine'],0403010F0AAAJAJ,"[('75000', 'mcg')]",[]
['clomipramine'],0403010F0AAAKAK,"[('25000', 'mcg')]",[]
['clomipramine'],0403010F0AAALAL,"[('10000', 'mcg')]",[]
['clomipramine'],0403010F0AAAMAM,"[('5000', 'mcg')]",[]
['clomipramine'],0403010F0AAANAN,"[('50000', 'mcg')]",[]
['clomipramine'],0403010F0AAAPAP,"[('37500', 'mcg')]",[]
['clomipramine'],0403010F0AAAQAQ,"[('50000', 'mcg')]",[]
['clomipramine'],0403010F0AAARAR,"[('75000', 'mcg')]",[]
['clomipramine'],0403010F0BBAAAA,"[('10000', 'mcg')]",[]
['clomipramine'],0403010F0BBABAB,"[('25000', 'mcg')]",[]
['clomipramine'],0403010F0BBACAC,"[('50000', 'mcg')]",[]
['clomipramine'],0403010F0BBADAE,"[('25000', 'mcg')]",[]
['clomipramine'],0403010F0BBAEAD,"[('12500', 'mcg')]","[('2', 'sztuk')]"
['clomipramine'],0403010F0BBAFAG,"[('75000', 'mcg')]",[]
['clomipramine'],0403010F0BDAAAA,"[('10000', 'mcg')]",[]
['clomipramine'],0403010F0BDABAB,"[('25000', 'mcg')]",[]
['clomipramine'],0403010F0BDACAC,"[('50000', 'mcg')]",[]
['dosulepin'],0403010J0AAA1A1,"[('25000', 'mcg')]",[]
['dosulepin'],0403010J0AAA2A2,"[('75000', 'mcg')]",[]
['dosulepin'],0403010J0AAA3A3,"[('12500', 'mcg')]",[]
['dosulepin'],0403010J0AAA4A4,[],[]
['dosulepin'],0403010J0AAA5A5,"[('50000', 'mcg')]",[]
['dosulepin'],0403010J0AAA6A6,"[('25000', 'mcg')]",[]
['dosulepin'],0403010J0AAA7A7,"[('75000', 'mcg')]",[]
['dosulepin'],0403010J0AAA8A8,"[('100000', 'mcg')]",[]
['dosulepin'],0403010J0AAA9A9,"[('6250', 'mcg')]",[]
['dosulepin'],0403010J0AAAAAA,"[('25000', 'mcg')]",[]
['dosulepin'],0403010J0AAABAB,"[('25000', 'mcg')]",[]
['dosulepin'],0403010J0AAACAC,"[('50000', 'mcg')]",[]
['dosulepin'],0403010J0AAADAD,"[('25000', 'mcg')]",[]
['dosulepin'],0403010J0AAAEAE,"[('75000', 'mcg')]",[]
['dosulepin'],0403010J0AAAFAF,"[('25000', 'mcg')]",[]
['dosulepin'],0403010J0AAAGAG,"[('75000', 'mcg')]",[]
['dosulepin'],0403010J0AAAHAH,"[('100000', 'mcg')]",[]
['dosulepin'],0403010J0AAAIAI,"[('75000', 'mcg')]",[]
['dosulepin'],0403010J0AAAJAJ,"[('25000', 'mcg')]",[]
['dosulepin'],0403010J0AAAKAK,"[('25000', 'mcg')]",[]
['dosulepin'],0403010J0AAALAL,"[('25000', 'mcg')]",[]
['dosulepin'],0403010J0AAAMAM,"[('5000', 'mcg')]",[]
['dosulepin'],0403010J0AAANAN,"[('100000', 'mcg')]",[]
['dosulepin'],0403010J0AAAPAP,"[('25000', 'mcg')]",[]
['dosulepin'],0403010J0AAAQAQ,"[('37500', 'mcg')]",[]
['dosulepin'],0403010J0AAARAR,"[('125000', 'mcg')]",[]
['dosulepin'],0403010J0AAASAS,"[('12500', 'mcg')]",[]
['dosulepin'],0403010J0AAATAT,"[('10000', 'mcg')]",[]
['dosulepin'],0403010J0AAAUAU,"[('250000', 'mcg')]",[]
['dosulepin'],0403010J0AAAVAV,"[('50000', 'mcg')]",[]
['dosulepin'],0403010J0AAAWAW,"[('125000', 'mcg')]",[]
['dosulepin'],0403010J0AAAXAX,"[('22500', 'mcg')]",[]
['dosulepin'],0403010J0AAAYAY,"[('25000', 'mcg')]",[]
['dosulepin'],0403010J0AAAZAZ,"[('75000', 'mcg')]",[]
['dosulepin'],0403010J0AABABA,"[('10000', 'mcg')]",[]
['dosulepin'],0403010J0AABBBB,"[('150000', 'mcg')]",[]
['dosulepin'],0403010J0AABCBC,"[('125000', 'mcg')]",[]
['dosulepin'],0403010J0AABDBD,"[('250000', 'mcg')]",[]
['dosulepin'],0403010J0AABEBE,"[('5000', 'mcg')]",[]
['dosulepin'],0403010J0AABFBF,"[('37500', 'mcg')]",[]
['dosulepin'],0403010J0AABGBG,"[('5000', 'mcg')]",[]
['dosulepin'],0403010J0AABHBH,"[('20000', 'mcg')]",[]
['dosulepin'],0403010J0AABIBI,"[('75000', 'mcg')]",[]
['dosulepin'],0403010J0AABJBJ,"[('25000', 'mcg')]",[]
['dosulepin'],0403010J0AABKBK,"[('75000', 'mcg')]",[]
['dosulepin'],0403010J0AABLBL,"[('75000', 'mcg')]",[]
['dosulepin'],0403010J0BBAAAA,"[('25000', 'mcg')]",[]
['dosulepin'],0403010J0BBABAI,"[('75000', 'mcg')]",[]
['dosulepin'],0403010J0BCAAAA,"[('25000', 'mcg')]",[]
['dosulepin'],0403010J0BCABAI,"[('75000', 'mcg')]",[]
['dosulepin'],0403010J0BDAAAI,"[('75000', 'mcg')]",[]
['dosulepin'],0403010J0BDABAA,"[('25000', 'mcg')]",[]
['dosulepin'],0403010J0BEAAAI,"[('75000', 'mcg')]",[]
['dosulepin'],0403010J0BEABAA,"[('25000', 'mcg')]",[]
['dosulepin'],0403010J0BFAAAA,"[('25000', 'mcg')]",[]
['dosulepin'],0403010J0BFABAI,"[('75000', 'mcg')]",[]
['doxepin'],0403010L0AAAAAA,"[('10000', 'mcg')]",[]
['doxepin'],0403010L0AAABAB,"[('25000', 'mcg')]",[]
['doxepin'],0403010L0AAACAC,"[('50000', 'mcg')]",[]
['doxepin'],0403010L0AAADAD,"[('75000', 'mcg')]",[]
['doxepin'],0403010L0AAAEAE,"[('50000', 'mcg')]",[]
['doxepin'],0403010L0BBAAAA,"[('10000', 'mcg')]",[]
['doxepin'],0403010L0BBABAB,"[('25000', 'mcg')]",[]
['doxepin'],0403010L0BBACAC,"[('50000', 'mcg')]",[]
['doxepin'],0403010L0BBADAD,"[('75000', 'mcg')]",[]
['doxepin'],0403010L0BBAEA0,"[('15000', 'mcg')]",[]
['doxepin'],0403010L0BCAAAB,"[('25000', 'mcg')]",[]
['doxepin'],0403010L0BCABAC,"[('50000', 'mcg')]",[]
['imipramine'],0403010N0AAAAAA,"[('25000', 'mcg')]",[]
['imipramine'],0403010N0AAACAC,"[('25000', 'mcg')]",[]
['imipramine'],0403010N0AAADAD,"[('10000', 'mcg')]",[]
['imipramine'],0403010N0AAAEAE,"[('25000', 'mcg')]",[]
['imipramine'],0403010N0AAAFAF,"[('50000', 'mcg')]",[]
['imipramine'],0403010N0AAAGAG,"[('75000', 'mcg')]",[]
['imipramine'],0403010N0AAAHAH,"[('100000', 'mcg')]",[]
['imipramine'],0403010N0AAAIAI,"[('25000', 'mcg')]",[]
['imipramine'],0403010N0AAAJAJ,"[('100000', 'mcg')]",[]
['imipramine'],0403010N0AAAKAK,"[('25000', 'mcg')]",[]
['imipramine'],0403010N0AAALAL,"[('10000', 'mcg')]",[]
['imipramine'],0403010N0AAAMAM,"[('12500', 'mcg')]",[]
['imipramine'],0403010N0AAANAN,"[('40000', 'mcg')]",[]
['imipramine'],0403010N0AAAPAP,"[('125000', 'mcg')]",[]
['imipramine'],0403010N0AAAQAQ,"[('25000', 'mcg')]",[]
['imipramine'],0403010N0BBAAAD,"[('10000', 'mcg')]",[]
['imipramine'],0403010N0BBABAE,"[('25000', 'mcg')]",[]
['imipramine'],0403010N0BCAAAD,"[('10000', 'mcg')]",[]
['imipramine'],0403010N0BCABAE,"[('25000', 'mcg')]",[]
['imipramine'],0403010N0BCACAC,"[('25000', 'mcg')]",[]
['imipramine'],0403010N0BCADAF,"[('50000', 'mcg')]",[]
['imipramine'],0403010N0BDAAAE,"[('25000', 'mcg')]",[]
['imipramine'],0403010N0BEAAAE,"[('25000', 'mcg')]",[]
['lofepramine'],0403010R0AAAAAA,"[('70000', 'mcg')]",[]
['lofepramine'],0403010R0AAABAB,"[('70000', 'mcg')]",[]
['lofepramine'],0403010R0AAACAC,"[('8000000', 'mcg')]",[]
['lofepramine'],0403010R0AAADAD,"[('35000', 'mcg')]",[]
['lofepramine'],0403010R0AAAFAF,[],[]
['lofepramine'],0403010R0AAAGAG,"[('70000', 'mcg')]",[]
['lofepramine'],0403010R0AAAHAH,"[('140000', 'mcg')]",[]
['lofepramine'],0403010R0AAAIAI,"[('5000', 'mcg')]",[]
['lofepramine'],0403010R0AAAJAJ,"[('70000', 'mcg')]",[]
['lofepramine'],0403010R0AAAKAK,"[('23000', 'mcg')]",[]
['lofepramine'],0403010R0AAALAL,"[('70000', 'mcg')]",[]
['lofepramine'],0403010R0AAAMAM,"[('35000', 'mcg')]",[]
['lofepramine'],0403010R0BBAAAA,"[('70000', 'mcg')]",[]
['lofepramine'],0403010R0BCAAAL,"[('70000', 'mcg')]",[]
['lofepramine'],0403010R0BDAAAA,"[('70000', 'mcg')]",[]
['mianserin'],0403010T0AAAAAA,"[('10000', 'mcg')]",[]
['mianserin'],0403010T0AAABAB,"[('20000', 'mcg')]",[]
['mianserin'],0403010T0AAACAC,"[('30000', 'mcg')]",[]
['mianserin'],0403010T0AAADAD,"[('20000', 'mcg')]",[]
['mianserin'],0403010T0AAAEAE,"[('30000', 'mcg')]",[]
['mianserin'],0403010T0AAAFAF,"[('10000', 'mcg')]",[]
['mianserin'],0403010T0BBAAAA,"[('10000', 'mcg')]",[]
['mianserin'],0403010T0BBABAB,"[('20000', 'mcg')]",[]
['mianserin'],0403010T0BBACAC,"[('30000', 'mcg')]",[]
['mianserin'],0403010T0BBADA0,"[('60000', 'mcg')]",[]
['mianserin'],0403010T0BCAAAA,"[('10000', 'mcg')]",[]
['mianserin'],0403010T0BCABAB,"[('20000', 'mcg')]",[]
['mianserin'],0403010T0BCACAC,"[('30000', 'mcg')]",[]
['nortriptyline'],0403010V0AAAAAA,"[('10000', 'mcg')]",[]
['nortriptyline'],0403010V0AAABAB,"[('25000', 'mcg')]",[]
['nortriptyline'],0403010V0AAACAC,"[('10000', 'mcg')]",[]
['nortriptyline'],0403010V0AAADAD,"[('10000', 'mcg')]",[]
['nortriptyline'],0403010V0AAAEAE,"[('25000', 'mcg')]",[]
['nortriptyline'],0403010V0AAAFAF,"[('10000', 'mcg')]",[]
['nortriptyline'],0403010V0AAAGAG,"[('10000', 'mcg')]",[]
['nortriptyline'],0403010V0AAAHAH,"[('35000', 'mcg')]",[]
['nortriptyline'],0403010V0AAAIAI,"[('10000', 'mcg')]",[]
['nortriptyline'],0403010V0AAAJAJ,"[('25000', 'mcg')]",[]
['nortriptyline'],0403010V0AAAKAK,"[('12500', 'mcg')]",[]
['nortriptyline'],0403010V0AAALAL,[],[]
['nortriptyline'],0403010V0AAAMAM,[],[]
['nortriptyline'],0403010V0AAANAN,"[('10000', 'mcg')]",[]
['nortriptyline'],0403010V0AAAPAP,"[('20000', 'mcg')]",[]
['nortriptyline'],0403010V0AAAQAQ,"[('25000', 'mcg')]",[]
['nortriptyline'],0403010V0AAARAR,"[('50000', 'mcg')]",[]
['nortriptyline'],0403010V0AAASAS,"[('50000', 'mcg')]",[]
['nortriptyline'],0403010V0AAATAT,"[('50000', 'mcg')]",[]
['nortriptyline'],0403010V0BBAAAD,"[('10000', 'mcg')]",[]
['nortriptyline'],0403010V0BBABAE,"[('25000', 'mcg')]",[]
['nortriptyline'],0403010V0BCAAAA,"[('10000', 'mcg')]",[]
['nortriptyline'],0403010V0BCABAB,"[('25000', 'mcg')]",[]
['nortriptyline'],0403010V0BCACAC,"[('10000', 'mcg')]",[]
['nortriptyline'],0403010V0BDAAAL,[],[]
['nortriptyline'],0403010V0BEAAAM,[],[]
['trazodone'],0403010X0AAAAAA,"[('50000', 'mcg')]",[]
['trazodone'],0403010X0AAABAB,"[('100000', 'mcg')]",[]
['trazodone'],0403010X0AAACAC,"[('50000', 'mcg')]",[]
['trazodone'],0403010X0AAADAD,"[('150000', 'mcg')]",[]
['trazodone'],0403010X0AAAEAE,"[('150000', 'mcg')]",[]
['trazodone'],0403010X0AAAFAF,"[('50000', 'mcg')]",[]
['trazodone'],0403010X0AAAGAG,"[('50000', 'mcg')]",[]
['trazodone'],0403010X0AAAHAH,"[('250000', 'mcg')]",[]
['trazodone'],0403010X0AAAIAI,"[('100000', 'mcg')]",[]
['trazodone'],0403010X0AAAJAJ,"[('25000', 'mcg')]",[]
['trazodone'],0403010X0AAAKAK,"[('10000', 'mcg')]",[]
['trazodone'],0403010X0AAALAL,"[('150000', 'mcg')]",[]
['trazodone'],0403010X0AAAMAM,"[('75000', 'mcg')]",[]
['trazodone'],0403010X0AAANAN,"[('100000', 'mcg')]",[]
['trazodone'],0403010X0BBAAAA,"[('50000', 'mcg')]",[]
['trazodone'],0403010X0BBABAB,"[('100000', 'mcg')]",[]
['trazodone'],0403010X0BBACAF,"[('50000', 'mcg')]",[]
['trazodone'],0403010X0BBADAD,"[('150000', 'mcg')]",[]
['trazodone'],0403010X0BBAEAE,"[('150000', 'mcg')]",[]
['trimipramine'],0403010Y0AAAAAA,"[('50000', 'mcg')]",[]
['trimipramine'],0403010Y0AAABAB,"[('10000', 'mcg')]",[]
['trimipramine'],0403010Y0AAACAC,"[('25000', 'mcg')]",[]
['trimipramine'],0403010Y0AAADAD,"[('50000', 'mcg')]",[]
['trimipramine'],0403010Y0AAAEAE,"[('25000', 'mcg')]",[]
['trimipramine'],0403010Y0AAAFAF,"[('25000', 'mcg')]",[]
['trimipramine'],0403010Y0AAAGAG,"[('50000', 'mcg')]",[]
['trimipramine'],0403010Y0AAAHAH,"[('25000', 'mcg')]",[]
['trimipramine'],0403010Y0AAAIAI,"[('125000', 'mcg')]",[]
['trimipramine'],0403010Y0AAAJAJ,"[('40000', 'mcg')]",[]
['trimipramine'],0403010Y0AAAKAK,"[('10000', 'mcg')]",[]
['trimipramine'],0403010Y0BBAAAA,"[('50000', 'mcg')]",[]
['trimipramine'],0403010Y0BBABAB,"[('10000', 'mcg')]",[]
['trimipramine'],0403010Y0BBACAC,"[('25000', 'mcg')]",[]
['trimipramine'],0403010Y0BBADAJ,"[('40000', 'mcg')]",[]
['isocarboxazid'],0403020H0AAAAAA,"[('10000', 'mcg')]",[]
['isocarboxazid'],0403020H0AAABAB,[],[]
['isocarboxazid'],0403020H0AAACAC,"[('20000', 'mcg')]",[]
['isocarboxazid'],0403020H0BBAAAA,"[('10000', 'mcg')]",[]
['moclobemide'],0403020K0AAAAAA,"[('150000', 'mcg')]",[]
['moclobemide'],0403020K0AAABAB,"[('150000', 'mcg')]",[]
['moclobemide'],0403020K0AAACAC,"[('300000', 'mcg')]",[]
['moclobemide'],0403020K0AAADAD,"[('150000', 'mcg')]",[]
['moclobemide'],0403020K0AAAEAE,"[('50000', 'mcg')]",[]
['moclobemide'],0403020K0AAAFAF,"[('150000', 'mcg')]",[]
['moclobemide'],0403020K0BBAAAA,"[('150000', 'mcg')]",[]
['moclobemide'],0403020K0BBABAC,"[('300000', 'mcg')]",[]
['phenelzine'],0403020M0AAAAAA,"[('15000', 'mcg')]",[]
['phenelzine'],0403020M0AAABAB,"[('15000', 'mcg')]",[]
['phenelzine'],0403020M0BBAAAA,"[('15000', 'mcg')]",[]
['tranylcypromine'],0403020Q0AAAAAA,"[('10000', 'mcg')]",[]
['tranylcypromine'],0403020Q0AAACAC,[],[]
['tranylcypromine'],0403020Q0BBAAAA,"[('10000', 'mcg')]",[]
['tranylcypromine'],0403020Q0BCAAAC,[],[]
['citalopram'],0403030D0AAAAAA,"[('20000', 'mcg')]",[]
['citalopram'],0403030D0AAABAB,"[('10000', 'mcg')]",[]
['citalopram'],0403030D0AAACAC,"[('40000', 'mcg')]",[]
['citalopram'],0403030D0AAADAD,"[('20000', 'mcg')]",[]
['citalopram'],0403030D0AAAFAF,"[('20000', 'mcg')]",[]
['citalopram'],0403030D0AAAGAG,"[('10000', 'mcg')]",[]
['citalopram'],0403030D0AAAHAH,"[('10000', 'mcg')]",[]
['citalopram'],0403030D0AAAIAI,"[('40000', 'mcg')]",[]
['citalopram'],0403030D0AAAJAJ,"[('60000', 'mcg')]",[]
['citalopram'],0403030D0AAAKAK,"[('10000', 'mcg')]",[]
['citalopram'],0403030D0AAALAL,"[('20000', 'mcg')]",[]
['citalopram'],0403030D0BBAAAA,"[('20000', 'mcg')]",[]
['citalopram'],0403030D0BBABAB,"[('10000', 'mcg')]",[]
['citalopram'],0403030D0BBACAC,"[('40000', 'mcg')]",[]
['citalopram'],0403030D0BCAAAB,"[('10000', 'mcg')]",[]
['citalopram'],0403030D0BCABAA,"[('20000', 'mcg')]",[]
['citalopram'],0403030D0BCACAC,"[('40000', 'mcg')]",[]
['fluoxetine'],0403030E0AAAAAA,"[('20000', 'mcg')]",[]
['fluoxetine'],0403030E0AAABAB,"[('5000', 'mcg')]",[]
['fluoxetine'],0403030E0AAACAC,"[('20000', 'mcg')]",[]
['fluoxetine'],0403030E0AAADAD,"[('20000', 'mcg')]",[]
['fluoxetine'],0403030E0AAAEAE,"[('60000', 'mcg')]",[]
['fluoxetine'],0403030E0AAAFAF,"[('20000', 'mcg')]",[]
['fluoxetine'],0403030E0AAAGAG,"[('2500', 'mcg')]",[]
['fluoxetine'],0403030E0AAAHAH,"[('20000', 'mcg')]",[]
['fluoxetine'],0403030E0AAAIAI,"[('2000', 'mcg')]",[]
['fluoxetine'],0403030E0AAAJAJ,"[('10000', 'mcg')]",[]
['fluoxetine'],0403030E0AAAKAK,"[('20000', 'mcg')]",[]
['fluoxetine'],0403030E0AAALAL,"[('10000', 'mcg')]",[]
['fluoxetine'],0403030E0AAAMAM,"[('30000', 'mcg')]",[]
['fluoxetine'],0403030E0AAANAN,"[('40000', 'mcg')]",[]
['fluoxetine'],0403030E0AAAPAP,"[('10000', 'mcg')]",[]
['fluoxetine'],0403030E0AAAQAQ,"[('10000', 'mcg')]",[]
['fluoxetine'],0403030E0BBAAAA,"[('20000', 'mcg')]",[]
['fluoxetine'],0403030E0BBABAC,"[('20000', 'mcg')]",[]
['fluoxetine'],0403030E0BBACAE,"[('60000', 'mcg')]",[]
['fluoxetine'],0403030E0BCAAAA,"[('20000', 'mcg')]",[]
['fluoxetine'],0403030E0BDAAAA,"[('20000', 'mcg')]",[]
['fluoxetine'],0403030E0BEAAAA,"[('20000', 'mcg')]",[]
['fluoxetine'],0403030E0BFAAAC,"[('20000', 'mcg')]",[]
['fluoxetine'],0403030E0BGAAAH,"[('20000', 'mcg')]",[]
['fluoxetine'],0403030E0BHAAAK,"[('20000', 'mcg')]",[]
['fluvoxamine'],0403030L0AAAAAA,"[('50000', 'mcg')]",[]
['fluvoxamine'],0403030L0AAABAB,"[('100000', 'mcg')]",[]
['fluvoxamine'],0403030L0AAACAC,"[('50000', 'mcg')]",[]
['fluvoxamine'],0403030L0AAADAD,"[('50000', 'mcg')]",[]
['fluvoxamine'],0403030L0AAAEAE,"[('50000', 'mcg')]",[]
['fluvoxamine'],0403030L0BBAAAA,"[('50000', 'mcg')]",[]
['fluvoxamine'],0403030L0BBABAB,"[('100000', 'mcg')]",[]
['fluvoxamine'],0403030L0BCAAAC,"[('50000', 'mcg')]",[]
['paroxetine'],0403030P0AAAAAA,"[('20000', 'mcg')]",[]
['paroxetine'],0403030P0AAABAB,"[('30000', 'mcg')]",[]
['paroxetine'],0403030P0AAACAC,[],[]
['paroxetine'],0403030P0AAADAD,"[('20000', 'mcg')]",[]
['paroxetine'],0403030P0AAAEAE,"[('30000', 'mcg')]",[]
['paroxetine'],0403030P0AAAFAF,"[('10000', 'mcg')]",[]
['paroxetine'],0403030P0AAAGAG,"[('10000', 'mcg')]",[]
['paroxetine'],0403030P0AAAHAH,"[('20000', 'mcg')]",[]
['paroxetine'],0403030P0AAAIAI,"[('10000', 'mcg')]",[]
['paroxetine'],0403030P0AAAJAJ,"[('30000', 'mcg')]",[]
['paroxetine'],0403030P0AAAKAK,"[('10000', 'mcg')]",[]
['paroxetine'],0403030P0AAALAL,"[('40000', 'mcg')]",[]
['paroxetine'],0403030P0BBAAAA,"[('20000', 'mcg')]",[]
['paroxetine'],0403030P0BBABAB,"[('30000', 'mcg')]",[]
['paroxetine'],0403030P0BBACAG,"[('20000', 'mcg')]",[]
['paroxetine'],0403030P0BBADAK,"[('10000', 'mcg')]",[]
['sertraline'],0403030Q0AAAAAA,"[('50000', 'mcg')]",[]
['sertraline'],0403030Q0AAABAB,"[('100000', 'mcg')]",[]
['sertraline'],0403030Q0AAACAC,"[('100000', 'mcg')]",[]
['sertraline'],0403030Q0AAADAD,"[('50000', 'mcg')]",[]
['sertraline'],0403030Q0AAAEAE,"[('100000', 'mcg')]",[]
['sertraline'],0403030Q0AAAFAF,"[('50000', 'mcg')]",[]
['sertraline'],0403030Q0AAAGAG,"[('100000', 'mcg')]",[]
['sertraline'],0403030Q0AAAHAH,"[('25000', 'mcg')]",[]
['sertraline'],0403030Q0AAAIAI,"[('12500', 'mcg')]",[]
['sertraline'],0403030Q0AAAJAJ,"[('25000', 'mcg')]",[]
['sertraline'],0403030Q0AAAKAK,"[('150000', 'mcg')]",[]
['sertraline'],0403030Q0AAALAL,"[('12500', 'mcg')]",[]
['sertraline'],0403030Q0AAAMAM,"[('20000', 'mcg')]",[]
['sertraline'],0403030Q0AAANAN,"[('20000', 'mcg')]",[]
['sertraline'],0403030Q0AAAPAP,"[('10000', 'mcg')]",[]
['sertraline'],0403030Q0AAAQAQ,"[('50000', 'mcg')]",[]
['sertraline'],0403030Q0AAARAR,"[('100000', 'mcg')]",[]
['sertraline'],0403030Q0AAASAS,"[('15000', 'mcg')]",[]
['sertraline'],0403030Q0AAATAT,"[('5000', 'mcg')]",[]
['sertraline'],0403030Q0AAAUAU,"[('75000', 'mcg')]",[]
['sertraline'],0403030Q0AAAVAV,"[('50000', 'mcg')]",[]
['sertraline'],0403030Q0AAAWAW,"[('25000', 'mcg')]",[]
['sertraline'],0403030Q0BBAAAA,"[('50000', 'mcg')]",[]
['sertraline'],0403030Q0BBABAB,"[('100000', 'mcg')]",[]
['sertraline'],0403030Q0BCAAAB,"[('100000', 'mcg')]",[]
['sertraline'],0403030Q0BCABAA,"[('50000', 'mcg')]",[]
['sertraline'],0403030Q0BDAAAA,"[('50000', 'mcg')]",[]
['sertraline'],0403030Q0BDABAB,"[('100000', 'mcg')]",[]
['sertraline'],0403030Q0BEAAAJ,"[('25000', 'mcg')]",[]
['escitalopram'],0403030X0AAAAAA,"[('10000', 'mcg')]",[]
['escitalopram'],0403030X0AAABAB,"[('20000', 'mcg')]",[]
['escitalopram'],0403030X0AAACAC,"[('5000', 'mcg')]",[]
['escitalopram'],0403030X0AAADAD,"[('10000', 'mcg')]",[]
['escitalopram'],0403030X0AAAEAE,"[('5000', 'mcg')]",[]
['escitalopram'],0403030X0AAAFAF,"[('20000', 'mcg')]",[]
['escitalopram'],0403030X0BBAAAA,"[('10000', 'mcg')]",[]
['escitalopram'],0403030X0BBABAB,"[('20000', 'mcg')]",[]
['escitalopram'],0403030X0BBACAC,"[('5000', 'mcg')]",[]
['escitalopram'],0403030X0BBADAD,"[('10000', 'mcg')]",[]
['escitalopram'],0403030X0BBAEAF,"[('20000', 'mcg')]",[]
['citalopram'],0403030Z0AAAAAA,"[('40000', 'mcg')]",[]
['citalopram'],0403030Z0BBAAAA,"[('40000', 'mcg')]",[]
['vortioxetine'],0403040ABAAAAAA,"[('5000', 'mcg')]",[]
['vortioxetine'],0403040ABAAABAB,"[('10000', 'mcg')]",[]
['vortioxetine'],0403040ABAAACAC,"[('20000', 'mcg')]",[]
['vortioxetine'],0403040ABBBAAAA,"[('5000', 'mcg')]",[]
['vortioxetine'],0403040ABBBABAB,"[('10000', 'mcg')]",[]
['vortioxetine'],0403040ABBBACAC,"[('20000', 'mcg')]",[]
['bupropion'],0403040B0AAAAAA,"[('100000', 'mcg')]",[]
['bupropion'],0403040B0AAABAB,"[('75000', 'mcg')]",[]
['bupropion'],0403040B0AAACAC,"[('150000', 'mcg')]",[]
['bupropion'],0403040B0BBAAAA,"[('100000', 'mcg')]",[]
['bupropion'],0403040B0BBABAB,"[('75000', 'mcg')]",[]
['bupropion'],0403040B0BBACAC,"[('150000', 'mcg')]",[]
['flupentixol'],0403040F0AAAAAA,"[('500', 'mcg')]",[]
['flupentixol'],0403040F0AAABAB,"[('1000', 'mcg')]",[]
['flupentixol'],0403040F0AAACAC,"[('250', 'mcg')]",[]
['flupentixol'],0403040F0AAADAD,"[('125', 'mcg')]",[]
['flupentixol'],0403040F0AAAEAE,"[('500', 'mcg')]",[]
['flupentixol'],0403040F0AAAFAF,"[('500', 'mcg')]",[]
['flupentixol'],0403040F0AAAGAG,"[('1000', 'mcg')]",[]
['flupentixol'],0403040F0BBAAAA,"[('500', 'mcg')]",[]
['flupentixol'],0403040F0BBABAB,"[('1000', 'mcg')]",[]
['flupentixol'],0403040F0BCAAAE,"[('500', 'mcg')]",[]
['oxitriptan'],0403040R0AAAAAA,"[('100000', 'mcg')]",[]
['oxitriptan'],0403040R0AAABAB,"[('20000', 'mcg')]",[]
['oxitriptan'],0403040R0AAADAD,"[('40000', 'mcg')]",[]
['oxitriptan'],0403040R0AAAEAE,"[('120000', 'mcg')]",[]
['oxitriptan'],0403040R0AAAFAF,"[('50000', 'mcg')]",[]
['oxitriptan'],0403040R0AAAGAG,"[('100000', 'mcg')]",[]
['oxitriptan'],0403040R0AAAHAH,"[('25000', 'mcg')]",[]
['oxitriptan'],0403040R0AAAIAI,"[('80000', 'mcg')]",[]
['oxitriptan'],0403040R0AAAJAJ,"[('100000', 'mcg')]",[]
['oxitriptan'],0403040R0AAAKAK,"[('50000', 'mcg')]",[]
['oxitriptan'],0403040R0BBAAAA,"[('100000', 'mcg')]",[]
['oxitriptan'],0403040R0BBABAF,"[('50000', 'mcg')]",[]
['oxitriptan'],0403040R0BBACAH,"[('25000', 'mcg')]",[]
['oxitriptan'],0403040R0BCAAAA,"[('100000', 'mcg')]",[]
['oxitriptan'],0403040R0BDAAAJ,"[('100000', 'mcg')]",[]
['oxitriptan'],0403040R0BEAAAK,"[('50000', 'mcg')]",[]
['tryptophan'],0403040S0AAABAB,"[('500000', 'mcg')]",[]
['tryptophan'],0403040S0AAAEAE,[],[]
['tryptophan'],0403040S0AAAFAF,[],[]
['tryptophan'],0403040S0AAAGAG,"[('50000', 'mcg')]",[]
['tryptophan'],0403040S0AAAHAH,"[('1000000', 'mcg')]",[]
['tryptophan'],0403040S0AAAIAI,"[('500000', 'mcg')]",[]
['tryptophan'],0403040S0BBAAAB,[],[]
['tryptophan'],0403040S0BBABAE,[],[]
['tryptophan'],0403040S0BBACAF,"[('6000000', 'mcg')]",[]
['tryptophan'],0403040S0BBADAI,"[('500000', 'mcg')]",[]
['tryptophan'],0403040S0BCAAAB,"[('500000', 'mcg')]",[]
['reboxetine'],0403040U0AAAAAA,"[('4000', 'mcg')]",[]
['reboxetine'],0403040U0BBAAAA,"[('4000', 'mcg')]",[]
['venlafaxine'],0403040W0AAAAAA,"[('37500', 'mcg')]",[]
['venlafaxine'],0403040W0AAABAB,"[('75000', 'mcg')]",[]
['venlafaxine'],0403040W0AAACAC,"[('50000', 'mcg')]",[]
['venlafaxine'],0403040W0AAADAD,"[('75000', 'mcg')]",[]
['venlafaxine'],0403040W0AAAEAE,"[('150000', 'mcg')]",[]
['venlafaxine'],0403040W0AAAFAF,"[('37500', 'mcg')]",[]
['venlafaxine'],0403040W0AAAGAG,"[('75000', 'mcg')]",[]
['venlafaxine'],0403040W0AAAHAH,"[('150000', 'mcg')]",[]
['venlafaxine'],0403040W0AAAIAI,"[('150000', 'mcg')]",[]
['venlafaxine'],0403040W0AAAJAJ,"[('75000', 'mcg')]",[]
['venlafaxine'],0403040W0AAAKAK,"[('150000', 'mcg')]",[]
['venlafaxine'],0403040W0AAALAL,"[('225000', 'mcg')]",[]
['venlafaxine'],0403040W0AAAMAM,"[('37500', 'mcg')]",[]
['venlafaxine'],0403040W0AAANAN,"[('37500', 'mcg')]",[]
['venlafaxine'],0403040W0AAAPAP,"[('37500', 'mcg')]",[]
['venlafaxine'],0403040W0AAAQAQ,"[('75000', 'mcg')]",[]
['venlafaxine'],0403040W0AAARAR,"[('75000', 'mcg')]",[]
['venlafaxine'],0403040W0AAASAS,"[('37500', 'mcg')]",[]
['venlafaxine'],0403040W0AAATAT,"[('225000', 'mcg')]",[]
['venlafaxine'],0403040W0AAAUAU,"[('225000', 'mcg')]",[]
['venlafaxine'],0403040W0BBAAAA,"[('37500', 'mcg')]",[]
['venlafaxine'],0403040W0BBABAB,"[('75000', 'mcg')]",[]
['venlafaxine'],0403040W0BBACAC,"[('50000', 'mcg')]",[]
['venlafaxine'],0403040W0BBADAD,"[('75000', 'mcg')]",[]
['venlafaxine'],0403040W0BBAEAE,"[('150000', 'mcg')]",[]
['venlafaxine'],0403040W0BBAFAT,"[('225000', 'mcg')]",[]
['venlafaxine'],0403040W0BCAAAD,"[('75000', 'mcg')]",[]
['venlafaxine'],0403040W0BCABAE,"[('150000', 'mcg')]",[]
['venlafaxine'],0403040W0BDAAAD,"[('75000', 'mcg')]",[]
['venlafaxine'],0403040W0BDABAE,"[('150000', 'mcg')]",[]
['venlafaxine'],0403040W0BEAAAD,"[('75000', 'mcg')]",[]
['venlafaxine'],0403040W0BEABAE,"[('150000', 'mcg')]",[]
['venlafaxine'],0403040W0BFAAAD,"[('75000', 'mcg')]",[]
['venlafaxine'],0403040W0BFABAE,"[('150000', 'mcg')]",[]
['venlafaxine'],0403040W0BGAAAD,"[('75000', 'mcg')]",[]
['venlafaxine'],0403040W0BGABAE,"[('150000', 'mcg')]",[]
['venlafaxine'],0403040W0BGACAT,"[('225000', 'mcg')]",[]
['venlafaxine'],0403040W0BHAAAD,"[('75000', 'mcg')]",[]
['venlafaxine'],0403040W0BHABAE,"[('150000', 'mcg')]",[]
['venlafaxine'],0403040W0BIAAAJ,"[('75000', 'mcg')]",[]
['venlafaxine'],0403040W0BIABAK,"[('150000', 'mcg')]",[]
['venlafaxine'],0403040W0BIACAA,"[('37500', 'mcg')]",[]
['venlafaxine'],0403040W0BIADAB,"[('75000', 'mcg')]",[]
['venlafaxine'],0403040W0BJAAAD,"[('75000', 'mcg')]",[]
['venlafaxine'],0403040W0BJABAE,"[('150000', 'mcg')]",[]
['venlafaxine'],0403040W0BKAAAD,"[('75000', 'mcg')]",[]
['venlafaxine'],0403040W0BKABAE,"[('150000', 'mcg')]",[]
['venlafaxine'],0403040W0BLAAAD,"[('75000', 'mcg')]",[]
['venlafaxine'],0403040W0BLABAE,"[('150000', 'mcg')]",[]
['venlafaxine'],0403040W0BMAAAD,"[('75000', 'mcg')]",[]
['venlafaxine'],0403040W0BMABAE,"[('150000', 'mcg')]",[]
['venlafaxine'],0403040W0BNAAAJ,"[('75000', 'mcg')]",[]
['venlafaxine'],0403040W0BNABAK,"[('150000', 'mcg')]",[]
['venlafaxine'],0403040W0BNACAL,"[('225000', 'mcg')]",[]
['venlafaxine'],0403040W0BNADAM,"[('37500', 'mcg')]",[]
['venlafaxine'],0403040W0BPAAAD,"[('75000', 'mcg')]",[]
['venlafaxine'],0403040W0BPABAE,"[('150000', 'mcg')]",[]
['venlafaxine'],0403040W0BQAAAD,"[('75000', 'mcg')]",[]
['venlafaxine'],0403040W0BQABAE,"[('150000', 'mcg')]",[]
['venlafaxine'],0403040W0BRAAAD,"[('75000', 'mcg')]",[]
['venlafaxine'],0403040W0BRABAE,"[('150000', 'mcg')]",[]
['venlafaxine'],0403040W0BRACAS,"[('37500', 'mcg')]",[]
['venlafaxine'],0403040W0BSAAAD,"[('75000', 'mcg')]",[]
['venlafaxine'],0403040W0BSABAE,"[('150000', 'mcg')]",[]
['venlafaxine'],0403040W0BTAAAD,"[('75000', 'mcg')]",[]
['venlafaxine'],0403040W0BTABAE,"[('150000', 'mcg')]",[]
['venlafaxine'],0403040W0BUAAAD,"[('75000', 'mcg')]",[]
['venlafaxine'],0403040W0BUABAE,"[('150000', 'mcg')]",[]
['venlafaxine'],0403040W0BVAAAD,"[('75000', 'mcg')]",[]
['venlafaxine'],0403040W0BVABAE,"[('150000', 'mcg')]",[]
['venlafaxine'],0403040W0BWAAAD,"[('75000', 'mcg')]",[]
['venlafaxine'],0403040W0BWABAE,"[('150000', 'mcg')]",[]
['venlafaxine'],0403040W0BXAAAJ,"[('75000', 'mcg')]",[]
['venlafaxine'],0403040W0BXABAK,"[('150000', 'mcg')]",[]
['venlafaxine'],0403040W0BYAAAE,"[('150000', 'mcg')]",[]
['venlafaxine'],0403040W0BYABAD,"[('75000', 'mcg')]",[]
['venlafaxine'],0403040W0BZAAAK,"[('150000', 'mcg')]",[]
['venlafaxine'],0403040W0BZABAJ,"[('75000', 'mcg')]",[]
['venlafaxine'],0403040W0BZACAL,"[('225000', 'mcg')]",[]
['venlafaxine'],0403040W0CBAAAE,"[('150000', 'mcg')]",[]
['venlafaxine'],0403040W0CBABAD,"[('75000', 'mcg')]",[]
['venlafaxine'],0403040W0CCAAAS,"[('37500', 'mcg')]",[]
['venlafaxine'],0403040W0CCABAD,"[('75000', 'mcg')]",[]
['venlafaxine'],0403040W0CCACAE,"[('150000', 'mcg')]",[]
['venlafaxine'],0403040W0CCADAT,"[('225000', 'mcg')]",[]
['venlafaxine'],0403040W0CDAAAD,"[('75000', 'mcg')]",[]
['venlafaxine'],0403040W0CDABAE,"[('150000', 'mcg')]",[]
['venlafaxine'],0403040W0CEAAAD,"[('75000', 'mcg')]",[]
['venlafaxine'],0403040W0CEABAE,"[('150000', 'mcg')]",[]
['mirtazapine'],0403040X0AAAAAA,"[('30000', 'mcg')]",[]
['mirtazapine'],0403040X0AAABAB,"[('30000', 'mcg')]",[]
['mirtazapine'],0403040X0AAACAC,"[('20000', 'mcg')]",[]
['mirtazapine'],0403040X0AAADAD,"[('75000', 'mcg')]",[]
['mirtazapine'],0403040X0AAAEAE,"[('30000', 'mcg')]",[]
['mirtazapine'],0403040X0AAAFAF,"[('75000', 'mcg')]",[]
['mirtazapine'],0403040X0AAAGAG,"[('75000', 'mcg')]",[]
['mirtazapine'],0403040X0AAAHAH,"[('4000', 'mcg')]",[]
['mirtazapine'],0403040X0AAAIAI,"[('2000', 'mcg')]",[]
['mirtazapine'],0403040X0AAAJAJ,"[('30000', 'mcg')]",[]
['mirtazapine'],0403040X0AAAKAK,"[('750', 'mcg')]",[]
['mirtazapine'],0403040X0AAALAL,"[('15000', 'mcg')]",[]
['mirtazapine'],0403040X0AAAMAM,"[('45000', 'mcg')]",[]
['mirtazapine'],0403040X0AAANAN,"[('15000', 'mcg')]",[]
['mirtazapine'],0403040X0AAAPAP,"[('45000', 'mcg')]",[]
['mirtazapine'],0403040X0AAAQAQ,"[('15000', 'mcg')]",[]
['mirtazapine'],0403040X0AAARAR,"[('45000', 'mcg')]",[]
['mirtazapine'],0403040X0AAASAS,"[('15000', 'mcg')]",[]
['mirtazapine'],0403040X0BBAAAA,"[('30000', 'mcg')]",[]
['mirtazapine'],0403040X0BBABAJ,"[('30000', 'mcg')]",[]
['mirtazapine'],0403040X0BBACAL,"[('15000', 'mcg')]",[]
['mirtazapine'],0403040X0BBADAM,"[('45000', 'mcg')]",[]
['duloxetine'],0403040Y0AAAAAA,"[('30000', 'mcg')]",[]
['duloxetine'],0403040Y0AAABAB,"[('60000', 'mcg')]",[]
['duloxetine'],0403040Y0BBAAAA,"[('30000', 'mcg')]",[]
['duloxetine'],0403040Y0BBABAB,"[('60000', 'mcg')]",[]
['duloxetine'],0403040Y0BCAAAA,"[('30000', 'mcg')]",[]
['duloxetine'],0403040Y0BCAAAB,"[('60000', 'mcg')]",[]
['duloxetine'],0403040Y0BDAAAA,"[('30000', 'mcg')]",[]
['duloxetine'],0403040Y0BDABAB,"[('60000', 'mcg')]",[]
['agomelatine'],0403040Z0AAAAAA,"[('25000', 'mcg')]",[]
['agomelatine'],0403040Z0BBAAAA,"[('25000', 'mcg')]",[]
['caffeine'],0404000D0AAAAAA,"[('50000', 'mcg')]",[]
['caffeine'],0404000D0AAACAC,"[('100000', 'mcg')]",[]
['caffeine'],0404000D0AAADAD,"[('300000', 'mcg')]",[]
['caffeine'],0404000D0AAAEAE,"[('30000', 'mcg')]",[]
['caffeine'],0404000D0BBAAAA,[],[]
['caffeine'],0404000D0BCAAA0,[],[]
['caffeine'],0404000D0BDAAAC,"[('100000', 'mcg')]",[]
['caffeine'],0404000D0BEAAAE,[],[]
['caffeine'],0404000D0BFAAAE,[],[]
['caffeine'],0404000D0BGAAA0,[],[]
['caffeine'],0404000E0AAABAB,"[('50000', 'mcg')]",[]
['caffeine'],0404000E0AAACAC,"[('25000', 'mcg')]",[]
['caffeine'],0404000E0AAADAD,"[('100000', 'mcg')]",[]
['caffeine'],0404000E0AAAEAE,"[('30000', 'mcg')]",[]
['caffeine'],0404000E0AAAFAF,"[('50000', 'mcg')]",[]
['caffeine'],0404000E0AAAGAG,"[('10000', 'mcg')]","[('20', 'sztuk')]"
['caffeine'],0404000E0AAAHAH,"[('5000', 'mcg')]",[]
['caffeine'],0404000E0AAAIAI,[],[]
['caffeine'],0404000E0AAAJAJ,"[('100000', 'mcg')]",[]
['caffeine'],0404000E0AAAKAK,"[('50000', 'mcg')]",[]
['caffeine'],0404000E0AAALAL,"[('20000', 'mcg')]","[('1', 'sztuk')]"
['caffeine'],0404000E0AAAMAM,"[('10000', 'mcg')]",[]
['caffeine'],0404000E0AAANAN,"[('10000', 'mcg')]","[('2', 'sztuk')]"
['caffeine'],0404000E0AAAPAP,"[('200000', 'mcg')]",[]
['caffeine'],0404000E0AAAQAQ,"[('25000', 'mcg')]",[]
['caffeine'],0404000E0AAARAR,"[('25000', 'mcg')]","[('2', 'sztuk')]"
['caffeine'],0404000E0AAASAS,"[('80000', 'mcg')]",[]
['caffeine'],0404000E0AAATAT,"[('180000', 'mcg')]",[]
['caffeine'],0404000E0AAAUAU,"[('8000', 'mcg')]",[]
['caffeine'],0404000E0AAAVAV,"[('50000', 'mcg')]",[]
['caffeine'],0404000E0AAAWAW,"[('16000', 'mcg')]",[]
['caffeine'],0404000E0AAAXAX,"[('10000', 'mcg')]","[('1', 'sztuk')]"
['caffeine'],0404000E0BBAAAL,"[('20000', 'mcg')]","[('1', 'sztuk')]"
['dexamfetamine'],0404000L0AAABAB,"[('15000', 'mcg')]",[]
['dexamfetamine'],0404000L0AAACAC,"[('5000', 'mcg')]",[]
['dexamfetamine'],0404000L0AAADAD,"[('7500', 'mcg')]",[]
['dexamfetamine'],0404000L0AAAEAE,"[('12500', 'mcg')]",[]
['dexamfetamine'],0404000L0AAAFAF,"[('10000', 'mcg'), ('10000', 'mcg')]",[]
['dexamfetamine'],0404000L0AAAHAH,"[('15000', 'mcg')]",[]
['dexamfetamine'],0404000L0AAAIAI,"[('5000', 'mcg')]",[]
['dexamfetamine'],0404000L0AAAJAJ,"[('5000', 'mcg')]",[]
['dexamfetamine'],0404000L0AAAKAK,"[('20000', 'mcg')]","[('1', 'sztuk')]"
['dexamfetamine'],0404000L0AAALAL,[],[]
['dexamfetamine'],0404000L0AAAMAM,"[('5000', 'mcg')]",[]
['dexamfetamine'],0404000L0AAANAN,"[('10000', 'mcg')]",[]
['dexamfetamine'],0404000L0AAAPAP,"[('125000', 'mcg')]",[]
['dexamfetamine'],0404000L0AAAQAQ,"[('100000', 'mcg')]",[]
['dexamfetamine'],0404000L0AAARAR,"[('7500', 'mcg')]",[]
['dexamfetamine'],0404000L0AAASAS,"[('10000', 'mcg')]","[('2', 'sztuk')]"
['dexamfetamine'],0404000L0AAATAT,"[('2500', 'mcg')]",[]
['dexamfetamine'],0404000L0AAAUAU,"[('3000', 'mcg')]",[]
['dexamfetamine'],0404000L0AAAVAV,"[('5000', 'mcg'), ('5000', 'mcg')]",[]
['dexamfetamine'],0404000L0AAAWAW,"[('10000', 'mcg'), ('10000', 'mcg')]",[]
['dexamfetamine'],0404000L0AAAXAX,"[('15000', 'mcg')]",[]
['dexamfetamine'],0404000L0AAAYAY,"[('15000', 'mcg'), ('15000', 'mcg')]",[]
['dexamfetamine'],0404000L0AAAZAZ,"[('20000', 'mcg')]",[]
['dexamfetamine'],0404000L0AABABA,"[('10000', 'mcg')]",[]
['dexamfetamine'],0404000L0AABBBB,"[('45000', 'mcg')]",[]
['dexamfetamine'],0404000L0AABCBC,"[('5000', 'mcg')]",[]
['dexamfetamine'],0404000L0AABDBD,"[('2500', 'mcg'), ('2500', 'mcg')]",[]
['dexamfetamine'],0404000L0AABEBE,"[('7500', 'mcg'), ('7500', 'mcg')]",[]
['dexamfetamine'],0404000L0AABFBF,"[('12500', 'mcg')]",[]
['dexamfetamine'],0404000L0AABHBH,"[('5000', 'mcg'), ('5000', 'mcg')]",[]
['dexamfetamine'],0404000L0AABIBI,"[('2500', 'mcg'), ('2500', 'mcg')]",[]
['dexamfetamine'],0404000L0AABJBJ,"[('20000', 'mcg')]",[]
['dexamfetamine'],0404000L0AABKBK,"[('5000', 'mcg')]",[]
['dexamfetamine'],0404000L0AABLBL,"[('5000', 'mcg')]",[]
['dexamfetamine'],0404000L0AABMBM,"[('5000', 'mcg')]",[]
['dexamfetamine'],0404000L0AABNBN,"[('10000', 'mcg')]",[]
['dexamfetamine'],0404000L0AABPBP,"[('20000', 'mcg')]",[]
['dexamfetamine'],0404000L0BBAAAJ,"[('5000', 'mcg')]",[]
['dexamfetamine'],0404000L0BBABAB,"[('15000', 'mcg')]",[]
['dexamfetamine'],0404000L0BBACA0,"[('75000', 'mcg')]",[]
['dexamfetamine'],0404000L0BBADAB,"[('15000', 'mcg')]",[]
['dexamfetamine'],0404000L0BBAEBA,"[('10000', 'mcg')]",[]
['dexamfetamine'],0404000L0BBAFBC,"[('5000', 'mcg')]",[]
['dexamfetamine'],0404000L0BCAAAD,"[('7500', 'mcg')]",[]
['dexamfetamine'],0404000L0BCABAE,"[('12500', 'mcg')]",[]
['dexamfetamine'],0404000L0BCACAF,"[('20000', 'mcg')]",[]
['dexamfetamine'],0404000L0BCADA0,"[('12500', 'mcg')]",[]
['dexamfetamine'],0404000L0BDAAA0,[],[]
['dexamfetamine'],0404000L0BEAAA0,[],[]
['dexamfetamine'],0404000L0BFAAAV,"[('10000', 'mcg')]",[]
['dexamfetamine'],0404000L0BFABBI,"[('5000', 'mcg')]",[]
['dexamfetamine'],0404000L0BFACAW,"[('20000', 'mcg')]",[]
['dexamfetamine'],0404000L0BFADAY,"[('30000', 'mcg')]",[]
['dexamfetamine'],0404000L0BFAEAF,"[('20000', 'mcg')]",[]
['dexamfetamine'],0404000L0BFAFBH,"[('10000', 'mcg')]",[]
['dexamfetamine'],0404000L0BFAGBD,"[('5000', 'mcg')]",[]
['dexamfetamine'],0404000L0BFAHBE,"[('15000', 'mcg')]",[]
['dexamfetamine'],0404000L0BFAIBF,"[('25000', 'mcg')]",[]
['dexamfetamine'],0404000L0BGAAAJ,"[('5000', 'mcg')]",[]
['dexamfetamine'],0404000L0BGABBN,"[('10000', 'mcg')]",[]
['dexamfetamine'],0404000L0BGACBP,"[('20000', 'mcg')]",[]
['methylphenidate'],0404000M0AAAAAA,"[('10000', 'mcg')]",[]
['methylphenidate'],0404000M0AAABAB,"[('10000', 'mcg')]",[]
['methylphenidate'],0404000M0AAACAC,"[('10000', 'mcg')]",[]
['methylphenidate'],0404000M0AAADAD,"[('6250', 'mcg')]",[]
['methylphenidate'],0404000M0AAAEAE,"[('2500', 'mcg')]",[]
['methylphenidate'],0404000M0AAAFAF,"[('5000', 'mcg')]",[]
['methylphenidate'],0404000M0AAAGAG,"[('20000', 'mcg')]",[]
['methylphenidate'],0404000M0AAAHAH,"[('20000', 'mcg')]",[]
['methylphenidate'],0404000M0AAAIAI,"[('12500', 'mcg')]",[]
['methylphenidate'],0404000M0AAAJAJ,"[('5000', 'mcg')]",[]
['methylphenidate'],0404000M0AAAKAK,"[('20000', 'mcg')]",[]
['methylphenidate'],0404000M0AAALAL,"[('2500', 'mcg')]",[]
['methylphenidate'],0404000M0AAAMAM,"[('18000', 'mcg')]",[]
['methylphenidate'],0404000M0AAANAN,"[('36000', 'mcg')]",[]
['methylphenidate'],0404000M0AAAPAP,"[('20000', 'mcg')]",[]
['methylphenidate'],0404000M0AAAQAQ,"[('20000', 'mcg')]",[]
['methylphenidate'],0404000M0AAARAR,"[('54000', 'mcg')]",[]
['methylphenidate'],0404000M0AAASAS,"[('10000', 'mcg')]",[]
['methylphenidate'],0404000M0AAATAT,"[('27000', 'mcg')]",[]
['methylphenidate'],0404000M0AAAUAU,"[('10000', 'mcg')]",[]
['methylphenidate'],0404000M0AAAVAV,"[('30000', 'mcg')]",[]
['methylphenidate'],0404000M0AAAWAW,"[('40000', 'mcg')]",[]
['methylphenidate'],0404000M0AAAXAX,"[('15000', 'mcg')]",[]
['methylphenidate'],0404000M0AAAYAY,"[('5000', 'mcg')]",[]
['methylphenidate'],0404000M0AAAZAZ,"[('50000', 'mcg')]",[]
['methylphenidate'],0404000M0AABABA,"[('60000', 'mcg')]",[]
['methylphenidate'],0404000M0AABBBB,"[('5000', 'mcg')]",[]
['methylphenidate'],0404000M0BBAAAA,"[('10000', 'mcg')]",[]
['methylphenidate'],0404000M0BBABAH,"[('20000', 'mcg')]",[]
['methylphenidate'],0404000M0BCAAAJ,"[('5000', 'mcg')]",[]
['methylphenidate'],0404000M0BCABAA,"[('10000', 'mcg')]",[]
['methylphenidate'],0404000M0BCACAK,"[('20000', 'mcg')]",[]
['methylphenidate'],0404000M0BCADAU,"[('10000', 'mcg')]",[]
['methylphenidate'],0404000M0BCAEAQ,"[('20000', 'mcg')]",[]
['methylphenidate'],0404000M0BCAFAV,"[('30000', 'mcg')]",[]
['methylphenidate'],0404000M0BDAAAM,"[('18000', 'mcg')]",[]
['methylphenidate'],0404000M0BDABAN,"[('36000', 'mcg')]",[]
['methylphenidate'],0404000M0BDACAR,"[('54000', 'mcg')]",[]
['methylphenidate'],0404000M0BDADAT,"[('27000', 'mcg')]",[]
['methylphenidate'],0404000M0BDAEAT,"[('27000', 'mcg')]",[]
['methylphenidate'],0404000M0BDAFAR,"[('54000', 'mcg')]",[]
['methylphenidate'],0404000M0BEAAAH,"[('20000', 'mcg')]",[]
['methylphenidate'],0404000M0BEABAS,"[('10000', 'mcg')]",[]
['methylphenidate'],0404000M0BFAAAJ,"[('5000', 'mcg')]",[]
['methylphenidate'],0404000M0BFABAA,"[('10000', 'mcg')]",[]
['methylphenidate'],0404000M0BFACAK,"[('20000', 'mcg')]",[]
['methylphenidate'],0404000M0BGAAAJ,"[('5000', 'mcg')]",[]
['methylphenidate'],0404000M0BGABAA,"[('10000', 'mcg')]",[]
['methylphenidate'],0404000M0BGACAK,"[('20000', 'mcg')]",[]
['methylphenidate'],0404000M0BGADAU,"[('10000', 'mcg')]",[]
['methylphenidate'],0404000M0BGAEAQ,"[('20000', 'mcg')]",[]
['methylphenidate'],0404000M0BGAFAV,"[('30000', 'mcg')]",[]
['methylphenidate'],0404000M0BGAGAW,"[('40000', 'mcg')]",[]
['methylphenidate'],0404000M0BGAHAY,"[('5000', 'mcg')]",[]
['methylphenidate'],0404000M0BGAIAZ,"[('50000', 'mcg')]",[]
['methylphenidate'],0404000M0BGAJBA,"[('60000', 'mcg')]",[]
['methylphenidate'],0404000M0BHAAAN,"[('36000', 'mcg')]",[]
['methylphenidate'],0404000M0BHABAR,"[('54000', 'mcg')]",[]
['methylphenidate'],0404000M0BHACAM,"[('18000', 'mcg')]",[]
['methylphenidate'],0404000M0BIAAAM,"[('18000', 'mcg')]",[]
['methylphenidate'],0404000M0BIACAN,"[('36000', 'mcg')]",[]
['methylphenidate'],0404000M0BIADAR,"[('54000', 'mcg')]",[]
['methylphenidate'],0404000M0BIAEAT,"[('27000', 'mcg')]",[]
['methylphenidate'],0404000M0BJAAAM,"[('18000', 'mcg')]",[]
['methylphenidate'],0404000M0BJABAT,"[('27000', 'mcg')]",[]
['methylphenidate'],0404000M0BJACAN,"[('36000', 'mcg')]",[]
['methylphenidate'],0404000M0BJADAR,"[('54000', 'mcg')]",[]
['methylphenidate'],0404000M0BKAAAM,"[('18000', 'mcg')]",[]
['methylphenidate'],0404000M0BKABAT,"[('27000', 'mcg')]",[]
['methylphenidate'],0404000M0BKACAN,"[('36000', 'mcg')]",[]
['methylphenidate'],0404000M0BKADAR,"[('54000', 'mcg')]",[]
['modafinil'],0404000R0AAAAAA,"[('100000', 'mcg')]",[]
['modafinil'],0404000R0AAABAB,"[('100000', 'mcg')]",[]
['modafinil'],0404000R0AAACAC,"[('200000', 'mcg')]",[]
['modafinil'],0404000R0AAADAD,"[('100000', 'mcg')]",[]
['modafinil'],0404000R0AAAEAE,"[('100000', 'mcg')]",[]
['modafinil'],0404000R0AAAFAF,"[('200000', 'mcg')]",[]
['modafinil'],0404000R0BBAAAA,"[('100000', 'mcg')]",[]
['modafinil'],0404000R0BBABAC,"[('200000', 'mcg')]",[]
['atomoxetine'],0404000S0AAAAAA,"[('10000', 'mcg')]",[]
['atomoxetine'],0404000S0AAABAB,"[('40000', 'mcg')]",[]
['atomoxetine'],0404000S0AAACAC,"[('18000', 'mcg')]",[]
['atomoxetine'],0404000S0AAADAD,"[('25000', 'mcg')]",[]
['atomoxetine'],0404000S0AAAEAE,"[('60000', 'mcg')]",[]
['atomoxetine'],0404000S0AAAFAF,"[('80000', 'mcg')]",[]
['atomoxetine'],0404000S0AAAGAG,"[('5000', 'mcg')]",[]
['atomoxetine'],0404000S0AAAHAH,"[('100000', 'mcg')]",[]
['atomoxetine'],0404000S0AAAIAI,"[('25000', 'mcg')]",[]
['atomoxetine'],0404000S0AAAJAJ,"[('40000', 'mcg')]",[]
['atomoxetine'],0404000S0AAAKAK,"[('4000', 'mcg')]",[]
['atomoxetine'],0404000S0AAALAL,"[('20000', 'mcg')]",[]
['atomoxetine'],0404000S0AAAMAM,"[('5000', 'mcg')]",[]
['atomoxetine'],0404000S0AAANAN,"[('60000', 'mcg')]",[]
['atomoxetine'],0404000S0AAAPAP,"[('30000', 'mcg')]",[]
['atomoxetine'],0404000S0AAAQAQ,"[('36000', 'mcg')]",[]
['atomoxetine'],0404000S0AAARAR,"[('10000', 'mcg')]",[]
['atomoxetine'],0404000S0BBAAAA,"[('10000', 'mcg')]",[]
['atomoxetine'],0404000S0BBABAB,"[('40000', 'mcg')]",[]
['atomoxetine'],0404000S0BBACAC,"[('18000', 'mcg')]",[]
['atomoxetine'],0404000S0BBADAD,"[('25000', 'mcg')]",[]
['atomoxetine'],0404000S0BBAEAE,"[('60000', 'mcg')]",[]
['atomoxetine'],0404000S0BBAFAF,"[('80000', 'mcg')]",[]
['atomoxetine'],0404000S0BBAGAH,"[('100000', 'mcg')]",[]
['atomoxetine'],0404000S0BBAHAK,"[('4000', 'mcg')]",[]
['lisdexamfetamine'],0404000U0AAAAAA,"[('20000', 'mcg')]",[]
['lisdexamfetamine'],0404000U0AAABAB,"[('30000', 'mcg')]",[]
['lisdexamfetamine'],0404000U0AAACAC,"[('40000', 'mcg')]",[]
['lisdexamfetamine'],0404000U0AAADAD,"[('50000', 'mcg')]",[]
['lisdexamfetamine'],0404000U0AAAEAE,"[('60000', 'mcg')]",[]
['lisdexamfetamine'],0404000U0AAAFAF,"[('70000', 'mcg')]",[]
['lisdexamfetamine'],0404000U0BBAAAA,"[('20000', 'mcg')]",[]
['lisdexamfetamine'],0404000U0BBABAB,"[('30000', 'mcg')]",[]
['lisdexamfetamine'],0404000U0BBACAC,"[('40000', 'mcg')]",[]
['lisdexamfetamine'],0404000U0BBADAD,"[('50000', 'mcg')]",[]
['lisdexamfetamine'],0404000U0BBAEAE,"[('60000', 'mcg')]",[]
['lisdexamfetamine'],0404000U0BBAFAF,"[('70000', 'mcg')]",[]
['lisdexamfetamine'],0404000U0BCAAAB,"[('30000', 'mcg')]",[]
['lisdexamfetamine'],0404000U0BCABAF,"[('70000', 'mcg')]",[]
['lisdexamfetamine'],0404000U0BCACAD,"[('50000', 'mcg')]",[]
['lisdexamfetamine'],0404000U0BCADAA,"[('20000', 'mcg')]",[]
['lisdexamfetamine'],0404000U0BCAEAC,"[('40000', 'mcg')]",[]
['lisdexamfetamine'],0404000U0BCAFAE,"[('60000', 'mcg')]",[]
['lisdexamfetamine'],0404000U0BDAAAB,"[('30000', 'mcg')]",[]
['lisdexamfetamine'],0404000U0BDABAD,"[('50000', 'mcg')]",[]
['lisdexamfetamine'],0404000U0BDACAF,"[('70000', 'mcg')]",[]
['guanfacine'],0404000V0AAAAAA,"[('3000', 'mcg')]",[]
['guanfacine'],0404000V0AAABAB,"[('4000', 'mcg')]",[]
['guanfacine'],0404000V0AAACAC,"[('1000', 'mcg')]",[]
['guanfacine'],0404000V0AAADAD,"[('2000', 'mcg')]",[]
['guanfacine'],0404000V0BBAAAA,"[('3000', 'mcg')]",[]
['guanfacine'],0404000V0BBABAB,"[('4000', 'mcg')]",[]
['guanfacine'],0404000V0BBACAC,"[('1000', 'mcg')]",[]
['guanfacine'],0404000V0BBADAD,"[('2000', 'mcg')]",[]
['pitolisant'],0404000W0AAAAAA,"[('18000', 'mcg')]",[]
['pitolisant'],0404000W0AAABAB,"[('4500', 'mcg')]",[]
['pitolisant'],0404000W0BBAAAA,"[('18000', 'mcg')]",[]
['pitolisant'],0404000W0BBABAB,"[('4500', 'mcg')]",[]
['orlistat'],0405010P0AAAAAA,"[('120000', 'mcg')]",[]
['orlistat'],0405010P0AAABAB,"[('60000', 'mcg')]",[]
['orlistat'],0405010P0AAACAC,"[('27000', 'mcg')]",[]
['orlistat'],0405010P0BBAAAA,"[('120000', 'mcg')]",[]
['orlistat'],0405010P0BCAAAB,"[('60000', 'mcg')]",[]
['orlistat'],0405010P0BCABAC,"[('27000', 'mcg')]",[]
['orlistat'],0405010P0BDAAAA,"[('120000', 'mcg')]",[]
['orlistat'],0405010P0BEAAAB,"[('60000', 'mcg')]",[]
"['bupropion', 'naltrexone']",0405020U0AAAAAA,"[('8000', 'mcg'), ('90000', 'mcg')]",[]
"['bupropion', 'naltrexone']",0405020U0BBAAAA,"[('8000', 'mcg'), ('90000', 'mcg')]",[]
['hyoscine'],0406000A0AAAAAA,"[('1500', 'mcg')]",[]
['hyoscine'],0406000A0AAABAB,"[('500', 'mcg')]",[]
['hyoscine'],0406000A0AAACAC,"[('500', 'mcg')]",[]
['hyoscine'],0406000A0AAADAD,"[('1000', 'mcg')]",[]
['hyoscine'],0406000A0BBAAAC,"[('500', 'mcg')]",[]
['hyoscine'],0406000A0BBABAD,"[('1000', 'mcg')]",[]
['hyoscine'],0406000A0BCAAAC,"[('500', 'mcg')]",[]
['hyoscine'],0406000A0BCABAD,"[('1000', 'mcg')]",[]
['hyoscine'],0406000A0BCACAD,"[('1000', 'mcg')]",[]
"['doxylamine', 'pyridoxine']",0406000AAAAAAAA,[],[]
"['doxylamine', 'pyridoxine']",0406000AAAAABAB,[],[]
"['doxylamine', 'pyridoxine']",0406000AABBAAAA,[],[]
"['doxylamine', 'pyridoxine']",0406000AABCAAAB,"[('10000', 'mcg'), ('10000', 'mcg')]",[]
['palonosetron'],0406000ABAAAAAA,"[('50', 'mcg')]","[('5', 'sztuk')]"
['palonosetron'],0406000ABAAABAB,"[('500', 'mcg')]",[]
['palonosetron'],0406000ABBBAAAA,"[('50', 'mcg')]","[('5', 'sztuk')]"
['palonosetron'],0406000ABBBABAB,"[('500', 'mcg')]",[]
"['cinnarizine', 'dimenhydrinate']",0406000ACAAAAAA,"[('20000', 'mcg'), ('40000', 'mcg')]",[]
"['cinnarizine', 'dimenhydrinate']",0406000ACBBAAAA,[],[]
['aprepitant'],0406000ADAAAAAA,"[('80000', 'mcg')]",[]
['aprepitant'],0406000ADAAABAB,"[('125000', 'mcg')]",[]
['aprepitant'],0406000ADAAACAC,"[('125000', 'mcg'), ('80000', 'mcg')]",[]
['aprepitant'],0406000ADAAADAD,"[('40000', 'mcg')]",[]
['aprepitant'],0406000ADAAAEAE,"[('25000', 'mcg')]",[]
['aprepitant'],0406000ADAAAFAF,"[('30000', 'mcg')]",[]
['aprepitant'],0406000ADAAAGAG,"[('125000', 'mcg')]",[]
['aprepitant'],0406000ADBBAAAA,"[('80000', 'mcg')]",[]
['aprepitant'],0406000ADBBABAB,"[('125000', 'mcg')]",[]
['aprepitant'],0406000ADBBACAC,"[('125000', 'mcg'), ('80000', 'mcg')]",[]
['aprepitant'],0406000ADBBADAG,"[('125000', 'mcg')]",[]
['granisetron'],0406000AFAAAAAA,"[('3100', 'mcg')]",[]
['granisetron'],0406000AFBBAAAA,"[('3100', 'mcg')]",[]
"['netupitant', 'palonosetron']",0406000AGAAAAAA,"[('300000', 'mcg'), ('500', 'mcg')]",[]
"['netupitant', 'palonosetron']",0406000AGBBAAAA,"[('300000', 'mcg'), ('500', 'mcg')]",[]
['betahistine'],0406000B0AAAAAA,"[('8000', 'mcg')]",[]
['betahistine'],0406000B0AAABAB,"[('16000', 'mcg')]",[]
['betahistine'],0406000B0AAACAC,"[('16000', 'mcg')]",[]
['betahistine'],0406000B0AAADAD,"[('8000', 'mcg')]",[]
['betahistine'],0406000B0AAAEAE,"[('250', 'mcg')]",[]
['betahistine'],0406000B0AAAFAF,"[('5000', 'mcg')]",[]
['betahistine'],0406000B0AAAGAG,"[('8000', 'mcg')]",[]
['betahistine'],0406000B0BBAAAA,"[('8000', 'mcg')]",[]
['betahistine'],0406000B0BBABAB,"[('16000', 'mcg')]",[]
['nicotinic_acid'],0406000C0AAAAAA,"[('25000', 'mcg'), ('25000', 'mcg')]",[]
['cinnarizine'],0406000D0AAAAAA,"[('15000', 'mcg')]",[]
['cinnarizine'],0406000D0AAABAB,[],[]
['cinnarizine'],0406000D0AAACAC,"[('10000', 'mcg')]",[]
['cinnarizine'],0406000D0AAADAD,"[('15000', 'mcg')]",[]
['cinnarizine'],0406000D0BBAAAA,"[('15000', 'mcg')]",[]
['cinnarizine'],0406000D0BCAAAA,[],[]
['cinnarizine'],0406000D0BDAAAA,"[('15000', 'mcg')]",[]
['cinnarizine'],0406000D0BFAAAA,"[('15000', 'mcg')]",[]
['flunarizine'],0406000E0AAAAAA,"[('5000', 'mcg')]",[]
['flunarizine'],0406000E0AAABAB,"[('10000', 'mcg')]",[]
['flunarizine'],0406000E0AAACAC,"[('3000', 'mcg')]",[]
['flunarizine'],0406000E0AAADAD,"[('5000', 'mcg')]",[]
['flunarizine'],0406000E0AAAEAE,"[('20000', 'mcg')]",[]
['flunarizine'],0406000E0BBAAAA,"[('5000', 'mcg')]",[]
['flunarizine'],0406000E0BBABAB,"[('10000', 'mcg')]",[]
['flunarizine'],0406000E0BBACAD,"[('5000', 'mcg')]",[]
['flunarizine'],0406000E0BCAAAB,[],[]
['flunarizine'],0406000E0BCABAD,[],[]
['flunarizine'],0406000E0BDAAAB,[],[]
['cyclizine'],0406000F0AAABAB,"[('50000', 'mcg')]",[]
['cyclizine'],0406000F0AAACAC,"[('50000', 'mcg')]",[]
['cyclizine'],0406000F0AAADAD,"[('100000', 'mcg')]",[]
['cyclizine'],0406000F0AAAEAE,"[('25000', 'mcg')]",[]
['cyclizine'],0406000F0AAAGAG,"[('10000', 'mcg')]",[]
['cyclizine'],0406000F0AAAHAH,"[('1000000', 'mcg')]",[]
['cyclizine'],0406000F0AAAIAI,"[('5000', 'mcg')]",[]
['cyclizine'],0406000F0AAAJAJ,"[('50000', 'mcg')]",[]
['cyclizine'],0406000F0AAAKAK,"[('25000', 'mcg')]",[]
['cyclizine'],0406000F0AAALAL,"[('50000', 'mcg')]",[]
['cyclizine'],0406000F0AAAMAM,"[('30000', 'mcg')]",[]
['cyclizine'],0406000F0AAANAN,[],[]
['cyclizine'],0406000F0AAAPAP,"[('6000', 'mcg')]",[]
['cyclizine'],0406000F0AAAQAQ,"[('50000', 'mcg')]",[]
['cyclizine'],0406000F0AAARAR,"[('75000', 'mcg')]",[]
['cyclizine'],0406000F0AAASAS,"[('12500', 'mcg')]",[]
['cyclizine'],0406000F0AAATAT,"[('12500', 'mcg')]",[]
['cyclizine'],0406000F0AAAUAU,"[('62500', 'mcg')]",[]
['cyclizine'],0406000F0AAAVAV,"[('25000', 'mcg')]",[]
['cyclizine'],0406000F0AAAWAW,"[('40000', 'mcg')]",[]
['cyclizine'],0406000F0AAAXAX,"[('250000', 'mcg')]",[]
['cyclizine'],0406000F0AAAYAY,"[('15000', 'mcg')]",[]
['cyclizine'],0406000F0AAAZAZ,"[('30000', 'mcg')]",[]
['cyclizine'],0406000F0AABABA,"[('10000', 'mcg')]",[]
['cyclizine'],0406000F0AABBBB,"[('5000', 'mcg')]",[]
['cyclizine'],0406000F0AABCBC,"[('2500', 'mcg')]",[]
['cyclizine'],0406000F0AABDBD,"[('50000', 'mcg')]",[]
['cyclizine'],0406000F0AABEBE,"[('50000', 'mcg')]",[]
['cyclizine'],0406000F0BBAAAC,"[('50000', 'mcg')]",[]
['cyclizine'],0406000F0BDAAAB,"[('50000', 'mcg')]",[]
['cyclizine'],0406000G0AAAAAA,"[('50000', 'mcg')]","[('1', 'sztuk')]"
['cyclizine'],0406000G0AAABAB,"[('150000', 'mcg')]",[]
['cyclizine'],0406000G0AAACAC,"[('50000', 'mcg')]",[]
['cyclizine'],0406000G0AAADAD,"[('50000', 'mcg')]",[]
['cyclizine'],0406000G0BBAAAA,"[('50000', 'mcg')]","[('1', 'sztuk')]"
['dimenhydrinate'],0406000H0AAAAAA,"[('80000', 'mcg')]",[]
['dimenhydrinate'],0406000H0AAABAB,"[('100000', 'mcg')]",[]
['dimenhydrinate'],0406000H0AAADAD,"[('50000', 'mcg')]",[]
['dimenhydrinate'],0406000H0AAAEAE,"[('12500', 'mcg')]",[]
['dimenhydrinate'],0406000H0BBAAAD,"[('50000', 'mcg')]",[]
['dimenhydrinate'],0406000H0BCAAAA,"[('80000', 'mcg')]",[]
['dimenhydrinate'],0406000H0BDAAAD,"[('50000', 'mcg')]",[]
['domperidone'],0406000J0AAAAAA,"[('5000', 'mcg')]","[('2', 'sztuk')]"
['domperidone'],0406000J0AAABAB,"[('30000', 'mcg')]",[]
['domperidone'],0406000J0AAACAC,"[('1000', 'mcg')]",[]
['domperidone'],0406000J0AAADAD,"[('10000', 'mcg')]",[]
['domperidone'],0406000J0AAAEAE,[],[]
['domperidone'],0406000J0AAAFAF,"[('50000', 'mcg')]",[]
['domperidone'],0406000J0AAAGAG,"[('25000', 'mcg')]",[]
['domperidone'],0406000J0AAAHAH,"[('20000', 'mcg')]",[]
['domperidone'],0406000J0AAAIAI,"[('10000', 'mcg')]",[]
['domperidone'],0406000J0AAAJAJ,"[('10000', 'mcg')]",[]
['domperidone'],0406000J0AAAKAK,"[('10000', 'mcg')]",[]
['domperidone'],0406000J0AAALAL,"[('1900', 'mcg')]",[]
['domperidone'],0406000J0AAAMAM,"[('800', 'mcg')]",[]
['domperidone'],0406000J0AAANAN,"[('10000', 'mcg')]",[]
['domperidone'],0406000J0BBABAC,"[('1000', 'mcg')]",[]
['domperidone'],0406000J0BBACAB,"[('30000', 'mcg')]",[]
['domperidone'],0406000J0BBADAA,"[('5000', 'mcg')]","[('2', 'sztuk')]"
['domperidone'],0406000J0BBAEAJ,"[('10000', 'mcg')]",[]
['domperidone'],0406000J0BBAFAJ,"[('10000', 'mcg')]",[]
['domperidone'],0406000J0BBAGAN,"[('10000', 'mcg')]",[]
['domperidone'],0406000J0BCAAAB,"[('30000', 'mcg')]",[]
['domperidone'],0406000J0BCABAJ,"[('10000', 'mcg')]",[]
['domperidone'],0406000J0BDAAAJ,"[('10000', 'mcg')]",[]
['domperidone'],0406000J0BEAAAJ,"[('10000', 'mcg')]",[]
['hyoscine'],0406000L0AAACAC,"[('150', 'mcg')]",[]
['hyoscine'],0406000L0AAADAD,"[('300', 'mcg')]",[]
['hyoscine'],0406000L0AAAEAE,"[('600', 'mcg')]",[]
['hyoscine'],0406000L0AAAFAF,"[('600', 'mcg')]",[]
['hyoscine'],0406000L0AAAGAG,"[('20000', 'mcg')]","[('1', 'sztuk')]"
['hyoscine'],0406000L0AAAIAI,"[('400000', 'mcg')]",[]
['hyoscine'],0406000L0AAAJAJ,"[('500', 'mcg')]",[]
['hyoscine'],0406000L0AAAKAK,"[('150', 'mcg')]",[]
['hyoscine'],0406000L0AAALAL,"[('1500', 'mcg')]",[]
['hyoscine'],0406000L0AAAMAM,"[('400', 'mcg')]",[]
['hyoscine'],0406000L0AAAQAQ,"[('300', 'mcg')]",[]
['hyoscine'],0406000L0AAARAR,"[('300', 'mcg')]",[]
['hyoscine'],0406000L0AAASAS,"[('300', 'mcg')]",[]
['hyoscine'],0406000L0AAATAT,"[('300', 'mcg')]",[]
['hyoscine'],0406000L0AAAUAU,[],[]
['hyoscine'],0406000L0AAAVAV,"[('400', 'mcg')]",[]
['hyoscine'],0406000L0AAAWAW,"[('150', 'mcg')]",[]
['hyoscine'],0406000L0AAAXAX,"[('500', 'mcg')]",[]
['hyoscine'],0406000L0AAAYAY,"[('300', 'mcg')]",[]
['hyoscine'],0406000L0AAAZAZ,"[('3000', 'mcg')]",[]
['hyoscine'],0406000L0AABABA,"[('125', 'mcg')]",[]
['hyoscine'],0406000L0AABBBB,"[('400', 'mcg')]",[]
['hyoscine'],0406000L0AABCBC,"[('100', 'mcg')]",[]
['hyoscine'],0406000L0AABDBD,"[('200', 'mcg')]",[]
['hyoscine'],0406000L0AABEBE,"[('600', 'mcg')]",[]
['hyoscine'],0406000L0AABFBF,"[('60', 'mcg')]",[]
['hyoscine'],0406000L0AABGBG,"[('400', 'mcg')]",[]
['hyoscine'],0406000L0AABHBH,"[('75', 'mcg')]",[]
['hyoscine'],0406000L0AABIBI,"[('25', 'mcg')]",[]
['hyoscine'],0406000L0AABJBJ,"[('250', 'mcg')]",[]
['hyoscine'],0406000L0AABKBK,"[('800', 'mcg')]",[]
['hyoscine'],0406000L0AABLBL,"[('2000', 'mcg')]",[]
['hyoscine'],0406000L0AABMBM,"[('300', 'mcg')]",[]
['hyoscine'],0406000L0AABNBN,"[('300', 'mcg')]",[]
['hyoscine'],0406000L0AABPBP,"[('500', 'mcg')]",[]
['hyoscine'],0406000L0AABQBQ,"[('500', 'mcg')]",[]
['hyoscine'],0406000L0BBAAAT,[],[]
['hyoscine'],0406000L0BBABAC,"[('150', 'mcg')]",[]
['hyoscine'],0406000L0BCAAAW,"[('150', 'mcg')]",[]
['hyoscine'],0406000L0BEAAAT,[],[]
['hyoscine'],0406000L0BEABAT,[],[]
['hyoscine'],0406000L0BFAAAT,[],[]
['hyoscine'],0406000L0BHAAAT,[],[]
['granisetron'],0406000M0AAAAAA,"[('1000', 'mcg')]","[('3', 'sztuk')]"
['granisetron'],0406000M0AAABAB,"[('1000', 'mcg')]",[]
['granisetron'],0406000M0AAACAC,"[('1000', 'mcg')]","[('1', 'sztuk')]"
['granisetron'],0406000M0AAADAD,"[('2000', 'mcg')]",[]
['granisetron'],0406000M0AAAEAE,"[('200', 'mcg')]",[]
['granisetron'],0406000M0AAAFAF,"[('1000', 'mcg')]","[('1', 'sztuk')]"
['granisetron'],0406000M0BBAAAA,"[('1000', 'mcg')]","[('3', 'sztuk')]"
['granisetron'],0406000M0BBABAB,"[('1000', 'mcg')]",[]
['granisetron'],0406000M0BBACAC,"[('1000', 'mcg')]","[('1', 'sztuk')]"
['granisetron'],0406000M0BBADAD,"[('2000', 'mcg')]",[]
['granisetron'],0406000M0BBAEAE,"[('200', 'mcg')]",[]
['granisetron'],0406000M0BBAFAF,"[('1000', 'mcg')]","[('1', 'sztuk')]"
['meclozine'],0406000N0AAAAAA,"[('12500', 'mcg')]",[]
['meclozine'],0406000N0AAABAB,"[('25000', 'mcg'), ('50000', 'mcg')]",[]
['meclozine'],0406000N0AAACAC,"[('12500', 'mcg')]",[]
['meclozine'],0406000N0BBAAAA,"[('12500', 'mcg')]",[]
['meclozine'],0406000N0BCAAAB,[],[]
['meclozine'],0406000N0BDAAAC,[],[]
['metoclopramide'],0406000P0AAABAB,"[('5000', 'mcg')]","[('2', 'sztuk')]"
['metoclopramide'],0406000P0AAACAC,"[('1000', 'mcg')]",[]
['metoclopramide'],0406000P0AAADAD,"[('5000', 'mcg')]",[]
['metoclopramide'],0406000P0AAAEAE,"[('10000', 'mcg')]",[]
['metoclopramide'],0406000P0AAAFAF,"[('5000', 'mcg')]","[('20', 'sztuk')]"
['metoclopramide'],0406000P0AAAGAG,"[('5000', 'mcg')]",[]
['metoclopramide'],0406000P0AAAHAH,"[('15000', 'mcg')]",[]
['metoclopramide'],0406000P0AAAIAI,"[('30000', 'mcg')]",[]
['metoclopramide'],0406000P0AAAJAJ,"[('15000', 'mcg')]",[]
['metoclopramide'],0406000P0AAAKAK,"[('5000', 'mcg')]",[]
['metoclopramide'],0406000P0AAALAL,"[('5000', 'mcg')]",[]
['metoclopramide'],0406000P0AAAMAM,"[('10000', 'mcg')]",[]
['metoclopramide'],0406000P0AAANAN,"[('5000', 'mcg')]","[('20', 'sztuk')]"
['metoclopramide'],0406000P0AAAPAP,"[('5000', 'mcg')]",[]
['metoclopramide'],0406000P0AAAQAQ,"[('40000', 'mcg')]",[]
['metoclopramide'],0406000P0AAARAR,"[('25000', 'mcg')]",[]
['metoclopramide'],0406000P0AAASAS,"[('12500', 'mcg')]",[]
['metoclopramide'],0406000P0AAATAT,"[('30000', 'mcg')]",[]
['metoclopramide'],0406000P0AAAUAU,"[('60000', 'mcg')]",[]
['metoclopramide'],0406000P0BBAAAE,"[('10000', 'mcg')]",[]
['metoclopramide'],0406000P0BBABAD,"[('5000', 'mcg')]",[]
['metoclopramide'],0406000P0BBACAD,"[('5000', 'mcg')]",[]
['metoclopramide'],0406000P0BBADAB,"[('10000', 'mcg')]",[]
['metoclopramide'],0406000P0BBAEA0,"[('5000', 'mcg')]",[]
['metoclopramide'],0406000P0BBAFA0,"[('5000', 'mcg')]","[('5', 'sztuk')]"
['metoclopramide'],0406000P0BBAGAF,"[('5000', 'mcg')]","[('20', 'sztuk')]"
['metoclopramide'],0406000P0BBAHAJ,"[('15000', 'mcg')]",[]
['metoclopramide'],0406000P0BBAIAP,"[('5000', 'mcg')]",[]
['metoclopramide'],0406000P0BDAAAE,"[('10000', 'mcg')]",[]
['metoclopramide'],0406000P0BEAAAE,"[('10000', 'mcg')]",[]
['metoclopramide'],0406000P0BFAAAE,"[('10000', 'mcg')]",[]
['metoclopramide'],0406000P0BGAAAE,"[('10000', 'mcg')]",[]
['metoclopramide'],0406000P0BGABAD,"[('5000', 'mcg')]",[]
['metoclopramide'],0406000P0BGACAB,"[('5000', 'mcg')]","[('2', 'sztuk')]"
['metoclopramide'],0406000P0BHAAAE,"[('10000', 'mcg')]",[]
['metoclopramide'],0406000P0BHABAD,"[('5000', 'mcg')]",[]
['metoclopramide'],0406000P0BHACAB,"[('5000', 'mcg')]","[('2', 'sztuk')]"
['metoclopramide'],0406000P0BIAAAH,[],[]
['metoclopramide'],0406000P0BJAAAI,"[('30000', 'mcg')]",[]
['metoclopramide'],0406000P0BKAAAH,"[('15000', 'mcg')]",[]
['metoclopramide'],0406000P0BLAAAE,"[('10000', 'mcg')]",[]
['metoclopramide'],0406000P0BMAAAE,"[('10000', 'mcg')]",[]
['nabilone'],0406000R0AAAAAA,"[('1000', 'mcg')]",[]
['nabilone'],0406000R0AAABAB,"[('100', 'mcg')]",[]
['nabilone'],0406000R0AAACAC,"[('200', 'mcg')]",[]
['nabilone'],0406000R0AAADAD,"[('100', 'mcg')]",[]
['nabilone'],0406000R0AAAEAE,"[('200', 'mcg')]",[]
['nabilone'],0406000R0AAAFAF,"[('400', 'mcg')]",[]
['nabilone'],0406000R0AAAGAG,"[('250', 'mcg')]",[]
['nabilone'],0406000R0AAAHAH,"[('500', 'mcg')]",[]
['nabilone'],0406000R0AAAIAI,"[('1000', 'mcg')]",[]
['nabilone'],0406000R0AAAJAJ,"[('2000', 'mcg')]",[]
['nabilone'],0406000R0AAAKAK,"[('1000', 'mcg')]",[]
['nabilone'],0406000R0BBAAAA,"[('1000', 'mcg')]",[]
['ondansetron'],0406000S0AAAAAA,"[('2000', 'mcg')]","[('2', 'sztuk')]"
['ondansetron'],0406000S0AAABAB,"[('4000', 'mcg')]",[]
['ondansetron'],0406000S0AAACAC,"[('8000', 'mcg')]",[]
['ondansetron'],0406000S0AAADAD,"[('2000', 'mcg')]","[('4', 'sztuk')]"
['ondansetron'],0406000S0AAAEAE,"[('2000', 'mcg')]",[]
['ondansetron'],0406000S0AAAFAF,"[('4000', 'mcg')]",[]
['ondansetron'],0406000S0AAAGAG,"[('4000', 'mcg')]",[]
['ondansetron'],0406000S0AAAHAH,"[('16000', 'mcg')]",[]
['ondansetron'],0406000S0AAAIAI,"[('4000', 'mcg')]",[]
['ondansetron'],0406000S0AAAJAJ,"[('8000', 'mcg')]",[]
['ondansetron'],0406000S0AAAKAK,"[('4000', 'mcg')]",[]
['ondansetron'],0406000S0AAALAL,"[('8000', 'mcg')]",[]
['ondansetron'],0406000S0AAAMAM,"[('4000', 'mcg')]",[]
['ondansetron'],0406000S0AAANAN,"[('8000', 'mcg')]",[]
['ondansetron'],0406000S0BBAAAA,"[('2000', 'mcg')]","[('2', 'sztuk')]"
['ondansetron'],0406000S0BBABAB,"[('4000', 'mcg')]",[]
['ondansetron'],0406000S0BBACAC,"[('8000', 'mcg')]",[]
['ondansetron'],0406000S0BBADAD,"[('2000', 'mcg')]","[('4', 'sztuk')]"
['ondansetron'],0406000S0BBAEAA,"[('2000', 'mcg')]","[('2', 'sztuk')]"
['ondansetron'],0406000S0BBAFAD,"[('2000', 'mcg')]","[('4', 'sztuk')]"
['ondansetron'],0406000S0BBAGAG,"[('4000', 'mcg')]",[]
['ondansetron'],0406000S0BBAHAH,"[('16000', 'mcg')]",[]
['ondansetron'],0406000S0BBAIAI,"[('4000', 'mcg')]",[]
['ondansetron'],0406000S0BBAJAJ,"[('8000', 'mcg')]",[]
['ondansetron'],0406000S0BCAAAA,"[('2000', 'mcg')]","[('2', 'sztuk')]"
['ondansetron'],0406000S0BCABAD,"[('2000', 'mcg')]","[('4', 'sztuk')]"
['ondansetron'],0406000S0BCACAB,"[('4000', 'mcg')]",[]
['ondansetron'],0406000S0BCADAC,"[('8000', 'mcg')]",[]
['ondansetron'],0406000S0BDAAAG,"[('4000', 'mcg')]",[]
['ondansetron'],0406000S0BEAAAM,"[('4000', 'mcg')]",[]
['ondansetron'],0406000S0BEABAN,"[('8000', 'mcg')]",[]
['prochlorperazine'],0406000T0AAAAAA,"[('10000', 'mcg')]",[]
['prochlorperazine'],0406000T0AAABAB,"[('15000', 'mcg')]",[]
['prochlorperazine'],0406000T0AAAEAE,"[('5000', 'mcg')]",[]
['prochlorperazine'],0406000T0AAAFAF,"[('25000', 'mcg')]",[]
['prochlorperazine'],0406000T0AAAGAG,"[('5000', 'mcg')]",[]
['prochlorperazine'],0406000T0AAAHAH,"[('25000', 'mcg')]",[]
['prochlorperazine'],0406000T0AAAKAK,"[('3000', 'mcg')]",[]
['prochlorperazine'],0406000T0BBAAAG,"[('5000', 'mcg')]",[]
['prochlorperazine'],0406000T0BBABAH,"[('25000', 'mcg')]",[]
['prochlorperazine'],0406000T0BBAEAE,"[('5000', 'mcg')]",[]
['prochlorperazine'],0406000T0BBAFAF,"[('25000', 'mcg')]",[]
['prochlorperazine'],0406000T0BCAAAA,"[('10000', 'mcg')]",[]
['prochlorperazine'],0406000T0BCABAB,"[('15000', 'mcg')]",[]
['prochlorperazine'],0406000T0BDAAAK,"[('3000', 'mcg')]",[]
['prochlorperazine'],0406000T0BDABAG,"[('5000', 'mcg')]",[]
['prochlorperazine'],0406000T0BEAAAG,"[('5000', 'mcg')]",[]
['prochlorperazine'],0406000T0BFAAAK,"[('3000', 'mcg')]",[]
['prochlorperazine'],0406000U0AAAAAA,"[('5000', 'mcg')]",[]
['prochlorperazine'],0406000U0AAABAB,"[('12500', 'mcg')]","[('1', 'sztuk')]"
['prochlorperazine'],0406000U0AAACAC,"[('12500', 'mcg')]","[('2', 'sztuk')]"
['prochlorperazine'],0406000U0AAADAD,"[('5000', 'mcg')]",[]
['prochlorperazine'],0406000U0BBAAAA,"[('5000', 'mcg')]",[]
['prochlorperazine'],0406000U0BBABAB,"[('1.25', '%'), ('12500', 'mcg')]","[('1', 'sztuk')]"
['prochlorperazine'],0406000U0BBACAC,"[('1.25', '%'), ('12500', 'mcg')]","[('2', 'sztuk')]"
['prochlorperazine'],0406000U0BBADAD,"[('5000', 'mcg')]",[]
['prochlorperazine'],0406000U0BBAEA0,"[('5000', 'mcg')]",[]
['prochlorperazine'],0406000U0BBAFA0,"[('5000', 'mcg')]","[('5', 'sztuk')]"
['promethazine'],0406000V0AAAAAA,"[('25000', 'mcg')]",[]
['promethazine'],0406000V0BBAAAA,"[('25000', 'mcg')]",[]
['ketamine'],0406000W0AAAAAA,"[('50000', 'mcg')]",[]
['ketamine'],0406000W0AAABAB,"[('25000', 'mcg')]",[]
['ketamine'],0406000W0AAACAC,"[('100000', 'mcg')]",[]
['ketamine'],0406000W0AAADAD,"[('20000', 'mcg')]",[]
['ketamine'],0406000W0AAAEAE,"[('75000', 'mcg')]",[]
['ketamine'],0406000W0AAAFAF,"[('10000', 'mcg')]",[]
['ketamine'],0406000W0AAAGAG,"[('70000', 'mcg')]",[]
['ketamine'],0406000W0AAAHAH,"[('250000', 'mcg')]",[]
['ketamine'],0406000W0AAAIAI,"[('5000', 'mcg')]",[]
['ketamine'],0406000W0AAAJAJ,"[('40000', 'mcg')]",[]
['ketamine'],0406000W0AAAKAK,"[('30000', 'mcg')]",[]
['ketamine'],0406000W0AAALAL,"[('500000', 'mcg')]",[]
['ketamine'],0406000W0AAAMAM,[],[]
['ketamine'],0406000W0AAANAN,"[('50000', 'mcg')]",[]
['ketamine'],0406000W0AAAPAP,"[('50000', 'mcg')]",[]
['ketamine'],0406000W0AAAQAQ,"[('15000', 'mcg')]",[]
['ketamine'],0406000W0AAARAR,"[('40000', 'mcg')]",[]
['aspirin'],040701010AAAAAA,"[('450000', 'mcg')]",[]
['aspirin'],040701010AAABAB,"[('160000', 'mcg')]",[]
['aspirin'],040701010BBAAAA,"[('450000', 'mcg')]",[]
['aspirin'],040701010BCAAAB,"[('160000', 'mcg')]",[]
['paracetamol'],040701020AAAAAA,"[('100000', 'mcg'), ('500000', 'mcg')]",[]
['paracetamol'],040701020BBAAAA,"[('100000', 'mcg'), ('500000', 'mcg')]",[]
['aspirin'],0407010A0AAAAAA,"[('500000', 'mcg'), ('7700', 'mcg')]",[]
['aspirin'],0407010A0AAABAB,"[('500000', 'mcg'), ('7700', 'mcg')]",[]
['aspirin'],0407010A0BBAAAB,[],[]
"['aspirin', 'caffeine']",0407010AAAAAAAA,"[('500000', 'mcg'), ('32000', 'mcg')]",[]
"['aspirin', 'caffeine']",0407010AAAAABAB,"[('325000', 'mcg'), ('15000', 'mcg')]",[]
"['aspirin', 'caffeine']",0407010AAAAACAC,"[('600000', 'mcg'), ('50000', 'mcg')]",[]
"['aspirin', 'caffeine']",0407010AABBAAAA,"[('500000', 'mcg'), ('32000', 'mcg')]",[]
"['aspirin', 'caffeine']",0407010AABCAAAB,"[('325000', 'mcg'), ('15000', 'mcg')]",[]
"['aspirin', 'caffeine']",0407010AABDAAAC,[],[]
"['paracetamol', 'phenylephrine']",0407010ABAAAAAA,"[('650000', 'mcg'), ('10000', 'mcg')]",[]
"['paracetamol', 'phenylephrine']",0407010ABAAABAB,"[('1000000', 'mcg'), ('12200', 'mcg')]",[]
"['paracetamol', 'phenylephrine']",0407010ABAAACAC,"[('500000', 'mcg'), ('12180', 'mcg')]",[]
"['paracetamol', 'phenylephrine']",0407010ABAAADAD,"[('500000', 'mcg'), ('6100', 'mcg')]",[]
"['paracetamol', 'phenylephrine']",0407010ABBBAAAA,[],[]
"['paracetamol', 'phenylephrine']",0407010ABBBABAA,[],[]
"['paracetamol', 'phenylephrine']",0407010ABBBACAB,[],[]
"['paracetamol', 'phenylephrine']",0407010ABBBADAB,[],[]
"['paracetamol', 'phenylephrine']",0407010ABBBAEAB,[],[]
"['paracetamol', 'phenylephrine']",0407010ABBBAFAA,[],[]
"['paracetamol', 'phenylephrine']",0407010ABBBAGAB,[],[]
"['paracetamol', 'phenylephrine']",0407010ABBBAHAB,[],[]
"['paracetamol', 'phenylephrine']",0407010ABBBAIAA,[],[]
"['paracetamol', 'phenylephrine']",0407010ABBBAJAD,[],[]
"['paracetamol', 'phenylephrine']",0407010ABBBAKAD,[],[]
"['paracetamol', 'phenylephrine']",0407010ABBBALAB,[],[]
"['paracetamol', 'phenylephrine']",0407010ABBBAMAB,[],[]
"['paracetamol', 'phenylephrine']",0407010ABBCAAAB,[],[]
"['paracetamol', 'phenylephrine']",0407010ABBCABAB,[],[]
"['paracetamol', 'phenylephrine']",0407010ABBCACAB,[],[]
"['paracetamol', 'phenylephrine']",0407010ABBCADAB,[],[]
"['paracetamol', 'phenylephrine']",0407010ABBDAAAB,[],[]
"['paracetamol', 'phenylephrine']",0407010ABBEAAAC,[],[]
"['paracetamol', 'phenylephrine']",0407010ABBEABAB,[],[]
"['paracetamol', 'phenylephrine']",0407010ABBFAAAA,[],[]
"['paracetamol', 'phenylephrine']",0407010ABBFABAB,[],[]
"['paracetamol', 'phenylephrine']",0407010ABBGAAAC,[],[]
"['paracetamol', 'phenylephrine']",0407010ABBGABAB,[],[]
"['isometheptene', 'paracetamol']",0407010ACBBAAAA,"[('325000', 'mcg'), ('65000', 'mcg')]",[]
"['ibuprofen', 'paracetamol']",0407010ADAAAAAA,"[('500000', 'mcg'), ('200000', 'mcg')]",[]
"['ibuprofen', 'paracetamol']",0407010ADAAABAB,"[('500000', 'mcg'), ('150000', 'mcg')]",[]
"['ibuprofen', 'paracetamol']",0407010ADBBAAAA,"[('200000', 'mcg'), ('500000', 'mcg')]",[]
"['ibuprofen', 'paracetamol']",0407010ADBCAAAB,"[('500000', 'mcg'), ('150000', 'mcg')]",[]
['aspirin'],0407010B0AAA1A1,"[('324000', 'mcg')]",[]
['aspirin'],0407010B0AAA2A2,"[('500000', 'mcg')]",[]
['aspirin'],0407010B0AAA3A3,"[('300000', 'mcg')]",[]
['aspirin'],0407010B0AAA4A4,"[('600000', 'mcg')]",[]
['aspirin'],0407010B0AAA5A5,"[('400000', 'mcg')]",[]
['aspirin'],0407010B0AAAAAA,"[('500000', 'mcg')]",[]
['aspirin'],0407010B0AAABAB,"[('300000', 'mcg')]",[]
['aspirin'],0407010B0AAADAD,"[('200000', 'mcg')]",[]
['aspirin'],0407010B0AAAEAE,"[('300000', 'mcg')]",[]
['aspirin'],0407010B0AAAFAF,"[('300000', 'mcg')]",[]
['aspirin'],0407010B0AAAGAG,"[('500000', 'mcg')]",[]
['aspirin'],0407010B0AAAHAH,[],[]
['aspirin'],0407010B0AAAKAK,"[('300000', 'mcg')]",[]
['aspirin'],0407010B0AAALAL,"[('325000', 'mcg')]",[]
['aspirin'],0407010B0AAAMAM,"[('600000', 'mcg'), ('300000', 'mcg')]",[]
['aspirin'],0407010B0AAANAN,"[('300000', 'mcg'), ('133000', 'mcg')]",[]
['aspirin'],0407010B0AAAQAQ,"[('324000', 'mcg')]",[]
['aspirin'],0407010B0AAASAS,"[('300000', 'mcg')]",[]
['aspirin'],0407010B0AAAVAV,"[('500000', 'mcg')]",[]
['aspirin'],0407010B0AAAWAW,[],[]
['aspirin'],0407010B0AAAXAX,[],[]
['aspirin'],0407010B0AAAYAY,"[('500000', 'mcg')]",[]
['aspirin'],0407010B0AAAZAZ,"[('600000', 'mcg')]",[]
['aspirin'],0407010B0AABABA,"[('100000', 'mcg')]",[]
['aspirin'],0407010B0AABBBB,"[('120000', 'mcg')]",[]
['aspirin'],0407010B0AABCBC,"[('150000', 'mcg')]",[]
['aspirin'],0407010B0AABDBD,"[('200000', 'mcg')]",[]
['aspirin'],0407010B0AABEBE,"[('300000', 'mcg')]",[]
['aspirin'],0407010B0AABFBF,"[('600000', 'mcg')]",[]
['aspirin'],0407010B0AABGBG,"[('125000', 'mcg')]",[]
['aspirin'],0407010B0AABHBH,"[('175000', 'mcg')]",[]
['aspirin'],0407010B0AABIBI,"[('250000', 'mcg')]",[]
['aspirin'],0407010B0AABJBJ,"[('50000', 'mcg')]",[]
['aspirin'],0407010B0AABKBK,"[('500000', 'mcg')]",[]
['aspirin'],0407010B0AABLBL,"[('60000', 'mcg')]",[]
['aspirin'],0407010B0AABMBM,"[('65000', 'mcg')]",[]
['aspirin'],0407010B0AABNBN,"[('75000', 'mcg')]",[]
['aspirin'],0407010B0AABPBP,"[('1000000', 'mcg')]",[]
['aspirin'],0407010B0AABRBR,[],[]
['aspirin'],0407010B0AABSBS,"[('40000', 'mcg')]",[]
['aspirin'],0407010B0AABYBY,"[('600000', 'mcg')]",[]
['aspirin'],0407010B0AACBCB,"[('500000', 'mcg')]",[]
['aspirin'],0407010B0AACCCC,"[('300000', 'mcg')]",[]
['aspirin'],0407010B0AACGCG,"[('300000', 'mcg')]",[]
['aspirin'],0407010B0BBAAAQ,"[('324000', 'mcg')]",[]
['aspirin'],0407010B0BBABA3,"[('300000', 'mcg')]",[]
['aspirin'],0407010B0BCAAAA,"[('500000', 'mcg')]",[]
['aspirin'],0407010B0BDAAA3,"[('300000', 'mcg')]",[]
['aspirin'],0407010B0BDABA4,"[('600000', 'mcg')]",[]
['aspirin'],0407010B0BGAAAG,"[('500000', 'mcg')]",[]
['aspirin'],0407010B0BGABCC,"[('300000', 'mcg')]",[]
['aspirin'],0407010B0BGACAG,"[('500000', 'mcg')]",[]
['aspirin'],0407010B0BHAAAM,[],[]
['aspirin'],0407010B0BIAAAE,"[('300000', 'mcg')]",[]
['aspirin'],0407010B0BJAAAN,[],[]
['aspirin'],0407010B0BJABAE,"[('300000', 'mcg')]",[]
['aspirin'],0407010B0BJACCG,"[('300000', 'mcg')]",[]
['aspirin'],0407010B0BKAAA3,"[('300000', 'mcg')]",[]
['aspirin'],0407010B0BLAABS,"[('40000', 'mcg')]",[]
['aspirin'],0407010B0BMAAAA,"[('500000', 'mcg')]",[]
['aspirin'],0407010B0BNAAAF,"[('300000', 'mcg')]",[]
['aspirin'],0407010B0BNABAE,"[('300000', 'mcg')]",[]
['aspirin'],0407010B0BPAAAF,"[('300000', 'mcg')]",[]
['aspirin'],0407010B0BQAAA3,"[('300000', 'mcg')]",[]
['aspirin'],0407010B0BRAACB,"[('500000', 'mcg')]",[]
['aspirin'],0407010B0BSAAAE,"[('300000', 'mcg')]",[]
"['codeine', 'paracetamol']",0407010F0AAAAAA,"[('8000', 'mcg'), ('500000', 'mcg')]",[]
"['codeine', 'paracetamol']",0407010F0AAABAB,"[('8000', 'mcg'), ('500000', 'mcg')]",[]
"['codeine', 'paracetamol']",0407010F0AAACAC,"[('8000', 'mcg'), ('500000', 'mcg')]",[]
"['codeine', 'paracetamol']",0407010F0AAADAD,"[('30000', 'mcg'), ('500000', 'mcg')]",[]
"['codeine', 'paracetamol']",0407010F0AAAEAE,"[('12000', 'mcg'), ('120000', 'mcg')]",[]
"['codeine', 'paracetamol']",0407010F0AAAFAF,"[('30000', 'mcg'), ('500000', 'mcg')]",[]
"['codeine', 'paracetamol']",0407010F0AAAGAG,"[('8100', 'mcg'), ('450000', 'mcg')]",[]
"['codeine', 'paracetamol']",0407010F0AAAHAH,"[('30000', 'mcg'), ('500000', 'mcg')]",[]
"['codeine', 'paracetamol']",0407010F0AAAIAI,"[('12800', 'mcg'), ('500000', 'mcg')]",[]
"['codeine', 'paracetamol']",0407010F0AAAJAJ,"[('10000', 'mcg'), ('500000', 'mcg')]",[]
"['codeine', 'paracetamol']",0407010F0AAAKAK,"[('15000', 'mcg'), ('500000', 'mcg')]",[]
"['codeine', 'paracetamol']",0407010F0AAALAL,"[('30000', 'mcg'), ('500000', 'mcg')]",[]
"['codeine', 'paracetamol']",0407010F0AAAMAM,"[('12000', 'mcg'), ('120000', 'mcg')]",[]
"['codeine', 'paracetamol']",0407010F0AAANAN,"[('8000', 'mcg'), ('500000', 'mcg')]",[]
"['codeine', 'paracetamol']",0407010F0AAAPAP,"[('12800', 'mcg'), ('500000', 'mcg')]",[]
"['codeine', 'paracetamol']",0407010F0AAAQAQ,"[('30000', 'mcg'), ('500000', 'mcg')]",[]
"['codeine', 'paracetamol']",0407010F0AAARAR,"[('60000', 'mcg'), ('1000000', 'mcg')]",[]
"['codeine', 'paracetamol']",0407010F0AAASAS,"[('8000', 'mcg'), ('500000', 'mcg')]",[]
"['codeine', 'paracetamol']",0407010F0AAATAT,"[('8000', 'mcg'), ('500000', 'mcg')]",[]
"['codeine', 'paracetamol']",0407010F0AAAUAU,"[('8000', 'mcg'), ('500000', 'mcg')]",[]
"['codeine', 'paracetamol']",0407010F0AAAVAV,"[('15000', 'mcg'), ('500000', 'mcg')]",[]
"['codeine', 'paracetamol']",0407010F0AAAWAW,"[('15000', 'mcg'), ('500000', 'mcg')]",[]
"['codeine', 'paracetamol']",0407010F0AAAXAX,[],[]
"['codeine', 'paracetamol']",0407010F0AAAYAY,"[('60000', 'mcg'), ('1000000', 'mcg')]",[]
"['codeine', 'paracetamol']",0407010F0BBAAAB,"[('8000', 'mcg'), ('500000', 'mcg')]",[]
"['codeine', 'paracetamol']",0407010F0BBABAC,"[('8000', 'mcg'), ('500000', 'mcg')]",[]
"['codeine', 'paracetamol']",0407010F0BCAAAB,"[('8000', 'mcg'), ('500000', 'mcg')]",[]
"['codeine', 'paracetamol']",0407010F0BCABAB,"[('8000', 'mcg'), ('500000', 'mcg')]",[]
"['codeine', 'paracetamol']",0407010F0BDAAAC,"[('8000', 'mcg'), ('500000', 'mcg')]",[]
"['codeine', 'paracetamol']",0407010F0BEAAAD,"[('30000', 'mcg'), ('500000', 'mcg')]",[]
"['codeine', 'paracetamol']",0407010F0BEABAF,"[('30000', 'mcg'), ('500000', 'mcg')]",[]
"['codeine', 'paracetamol']",0407010F0BFAAAE,"[('12000', 'mcg'), ('120000', 'mcg')]",[]
"['codeine', 'paracetamol']",0407010F0BGAAAF,"[('30000', 'mcg'), ('500000', 'mcg')]",[]
"['codeine', 'paracetamol']",0407010F0BGABAH,"[('30000', 'mcg'), ('500000', 'mcg')]",[]
"['codeine', 'paracetamol']",0407010F0BGACAD,"[('30000', 'mcg'), ('500000', 'mcg')]",[]
"['codeine', 'paracetamol']",0407010F0BHAAAH,"[('30000', 'mcg'), ('500000', 'mcg')]",[]
"['codeine', 'paracetamol']",0407010F0BHABAQ,"[('30000', 'mcg'), ('500000', 'mcg')]",[]
"['codeine', 'paracetamol']",0407010F0BHACAR,"[('60000', 'mcg'), ('1000000', 'mcg')]",[]
"['codeine', 'paracetamol']",0407010F0BHADAD,"[('30000', 'mcg'), ('500000', 'mcg')]",[]
"['codeine', 'paracetamol']",0407010F0BHAEAF,"[('30000', 'mcg'), ('500000', 'mcg')]",[]
"['codeine', 'paracetamol']",0407010F0BHAFAK,"[('15000', 'mcg'), ('500000', 'mcg')]",[]
"['codeine', 'paracetamol']",0407010F0BIAAAP,"[('12800', 'mcg'), ('500000', 'mcg')]",[]
"['codeine', 'paracetamol']",0407010F0BJAAAG,"[('8100', 'mcg'), ('450000', 'mcg')]",[]
"['codeine', 'paracetamol']",0407010F0BKAAAJ,"[('10000', 'mcg'), ('500000', 'mcg')]",[]
"['codeine', 'paracetamol']",0407010F0BLAAAK,"[('15000', 'mcg'), ('500000', 'mcg')]",[]
"['codeine', 'paracetamol']",0407010F0BLABAA,"[('8000', 'mcg'), ('500000', 'mcg')]",[]
"['codeine', 'paracetamol']",0407010F0BMAAAB,"[('8000', 'mcg'), ('500000', 'mcg')]",[]
"['codeine', 'paracetamol']",0407010F0BNAAAA,"[('8000', 'mcg'), ('500000', 'mcg')]",[]
"['codeine', 'paracetamol']",0407010F0BPAAAP,"[('12800', 'mcg'), ('500000', 'mcg')]",[]
"['codeine', 'paracetamol']",0407010F0BQAAAA,[],[]
"['codeine', 'paracetamol']",0407010F0BRAAAD,"[('30000', 'mcg'), ('500000', 'mcg')]",[]
"['codeine', 'paracetamol']",0407010F0BRABAF,"[('30000', 'mcg'), ('500000', 'mcg')]",[]
"['codeine', 'paracetamol']",0407010F0BSAAAH,"[('30000', 'mcg'), ('500000', 'mcg')]",[]
"['codeine', 'paracetamol']",0407010F0BSABAD,"[('30000', 'mcg'), ('500000', 'mcg')]",[]
"['codeine', 'paracetamol']",0407010F0BTAAAB,"[('500000', 'mcg'), ('8000', 'mcg')]",[]
"['codeine', 'paracetamol']",0407010F0BUAAAB,"[('8000', 'mcg'), ('500000', 'mcg')]",[]
"['codeine', 'paracetamol']",0407010F0BVAAAK,"[('15000', 'mcg'), ('500000', 'mcg')]",[]
"['codeine', 'paracetamol']",0407010F0BVABAV,"[('15000', 'mcg'), ('500000', 'mcg')]",[]
"['codeine', 'paracetamol']",0407010F0BVACAW,"[('15000', 'mcg'), ('500000', 'mcg')]",[]
"['codeine', 'paracetamol']",0407010F0BXAAAA,[],[]
"['codeine', 'paracetamol']",0407010F0BYAAAH,"[('30000', 'mcg'), ('500000', 'mcg')]",[]
['paracetamol'],0407010H0AAA1A1,"[('240000', 'mcg')]",[]
['paracetamol'],0407010H0AAA2A2,"[('200000', 'mcg')]",[]
['paracetamol'],0407010H0AAA3A3,"[('500000', 'mcg')]",[]
['paracetamol'],0407010H0AAA4A4,"[('500000', 'mcg')]",[]
['paracetamol'],0407010H0AAA5A5,"[('500000', 'mcg')]",[]
['paracetamol'],0407010H0AAA6A6,"[('120000', 'mcg')]",[]
['paracetamol'],0407010H0AAA7A7,"[('120000', 'mcg')]",[]
['paracetamol'],0407010H0AAA8A8,"[('240000', 'mcg')]",[]
['paracetamol'],0407010H0AAA9A9,"[('1000000', 'mcg')]","[('5', 'sztuk')]"
['paracetamol'],0407010H0AAAAAA,"[('500000', 'mcg')]",[]
['paracetamol'],0407010H0AAABAB,"[('120000', 'mcg')]",[]
['paracetamol'],0407010H0AAACAC,"[('250000', 'mcg')]",[]
['paracetamol'],0407010H0AAADAD,"[('200000', 'mcg')]",[]
['paracetamol'],0407010H0AAAGAG,"[('120000', 'mcg')]",[]
['paracetamol'],0407010H0AAAHAH,"[('500000', 'mcg')]",[]
['paracetamol'],0407010H0AAAIAI,"[('120000', 'mcg')]",[]
['paracetamol'],0407010H0AAAJAJ,"[('120000', 'mcg')]","[('5', 'sztuk')]"
['paracetamol'],0407010H0AAAKAK,"[('75000', 'mcg')]",[]
['paracetamol'],0407010H0AAALAL,"[('250000', 'mcg')]",[]
['paracetamol'],0407010H0AAAMAM,"[('500000', 'mcg')]",[]
['paracetamol'],0407010H0AAANAN,"[('120000', 'mcg')]",[]
['paracetamol'],0407010H0AAAQAQ,"[('500000', 'mcg')]",[]
['paracetamol'],0407010H0AAARAR,"[('125000', 'mcg')]",[]
['paracetamol'],0407010H0AAASAS,"[('120000', 'mcg')]",[]
['paracetamol'],0407010H0AAATAT,"[('120000', 'mcg')]",[]
['paracetamol'],0407010H0AAAUAU,"[('500000', 'mcg')]",[]
['paracetamol'],0407010H0AAAVAV,"[('500000', 'mcg')]",[]
['paracetamol'],0407010H0AAAWAW,"[('120000', 'mcg')]",[]
['paracetamol'],0407010H0AAAXAX,[],[]
['paracetamol'],0407010H0AAAYAY,"[('1000000', 'mcg')]",[]
['paracetamol'],0407010H0AAAZAZ,"[('250000', 'mcg')]",[]
['paracetamol'],0407010H0AABABA,"[('120000', 'mcg')]",[]
['paracetamol'],0407010H0AABBBB,"[('250000', 'mcg')]",[]
['paracetamol'],0407010H0AABCBC,"[('125000', 'mcg')]",[]
['paracetamol'],0407010H0AABDBD,"[('1000000', 'mcg')]",[]
['paracetamol'],0407010H0AABEBE,"[('1000000', 'mcg')]",[]
['paracetamol'],0407010H0AABFBF,"[('500000', 'mcg')]",[]
['paracetamol'],0407010H0AABGBG,"[('250000', 'mcg')]",[]
['paracetamol'],0407010H0AABHBH,"[('120000', 'mcg')]",[]
['paracetamol'],0407010H0AABIBI,"[('120000', 'mcg')]",[]
['paracetamol'],0407010H0AABJBJ,[],[]
['paracetamol'],0407010H0AABKBK,"[('4000000', 'mcg')]",[]
['paracetamol'],0407010H0AABLBL,"[('20000', 'mcg')]",[]
['paracetamol'],0407010H0AABMBM,"[('150000', 'mcg')]",[]
['paracetamol'],0407010H0AABNBN,"[('1000000', 'mcg')]",[]
['paracetamol'],0407010H0AABPBP,"[('200000', 'mcg')]",[]
['paracetamol'],0407010H0AABQBQ,"[('120000', 'mcg')]",[]
['paracetamol'],0407010H0AABRBR,"[('125000', 'mcg')]",[]
['paracetamol'],0407010H0AABSBS,"[('240000', 'mcg')]",[]
['paracetamol'],0407010H0AABTBT,"[('250000', 'mcg')]",[]
['paracetamol'],0407010H0AABUBU,"[('500000', 'mcg')]",[]
['paracetamol'],0407010H0AABVBV,"[('100000', 'mcg')]",[]
['paracetamol'],0407010H0AABWBW,"[('60000', 'mcg')]",[]
['paracetamol'],0407010H0AABXBX,"[('30000', 'mcg')]",[]
['paracetamol'],0407010H0AABYBY,"[('150000', 'mcg')]",[]
['paracetamol'],0407010H0AABZBZ,"[('360000', 'mcg')]",[]
['paracetamol'],0407010H0AACACA,"[('300000', 'mcg')]",[]
['paracetamol'],0407010H0AACBCB,"[('250000', 'mcg')]",[]
['paracetamol'],0407010H0AACCCC,"[('75000', 'mcg')]",[]
['paracetamol'],0407010H0AACDCD,"[('1500000', 'mcg')]",[]
['paracetamol'],0407010H0AACECE,"[('350000', 'mcg')]",[]
['paracetamol'],0407010H0AACFCF,"[('480000', 'mcg')]",[]
['paracetamol'],0407010H0AACGCG,"[('600000', 'mcg')]",[]
['paracetamol'],0407010H0AACHCH,"[('80000', 'mcg')]",[]
['paracetamol'],0407010H0AACICI,"[('1200000', 'mcg')]",[]
['paracetamol'],0407010H0AACJCJ,"[('24000', 'mcg')]",[]
['paracetamol'],0407010H0AACKCK,"[('2000000', 'mcg')]",[]
['paracetamol'],0407010H0AACLCL,"[('180000', 'mcg')]",[]
['paracetamol'],0407010H0AACMCM,"[('125000', 'mcg')]",[]
['paracetamol'],0407010H0AACNCN,"[('100000', 'mcg')]",[]
['paracetamol'],0407010H0AACPCP,"[('500000', 'mcg')]",[]
['paracetamol'],0407010H0AACQCQ,"[('125000', 'mcg')]",[]
['paracetamol'],0407010H0AACRCR,"[('120000', 'mcg')]",[]
['paracetamol'],0407010H0AACSCS,"[('1000000', 'mcg')]","[('5', 'sztuk')]"
['paracetamol'],0407010H0AACTCT,"[('500000', 'mcg')]",[]
['paracetamol'],0407010H0AACUCU,"[('120000', 'mcg')]",[]
['paracetamol'],0407010H0AACVCV,"[('45000', 'mcg')]",[]
['paracetamol'],0407010H0AACWCW,"[('60000', 'mcg')]",[]
['paracetamol'],0407010H0AACXCX,"[('120000', 'mcg')]",[]
['paracetamol'],0407010H0AACYCY,"[('50000', 'mcg')]",[]
['paracetamol'],0407010H0AACZCZ,"[('240000', 'mcg')]",[]
['paracetamol'],0407010H0AADADA,"[('250000', 'mcg')]",[]
['paracetamol'],0407010H0AADBDB,"[('250000', 'mcg')]",[]
['paracetamol'],0407010H0AADCDC,"[('250000', 'mcg')]",[]
['paracetamol'],0407010H0AADDDD,"[('150000', 'mcg')]",[]
['paracetamol'],0407010H0AADEDE,"[('250000', 'mcg')]","[('5', 'sztuk')]"
['paracetamol'],0407010H0AADGDG,"[('1000000', 'mcg')]",[]
['paracetamol'],0407010H0AADHDH,"[('500000', 'mcg'), ('173000', 'mcg')]",[]
['paracetamol'],0407010H0AADIDI,"[('10000', 'mcg')]","[('100', 'sztuk')]"
['paracetamol'],0407010H0AADJDJ,"[('120000', 'mcg')]","[('5', 'sztuk')]"
['paracetamol'],0407010H0AADKDK,"[('10000', 'mcg')]","[('50', 'sztuk')]"
['paracetamol'],0407010H0AADLDL,"[('1000000', 'mcg')]",[]
['paracetamol'],0407010H0AADMDM,"[('650000', 'mcg')]",[]
['paracetamol'],0407010H0AADNDN,"[('500000', 'mcg')]",[]
['paracetamol'],0407010H0AADPDP,"[('500000', 'mcg')]",[]
['paracetamol'],0407010H0AADQDQ,"[('50000', 'mcg')]",[]
['paracetamol'],0407010H0AADRDR,"[('500000', 'mcg')]",[]
['paracetamol'],0407010H0AADSDS,"[('500000', 'mcg')]",[]
['paracetamol'],0407010H0AADTDT,"[('10000', 'mcg')]","[('50', 'sztuk')]"
['paracetamol'],0407010H0B1AAAM,"[('500000', 'mcg')]",[]
['paracetamol'],0407010H0B2AABG,"[('250000', 'mcg')]",[]
['paracetamol'],0407010H0B2ABAW,"[('120000', 'mcg')]",[]
['paracetamol'],0407010H0B3AAAS,"[('120000', 'mcg')]",[]
['paracetamol'],0407010H0B3ABCX,"[('120000', 'mcg')]",[]
['paracetamol'],0407010H0B3ACAW,[],[]
['paracetamol'],0407010H0B3ADAJ,"[('120000', 'mcg')]","[('5', 'sztuk')]"
['paracetamol'],0407010H0B3AEBG,"[('250000', 'mcg')]",[]
['paracetamol'],0407010H0B3AFAM,"[('500000', 'mcg')]",[]
['paracetamol'],0407010H0B3AGAW,"[('120000', 'mcg')]",[]
['paracetamol'],0407010H0B3AHDM,"[('650000', 'mcg')]",[]
['paracetamol'],0407010H0B3AIAJ,"[('120000', 'mcg')]","[('5', 'sztuk')]"
['paracetamol'],0407010H0B3AJDM,"[('650000', 'mcg')]",[]
['paracetamol'],0407010H0B4AAAW,"[('120000', 'mcg')]",[]
['paracetamol'],0407010H0B4ABBG,"[('250000', 'mcg')]",[]
['paracetamol'],0407010H0B4ACAW,"[('120000', 'mcg')]",[]
['paracetamol'],0407010H0B4ADAW,"[('120000', 'mcg')]",[]
['paracetamol'],0407010H0BCAAAB,"[('120000', 'mcg')]",[]
['paracetamol'],0407010H0BCABAI,"[('120000', 'mcg')]",[]
['paracetamol'],0407010H0BCACAC,"[('250000', 'mcg')]",[]
['paracetamol'],0407010H0BDAAAB,"[('120000', 'mcg')]",[]
['paracetamol'],0407010H0BEAAAI,"[('120000', 'mcg')]",[]
['paracetamol'],0407010H0BEABA0,"[('120000', 'mcg')]",[]
['paracetamol'],0407010H0BEACA0,"[('120000', 'mcg')]","[('5', 'sztuk')]"
['paracetamol'],0407010H0BEADAJ,"[('120000', 'mcg')]","[('5', 'sztuk')]"
['paracetamol'],0407010H0BEAEAW,"[('120000', 'mcg')]",[]
['paracetamol'],0407010H0BEAFAI,"[('120000', 'mcg')]",[]
['paracetamol'],0407010H0BEAGA0,"[('120000', 'mcg')]",[]
['paracetamol'],0407010H0BEAHA0,"[('120000', 'mcg')]","[('5', 'sztuk')]"
['paracetamol'],0407010H0BEAIAW,"[('120000', 'mcg')]",[]
['paracetamol'],0407010H0BEAJA0,"[('120000', 'mcg')]",[]
['paracetamol'],0407010H0BEAKA0,"[('120000', 'mcg')]",[]
['paracetamol'],0407010H0BEALAC,"[('250000', 'mcg')]",[]
['paracetamol'],0407010H0BEAMBG,"[('250000', 'mcg')]",[]
['paracetamol'],0407010H0BEANA0,"[('120000', 'mcg')]",[]
['paracetamol'],0407010H0BEAPA0,"[('120000', 'mcg')]",[]
['paracetamol'],0407010H0BEAQDC,"[('250000', 'mcg')]",[]
['paracetamol'],0407010H0BEARDE,[],[]
['paracetamol'],0407010H0BEASDJ,"[('120000', 'mcg')]","[('5', 'sztuk')]"
['paracetamol'],0407010H0BEATAW,"[('120000', 'mcg')]",[]
['paracetamol'],0407010H0BFAAA7,"[('120000', 'mcg')]",[]
['paracetamol'],0407010H0BFABA8,"[('240000', 'mcg')]",[]
['paracetamol'],0407010H0BFADAM,"[('500000', 'mcg')]",[]
['paracetamol'],0407010H0BFAEAM,"[('500000', 'mcg')]",[]
['paracetamol'],0407010H0BFAFAA,"[('500000', 'mcg')]",[]
['paracetamol'],0407010H0BFAGAQ,"[('500000', 'mcg')]",[]
['paracetamol'],0407010H0BFAHAW,"[('120000', 'mcg')]",[]
['paracetamol'],0407010H0BFAIAM,"[('500000', 'mcg'), ('173000', 'mcg')]",[]
['paracetamol'],0407010H0BFAJAM,"[('500000', 'mcg')]",[]
['paracetamol'],0407010H0BFAKDL,"[('1000000', 'mcg')]",[]
['paracetamol'],0407010H0BHAAAR,"[('125000', 'mcg')]",[]
['paracetamol'],0407010H0BJAAAW,"[('120000', 'mcg')]",[]
['paracetamol'],0407010H0BJABAS,"[('120000', 'mcg')]",[]
['paracetamol'],0407010H0BJADAW,"[('120000', 'mcg')]",[]
['paracetamol'],0407010H0BJAEAJ,"[('120000', 'mcg')]","[('5', 'sztuk')]"
['paracetamol'],0407010H0BJAFAM,"[('500000', 'mcg')]",[]
['paracetamol'],0407010H0BJAGAW,"[('120000', 'mcg')]",[]
['paracetamol'],0407010H0BJAHAS,"[('120000', 'mcg')]",[]
['paracetamol'],0407010H0BJAIAW,"[('120000', 'mcg')]",[]
['paracetamol'],0407010H0BKAAAB,"[('120000', 'mcg')]",[]
['paracetamol'],0407010H0BKABBG,"[('250000', 'mcg')]",[]
['paracetamol'],0407010H0BLAAAQ,"[('500000', 'mcg')]",[]
['paracetamol'],0407010H0BLABAS,"[('120000', 'mcg')]",[]
['paracetamol'],0407010H0BMAAA7,"[('120000', 'mcg')]",[]
['paracetamol'],0407010H0BMABAM,"[('500000', 'mcg')]",[]
['paracetamol'],0407010H0BNAAAN,"[('120000', 'mcg')]",[]
['paracetamol'],0407010H0BQAAAB,"[('120000', 'mcg')]",[]
['paracetamol'],0407010H0BSAAAA,[],[]
['paracetamol'],0407010H0BTAAAS,"[('120000', 'mcg')]",[]
['paracetamol'],0407010H0BUAAAA,"[('500000', 'mcg')]",[]
['paracetamol'],0407010H0BVAAAA,"[('500000', 'mcg')]",[]
['paracetamol'],0407010H0BVABBG,"[('250000', 'mcg')]",[]
['paracetamol'],0407010H0BWAAAA,"[('500000', 'mcg')]",[]
['paracetamol'],0407010H0BXAAAB,[],[]
['paracetamol'],0407010H0BYAAAM,"[('500000', 'mcg')]",[]
['paracetamol'],0407010H0BZAAAW,"[('120000', 'mcg')]",[]
['paracetamol'],0407010H0BZABAW,"[('120000', 'mcg')]",[]
['paracetamol'],0407010H0BZACBG,"[('250000', 'mcg')]",[]
['paracetamol'],0407010H0CCAACB,"[('250000', 'mcg')]",[]
['paracetamol'],0407010H0CCABBM,"[('150000', 'mcg')]",[]
['paracetamol'],0407010H0CDAACM,"[('125000', 'mcg')]",[]
['paracetamol'],0407010H0CDABCW,"[('60000', 'mcg')]",[]
['paracetamol'],0407010H0CDACCB,"[('250000', 'mcg')]",[]
['paracetamol'],0407010H0CEAACN,"[('100000', 'mcg')]",[]
['paracetamol'],0407010H0CFAAAJ,"[('120000', 'mcg')]","[('5', 'sztuk')]"
['paracetamol'],0407010H0CFABDG,[],[]
['paracetamol'],0407010H0CFACAW,"[('120000', 'mcg')]",[]
['paracetamol'],0407010H0CGAAAM,"[('500000', 'mcg')]",[]
['paracetamol'],0407010H0CGABAM,"[('500000', 'mcg')]",[]
['paracetamol'],0407010H0CGACAW,"[('120000', 'mcg')]",[]
['paracetamol'],0407010H0CGADBG,"[('250000', 'mcg')]",[]
['paracetamol'],0407010H0CHAAAW,"[('120000', 'mcg')]",[]
['paracetamol'],0407010H0CIAABG,"[('250000', 'mcg')]",[]
['paracetamol'],0407010H0CIABAM,"[('500000', 'mcg')]",[]
['paracetamol'],0407010H0CIACAW,"[('120000', 'mcg')]",[]
['paracetamol'],0407010H0CKAAAW,"[('120000', 'mcg')]",[]
['paracetamol'],0407010H0CKABAC,"[('250000', 'mcg')]",[]
['paracetamol'],0407010H0CKACAW,"[('120000', 'mcg')]",[]
['paracetamol'],0407010H0CLAAA8,[],[]
['paracetamol'],0407010H0CMAADI,"[('10000', 'mcg')]","[('100', 'sztuk')]"
['paracetamol'],0407010H0CMABDK,"[('10000', 'mcg')]","[('50', 'sztuk')]"
['paracetamol'],0407010H0CNAAAM,"[('500000', 'mcg')]",[]
['paracetamol'],0407010H0CPAADG,"[('1000000', 'mcg')]",[]
['paracetamol'],0407010H0CPABAA,"[('500000', 'mcg')]",[]
['paracetamol'],0407010H0CQAABG,"[('250000', 'mcg')]",[]
['paracetamol'],0407010H0CRAADM,"[('650000', 'mcg')]",[]
['paracetamol'],0407010H0CSAADM,"[('650000', 'mcg')]",[]
['paracetamol'],0407010H0CSABDG,"[('1000000', 'mcg')]",[]
['paracetamol'],0407010H0CTAADQ,"[('50000', 'mcg')]",[]
['paracetamol'],0407010H0CUAAAM,"[('500000', 'mcg')]",[]
"['aspirin', 'codeine']",0407010M0AAAAAA,"[('8000', 'mcg'), ('400000', 'mcg')]",[]
"['aspirin', 'codeine']",0407010M0AAABAB,"[('8000', 'mcg'), ('400000', 'mcg')]",[]
"['aspirin', 'codeine']",0407010M0BCAAAA,[],[]
"['dihydrocodeine', 'paracetamol']",0407010N0AAAAAA,"[('10000', 'mcg'), ('500000', 'mcg')]",[]
"['dihydrocodeine', 'paracetamol']",0407010N0AAABAB,[],[]
"['dihydrocodeine', 'paracetamol']",0407010N0AAACAC,"[('10000', 'mcg'), ('500000', 'mcg')]",[]
"['dihydrocodeine', 'paracetamol']",0407010N0AAADAD,"[('10000', 'mcg'), ('500000', 'mcg')]",[]
"['dihydrocodeine', 'paracetamol']",0407010N0AAAEAE,"[('7460', 'mcg'), ('500000', 'mcg')]",[]
"['dihydrocodeine', 'paracetamol']",0407010N0AAAFAF,"[('10000', 'mcg'), ('500000', 'mcg')]",[]
"['dihydrocodeine', 'paracetamol']",0407010N0AAAGAG,"[('10000', 'mcg'), ('500000', 'mcg')]",[]
"['dihydrocodeine', 'paracetamol']",0407010N0AAAHAH,"[('20000', 'mcg'), ('500000', 'mcg')]",[]
"['dihydrocodeine', 'paracetamol']",0407010N0AAAIAI,"[('30000', 'mcg'), ('500000', 'mcg')]",[]
"['dihydrocodeine', 'paracetamol']",0407010N0AAAJAJ,"[('500000', 'mcg'), ('7460', 'mcg')]",[]
"['dihydrocodeine', 'paracetamol']",0407010N0AAAKAK,"[('500000', 'mcg'), ('7460', 'mcg')]",[]
"['dihydrocodeine', 'paracetamol']",0407010N0AAALAL,"[('500000', 'mcg'), ('10000', 'mcg')]","[('5', 'sztuk')]"
"['dihydrocodeine', 'paracetamol']",0407010N0AAAMAM,[],[]
"['dihydrocodeine', 'paracetamol']",0407010N0AAANAN,[],[]
"['dihydrocodeine', 'paracetamol']",0407010N0AAAPAP,[],[]
"['dihydrocodeine', 'paracetamol']",0407010N0BCAAAA,"[('10000', 'mcg'), ('500000', 'mcg')]",[]
"['dihydrocodeine', 'paracetamol']",0407010N0BDAAAA,"[('10000', 'mcg'), ('500000', 'mcg')]",[]
"['dihydrocodeine', 'paracetamol']",0407010N0BEAAAE,[],[]
"['dihydrocodeine', 'paracetamol']",0407010N0BFAAAH,"[('20000', 'mcg'), ('500000', 'mcg')]",[]
"['dihydrocodeine', 'paracetamol']",0407010N0BFABAI,"[('30000', 'mcg'), ('500000', 'mcg')]",[]
"['dihydrocodeine', 'paracetamol']",0407010N0BGAAAH,[],[]
"['dihydrocodeine', 'paracetamol']",0407010N0BGABAI,[],[]
"['dihydrocodeine', 'paracetamol']",0407010N0BGACAM,[],[]
"['dihydrocodeine', 'paracetamol']",0407010N0BGADAN,[],[]
"['dihydrocodeine', 'paracetamol']",0407010N0BHAAAP,"[('500000', 'mcg'), ('10000', 'mcg')]",[]
"['dihydrocodeine', 'paracetamol']",0407010N0BHABAJ,"[('500000', 'mcg'), ('7460', 'mcg')]",[]
"['dihydrocodeine', 'paracetamol']",0407010N0BHACAK,"[('500000', 'mcg'), ('7460', 'mcg')]",[]
"['dihydrocodeine', 'paracetamol']",0407010N0BIAAAA,"[('500000', 'mcg'), ('10000', 'mcg')]",[]
['nefopam'],0407010P0AAAAAA,"[('20000', 'mcg')]","[('1', 'sztuk')]"
['nefopam'],0407010P0AAABAB,"[('30000', 'mcg')]",[]
['nefopam'],0407010P0AAADAD,[],[]
['nefopam'],0407010P0AAAEAE,"[('20000', 'mcg')]",[]
['nefopam'],0407010P0AAAFAF,"[('30000', 'mcg')]",[]
['nefopam'],0407010P0BBAAAB,"[('30000', 'mcg')]",[]
['nefopam'],0407010P0BBABAA,"[('20000', 'mcg')]","[('1', 'sztuk')]"
"['dextropropoxyphene', 'paracetamol']",0407010Q0AAAAAA,"[('32500', 'mcg'), ('325000', 'mcg')]",[]
"['dextropropoxyphene', 'paracetamol']",0407010Q0AAABAB,"[('32500', 'mcg'), ('325000', 'mcg')]",[]
"['dextropropoxyphene', 'paracetamol']",0407010Q0AAACAC,[],[]
"['dextropropoxyphene', 'paracetamol']",0407010Q0AAADAD,"[('32500', 'mcg'), ('325000', 'mcg')]",[]
"['dextropropoxyphene', 'paracetamol']",0407010Q0BBAAAA,"[('32500', 'mcg'), ('325000', 'mcg')]",[]
"['dextropropoxyphene', 'paracetamol']",0407010Q0BCAAAA,"[('32500', 'mcg'), ('325000', 'mcg')]",[]
"['dextropropoxyphene', 'paracetamol']",0407010Q0BDAAAA,"[('32500', 'mcg'), ('325000', 'mcg')]",[]
"['dextropropoxyphene', 'paracetamol']",0407010Q0BEAAAA,"[('32500', 'mcg'), ('325000', 'mcg')]",[]
"['aspirin', 'codeine']",0407010R0AAAAAA,[],[]
"['aspirin', 'paracetamol']",0407010S0AAAAAA,"[('250000', 'mcg'), ('250000', 'mcg')]",[]
"['aspirin', 'paracetamol']",0407010S0AAABAB,"[('300000', 'mcg'), ('250000', 'mcg')]",[]
"['aspirin', 'paracetamol']",0407010S0AAACAC,"[('300000', 'mcg'), ('200000', 'mcg')]",[]
"['aspirin', 'paracetamol']",0407010S0BBAAAA,"[('500000', 'mcg')]",[]
"['aspirin', 'paracetamol']",0407010S0BCAAAB,[],[]
"['aspirin', 'paracetamol']",0407010S0BDAAAC,[],[]
"['aspirin', 'codeine', 'paracetamol']",0407010T0AAAAAA,[],[]
"['caffeine', 'paracetamol']",0407010U0AAAAAA,"[('500000', 'mcg'), ('65000', 'mcg')]",[]
"['caffeine', 'paracetamol']",0407010U0AAABAB,"[('500000', 'mcg'), ('32000', 'mcg')]",[]
"['caffeine', 'paracetamol']",0407010U0AAACAC,"[('500000', 'mcg'), ('65000', 'mcg')]",[]
"['caffeine', 'paracetamol']",0407010U0BBAAAA,[],[]
"['caffeine', 'paracetamol']",0407010U0BBABAC,[],[]
"['caffeine', 'paracetamol']",0407010U0BBACAA,"[('500000', 'mcg'), ('65000', 'mcg')]",[]
"['caffeine', 'paracetamol']",0407010U0BCAAAA,[],[]
"['caffeine', 'paracetamol']",0407010U0BDAAAA,"[('500000', 'mcg'), ('65000', 'mcg')]",[]
"['caffeine', 'paracetamol']",0407010U0BDABAC,[],[]
"['caffeine', 'paracetamol']",0407010U0BEAAAA,[],[]
"['caffeine', 'paracetamol']",0407010U0BFAAAA,[],[]
"['caffeine', 'paracetamol']",0407010U0BFABAC,[],[]
"['caffeine', 'paracetamol']",0407010U0BGAAAA,[],[]
"['caffeine', 'paracetamol']",0407010U0BHAAAA,"[('500000', 'mcg'), ('65000', 'mcg')]",[]
"['caffeine', 'paracetamol']",0407010U0BIAAAC,[],[]
"['codeine', 'paracetamol']",0407010V0AAAAAA,"[('500000', 'mcg'), ('30000', 'mcg')]",[]
"['codeine', 'paracetamol']",0407010V0AAABAB,"[('120000', 'mcg'), ('12000', 'mcg')]",[]
"['codeine', 'paracetamol']",0407010V0AAACAC,"[('500000', 'mcg'), ('30000', 'mcg')]",[]
"['codeine', 'paracetamol']",0407010V0AAADAD,"[('500000', 'mcg'), ('30000', 'mcg')]",[]
"['codeine', 'paracetamol']",0407010V0AAAEAE,"[('500000', 'mcg'), ('30000', 'mcg')]",[]
"['codeine', 'paracetamol']",0407010V0AAAFAF,"[('500000', 'mcg'), ('13500', 'mcg')]",[]
['aspirin'],0407010W0AAAAAA,[],[]
['aspirin'],0407010W0AAABAB,[],[]
['aspirin'],0407010W0AAACAC,[],[]
['aspirin'],0407010W0AAADAD,"[('500000', 'mcg'), ('8000', 'mcg')]",[]
['aspirin'],0407010W0AAAEAE,[],[]
['aspirin'],0407010W0BBAAAA,[],[]
['aspirin'],0407010W0BBABA0,[],[]
['aspirin'],0407010W0BCAAAB,[],[]
['aspirin'],0407010W0BDAAAC,[],[]
['aspirin'],0407010W0BEAAA0,[],[]
['aspirin'],0407010W0BFAAA0,[],[]
['aspirin'],0407010W0BGAAAE,[],[]
['aspirin'],0407010W0BGABA0,[],[]
['aspirin'],0407010W0BHAAAD,"[('500000', 'mcg'), ('8000', 'mcg')]",[]
['aspirin'],0407010W0BIAAA0,[],[]
['aspirin'],0407010W0BJAAA0,[],[]
['aspirin'],0407010W0BKAAA0,[],[]
['aspirin'],0407010W0BKABA0,[],[]
['aspirin'],0407010W0BLAAA0,[],[]
['aspirin'],0407010W0BMAAA0,[],[]
['aspirin'],0407010W0BMABA0,[],[]
['aspirin'],0407010W0BNAAA0,[],[]
['aspirin'],0407010W0BPAAA0,[],[]
['paracetamol'],0407010X0AAAAAA,[],[]
['paracetamol'],0407010X0AAABAB,[],[]
['paracetamol'],0407010X0AAACAC,"[('120000', 'mcg'), ('1500', 'mcg')]",[]
['paracetamol'],0407010X0AAADAD,[],[]
['paracetamol'],0407010X0AAAEAE,"[('100000', 'mcg'), ('450000', 'mcg')]",[]
['paracetamol'],0407010X0AAAFAF,[],[]
['paracetamol'],0407010X0AAAGAG,[],[]
['paracetamol'],0407010X0AAAJAJ,[],[]
['paracetamol'],0407010X0AAAKAK,[],[]
['paracetamol'],0407010X0AAALAL,[],[]
['paracetamol'],0407010X0AAAMAM,[],[]
['paracetamol'],0407010X0AAARAR,"[('120000', 'mcg'), ('25000', 'mcg')]",[]
['paracetamol'],0407010X0AAASAS,[],[]
['paracetamol'],0407010X0AAATAT,"[('500000', 'mcg'), ('25000', 'mcg')]",[]
['paracetamol'],0407010X0AAAVAV,[],[]
['paracetamol'],0407010X0AAAWAW,[],[]
['paracetamol'],0407010X0AAAXAX,[],[]
['paracetamol'],0407010X0AAAYAY,[],[]
['paracetamol'],0407010X0AAAZAZ,"[('650000', 'mcg'), ('50000', 'mcg')]",[]
['paracetamol'],0407010X0AABABA,[],[]
['paracetamol'],0407010X0AABCBC,[],[]
['paracetamol'],0407010X0AABDBD,[],[]
['paracetamol'],0407010X0AABGBG,[],[]
['paracetamol'],0407010X0AABIBI,[],[]
['paracetamol'],0407010X0AABJBJ,"[('250000', 'mcg'), ('50000', 'mcg')]","[('5', 'sztuk')]"
['paracetamol'],0407010X0AABKBK,"[('1000000', 'mcg'), ('60000', 'mcg')]",[]
['paracetamol'],0407010X0AABMBM,"[('120000', 'mcg'), ('12500', 'mcg')]","[('5', 'sztuk')]"
['paracetamol'],0407010X0AABPBP,[],[]
['paracetamol'],0407010X0BCAAAB,[],[]
['paracetamol'],0407010X0BDAAAC,[],[]
['paracetamol'],0407010X0BDABAX,[],[]
['paracetamol'],0407010X0BEAAAD,[],[]
['paracetamol'],0407010X0BEABAD,[],[]
['paracetamol'],0407010X0BEACAJ,[],[]
['paracetamol'],0407010X0BFAAAE,[],[]
['paracetamol'],0407010X0BGAAAF,[],[]
['paracetamol'],0407010X0BHAAAG,[],[]
['paracetamol'],0407010X0BJAAA0,[],[]
['paracetamol'],0407010X0BKAAA0,[],[]
['paracetamol'],0407010X0BKABA0,[],[]
['paracetamol'],0407010X0BKACA0,[],[]
['paracetamol'],0407010X0BLAAA0,[],[]
['paracetamol'],0407010X0BNAAA0,[],[]
['paracetamol'],0407010X0BPAAA0,[],[]
['paracetamol'],0407010X0BQAAA0,[],[]
['paracetamol'],0407010X0BRAAAK,[],[]
['paracetamol'],0407010X0BRABAS,[],[]
['paracetamol'],0407010X0BRACA0,[],[]
['paracetamol'],0407010X0BSAAAL,[],[]
['paracetamol'],0407010X0BTAAAF,[],[]
['paracetamol'],0407010X0BTABAW,[],[]
['paracetamol'],0407010X0BTACBA,[],[]
['paracetamol'],0407010X0BTADBC,[],[]
['paracetamol'],0407010X0BTAEAF,[],[]
['paracetamol'],0407010X0BTAFBI,[],[]
['paracetamol'],0407010X0BTAGBC,"[('6000000', 'mcg')]",[]
['paracetamol'],0407010X0BTAHBC,[],[]
['paracetamol'],0407010X0BTAIA0,[],[]
['paracetamol'],0407010X0BTAJA0,[],[]
['paracetamol'],0407010X0BTAKAW,[],[]
['paracetamol'],0407010X0BTALA0,[],[]
['paracetamol'],0407010X0BTAMA0,[],[]
['paracetamol'],0407010X0BTANA0,[],[]
['paracetamol'],0407010X0BTAPBC,[],[]
['paracetamol'],0407010X0BVAAAT,[],[]
['paracetamol'],0407010X0BWAAA0,[],[]
['paracetamol'],0407010X0BYAAAV,[],[]
['paracetamol'],0407010X0BYABBM,[],[]
['paracetamol'],0407010X0BZAAAY,[],[]
['paracetamol'],0407010X0CBAAAF,[],[]
['paracetamol'],0407010X0CCAAAZ,"[('650000', 'mcg'), ('50000', 'mcg')]",[]
['paracetamol'],0407010X0CDAAAJ,[],[]
['paracetamol'],0407010X0CDABA0,[],[]
['paracetamol'],0407010X0CDACBF,[],[]
['paracetamol'],0407010X0CDADAZ,[],[]
['paracetamol'],0407010X0CDAEA0,[],[]
['paracetamol'],0407010X0CDAFA0,[],[]
['paracetamol'],0407010X0CDAGA0,[],[]
['paracetamol'],0407010X0CDAHA0,[],[]
['paracetamol'],0407010X0CDAIAZ,[],[]
['paracetamol'],0407010X0CDAJA0,[],[]
['paracetamol'],0407010X0CDAKA0,[],[]
['paracetamol'],0407010X0CDALA0,[],[]
['paracetamol'],0407010X0CDAMA0,[],[]
['paracetamol'],0407010X0CDANA0,[],[]
['paracetamol'],0407010X0CDAPA0,[],[]
['paracetamol'],0407010X0CDAQA0,[],[]
['paracetamol'],0407010X0CDARAF,[],[]
['paracetamol'],0407010X0CDASA0,[],[]
['paracetamol'],0407010X0CDATAF,[],[]
['paracetamol'],0407010X0CDAUA0,[],[]
['paracetamol'],0407010X0CDAVBI,[],[]
['paracetamol'],0407010X0CFAABD,[],[]
['paracetamol'],0407010X0CFACA0,[],[]
['paracetamol'],0407010X0CFADBK,[],[]
['paracetamol'],0407010X0CFAEA0,[],[]
['paracetamol'],0407010X0CFAGA0,[],[]
['paracetamol'],0407010X0CFAHA0,[],[]
['paracetamol'],0407010X0CFAIA0,[],[]
['paracetamol'],0407010X0CFAJBJ,[],[]
['paracetamol'],0407010X0CFALA0,[],[]
['paracetamol'],0407010X0CFAMA0,[],[]
['paracetamol'],0407010X0CFANA0,[],[]
['paracetamol'],0407010X0CFAPA0,[],[]
['paracetamol'],0407010X0CFAQA0,[],[]
['paracetamol'],0407010X0CFARA0,[],[]
['paracetamol'],0407010X0CGAAAD,[],[]
['paracetamol'],0407010X0CHAAAF,[],[]
['paracetamol'],0407010X0CIAABG,"[('120000', 'mcg'), ('7000', 'mcg')]",[]
['paracetamol'],0407010X0CKAABJ,[],[]
['paracetamol'],0407010X0CLAAA0,[],[]
['paracetamol'],0407010X0CLABA0,[],[]
['paracetamol'],0407010X0CMAAA0,[],[]
['paracetamol'],0407010X0CMABA0,[],[]
['paracetamol'],0407010X0CMACA0,[],[]
['paracetamol'],0407010X0CNAAA0,[],[]
['paracetamol'],0407010X0CPAABJ,[],[]
['paracetamol'],0407010X0CPABAF,[],[]
['paracetamol'],0407010X0CPACA0,[],[]
['paracetamol'],0407010X0CPADBI,[],[]
['paracetamol'],0407010X0CPAEA0,[],[]
['paracetamol'],0407010X0CQAAAF,[],[]
['paracetamol'],0407010X0CQABAF,[],[]
['paracetamol'],0407010X0CQACA0,[],[]
['paracetamol'],0407010X0CRAAA0,[],[]
['paracetamol'],0407010X0CRABA0,[],[]
['paracetamol'],0407010X0CRACA0,[],[]
['paracetamol'],0407010X0CRADBI,[],[]
['paracetamol'],0407010X0CRAEBI,[],[]
['paracetamol'],0407010X0CSAAA0,[],[]
['paracetamol'],0407010X0CTAABM,"[('120000', 'mcg'), ('12500', 'mcg')]","[('5', 'sztuk')]"
['paracetamol'],0407010X0CUAABM,"[('120000', 'mcg'), ('12500', 'mcg')]",[]
['paracetamol'],0407010X0CVAAA0,[],[]
['paracetamol'],0407010X0CWAAA0,[],[]
['paracetamol'],0407010X0CXAAA0,"[('8090000', 'mcg')]",[]
['paracetamol'],0407010X0CXABA0,[],[]
['paracetamol'],0407010X0CYAAA0,[],[]
['paracetamol'],0407010X0CYABA0,[],[]
['paracetamol'],0407010X0CYACAF,[],[]
['paracetamol'],0407010X0CYADBI,[],[]
['paracetamol'],0407010X0CYAEA0,[],[]
['paracetamol'],0407010X0CYAFA0,[],[]
['paracetamol'],0407010X0CYAGA0,[],[]
['paracetamol'],0407010X0CZAAA0,[],[]
['paracetamol'],0407010X0DBAAA0,[],[]
['paracetamol'],0407010X0DDAABP,[],[]
['paracetamol'],0407010X0DEAAA0,[],[]
['paracetamol'],0407010X0DEABA0,[],[]
['paracetamol'],0407010X0DEACBI,[],[]
['paracetamol'],0407010X0DEADA0,[],[]
['morphine'],040702010AAAAAA,[],[]
['morphine'],040702010AAABAB,"[('8400', 'mcg')]","[('5', 'sztuk')]"
['morphine'],040702010BBAAAA,[],[]
['morphine'],040702010BBABAB,[],"[('5', 'sztuk')]"
"['cyclizine', 'morphine']",040702020AAAAAA,"[('10000', 'mcg'), ('50000', 'mcg')]","[('1', 'sztuk')]"
"['cyclizine', 'morphine']",040702020AAABAB,"[('15000', 'mcg'), ('50000', 'mcg')]","[('1', 'sztuk')]"
"['cyclizine', 'morphine']",040702020BBAAAA,[],"[('1', 'sztuk')]"
"['cyclizine', 'morphine']",040702020BBABAB,[],"[('1', 'sztuk')]"
['tramadol'],040702040AAAAAA,"[('50000', 'mcg')]",[]
['tramadol'],040702040AAABAB,"[('50000', 'mcg')]","[('2', 'sztuk')]"
['tramadol'],040702040AAACAC,"[('100000', 'mcg')]",[]
['tramadol'],040702040AAADAD,"[('150000', 'mcg')]",[]
['tramadol'],040702040AAAEAE,"[('200000', 'mcg')]",[]
['tramadol'],040702040AAAFAF,"[('50000', 'mcg')]",[]
['tramadol'],040702040AAAGAG,"[('50000', 'mcg')]",[]
['tramadol'],040702040AAAHAH,"[('100000', 'mcg')]",[]
['tramadol'],040702040AAAIAI,"[('150000', 'mcg')]",[]
['tramadol'],040702040AAAJAJ,"[('200000', 'mcg')]",[]
['tramadol'],040702040AAAKAK,"[('50000', 'mcg')]",[]
['tramadol'],040702040AAALAL,"[('100000', 'mcg')]",[]
['tramadol'],040702040AAAMAM,"[('300000', 'mcg')]",[]
['tramadol'],040702040AAANAN,"[('400000', 'mcg')]",[]
['tramadol'],040702040AAAPAP,"[('75000', 'mcg')]",[]
['tramadol'],040702040AAAQAQ,"[('50000', 'mcg')]",[]
['tramadol'],040702040AAARAR,"[('50000', 'mcg')]","[('2', 'sztuk')]"
['tramadol'],040702040AAASAS,"[('50000', 'mcg')]",[]
['tramadol'],040702040AAATAT,"[('50000', 'mcg')]",[]
['tramadol'],040702040AAAUAU,"[('37500', 'mcg'), ('325000', 'mcg')]",[]
['tramadol'],040702040AAAVAV,"[('100000', 'mcg')]",[]
['tramadol'],040702040AAAWAW,"[('150000', 'mcg')]",[]
['tramadol'],040702040AAAXAX,"[('200000', 'mcg')]",[]
['tramadol'],040702040AAAYAY,"[('50000', 'mcg')]",[]
['tramadol'],040702040AAAZAZ,"[('50000', 'mcg')]",[]
['tramadol'],040702040AABABA,"[('37500', 'mcg'), ('325000', 'mcg')]",[]
['tramadol'],040702040AABBBB,"[('100000', 'mcg')]",[]
['tramadol'],040702040AABCBC,"[('75000', 'mcg'), ('650000', 'mcg')]",[]
['tramadol'],040702040AABDBD,"[('75000', 'mcg'), ('25000', 'mcg')]",[]
['tramadol'],040702040BBAAAA,"[('50000', 'mcg')]",[]
['tramadol'],040702040BBABAB,"[('100000', 'mcg')]",[]
['tramadol'],040702040BBACAC,"[('100000', 'mcg')]",[]
['tramadol'],040702040BBADAD,"[('150000', 'mcg')]",[]
['tramadol'],040702040BBAEAE,"[('200000', 'mcg')]",[]
['tramadol'],040702040BBAFAF,"[('50000', 'mcg')]",[]
['tramadol'],040702040BBAGAD,"[('150000', 'mcg')]",[]
['tramadol'],040702040BBAHAE,"[('200000', 'mcg')]",[]
['tramadol'],040702040BBAIAM,"[('300000', 'mcg')]",[]
['tramadol'],040702040BBAJAN,"[('400000', 'mcg')]",[]
['tramadol'],040702040BBAKAY,"[('50000', 'mcg')]",[]
['tramadol'],040702040BCAAAA,"[('50000', 'mcg')]",[]
['tramadol'],040702040BCABAK,"[('50000', 'mcg')]",[]
['tramadol'],040702040BCACAL,"[('100000', 'mcg')]",[]
['tramadol'],040702040BDAAAA,"[('50000', 'mcg')]",[]
['tramadol'],040702040BDABAG,"[('50000', 'mcg')]",[]
['tramadol'],040702040BDACAH,"[('100000', 'mcg')]",[]
['tramadol'],040702040BDADAI,"[('150000', 'mcg')]",[]
['tramadol'],040702040BDAEAJ,"[('200000', 'mcg')]",[]
['tramadol'],040702040BDAFAB,"[('50000', 'mcg')]","[('2', 'sztuk')]"
['tramadol'],040702040BDAGAT,"[('50000', 'mcg')]",[]
['tramadol'],040702040BDAHAD,"[('150000', 'mcg')]",[]
['tramadol'],040702040BDAIAE,"[('200000', 'mcg')]",[]
['tramadol'],040702040BDAJAM,"[('300000', 'mcg')]",[]
['tramadol'],040702040BDAKAN,"[('400000', 'mcg')]",[]
['tramadol'],040702040BEAAAP,"[('75000', 'mcg')]",[]
['tramadol'],040702040BEABAC,"[('100000', 'mcg')]",[]
['tramadol'],040702040BEACAD,"[('150000', 'mcg')]",[]
['tramadol'],040702040BEADAE,"[('200000', 'mcg')]",[]
['tramadol'],040702040BEAEAD,"[('150000', 'mcg')]",[]
['tramadol'],040702040BEAFAE,"[('200000', 'mcg')]",[]
['tramadol'],040702040BEAGAM,"[('300000', 'mcg')]",[]
['tramadol'],040702040BEAHAN,"[('400000', 'mcg')]",[]
['tramadol'],040702040BFAAAU,"[('37500', 'mcg'), ('325000', 'mcg')]",[]
['tramadol'],040702040BFABBA,"[('37500', 'mcg'), ('325000', 'mcg')]",[]
['tramadol'],040702040BGAAAC,"[('100000', 'mcg')]",[]
['tramadol'],040702040BGABAD,"[('150000', 'mcg')]",[]
['tramadol'],040702040BGACAE,"[('200000', 'mcg')]",[]
['tramadol'],040702040BHAAAC,"[('100000', 'mcg')]",[]
['tramadol'],040702040BHABAD,"[('150000', 'mcg')]",[]
['tramadol'],040702040BHACAE,"[('200000', 'mcg')]",[]
['tramadol'],040702040BHADAC,"[('100000', 'mcg')]",[]
['tramadol'],040702040BHAEAD,"[('150000', 'mcg')]",[]
['tramadol'],040702040BHAFAE,"[('200000', 'mcg')]",[]
['tramadol'],040702040BIAAAC,"[('100000', 'mcg')]",[]
['tramadol'],040702040BIABAE,"[('200000', 'mcg')]",[]
['tramadol'],040702040BIACAM,"[('300000', 'mcg')]",[]
['tramadol'],040702040BJAAAG,"[('50000', 'mcg')]",[]
['tramadol'],040702040BJABAH,"[('100000', 'mcg')]",[]
['tramadol'],040702040BJACAI,"[('150000', 'mcg')]",[]
['tramadol'],040702040BJADAJ,"[('200000', 'mcg')]",[]
['tramadol'],040702040BKAAAC,"[('100000', 'mcg')]",[]
['tramadol'],040702040BKABAD,"[('150000', 'mcg')]",[]
['tramadol'],040702040BKACAE,"[('200000', 'mcg')]",[]
['tramadol'],040702040BLAAAC,"[('100000', 'mcg')]",[]
['tramadol'],040702040BLABAD,"[('150000', 'mcg')]",[]
['tramadol'],040702040BLACAE,"[('200000', 'mcg')]",[]
['tramadol'],040702040BMAAAC,"[('100000', 'mcg')]",[]
['tramadol'],040702040BNAAAC,"[('100000', 'mcg')]",[]
['tramadol'],040702040BNABAD,"[('150000', 'mcg')]",[]
['tramadol'],040702040BNACAE,"[('200000', 'mcg')]",[]
['tramadol'],040702040BNADAE,"[('200000', 'mcg')]",[]
['tramadol'],040702040BNAEAD,"[('150000', 'mcg')]",[]
['tramadol'],040702040BNAFAC,"[('100000', 'mcg')]",[]
['tramadol'],040702040BPAAAG,"[('50000', 'mcg')]",[]
['tramadol'],040702040BPABAH,"[('100000', 'mcg')]",[]
['tramadol'],040702040BPACAI,"[('150000', 'mcg')]",[]
['tramadol'],040702040BPADAJ,"[('200000', 'mcg')]",[]
['tramadol'],040702040BQAAAC,"[('100000', 'mcg')]",[]
['tramadol'],040702040BQABAD,"[('150000', 'mcg')]",[]
['tramadol'],040702040BQACAE,"[('200000', 'mcg')]",[]
['tramadol'],040702040BRAAAC,"[('100000', 'mcg')]",[]
['tramadol'],040702040BRABAD,"[('150000', 'mcg')]",[]
['tramadol'],040702040BRACAE,"[('200000', 'mcg')]",[]
['tramadol'],040702040BSAAAC,"[('100000', 'mcg')]",[]
['tramadol'],040702040BSABAD,"[('150000', 'mcg')]",[]
['tramadol'],040702040BSACAE,"[('200000', 'mcg')]",[]
['tramadol'],040702040BTAAAC,"[('100000', 'mcg')]",[]
['tramadol'],040702040BTABAD,"[('150000', 'mcg')]",[]
['tramadol'],040702040BTACAE,"[('200000', 'mcg')]",[]
['tramadol'],040702040BUAAAC,"[('100000', 'mcg')]",[]
['tramadol'],040702040BUABAD,"[('150000', 'mcg')]",[]
['tramadol'],040702040BUACAE,"[('200000', 'mcg')]",[]
['tramadol'],040702040BVAAAD,"[('150000', 'mcg')]",[]
['tramadol'],040702040BVABAP,"[('75000', 'mcg')]",[]
['tramadol'],040702040BVACAC,"[('100000', 'mcg')]",[]
['tramadol'],040702040BVADAE,"[('200000', 'mcg')]",[]
['tramadol'],040702040BWAAAC,"[('100000', 'mcg')]",[]
['tramadol'],040702040BXAABD,"[('75000', 'mcg'), ('25000', 'mcg')]",[]
['hydromorphone'],040702050AAAAAA,"[('16000', 'mcg')]",[]
['hydromorphone'],040702050AAABAB,"[('24000', 'mcg')]",[]
['hydromorphone'],040702050AAACAC,"[('8000', 'mcg')]",[]
['hydromorphone'],040702050AAADAD,"[('2600', 'mcg')]",[]
['hydromorphone'],040702050AAAEAE,"[('1300', 'mcg')]",[]
['hydromorphone'],040702050AAAFAF,"[('2000', 'mcg')]",[]
['hydromorphone'],040702050AAAGAG,"[('4000', 'mcg')]",[]
['hydromorphone'],040702050AAAHAH,"[('20000', 'mcg')]",[]
['hydromorphone'],040702050AAAIAI,"[('50000', 'mcg')]",[]
['hydromorphone'],040702050AAAJAJ,"[('10000', 'mcg')]","[('1', 'sztuk')]"
['hydromorphone'],040702050AAAKAK,"[('5000', 'mcg')]",[]
['hydromorphone'],040702050AAALAL,"[('2000', 'mcg')]","[('1', 'sztuk')]"
['hydromorphone'],040702050AAAMAM,"[('20000', 'mcg')]","[('1', 'sztuk')]"
['hydromorphone'],040702050AAANAN,"[('10000', 'mcg')]","[('1', 'sztuk')]"
['hydromorphone'],040702050AAAPAP,"[('50000', 'mcg')]","[('1', 'sztuk')]"
['hydromorphone'],040702050BBAAAE,"[('1300', 'mcg')]",[]
['hydromorphone'],040702050BBABAD,"[('2600', 'mcg')]",[]
['hydromorphone'],040702050BBACAF,"[('2000', 'mcg')]",[]
['hydromorphone'],040702050BBADAG,"[('4000', 'mcg')]",[]
['hydromorphone'],040702050BBAEAC,"[('8000', 'mcg')]",[]
['hydromorphone'],040702050BBAFAA,"[('16000', 'mcg')]",[]
['hydromorphone'],040702050BBAGAB,"[('24000', 'mcg')]",[]
['hydromorphone'],040702050BBAHAL,"[('2000', 'mcg')]","[('1', 'sztuk')]"
['hydromorphone'],040702050BBAIAM,"[('20000', 'mcg')]","[('1', 'sztuk')]"
['hydromorphone'],040702050BBAJAN,"[('10000', 'mcg')]","[('1', 'sztuk')]"
['hydromorphone'],040702050BBAKAP,"[('50000', 'mcg')]","[('1', 'sztuk')]"
['fentanyl'],0407020A0AAAAAA,"[('2500', 'mcg')]",[]
['fentanyl'],0407020A0AAABAB,"[('5000', 'mcg')]",[]
['fentanyl'],0407020A0AAACAC,"[('7500', 'mcg')]",[]
['fentanyl'],0407020A0AAADAD,"[('10000', 'mcg')]",[]
['fentanyl'],0407020A0AAAEAE,"[('25', 'mcg')]",[]
['fentanyl'],0407020A0AAAFAF,"[('50', 'mcg')]",[]
['fentanyl'],0407020A0AAAGAG,"[('75', 'mcg')]",[]
['fentanyl'],0407020A0AAAHAH,"[('100', 'mcg')]",[]
['fentanyl'],0407020A0AAAIAI,"[('200', 'mcg')]",[]
['fentanyl'],0407020A0AAAJAJ,"[('400', 'mcg')]",[]
['fentanyl'],0407020A0AAAKAK,"[('600', 'mcg')]",[]
['fentanyl'],0407020A0AAALAL,"[('800', 'mcg')]",[]
['fentanyl'],0407020A0AAAMAM,"[('500', 'mcg')]","[('10', 'sztuk')]"
['fentanyl'],0407020A0AAANAN,"[('1200', 'mcg')]",[]
['fentanyl'],0407020A0AAAPAP,"[('1600', 'mcg')]",[]
['fentanyl'],0407020A0AAAQAQ,"[('4200', 'mcg')]",[]
['fentanyl'],0407020A0AAARAR,"[('8400', 'mcg')]",[]
['fentanyl'],0407020A0AAASAS,"[('12600', 'mcg')]",[]
['fentanyl'],0407020A0AAATAT,"[('16800', 'mcg')]",[]
['fentanyl'],0407020A0AAAUAU,"[('12', 'mcg')]",[]
['fentanyl'],0407020A0AAAVAV,"[('40', 'mcg')]",[]
['fentanyl'],0407020A0AAAWAW,"[('100', 'mcg')]",[]
['fentanyl'],0407020A0AAAXAX,"[('200', 'mcg')]",[]
['fentanyl'],0407020A0AAAYAY,"[('300', 'mcg')]",[]
['fentanyl'],0407020A0AAAZAZ,"[('400', 'mcg')]",[]
['fentanyl'],0407020A0AABABA,"[('600', 'mcg')]",[]
['fentanyl'],0407020A0AABBBB,"[('800', 'mcg')]",[]
['fentanyl'],0407020A0AABCBC,"[('100', 'mcg')]",[]
['fentanyl'],0407020A0AABDBD,"[('200', 'mcg')]",[]
['fentanyl'],0407020A0AABEBE,"[('400', 'mcg')]",[]
['fentanyl'],0407020A0AABFBF,"[('600', 'mcg')]",[]
['fentanyl'],0407020A0AABGBG,"[('800', 'mcg')]",[]
['fentanyl'],0407020A0AABHBH,"[('50', 'mcg')]",[]
['fentanyl'],0407020A0AABIBI,"[('50', 'mcg')]",[]
['fentanyl'],0407020A0AABJBJ,"[('100', 'mcg')]",[]
['fentanyl'],0407020A0AABKBK,"[('100', 'mcg')]",[]
['fentanyl'],0407020A0AABLBL,"[('200', 'mcg')]",[]
['fentanyl'],0407020A0AABMBM,"[('200', 'mcg')]",[]
['fentanyl'],0407020A0AABNBN,"[('100', 'mcg')]",[]
['fentanyl'],0407020A0AABPBP,"[('400', 'mcg')]",[]
['fentanyl'],0407020A0AABQBQ,"[('200', 'mcg')]",[]
['fentanyl'],0407020A0AABRBR,"[('100', 'mcg')]",[]
['fentanyl'],0407020A0AABSBS,"[('50', 'mcg')]",[]
['fentanyl'],0407020A0AABTBT,"[('200', 'mcg')]",[]
['fentanyl'],0407020A0AABUBU,"[('400', 'mcg')]",[]
['fentanyl'],0407020A0AABVBV,"[('800', 'mcg')]",[]
['fentanyl'],0407020A0AABWBW,"[('37', 'mcg')]",[]
['fentanyl'],0407020A0AABXBX,"[('133', 'mcg')]",[]
['fentanyl'],0407020A0AABYBY,"[('533', 'mcg')]",[]
['fentanyl'],0407020A0AABZBZ,"[('267', 'mcg')]",[]
['fentanyl'],0407020A0BBAAAE,"[('25', 'mcg')]",[]
['fentanyl'],0407020A0BBABAF,"[('50', 'mcg')]",[]
['fentanyl'],0407020A0BBACAG,"[('75', 'mcg')]",[]
['fentanyl'],0407020A0BBADAH,"[('100', 'mcg')]",[]
['fentanyl'],0407020A0BBAEAQ,"[('25', 'mcg')]",[]
['fentanyl'],0407020A0BBAFAR,"[('50', 'mcg')]",[]
['fentanyl'],0407020A0BBAGAS,"[('75', 'mcg')]",[]
['fentanyl'],0407020A0BBAHAT,"[('100', 'mcg')]",[]
['fentanyl'],0407020A0BBAIAE,"[('25', 'mcg')]",[]
['fentanyl'],0407020A0BBAJAF,"[('50', 'mcg')]",[]
['fentanyl'],0407020A0BBAKAG,"[('75', 'mcg')]",[]
['fentanyl'],0407020A0BBALAH,"[('100', 'mcg')]",[]
['fentanyl'],0407020A0BBAMAU,"[('12', 'mcg')]",[]
['fentanyl'],0407020A0BCAAAI,"[('200', 'mcg')]",[]
['fentanyl'],0407020A0BCABAJ,"[('400', 'mcg')]",[]
['fentanyl'],0407020A0BCACAK,"[('600', 'mcg')]",[]
['fentanyl'],0407020A0BCADAL,"[('800', 'mcg')]",[]
['fentanyl'],0407020A0BCAEAN,"[('1200', 'mcg')]",[]
['fentanyl'],0407020A0BCAFAP,"[('1600', 'mcg')]",[]
['fentanyl'],0407020A0BDAAAE,"[('25', 'mcg')]",[]
['fentanyl'],0407020A0BDABAF,"[('50', 'mcg')]",[]
['fentanyl'],0407020A0BDACAG,"[('75', 'mcg')]",[]
['fentanyl'],0407020A0BDADAH,"[('100', 'mcg')]",[]
['fentanyl'],0407020A0BEAAAU,"[('12', 'mcg')]",[]
['fentanyl'],0407020A0BEABAE,"[('25', 'mcg')]",[]
['fentanyl'],0407020A0BEACAF,"[('50', 'mcg')]",[]
['fentanyl'],0407020A0BEADAG,"[('75', 'mcg')]",[]
['fentanyl'],0407020A0BEAEAH,"[('100', 'mcg')]",[]
['fentanyl'],0407020A0BFAAAU,"[('12', 'mcg')]",[]
['fentanyl'],0407020A0BFABAE,"[('25', 'mcg')]",[]
['fentanyl'],0407020A0BFACAF,"[('50', 'mcg')]",[]
['fentanyl'],0407020A0BFADAG,"[('75', 'mcg')]",[]
['fentanyl'],0407020A0BFAEAH,"[('100', 'mcg')]",[]
['fentanyl'],0407020A0BFAFBW,"[('37', 'mcg')]",[]
['fentanyl'],0407020A0BGAAAE,"[('25', 'mcg')]",[]
['fentanyl'],0407020A0BGABAF,"[('50', 'mcg')]",[]
['fentanyl'],0407020A0BGACAG,"[('75', 'mcg')]",[]
['fentanyl'],0407020A0BGADAH,"[('100', 'mcg')]",[]
['fentanyl'],0407020A0BHAAAE,"[('25', 'mcg')]",[]
['fentanyl'],0407020A0BHABAF,"[('50', 'mcg')]",[]
['fentanyl'],0407020A0BHACAG,"[('75', 'mcg')]",[]
['fentanyl'],0407020A0BHADAH,"[('100', 'mcg')]",[]
['fentanyl'],0407020A0BIAAAV,"[('40', 'mcg')]",[]
['fentanyl'],0407020A0BJAAAW,"[('100', 'mcg')]",[]
['fentanyl'],0407020A0BJABAX,"[('200', 'mcg')]",[]
['fentanyl'],0407020A0BJACAY,"[('300', 'mcg')]",[]
['fentanyl'],0407020A0BJADAZ,"[('400', 'mcg')]",[]
['fentanyl'],0407020A0BJAEBA,"[('600', 'mcg')]",[]
['fentanyl'],0407020A0BJAFBB,"[('800', 'mcg')]",[]
['fentanyl'],0407020A0BKAABC,"[('100', 'mcg')]",[]
['fentanyl'],0407020A0BKABBD,"[('200', 'mcg')]",[]
['fentanyl'],0407020A0BKACBE,"[('400', 'mcg')]",[]
['fentanyl'],0407020A0BKADBF,"[('600', 'mcg')]",[]
['fentanyl'],0407020A0BKAEBG,"[('800', 'mcg')]",[]
['fentanyl'],0407020A0BLAAAE,"[('25', 'mcg')]",[]
['fentanyl'],0407020A0BLABAF,"[('50', 'mcg')]",[]
['fentanyl'],0407020A0BLACAG,"[('75', 'mcg')]",[]
['fentanyl'],0407020A0BLADAH,"[('100', 'mcg')]",[]
['fentanyl'],0407020A0BLAEAU,"[('12', 'mcg')]",[]
['fentanyl'],0407020A0BMAAAE,"[('25', 'mcg')]",[]
['fentanyl'],0407020A0BMABAF,"[('50', 'mcg')]",[]
['fentanyl'],0407020A0BMACAG,"[('75', 'mcg')]",[]
['fentanyl'],0407020A0BMADAH,"[('100', 'mcg')]",[]
['fentanyl'],0407020A0BMAEAU,"[('12', 'mcg')]",[]
['fentanyl'],0407020A0BNAABH,"[('50', 'mcg')]",[]
['fentanyl'],0407020A0BNABBI,"[('50', 'mcg')]",[]
['fentanyl'],0407020A0BNACBJ,"[('100', 'mcg')]",[]
['fentanyl'],0407020A0BNADBK,"[('100', 'mcg')]",[]
['fentanyl'],0407020A0BNAEBL,"[('200', 'mcg')]",[]
['fentanyl'],0407020A0BNAFBM,"[('200', 'mcg')]",[]
['fentanyl'],0407020A0BNAGBQ,"[('200', 'mcg')]",[]
['fentanyl'],0407020A0BNAHBR,"[('100', 'mcg')]",[]
['fentanyl'],0407020A0BNAIBS,"[('50', 'mcg')]",[]
['fentanyl'],0407020A0BPAABN,"[('100', 'mcg')]",[]
['fentanyl'],0407020A0BPABBP,"[('400', 'mcg')]",[]
['fentanyl'],0407020A0BQAAAU,"[('12', 'mcg')]",[]
['fentanyl'],0407020A0BQABAE,"[('25', 'mcg')]",[]
['fentanyl'],0407020A0BQACAF,"[('50', 'mcg')]",[]
['fentanyl'],0407020A0BQADAG,"[('75', 'mcg')]",[]
['fentanyl'],0407020A0BQAEAH,"[('100', 'mcg')]",[]
['fentanyl'],0407020A0BRAAAU,"[('12', 'mcg')]",[]
['fentanyl'],0407020A0BRABAE,"[('25', 'mcg')]",[]
['fentanyl'],0407020A0BRACAG,"[('75', 'mcg')]",[]
['fentanyl'],0407020A0BRADAH,"[('100', 'mcg')]",[]
['fentanyl'],0407020A0BRAEAF,"[('50', 'mcg')]",[]
['fentanyl'],0407020A0BRAFAU,"[('12', 'mcg')]",[]
['fentanyl'],0407020A0BRAGAE,"[('25', 'mcg')]",[]
['fentanyl'],0407020A0BRAHAF,"[('50', 'mcg')]",[]
['fentanyl'],0407020A0BRAIAG,"[('75', 'mcg')]",[]
['fentanyl'],0407020A0BRAJAH,"[('100', 'mcg')]",[]
['fentanyl'],0407020A0BSAABT,"[('200', 'mcg')]",[]
['fentanyl'],0407020A0BSABBU,"[('400', 'mcg')]",[]
['fentanyl'],0407020A0BSACBV,"[('800', 'mcg')]",[]
['fentanyl'],0407020A0BTAABX,"[('133', 'mcg')]",[]
['fentanyl'],0407020A0BTABAZ,"[('400', 'mcg')]",[]
['fentanyl'],0407020A0BTACBY,"[('533', 'mcg')]",[]
['fentanyl'],0407020A0BTADBZ,"[('267', 'mcg')]",[]
['fentanyl'],0407020A0BTAEBB,"[('800', 'mcg')]",[]
['fentanyl'],0407020A0BUAAAU,"[('12', 'mcg')]",[]
['fentanyl'],0407020A0BUABAE,"[('25', 'mcg')]",[]
['fentanyl'],0407020A0BUACAF,"[('50', 'mcg')]",[]
['fentanyl'],0407020A0BUADAG,"[('75', 'mcg')]",[]
['fentanyl'],0407020A0BUAEAH,"[('100', 'mcg')]",[]
['fentanyl'],0407020A0BVAAAU,"[('12', 'mcg')]",[]
['fentanyl'],0407020A0BVABAE,"[('25', 'mcg')]",[]
['fentanyl'],0407020A0BVACAF,"[('50', 'mcg')]",[]
['fentanyl'],0407020A0BVADAG,"[('75', 'mcg')]",[]
['fentanyl'],0407020A0BVAEAH,"[('100', 'mcg')]",[]
['oxycodone'],0407020ADAAAAAA,"[('5000', 'mcg')]",[]
['oxycodone'],0407020ADAAABAB,"[('10000', 'mcg')]",[]
['oxycodone'],0407020ADAAACAC,"[('5000', 'mcg')]",[]
['oxycodone'],0407020ADAAADAD,"[('10000', 'mcg')]",[]
['oxycodone'],0407020ADAAAEAE,"[('20000', 'mcg')]",[]
['oxycodone'],0407020ADAAAFAF,"[('10000', 'mcg')]",[]
['oxycodone'],0407020ADAAAGAG,"[('20000', 'mcg')]",[]
['oxycodone'],0407020ADAAAHAH,"[('40000', 'mcg')]",[]
['oxycodone'],0407020ADAAAIAI,"[('80000', 'mcg')]",[]
['oxycodone'],0407020ADAAAJAJ,"[('5000', 'mcg')]",[]
['oxycodone'],0407020ADAAAKAK,"[('5000', 'mcg')]",[]
['oxycodone'],0407020ADAAALAL,"[('10000', 'mcg')]","[('1', 'sztuk')]"
['oxycodone'],0407020ADAAAMAM,"[('10000', 'mcg')]","[('2', 'sztuk')]"
['oxycodone'],0407020ADAAANAN,"[('50000', 'mcg')]","[('1', 'sztuk')]"
['oxycodone'],0407020ADAAAPAP,"[('120000', 'mcg')]",[]
['oxycodone'],0407020ADAAAQAQ,"[('60000', 'mcg')]",[]
['oxycodone'],0407020ADAAARAR,"[('30000', 'mcg')]",[]
['oxycodone'],0407020ADAAASAS,"[('15000', 'mcg')]",[]
['oxycodone'],0407020ADBBAAAA,"[('5000', 'mcg')]",[]
['oxycodone'],0407020ADBBABAB,"[('10000', 'mcg')]",[]
['oxycodone'],0407020ADBBACAC,"[('5000', 'mcg')]",[]
['oxycodone'],0407020ADBBADAD,"[('10000', 'mcg')]",[]
['oxycodone'],0407020ADBBAEAE,"[('20000', 'mcg')]",[]
['oxycodone'],0407020ADBBAFAL,"[('10000', 'mcg')]","[('1', 'sztuk')]"
['oxycodone'],0407020ADBBAGAM,"[('10000', 'mcg')]","[('2', 'sztuk')]"
['oxycodone'],0407020ADBBAHAN,"[('50000', 'mcg')]","[('1', 'sztuk')]"
['oxycodone'],0407020ADBCAAAF,"[('10000', 'mcg')]",[]
['oxycodone'],0407020ADBCABAG,"[('20000', 'mcg')]",[]
['oxycodone'],0407020ADBCACAH,"[('40000', 'mcg')]",[]
['oxycodone'],0407020ADBCADAI,"[('80000', 'mcg')]",[]
['oxycodone'],0407020ADBCAEAK,"[('5000', 'mcg')]",[]
['oxycodone'],0407020ADBCAFAP,"[('120000', 'mcg')]",[]
['oxycodone'],0407020ADBCAGAQ,"[('60000', 'mcg')]",[]
['oxycodone'],0407020ADBCAHAR,"[('30000', 'mcg')]",[]
['oxycodone'],0407020ADBCAIAS,"[('15000', 'mcg')]",[]
['oxycodone'],0407020ADBDAAAK,"[('5000', 'mcg')]",[]
['oxycodone'],0407020ADBDABAF,"[('10000', 'mcg')]",[]
['oxycodone'],0407020ADBDACAG,"[('20000', 'mcg')]",[]
['oxycodone'],0407020ADBDADAH,"[('40000', 'mcg')]",[]
['oxycodone'],0407020ADBDAEAI,"[('80000', 'mcg')]",[]
['oxycodone'],0407020ADBEAAAK,"[('5000', 'mcg')]",[]
['oxycodone'],0407020ADBEABAF,"[('10000', 'mcg')]",[]
['oxycodone'],0407020ADBEACAG,"[('20000', 'mcg')]",[]
['oxycodone'],0407020ADBEADAH,"[('40000', 'mcg')]",[]
['oxycodone'],0407020ADBEAEAI,"[('80000', 'mcg')]",[]
['oxycodone'],0407020ADBEAFAP,"[('120000', 'mcg')]",[]
['oxycodone'],0407020ADBEAGAS,"[('15000', 'mcg')]",[]
['oxycodone'],0407020ADBEAHAR,"[('30000', 'mcg')]",[]
['oxycodone'],0407020ADBEAIAQ,"[('60000', 'mcg')]",[]
['oxycodone'],0407020ADBFAAAK,"[('5000', 'mcg')]",[]
['oxycodone'],0407020ADBFABAF,"[('10000', 'mcg')]",[]
['oxycodone'],0407020ADBFACAG,"[('20000', 'mcg')]",[]
['oxycodone'],0407020ADBFADAH,"[('40000', 'mcg')]",[]
['oxycodone'],0407020ADBFAEAI,"[('80000', 'mcg')]",[]
['oxycodone'],0407020ADBFAFAK,"[('5000', 'mcg')]",[]
['oxycodone'],0407020ADBFAGAF,"[('10000', 'mcg')]",[]
['oxycodone'],0407020ADBFAHAG,"[('20000', 'mcg')]",[]
['oxycodone'],0407020ADBFAIAH,"[('40000', 'mcg')]",[]
['oxycodone'],0407020ADBFAJAI,"[('80000', 'mcg')]",[]
['oxycodone'],0407020ADBGAAAF,"[('10000', 'mcg')]",[]
['oxycodone'],0407020ADBGABAG,"[('20000', 'mcg')]",[]
['oxycodone'],0407020ADBGACAK,"[('5000', 'mcg')]",[]
['oxycodone'],0407020ADBGADAH,"[('40000', 'mcg')]",[]
['oxycodone'],0407020ADBGAEAI,"[('80000', 'mcg')]",[]
['oxycodone'],0407020ADBHAAAC,"[('5000', 'mcg')]",[]
['oxycodone'],0407020ADBHABAD,"[('10000', 'mcg')]",[]
['oxycodone'],0407020ADBHACAE,"[('20000', 'mcg')]",[]
['oxycodone'],0407020ADBIAAAG,"[('20000', 'mcg')]",[]
['oxycodone'],0407020ADBIABAH,"[('40000', 'mcg')]",[]
['oxycodone'],0407020ADBIACAK,"[('5000', 'mcg')]",[]
['oxycodone'],0407020ADBIADAF,"[('10000', 'mcg')]",[]
['oxycodone'],0407020ADBJAAAC,"[('5000', 'mcg')]",[]
['oxycodone'],0407020ADBJABAD,"[('10000', 'mcg')]",[]
['oxycodone'],0407020ADBJACAE,"[('20000', 'mcg')]",[]
['oxycodone'],0407020ADBJADAL,"[('10000', 'mcg')]","[('1', 'sztuk')]"
['oxycodone'],0407020ADBJAEAM,"[('10000', 'mcg')]","[('2', 'sztuk')]"
['oxycodone'],0407020ADBJAFAN,"[('50000', 'mcg')]","[('1', 'sztuk')]"
['oxycodone'],0407020ADBJAGAA,"[('5000', 'mcg')]",[]
['oxycodone'],0407020ADBJAHAB,"[('10000', 'mcg')]",[]
['oxycodone'],0407020ADBKAAAK,"[('5000', 'mcg')]",[]
['oxycodone'],0407020ADBKABAF,"[('10000', 'mcg')]",[]
['oxycodone'],0407020ADBKACAG,"[('20000', 'mcg')]",[]
['oxycodone'],0407020ADBKADAH,"[('40000', 'mcg')]",[]
['oxycodone'],0407020ADBKAEAI,"[('80000', 'mcg')]",[]
['oxycodone'],0407020ADBKAFAS,"[('15000', 'mcg')]",[]
['oxycodone'],0407020ADBKAGAR,"[('30000', 'mcg')]",[]
['oxycodone'],0407020ADBKAHAQ,"[('60000', 'mcg')]",[]
['oxycodone'],0407020ADBLAAAK,"[('5000', 'mcg')]",[]
['oxycodone'],0407020ADBLABAI,"[('80000', 'mcg')]",[]
['oxycodone'],0407020ADBLACAR,"[('30000', 'mcg')]",[]
['oxycodone'],0407020ADBLADAQ,"[('60000', 'mcg')]",[]
['oxycodone'],0407020ADBLAEAH,"[('40000', 'mcg')]",[]
['oxycodone'],0407020ADBLAFAF,"[('10000', 'mcg')]",[]
['oxycodone'],0407020ADBLAGAS,"[('15000', 'mcg')]",[]
['oxycodone'],0407020ADBLAHAG,"[('20000', 'mcg')]",[]
['oxycodone'],0407020ADBMAAAK,"[('5000', 'mcg')]",[]
['oxycodone'],0407020ADBMABAF,"[('10000', 'mcg')]",[]
['oxycodone'],0407020ADBMACAS,"[('15000', 'mcg')]",[]
['oxycodone'],0407020ADBMADAG,"[('20000', 'mcg')]",[]
['oxycodone'],0407020ADBMAEAH,"[('40000', 'mcg')]",[]
['oxycodone'],0407020ADBMAFAR,"[('30000', 'mcg')]",[]
['oxycodone'],0407020ADBMAGAQ,"[('60000', 'mcg')]",[]
['oxycodone'],0407020ADBMAHAI,"[('80000', 'mcg')]",[]
['oxycodone'],0407020ADBNAAAI,"[('80000', 'mcg')]",[]
['oxycodone'],0407020ADBNABAH,"[('40000', 'mcg')]",[]
['oxycodone'],0407020ADBNACAK,"[('5000', 'mcg')]",[]
['oxycodone'],0407020ADBNADAF,"[('10000', 'mcg')]",[]
['oxycodone'],0407020ADBNAEAG,"[('20000', 'mcg')]",[]
['oxycodone'],0407020ADBPAAAK,"[('5000', 'mcg')]",[]
['oxycodone'],0407020ADBPABAF,"[('10000', 'mcg')]",[]
['oxycodone'],0407020ADBPACAG,"[('20000', 'mcg')]",[]
['oxycodone'],0407020ADBPADAR,"[('30000', 'mcg')]",[]
['oxycodone'],0407020ADBPAEAH,"[('40000', 'mcg')]",[]
['oxycodone'],0407020ADBPAFAQ,"[('60000', 'mcg')]",[]
['oxycodone'],0407020ADBPAGAI,"[('80000', 'mcg')]",[]
['oxycodone'],0407020ADBQAAAF,"[('10000', 'mcg')]",[]
['oxycodone'],0407020ADBQABAG,"[('20000', 'mcg')]",[]
['oxycodone'],0407020ADBQACAH,"[('40000', 'mcg')]",[]
['oxycodone'],0407020ADBQADAI,"[('80000', 'mcg')]",[]
['oxycodone'],0407020ADBRAAAK,"[('5000', 'mcg')]",[]
['oxycodone'],0407020ADBRABAF,"[('10000', 'mcg')]",[]
['oxycodone'],0407020ADBRACAS,"[('15000', 'mcg')]",[]
['oxycodone'],0407020ADBRADAG,"[('20000', 'mcg')]",[]
['oxycodone'],0407020ADBRAEAR,"[('30000', 'mcg')]",[]
['oxycodone'],0407020ADBRAFAH,"[('40000', 'mcg')]",[]
['oxycodone'],0407020ADBRAGAQ,"[('60000', 'mcg')]",[]
['oxycodone'],0407020ADBSAAAK,"[('5000', 'mcg')]",[]
['oxycodone'],0407020ADBSABAF,"[('10000', 'mcg')]",[]
['oxycodone'],0407020ADBSACAS,"[('15000', 'mcg')]",[]
['oxycodone'],0407020ADBSADAG,"[('20000', 'mcg')]",[]
['oxycodone'],0407020ADBSAEAR,"[('30000', 'mcg')]",[]
['oxycodone'],0407020ADBSAFAH,"[('40000', 'mcg')]",[]
['oxycodone'],0407020ADBSAGAQ,"[('60000', 'mcg')]",[]
['oxycodone'],0407020ADBSAHAI,"[('80000', 'mcg')]",[]
['oxycodone'],0407020ADBTAAAK,"[('5000', 'mcg')]",[]
['oxycodone'],0407020ADBTABAF,"[('10000', 'mcg')]",[]
['oxycodone'],0407020ADBTACAS,"[('15000', 'mcg')]",[]
['oxycodone'],0407020ADBTADAG,"[('20000', 'mcg')]",[]
['oxycodone'],0407020ADBTAEAR,"[('30000', 'mcg')]",[]
['oxycodone'],0407020ADBTAFAH,"[('40000', 'mcg')]",[]
['oxycodone'],0407020ADBTAGAQ,"[('60000', 'mcg')]",[]
['oxycodone'],0407020ADBTAHAI,"[('80000', 'mcg')]",[]
['diamorphine'],0407020AEAAAAAA,"[('0.1', '%')]",[]
['diamorphine'],0407020AEAAABAB,"[('1', '%')]",[]
"['naloxone', 'oxycodone']",0407020AFAAAAAA,"[('10000', 'mcg'), ('5000', 'mcg')]",[]
"['naloxone', 'oxycodone']",0407020AFAAABAB,"[('20000', 'mcg'), ('10000', 'mcg')]",[]
"['naloxone', 'oxycodone']",0407020AFAAACAC,"[('5000', 'mcg'), ('2500', 'mcg')]",[]
"['naloxone', 'oxycodone']",0407020AFAAADAD,"[('40000', 'mcg'), ('20000', 'mcg')]",[]
"['naloxone', 'oxycodone']",0407020AFAAAEAE,"[('40000', 'mcg'), ('20000', 'mcg')]",[]
"['naloxone', 'oxycodone']",0407020AFBBAAAA,"[('10000', 'mcg'), ('5000', 'mcg')]",[]
"['naloxone', 'oxycodone']",0407020AFBBABAB,"[('20000', 'mcg'), ('10000', 'mcg')]",[]
"['naloxone', 'oxycodone']",0407020AFBBACAC,"[('5000', 'mcg'), ('2500', 'mcg')]",[]
"['naloxone', 'oxycodone']",0407020AFBBADAD,"[('40000', 'mcg'), ('20000', 'mcg')]",[]
['tapentadol'],0407020AGAAAAAA,"[('50000', 'mcg')]",[]
['tapentadol'],0407020AGAAABAB,"[('75000', 'mcg')]",[]
['tapentadol'],0407020AGAAACAC,"[('50000', 'mcg')]",[]
['tapentadol'],0407020AGAAADAD,"[('100000', 'mcg')]",[]
['tapentadol'],0407020AGAAAEAE,"[('150000', 'mcg')]",[]
['tapentadol'],0407020AGAAAFAF,"[('200000', 'mcg')]",[]
['tapentadol'],0407020AGAAAGAG,"[('250000', 'mcg')]",[]
['tapentadol'],0407020AGAAAHAH,"[('20000', 'mcg')]",[]
['tapentadol'],0407020AGBBAAAA,"[('50000', 'mcg')]",[]
['tapentadol'],0407020AGBBABAB,"[('75000', 'mcg')]",[]
['tapentadol'],0407020AGBBACAC,"[('50000', 'mcg')]",[]
['tapentadol'],0407020AGBBADAD,"[('100000', 'mcg')]",[]
['tapentadol'],0407020AGBBAEAE,"[('150000', 'mcg')]",[]
['tapentadol'],0407020AGBBAFAF,"[('200000', 'mcg')]",[]
['tapentadol'],0407020AGBBAGAG,"[('250000', 'mcg')]",[]
['tapentadol'],0407020AGBBAHAH,"[('20000', 'mcg')]",[]
['buprenorphine'],0407020B0AAAAAA,"[('300', 'mcg')]","[('1', 'sztuk')]"
['buprenorphine'],0407020B0AAABAB,"[('200', 'mcg')]",[]
['buprenorphine'],0407020B0AAACAC,"[('300', 'mcg')]","[('2', 'sztuk')]"
['buprenorphine'],0407020B0AAADAD,"[('400', 'mcg')]",[]
['buprenorphine'],0407020B0AAAEAE,"[('35', 'mcg')]",[]
['buprenorphine'],0407020B0AAAFAF,"[('52', 'mcg')]",[]
['buprenorphine'],0407020B0AAAGAG,"[('70', 'mcg')]",[]
['buprenorphine'],0407020B0AAAHAH,"[('5', 'mcg')]",[]
['buprenorphine'],0407020B0AAAIAI,"[('10', 'mcg')]",[]
['buprenorphine'],0407020B0AAAJAJ,"[('20', 'mcg')]",[]
['buprenorphine'],0407020B0AAAKAK,"[('15', 'mcg')]",[]
['buprenorphine'],0407020B0BBAAAB,"[('200', 'mcg')]",[]
['buprenorphine'],0407020B0BBABAA,"[('300', 'mcg')]","[('1', 'sztuk')]"
['buprenorphine'],0407020B0BBACAC,"[('300', 'mcg')]","[('2', 'sztuk')]"
['buprenorphine'],0407020B0BBADAD,"[('400', 'mcg')]",[]
['buprenorphine'],0407020B0BDAAAE,"[('35', 'mcg'), ('20000', 'mcg')]",[]
['buprenorphine'],0407020B0BDABAF,"[('52', 'mcg'), ('30000', 'mcg')]",[]
['buprenorphine'],0407020B0BDACAG,"[('70', 'mcg'), ('40000', 'mcg')]",[]
['buprenorphine'],0407020B0BEAAAH,"[('5', 'mcg')]",[]
['buprenorphine'],0407020B0BEABAI,"[('10', 'mcg')]",[]
['buprenorphine'],0407020B0BEACAJ,"[('20', 'mcg')]",[]
['buprenorphine'],0407020B0BEADAK,"[('15', 'mcg')]",[]
['buprenorphine'],0407020B0BFAAAB,"[('200', 'mcg')]",[]
['buprenorphine'],0407020B0BFABAD,"[('400', 'mcg')]",[]
['buprenorphine'],0407020B0BGAAAE,"[('35', 'mcg')]",[]
['buprenorphine'],0407020B0BGABAF,"[('52', 'mcg')]",[]
['buprenorphine'],0407020B0BGACAG,"[('70', 'mcg')]",[]
['buprenorphine'],0407020B0BHAAAH,"[('5', 'mcg')]",[]
['buprenorphine'],0407020B0BHABAI,"[('10', 'mcg')]",[]
['buprenorphine'],0407020B0BHACAJ,"[('20', 'mcg')]",[]
['buprenorphine'],0407020B0BHADAK,"[('15', 'mcg')]",[]
['buprenorphine'],0407020B0BIAAAE,"[('35', 'mcg')]",[]
['buprenorphine'],0407020B0BIABAF,"[('52', 'mcg')]",[]
['buprenorphine'],0407020B0BIACAG,"[('70', 'mcg')]",[]
['buprenorphine'],0407020B0BJAAAE,"[('35', 'mcg')]",[]
['buprenorphine'],0407020B0BJABAF,"[('52', 'mcg')]",[]
['buprenorphine'],0407020B0BJACAG,"[('70', 'mcg')]",[]
['buprenorphine'],0407020B0BKAAAH,"[('5', 'mcg')]",[]
['buprenorphine'],0407020B0BKABAI,"[('10', 'mcg')]",[]
['buprenorphine'],0407020B0BKACAK,"[('15', 'mcg')]",[]
['buprenorphine'],0407020B0BKADAJ,"[('20', 'mcg')]",[]
['buprenorphine'],0407020B0BLAAAH,"[('5', 'mcg')]",[]
['buprenorphine'],0407020B0BLABAI,"[('10', 'mcg')]",[]
['buprenorphine'],0407020B0BLACAJ,"[('20', 'mcg')]",[]
['buprenorphine'],0407020B0BMAAAH,"[('5', 'mcg')]",[]
['buprenorphine'],0407020B0BMABAI,"[('10', 'mcg')]",[]
['buprenorphine'],0407020B0BMACAJ,"[('20', 'mcg')]",[]
['buprenorphine'],0407020B0BNAAAE,"[('35', 'mcg')]",[]
['buprenorphine'],0407020B0BNABAF,"[('52', 'mcg')]",[]
['buprenorphine'],0407020B0BNACAG,"[('70', 'mcg')]",[]
['buprenorphine'],0407020B0BPAAAE,"[('35', 'mcg')]",[]
['buprenorphine'],0407020B0BPABAF,"[('52', 'mcg')]",[]
['buprenorphine'],0407020B0BPACAG,"[('70', 'mcg')]",[]
['buprenorphine'],0407020B0BQAAAH,"[('5', 'mcg')]",[]
['buprenorphine'],0407020B0BQABAI,"[('10', 'mcg')]",[]
['buprenorphine'],0407020B0BQACAJ,"[('20', 'mcg')]",[]
['buprenorphine'],0407020B0BRAAAH,"[('5', 'mcg')]",[]
['buprenorphine'],0407020B0BRABAI,"[('10', 'mcg')]",[]
['buprenorphine'],0407020B0BRACAJ,"[('20', 'mcg')]",[]
['buprenorphine'],0407020B0BSAAAE,"[('35', 'mcg')]",[]
['buprenorphine'],0407020B0BSABAF,"[('52', 'mcg')]",[]
['buprenorphine'],0407020B0BSACAG,"[('70', 'mcg')]",[]
['buprenorphine'],0407020B0BTAAAE,"[('35', 'mcg')]",[]
['buprenorphine'],0407020B0BTABAF,"[('52', 'mcg')]",[]
['buprenorphine'],0407020B0BTACAG,"[('70', 'mcg')]",[]
['buprenorphine'],0407020B0BUAAAH,"[('5', 'mcg')]",[]
['buprenorphine'],0407020B0BUABAI,"[('10', 'mcg')]",[]
['buprenorphine'],0407020B0BUACAJ,"[('20', 'mcg')]",[]
['codeine'],0407020C0AAAAAA,"[('60000', 'mcg')]","[('1', 'sztuk')]"
['codeine'],0407020C0AAABAB,"[('25000', 'mcg')]",[]
['codeine'],0407020C0AAACAC,"[('30000', 'mcg')]",[]
['codeine'],0407020C0AAADAD,"[('15000', 'mcg')]",[]
['codeine'],0407020C0AAAEAE,"[('30000', 'mcg')]",[]
['codeine'],0407020C0AAAFAF,"[('60000', 'mcg')]",[]
['codeine'],0407020C0AAAGAG,[],[]
['codeine'],0407020C0AAAHAH,"[('30000', 'mcg')]","[('1', 'sztuk')]"
['codeine'],0407020C0AAAIAI,"[('45000', 'mcg')]",[]
['codeine'],0407020C0AAAJAJ,"[('15000', 'mcg')]",[]
['codeine'],0407020C0AAAKAK,"[('5000', 'mcg')]",[]
['codeine'],0407020C0AAALAL,"[('10000', 'mcg')]",[]
['codeine'],0407020C0AAAMAM,"[('6000', 'mcg')]",[]
['codeine'],0407020C0AAANAN,"[('50000', 'mcg')]",[]
['codeine'],0407020C0AAAPAP,"[('30000', 'mcg')]",[]
['codeine'],0407020C0AAAQAQ,"[('15000', 'mcg')]",[]
['codeine'],0407020C0AAARAR,"[('2000', 'mcg')]",[]
['codeine'],0407020C0AAASAS,"[('30000', 'mcg')]",[]
['codeine'],0407020C0AAATAT,"[('25000', 'mcg')]",[]
['codeine'],0407020C0AAAUAU,"[('30000', 'mcg')]",[]
['codeine'],0407020C0AAAVAV,"[('60000', 'mcg')]",[]
['codeine'],0407020C0AAAWAW,"[('25000', 'mcg')]",[]
['codeine'],0407020C0AAAXAX,"[('5000', 'mcg')]",[]
['codeine'],0407020C0AAAYAY,"[('10000', 'mcg')]",[]
['codeine'],0407020C0AAAZAZ,"[('7500', 'mcg')]",[]
['codeine'],0407020C0AABABA,"[('6750', 'mcg')]",[]
['codeine'],0407020C0AABBBB,"[('20000', 'mcg')]",[]
['codeine'],0407020C0AABCBC,"[('1000', 'mcg')]",[]
['codeine'],0407020C0BBAABA,"[('6750', 'mcg')]",[]
['dextropropoxyphene'],0407020E0AAAAAA,"[('60000', 'mcg')]",[]
['dextropropoxyphene'],0407020E0AAABAB,"[('65000', 'mcg')]",[]
['dextropropoxyphene'],0407020E0BBAAAA,"[('60000', 'mcg')]",[]
['dihydrocodeine'],0407020G0AAAAAA,"[('10000', 'mcg')]",[]
['dihydrocodeine'],0407020G0AAABAB,"[('50000', 'mcg')]","[('1', 'sztuk')]"
['dihydrocodeine'],0407020G0AAACAC,"[('30000', 'mcg')]",[]
['dihydrocodeine'],0407020G0AAADAD,"[('60000', 'mcg')]",[]
['dihydrocodeine'],0407020G0AAAEAE,"[('90000', 'mcg')]",[]
['dihydrocodeine'],0407020G0AAAFAF,"[('120000', 'mcg')]",[]
['dihydrocodeine'],0407020G0AAAGAG,"[('15000', 'mcg')]",[]
['dihydrocodeine'],0407020G0AAAHAH,[],[]
['dihydrocodeine'],0407020G0AAAIAI,"[('40000', 'mcg')]",[]
['dihydrocodeine'],0407020G0AAAJAJ,[],[]
['dihydrocodeine'],0407020G0AAAKAK,"[('90000', 'mcg')]",[]
['dihydrocodeine'],0407020G0AAALAL,"[('20000', 'mcg')]",[]
['dihydrocodeine'],0407020G0AAAMAM,"[('30000', 'mcg')]",[]
['dihydrocodeine'],0407020G0AAANAN,"[('15000', 'mcg')]",[]
['dihydrocodeine'],0407020G0AAAPAP,"[('10000', 'mcg')]",[]
['dihydrocodeine'],0407020G0AAAQAQ,"[('30000', 'mcg')]",[]
['dihydrocodeine'],0407020G0AAARAR,"[('60000', 'mcg')]",[]
['dihydrocodeine'],0407020G0BBAAAD,"[('60000', 'mcg')]",[]
['dihydrocodeine'],0407020G0BBABAE,"[('90000', 'mcg')]",[]
['dihydrocodeine'],0407020G0BBACAF,"[('120000', 'mcg')]",[]
['dihydrocodeine'],0407020G0BCAAAC,"[('30000', 'mcg')]",[]
['dihydrocodeine'],0407020G0BCABAB,"[('50000', 'mcg')]","[('1', 'sztuk')]"
['dihydrocodeine'],0407020G0BCACAA,"[('10000', 'mcg')]",[]
['dihydrocodeine'],0407020G0BCADAI,"[('40000', 'mcg')]",[]
['dihydrocodeine'],0407020G0BDAAAC,"[('30000', 'mcg')]",[]
['dipipanone'],0407020H0AAAAAA,[],[]
['dipipanone'],0407020H0AAABAB,"[('10000', 'mcg'), ('30000', 'mcg')]",[]
['dipipanone'],0407020H0AAACAC,"[('10000', 'mcg')]",[]
['dipipanone'],0407020H0AAADAD,"[('10000', 'mcg')]",[]
['dipipanone'],0407020H0AAAEAE,[],[]
['dipipanone'],0407020H0AAAFAF,"[('10000', 'mcg')]",[]
['dipipanone'],0407020H0BBAAAB,[],[]
['diamorphine'],0407020K0AAA1A1,"[('200000', 'mcg')]",[]
['diamorphine'],0407020K0AAA2A2,"[('3000000', 'mcg')]",[]
['diamorphine'],0407020K0AAA3A3,"[('1200000', 'mcg')]",[]
['diamorphine'],0407020K0AAA4A4,"[('960000', 'mcg')]",[]
['diamorphine'],0407020K0AAA5A5,"[('140000', 'mcg')]",[]
['diamorphine'],0407020K0AAA6A6,"[('150000', 'mcg')]",[]
['diamorphine'],0407020K0AAA7A7,"[('100000', 'mcg')]",[]
['diamorphine'],0407020K0AAA8A8,"[('1300000', 'mcg')]",[]
['diamorphine'],0407020K0AAA9A9,"[('50000', 'mcg')]",[]
['diamorphine'],0407020K0AAAAAA,"[('5000', 'mcg')]",[]
['diamorphine'],0407020K0AAABAB,"[('10000', 'mcg')]",[]
['diamorphine'],0407020K0AAACAC,"[('15000', 'mcg')]",[]
['diamorphine'],0407020K0AAADAD,"[('20000', 'mcg')]",[]
['diamorphine'],0407020K0AAAEAE,"[('30000', 'mcg')]",[]
['diamorphine'],0407020K0AAAFAF,"[('100000', 'mcg')]",[]
['diamorphine'],0407020K0AAAGAG,"[('500000', 'mcg')]",[]
['diamorphine'],0407020K0AAAHAH,"[('700000', 'mcg')]",[]
['diamorphine'],0407020K0AAAIAI,"[('60000', 'mcg')]",[]
['diamorphine'],0407020K0AAAJAJ,"[('64000', 'mcg')]",[]
['diamorphine'],0407020K0AAAKAK,"[('550000', 'mcg')]",[]
['diamorphine'],0407020K0AAALAL,"[('500000', 'mcg')]",[]
['diamorphine'],0407020K0AAAMAM,"[('450000', 'mcg')]",[]
['diamorphine'],0407020K0AAANAN,"[('600000', 'mcg')]",[]
['diamorphine'],0407020K0AAAPAP,"[('900000', 'mcg')]",[]
['diamorphine'],0407020K0AAAQAQ,"[('2500000', 'mcg')]",[]
['diamorphine'],0407020K0AAARAR,"[('800000', 'mcg')]",[]
['diamorphine'],0407020K0AAASAS,"[('800000', 'mcg')]",[]
['diamorphine'],0407020K0AAATAT,"[('2000000', 'mcg')]",[]
['diamorphine'],0407020K0AAAUAU,"[('1000000', 'mcg')]",[]
['diamorphine'],0407020K0AAAVAV,"[('400000', 'mcg')]",[]
['diamorphine'],0407020K0AAAWAW,"[('1750000', 'mcg')]",[]
['diamorphine'],0407020K0AAAXAX,"[('1500000', 'mcg')]",[]
['diamorphine'],0407020K0AAAYAY,"[('1250000', 'mcg')]",[]
['diamorphine'],0407020K0AAAZAZ,"[('480000', 'mcg')]",[]
['diamorphine'],0407020K0AABABA,"[('80000', 'mcg')]",[]
['diamorphine'],0407020K0AABBBB,"[('6000000', 'mcg')]",[]
['diamorphine'],0407020K0AABCBC,"[('100000', 'mcg')]",[]
['diamorphine'],0407020K0AABDBD,[],[]
['diamorphine'],0407020K0AABEBE,"[('50000', 'mcg')]",[]
['diamorphine'],0407020K0AABFBF,"[('30000', 'mcg')]",[]
['diamorphine'],0407020K0AABGBG,"[('90000', 'mcg')]",[]
['diamorphine'],0407020K0AABHBH,"[('30000', 'mcg')]",[]
['diamorphine'],0407020K0AABIBI,"[('10000', 'mcg')]",[]
['diamorphine'],0407020K0AABJBJ,"[('5000', 'mcg')]",[]
['diamorphine'],0407020K0AABKBK,"[('40000', 'mcg')]",[]
['diamorphine'],0407020K0AABLBL,"[('15000', 'mcg')]",[]
['diamorphine'],0407020K0AABMBM,"[('7500', 'mcg')]",[]
['diamorphine'],0407020K0AABNBN,"[('150000', 'mcg')]",[]
['diamorphine'],0407020K0AABPBP,"[('25000', 'mcg')]",[]
['diamorphine'],0407020K0AABQBQ,[],[]
['diamorphine'],0407020K0AABRBR,[],[]
['diamorphine'],0407020K0AABSBS,"[('75000', 'mcg')]",[]
['diamorphine'],0407020K0AABTBT,"[('50000', 'mcg')]",[]
['diamorphine'],0407020K0AABUBU,"[('25000', 'mcg')]",[]
['diamorphine'],0407020K0AABVBV,[],[]
['diamorphine'],0407020K0AABWBW,[],[]
['diamorphine'],0407020K0AABXBX,[],[]
['diamorphine'],0407020K0AABYBY,"[('10000', 'mcg')]",[]
['diamorphine'],0407020K0AABZBZ,"[('5000', 'mcg')]",[]
['diamorphine'],0407020K0AACACA,"[('25000', 'mcg')]",[]
['diamorphine'],0407020K0AACBCB,"[('10000', 'mcg')]",[]
['diamorphine'],0407020K0AACCCC,"[('10000', 'mcg')]",[]
['diamorphine'],0407020K0AACDCD,"[('50000', 'mcg')]",[]
['diamorphine'],0407020K0AACECE,"[('20000', 'mcg')]",[]
['diamorphine'],0407020K0AACFCF,"[('2500', 'mcg')]",[]
['diamorphine'],0407020K0AACGCG,"[('60000', 'mcg')]",[]
['diamorphine'],0407020K0AACHCH,"[('10000', 'mcg')]",[]
['diamorphine'],0407020K0AACICI,"[('15000', 'mcg')]",[]
['diamorphine'],0407020K0AACJCJ,"[('20000', 'mcg')]",[]
['diamorphine'],0407020K0AACKCK,"[('25000', 'mcg')]",[]
['diamorphine'],0407020K0AACLCL,"[('30000', 'mcg')]",[]
['diamorphine'],0407020K0AACMCM,"[('40000', 'mcg')]",[]
['diamorphine'],0407020K0AACNCN,"[('50000', 'mcg')]",[]
['diamorphine'],0407020K0AACPCP,"[('60000', 'mcg')]",[]
['diamorphine'],0407020K0AACQCQ,"[('75000', 'mcg')]",[]
['diamorphine'],0407020K0AACRCR,"[('100000', 'mcg')]",[]
['diamorphine'],0407020K0AACSCS,"[('2500', 'mcg')]",[]
['diamorphine'],0407020K0AACTCT,"[('45000', 'mcg')]",[]
['diamorphine'],0407020K0AACUCU,"[('5000', 'mcg')]",[]
['diamorphine'],0407020K0AACVCV,"[('120000', 'mcg')]",[]
['diamorphine'],0407020K0AACWCW,"[('80000', 'mcg')]",[]
['diamorphine'],0407020K0AACXCX,"[('4000', 'mcg')]",[]
['diamorphine'],0407020K0AACYCY,"[('20000', 'mcg')]",[]
['diamorphine'],0407020K0AACZCZ,"[('100000', 'mcg')]",[]
['diamorphine'],0407020K0AADADA,[],"[('50', 'sztuk')]"
['diamorphine'],0407020K0AADBDB,[],"[('100', 'sztuk')]"
['diamorphine'],0407020K0AADCDC,"[('40000', 'mcg')]",[]
['diamorphine'],0407020K0AADDDD,"[('100000', 'mcg')]",[]
['diamorphine'],0407020K0AADEDE,"[('125000', 'mcg')]",[]
['diamorphine'],0407020K0AADFDF,"[('20000', 'mcg')]",[]
['diamorphine'],0407020K0AADGDG,"[('50000', 'mcg')]",[]
['diamorphine'],0407020K0AADHDH,"[('250000', 'mcg')]",[]
['diamorphine'],0407020K0AADIDI,"[('10000', 'mcg')]",[]
['diamorphine'],0407020K0AADJDJ,"[('25000', 'mcg')]",[]
['diamorphine'],0407020K0AADKDK,"[('5000', 'mcg')]",[]
['diamorphine'],0407020K0AADLDL,"[('50000', 'mcg')]",[]
['diamorphine'],0407020K0AADMDM,"[('52000', 'mcg')]",[]
['diamorphine'],0407020K0AADNDN,"[('180000', 'mcg')]",[]
['diamorphine'],0407020K0AADPDP,"[('1600000', 'mcg')]",[]
['diamorphine'],0407020K0AADQDQ,"[('6000', 'mcg')]",[]
['diamorphine'],0407020K0AADRDR,"[('45000', 'mcg')]",[]
['diamorphine'],0407020K0AADSDS,"[('40000', 'mcg')]",[]
['diamorphine'],0407020K0AADTDT,"[('15000', 'mcg')]",[]
['diamorphine'],0407020K0AADUDU,"[('45000', 'mcg')]",[]
['diamorphine'],0407020K0AADVDV,"[('180000', 'mcg')]",[]
['diamorphine'],0407020K0AADWDW,"[('240000', 'mcg')]",[]
['diamorphine'],0407020K0AADXDX,"[('100000', 'mcg')]",[]
['diamorphine'],0407020K0AADYDY,"[('20000', 'mcg')]",[]
['diamorphine'],0407020K0AADZDZ,"[('60000', 'mcg')]",[]
['diamorphine'],0407020K0AAEAEA,"[('30000', 'mcg')]",[]
['diamorphine'],0407020K0AAEBEB,"[('45000', 'mcg')]",[]
['diamorphine'],0407020K0AAECEC,"[('10000', 'mcg')]",[]
['diamorphine'],0407020K0AAEDED,"[('15000', 'mcg')]",[]
['diamorphine'],0407020K0AAEEEE,"[('75000', 'mcg')]",[]
['diamorphine'],0407020K0AAEFEF,"[('5000', 'mcg')]",[]
['diamorphine'],0407020K0AAEGEG,"[('10000', 'mcg')]",[]
['diamorphine'],0407020K0AAEHEH,"[('100000', 'mcg')]",[]
['diamorphine'],0407020K0AAEIEI,"[('500000', 'mcg')]",[]
['diamorphine'],0407020K0AAEJEJ,"[('25000', 'mcg')]",[]
['diamorphine'],0407020K0AAEKEK,"[('650000', 'mcg')]",[]
['diamorphine'],0407020K0AAELEL,"[('300000', 'mcg')]",[]
['diamorphine'],0407020K0AAEMEM,"[('30000', 'mcg')]",[]
['diamorphine'],0407020K0AAENEN,"[('160000', 'mcg')]",[]
['diamorphine'],0407020K0AAEPEP,"[('40000', 'mcg')]",[]
['diamorphine'],0407020K0AAEQEQ,"[('200000', 'mcg')]",[]
['diamorphine'],0407020K0AAERER,"[('80000', 'mcg')]",[]
['diamorphine'],0407020K0AAESES,"[('110000', 'mcg')]",[]
['diamorphine'],0407020K0AAETET,"[('40000', 'mcg')]",[]
['diamorphine'],0407020K0AAEUEU,"[('20000', 'mcg')]",[]
['diamorphine'],0407020K0AAEVEV,"[('120000', 'mcg')]",[]
['diamorphine'],0407020K0AAEWEW,"[('340000', 'mcg')]",[]
['diamorphine'],0407020K0AAEXEX,"[('350000', 'mcg')]",[]
['diamorphine'],0407020K0AAEYEY,"[('360000', 'mcg')]",[]
['diamorphine'],0407020K0AAEZEZ,"[('370000', 'mcg')]",[]
['diamorphine'],0407020K0AAFAFA,"[('380000', 'mcg')]",[]
['diamorphine'],0407020K0AAFBFB,"[('390000', 'mcg')]",[]
['diamorphine'],0407020K0AAFCFC,"[('400000', 'mcg')]",[]
['diamorphine'],0407020K0AAFDFD,"[('410000', 'mcg')]",[]
['diamorphine'],0407020K0AAFEFE,"[('320000', 'mcg')]",[]
['diamorphine'],0407020K0AAFFFF,"[('250000', 'mcg')]",[]
['diamorphine'],0407020K0AAFGFG,"[('260000', 'mcg')]",[]
['diamorphine'],0407020K0AAFHFH,"[('270000', 'mcg')]",[]
['diamorphine'],0407020K0AAFIFI,"[('280000', 'mcg')]",[]
['diamorphine'],0407020K0AAFJFJ,"[('290000', 'mcg')]",[]
['diamorphine'],0407020K0AAFKFK,"[('300000', 'mcg')]",[]
['diamorphine'],0407020K0AAFLFL,"[('310000', 'mcg')]",[]
['diamorphine'],0407020K0AAFMFM,"[('330000', 'mcg')]",[]
['diamorphine'],0407020K0AAFNFN,"[('130000', 'mcg')]",[]
['diamorphine'],0407020K0BCAAAA,"[('5000', 'mcg')]",[]
['diamorphine'],0407020K0BCABAB,"[('10000', 'mcg')]",[]
['diamorphine'],0407020K0BCACAE,"[('30000', 'mcg')]",[]
['diamorphine'],0407020K0BCADAF,"[('100000', 'mcg')]",[]
['diamorphine'],0407020K0BCAEAG,"[('500000', 'mcg')]",[]
['diamorphine'],0407020K0BDAAAA,"[('5000', 'mcg')]",[]
['diamorphine'],0407020K0BDABAB,"[('10000', 'mcg')]",[]
['diamorphine'],0407020K0BDACAE,"[('30000', 'mcg')]",[]
['diamorphine'],0407020K0BDADAF,"[('100000', 'mcg')]",[]
['diamorphine'],0407020K0BDAEAG,"[('500000', 'mcg')]",[]
['diamorphine'],0407020K0BEAACB,"[('10000', 'mcg')]",[]
['meptazinol'],0407020L0AAAAAA,"[('100000', 'mcg')]","[('1', 'sztuk')]"
['meptazinol'],0407020L0AAABAB,"[('200000', 'mcg')]",[]
['meptazinol'],0407020L0BBAAAB,"[('200000', 'mcg')]",[]
['meptazinol'],0407020L0BBABAA,"[('100000', 'mcg')]","[('1', 'sztuk')]"
['methadone'],0407020M0AAA1A1,"[('50000', 'mcg')]",[]
['methadone'],0407020M0AAA2A2,"[('100000', 'mcg')]",[]
['methadone'],0407020M0AAA3A3,"[('10000', 'mcg')]","[('2', 'sztuk')]"
['methadone'],0407020M0AAA4A4,"[('25000', 'mcg')]",[]
['methadone'],0407020M0AAA5A5,"[('40000', 'mcg')]",[]
['methadone'],0407020M0AAA6A6,"[('25000', 'mcg')]","[('2', 'sztuk')]"
['methadone'],0407020M0AAA7A7,"[('80000', 'mcg')]","[('1', 'sztuk')]"
['methadone'],0407020M0AAA8A8,"[('20000', 'mcg')]","[('1', 'sztuk')]"
['methadone'],0407020M0AAA9A9,"[('30000', 'mcg')]",[]
['methadone'],0407020M0AAAAAA,"[('5000', 'mcg')]",[]
['methadone'],0407020M0AAABAB,"[('10000', 'mcg')]","[('1', 'sztuk')]"
['methadone'],0407020M0AAACAC,"[('50000', 'mcg')]","[('1', 'sztuk')]"
['methadone'],0407020M0AAADAD,"[('100000', 'mcg')]",[]
['methadone'],0407020M0AAAEAE,"[('5000', 'mcg')]",[]
['methadone'],0407020M0AAAFAF,[],[]
['methadone'],0407020M0AAAGAG,"[('40000', 'mcg')]",[]
['methadone'],0407020M0AAAHAH,"[('10000', 'mcg')]","[('6', 'sztuk')]"
['methadone'],0407020M0AAAIAI,"[('10000', 'mcg')]","[('8', 'sztuk')]"
['methadone'],0407020M0AAAJAJ,"[('30000', 'mcg')]",[]
['methadone'],0407020M0AAAKAK,"[('10000', 'mcg')]",[]
['methadone'],0407020M0AAALAL,"[('20000', 'mcg')]",[]
['methadone'],0407020M0AAAMAM,"[('10000', 'mcg')]",[]
['methadone'],0407020M0AAANAN,"[('10000', 'mcg')]","[('5', 'sztuk')]"
['methadone'],0407020M0AAAPAP,"[('10000', 'mcg')]","[('7', 'sztuk')]"
['methadone'],0407020M0AAAQAQ,"[('50000', 'mcg')]",[]
['methadone'],0407020M0AAARAR,"[('5000', 'mcg')]",[]
['methadone'],0407020M0AAASAS,"[('35000', 'mcg')]",[]
['methadone'],0407020M0AAATAT,"[('10000', 'mcg')]","[('5', 'sztuk')]"
['methadone'],0407020M0AAAUAU,"[('600', 'mcg')]","[('5', 'sztuk')]"
['methadone'],0407020M0AAAVAV,"[('10000', 'mcg')]","[('1', 'sztuk')]"
['methadone'],0407020M0AAAWAW,"[('35000', 'mcg')]","[('1', 'sztuk')]"
['methadone'],0407020M0AAAXAX,"[('60000', 'mcg')]",[]
['methadone'],0407020M0AAAYAY,"[('1000', 'mcg')]","[('50', 'sztuk')]"
['methadone'],0407020M0AAAZAZ,"[('60000', 'mcg')]",[]
['methadone'],0407020M0AABABA,"[('50000', 'mcg')]","[('2', 'sztuk')]"
['methadone'],0407020M0AABBBB,"[('10000', 'mcg')]","[('5', 'sztuk')]"
['methadone'],0407020M0AABCBC,"[('20000', 'mcg')]",[]
['methadone'],0407020M0AABDBD,"[('10000', 'mcg')]","[('2', 'sztuk')]"
['methadone'],0407020M0AABEBE,"[('15000', 'mcg')]","[('1', 'sztuk')]"
['methadone'],0407020M0AABFBF,"[('10000', 'mcg')]","[('5', 'sztuk')]"
['methadone'],0407020M0AABGBG,"[('10000', 'mcg')]",[]
['methadone'],0407020M0AABHBH,"[('17500', 'mcg')]","[('2', 'sztuk')]"
['methadone'],0407020M0AABIBI,"[('30000', 'mcg')]",[]
['methadone'],0407020M0AABJBJ,"[('30000', 'mcg')]",[]
['methadone'],0407020M0AABKBK,"[('40000', 'mcg')]","[('1', 'sztuk')]"
['methadone'],0407020M0AABLBL,"[('50000', 'mcg')]",[]
['methadone'],0407020M0AABMBM,"[('100000', 'mcg')]",[]
['methadone'],0407020M0AABNBN,"[('30000', 'mcg')]","[('1', 'sztuk')]"
['methadone'],0407020M0AABPBP,"[('130000', 'mcg')]",[]
['methadone'],0407020M0AABQBQ,"[('60000', 'mcg')]",[]
['methadone'],0407020M0AABRBR,"[('55000', 'mcg')]","[('1', 'sztuk')]"
['methadone'],0407020M0AABSBS,"[('15000', 'mcg')]",[]
['methadone'],0407020M0AABTBT,"[('40000', 'mcg')]",[]
['methadone'],0407020M0AABUBU,"[('5000', 'mcg')]",[]
['methadone'],0407020M0AABVBV,"[('50000', 'mcg')]",[]
['methadone'],0407020M0BBAAAE,"[('5000', 'mcg')]",[]
['methadone'],0407020M0BBABAV,"[('10000', 'mcg')]","[('1', 'sztuk')]"
['methadone'],0407020M0BBACA3,"[('10000', 'mcg')]","[('2', 'sztuk')]"
['methadone'],0407020M0BBADAT,"[('10000', 'mcg')]","[('5', 'sztuk')]"
['methadone'],0407020M0BBAEAN,"[('10000', 'mcg')]","[('5', 'sztuk')]"
['methadone'],0407020M0BBAHA6,"[('25000', 'mcg')]","[('2', 'sztuk')]"
['methadone'],0407020M0BBAIAC,"[('50000', 'mcg')]","[('1', 'sztuk')]"
['methadone'],0407020M0BCAAAV,"[('10000', 'mcg')]","[('1', 'sztuk')]"
['methadone'],0407020M0BCABAC,"[('50000', 'mcg')]","[('1', 'sztuk')]"
['methadone'],0407020M0BCACA6,"[('25000', 'mcg')]","[('2', 'sztuk')]"
['methadone'],0407020M0BCADAN,"[('10000', 'mcg')]","[('5', 'sztuk')]"
['morphine'],0407020N0AAACAC,[],[]
['morphine'],0407020P0AAAAAA,"[('50000', 'mcg')]",[]
['morphine'],0407020P0AAABAB,"[('15000', 'mcg')]",[]
['morphine'],0407020P0AAACAC,"[('30000', 'mcg')]",[]
['morphine'],0407020P0AAADAD,[],[]
['morphine'],0407020P0AAAEAE,"[('50000', 'mcg')]",[]
['morphine'],0407020P0AAAFAF,"[('15000', 'mcg')]",[]
['morphine'],0407020P0AAAGAG,"[('10000', 'mcg')]",[]
['morphine'],0407020P0AAAHAH,[],[]
['morphine'],0407020P0AAAIAI,[],[]
['morphine'],0407020P0AAAJAJ,"[('150000', 'mcg')]",[]
['morphine'],0407020P0AAAKAK,"[('30000', 'mcg')]",[]
['morphine'],0407020P0AAALAL,"[('60000', 'mcg')]",[]
['morphine'],0407020P0AAAMAM,"[('10000', 'mcg')]",[]
['morphine'],0407020P0AAANAN,"[('50000', 'mcg')]",[]
['morphine'],0407020P0AAAPAP,"[('100000', 'mcg')]",[]
['morphine'],0407020P0AAAQAQ,"[('10000', 'mcg')]",[]
['morphine'],0407020P0AAARAR,"[('5000', 'mcg')]",[]
['morphine'],0407020P0AAASAS,"[('10000', 'mcg')]",[]
['morphine'],0407020P0AAATAT,"[('25000', 'mcg')]",[]
['morphine'],0407020P0AAAUAU,"[('20000', 'mcg')]",[]
['morphine'],0407020P0AAAVAV,"[('10000', 'mcg')]",[]
['morphine'],0407020P0AAAWAW,"[('1500', 'mcg')]",[]
['morphine'],0407020P0AAAXAX,"[('15000', 'mcg')]",[]
['morphine'],0407020P0AAAYAY,"[('20000', 'mcg')]",[]
['morphine'],0407020P0AAAZAZ,"[('10000', 'mcg')]",[]
['morphine'],0407020P0AABABA,"[('50000', 'mcg')]",[]
['morphine'],0407020P0AABBBB,"[('1000', 'mcg')]",[]
['morphine'],0407020P0AABCBC,"[('5000', 'mcg')]",[]
['morphine'],0407020P0BBAAAV,"[('10000', 'mcg')]",[]
['morphine'],0407020Q0AAA1A1,"[('10000', 'mcg')]",[]
['morphine'],0407020Q0AAA2A2,"[('5000', 'mcg')]",[]
['morphine'],0407020Q0AAA3A3,"[('2000', 'mcg')]",[]
['morphine'],0407020Q0AAA4A4,"[('1000', 'mcg')]",[]
['morphine'],0407020Q0AAA5A5,"[('4000', 'mcg')]",[]
['morphine'],0407020Q0AAA6A6,"[('20000', 'mcg')]",[]
['morphine'],0407020Q0AAA7A7,"[('8000', 'mcg')]",[]
['morphine'],0407020Q0AAA8A8,"[('5000', 'mcg')]",[]
['morphine'],0407020Q0AAA9A9,"[('5000', 'mcg')]",[]
['morphine'],0407020Q0AAAAAA,"[('2000', 'mcg')]",[]
['morphine'],0407020Q0AAABAB,"[('10000', 'mcg')]",[]
['morphine'],0407020Q0AAACAC,"[('15000', 'mcg')]",[]
['morphine'],0407020Q0AAADAD,"[('30000', 'mcg')]",[]
['morphine'],0407020Q0AAAEAE,"[('2500', 'mcg')]",[]
['morphine'],0407020Q0AAAFAF,"[('20000', 'mcg')]",[]
['morphine'],0407020Q0AAAGAG,"[('200000', 'mcg')]",[]
['morphine'],0407020Q0AAAHAH,"[('100000', 'mcg')]",[]
['morphine'],0407020Q0AAAIAI,"[('60000', 'mcg')]",[]
['morphine'],0407020Q0AAAJAJ,"[('100000', 'mcg')]",[]
['morphine'],0407020Q0AAAKAK,"[('10000', 'mcg')]",[]
['morphine'],0407020Q0AAALAL,"[('30000', 'mcg')]",[]
['morphine'],0407020Q0AAAMAM,"[('60000', 'mcg')]",[]
['morphine'],0407020Q0AAANAN,[],[]
['morphine'],0407020Q0AAAPAP,"[('4000', 'mcg')]",[]
['morphine'],0407020Q0AAAQAQ,"[('2000', 'mcg')]",[]
['morphine'],0407020Q0AAARAR,"[('2000', 'mcg')]",[]
['morphine'],0407020Q0AAASAS,"[('5000', 'mcg')]",[]
['morphine'],0407020Q0AAATAT,"[('60000', 'mcg')]",[]
['morphine'],0407020Q0AAAUAU,"[('10000', 'mcg')]",[]
['morphine'],0407020Q0AAAVAV,"[('30000', 'mcg')]",[]
['morphine'],0407020Q0AAAWAW,"[('64000', 'mcg')]","[('1', 'sztuk')]"
['morphine'],0407020Q0AAAXAX,"[('6000', 'mcg')]",[]
['morphine'],0407020Q0AAAZAZ,"[('20000', 'mcg')]",[]
['morphine'],0407020Q0AABABA,"[('130000', 'mcg')]",[]
['morphine'],0407020Q0AABBBB,"[('60000', 'mcg')]",[]
['morphine'],0407020Q0AABCBC,"[('10000', 'mcg')]",[]
['morphine'],0407020Q0AABDBD,"[('10000', 'mcg')]",[]
['morphine'],0407020Q0AABEBE,"[('250000', 'mcg')]",[]
['morphine'],0407020Q0AABFBF,"[('30000', 'mcg')]",[]
['morphine'],0407020Q0AABGBG,"[('4000', 'mcg')]",[]
['morphine'],0407020Q0AABHBH,"[('10000', 'mcg')]",[]
['morphine'],0407020Q0AABIBI,"[('2000', 'mcg')]",[]
['morphine'],0407020Q0AABJBJ,"[('5000', 'mcg')]",[]
['morphine'],0407020Q0AABKBK,"[('10000', 'mcg')]",[]
['morphine'],0407020Q0AABLBL,"[('15000', 'mcg')]",[]
['morphine'],0407020Q0AABMBM,"[('30000', 'mcg')]",[]
['morphine'],0407020Q0AABNBN,"[('60000', 'mcg')]",[]
['morphine'],0407020Q0AABPBP,"[('100000', 'mcg')]",[]
['morphine'],0407020Q0AABQBQ,"[('120000', 'mcg')]",[]
['morphine'],0407020Q0AABRBR,"[('150000', 'mcg')]",[]
['morphine'],0407020Q0AABSBS,"[('200000', 'mcg')]",[]
['morphine'],0407020Q0AABTBT,"[('300000', 'mcg')]",[]
['morphine'],0407020Q0AABUBU,"[('500000', 'mcg')]",[]
['morphine'],0407020Q0AABVBV,"[('50000', 'mcg')]",[]
['morphine'],0407020Q0AABWBW,"[('15000', 'mcg')]",[]
['morphine'],0407020Q0AABXBX,"[('20000', 'mcg')]",[]
['morphine'],0407020Q0AABYBY,"[('40000', 'mcg')]",[]
['morphine'],0407020Q0AABZBZ,"[('5000', 'mcg')]",[]
['morphine'],0407020Q0AACACA,"[('2000', 'mcg')]",[]
['morphine'],0407020Q0AACBCB,"[('115000', 'mcg')]",[]
['morphine'],0407020Q0AACCCC,"[('180000', 'mcg')]",[]
['morphine'],0407020Q0AACDCD,"[('10000', 'mcg')]",[]
['morphine'],0407020Q0AACECE,"[('20000', 'mcg')]",[]
['morphine'],0407020Q0AACFCF,"[('15000', 'mcg')]",[]
['morphine'],0407020Q0AACGCG,"[('5000', 'mcg')]",[]
['morphine'],0407020Q0AACHCH,"[('5000', 'mcg')]",[]
['morphine'],0407020Q0AACICI,"[('5000', 'mcg')]",[]
['morphine'],0407020Q0AACJCJ,"[('10000', 'mcg')]",[]
['morphine'],0407020Q0AACKCK,"[('230000', 'mcg')]",[]
['morphine'],0407020Q0AACLCL,"[('2000', 'mcg')]","[('2', 'sztuk')]"
['morphine'],0407020Q0AACMCM,"[('450000', 'mcg')]",[]
['morphine'],0407020Q0AACNCN,"[('10000', 'mcg')]",[]
['morphine'],0407020Q0AACPCP,"[('30000', 'mcg')]",[]
['morphine'],0407020Q0AACQCQ,"[('10000', 'mcg')]",[]
['morphine'],0407020Q0AACRCR,"[('20000', 'mcg')]",[]
['morphine'],0407020Q0AACSCS,[],[]
['morphine'],0407020Q0AACTCT,"[('30000', 'mcg')]",[]
['morphine'],0407020Q0AACUCU,"[('100000', 'mcg')]",[]
['morphine'],0407020Q0AACVCV,"[('20000', 'mcg')]",[]
['morphine'],0407020Q0AACWCW,"[('10000', 'mcg')]",[]
['morphine'],0407020Q0AACXCX,"[('30000', 'mcg')]",[]
['morphine'],0407020Q0AACYCY,"[('15000', 'mcg')]",[]
['morphine'],0407020Q0AACZCZ,"[('2000', 'mcg')]",[]
['morphine'],0407020Q0AADADA,[],[]
['morphine'],0407020Q0AADBDB,[],[]
['morphine'],0407020Q0AADCDC,"[('60000', 'mcg')]",[]
['morphine'],0407020Q0AADDDD,"[('100000', 'mcg')]",[]
['morphine'],0407020Q0AADEDE,"[('200000', 'mcg')]",[]
['morphine'],0407020Q0AADFDF,"[('20000', 'mcg')]",[]
['morphine'],0407020Q0AADGDG,"[('30000', 'mcg')]",[]
['morphine'],0407020Q0AADHDH,"[('10000', 'mcg')]",[]
['morphine'],0407020Q0AADIDI,"[('20000', 'mcg')]",[]
['morphine'],0407020Q0AADJDJ,"[('50000', 'mcg')]",[]
['morphine'],0407020Q0AADKDK,"[('50000', 'mcg')]",[]
['morphine'],0407020Q0AADLDL,"[('200000', 'mcg')]",[]
['morphine'],0407020Q0AADMDM,"[('360000', 'mcg')]",[]
['morphine'],0407020Q0AADNDN,"[('5000', 'mcg')]",[]
['morphine'],0407020Q0AADPDP,"[('100000', 'mcg')]",[]
['morphine'],0407020Q0AADQDQ,[],"[('50', 'sztuk')]"
['morphine'],0407020Q0AADRDR,"[('50000', 'mcg')]",[]
['morphine'],0407020Q0AADSDS,"[('30000', 'mcg')]",[]
['morphine'],0407020Q0AADTDT,"[('60000', 'mcg')]",[]
['morphine'],0407020Q0AADUDU,"[('90000', 'mcg')]",[]
['morphine'],0407020Q0AADVDV,"[('120000', 'mcg')]",[]
['morphine'],0407020Q0AADWDW,"[('150000', 'mcg')]",[]
['morphine'],0407020Q0AADXDX,"[('200000', 'mcg')]",[]
['morphine'],0407020Q0AADYDY,"[('20000', 'mcg')]",[]
['morphine'],0407020Q0AADZDZ,"[('20000', 'mcg')]",[]
['morphine'],0407020Q0AAEAEA,"[('50000', 'mcg')]",[]
['morphine'],0407020Q0AAEBEB,"[('100000', 'mcg')]",[]
['morphine'],0407020Q0AAECEC,"[('75000', 'mcg')]",[]
['morphine'],0407020Q0AAEDED,"[('1200000', 'mcg')]",[]
['morphine'],0407020Q0AAEEEE,"[('2500', 'mcg')]",[]
['morphine'],0407020Q0AAEFEF,"[('10000', 'mcg')]",[]
['morphine'],0407020Q0AAEGEG,"[('30000', 'mcg')]",[]
['morphine'],0407020Q0AAEHEH,"[('60000', 'mcg')]",[]
['morphine'],0407020Q0AAEIEI,"[('200000', 'mcg')]",[]
['morphine'],0407020Q0AAEJEJ,"[('100000', 'mcg')]",[]
['morphine'],0407020Q0AAEKEK,"[('10000', 'mcg')]",[]
['morphine'],0407020Q0AAELEL,"[('100000', 'mcg')]",[]
['morphine'],0407020Q0AAEMEM,"[('15000', 'mcg')]",[]
['morphine'],0407020Q0AAENEN,"[('50000', 'mcg')]",[]
['morphine'],0407020Q0AAEPEP,"[('750000', 'mcg')]",[]
['morphine'],0407020Q0AAEQEQ,"[('1000', 'mcg')]",[]
['morphine'],0407020Q0AAERER,"[('1000000', 'mcg')]","[('5', 'sztuk')]"
['morphine'],0407020Q0AAESES,"[('60000', 'mcg')]",[]
['morphine'],0407020Q0AAETET,"[('30000', 'mcg')]",[]
['morphine'],0407020Q0AAEUEU,"[('7500', 'mcg')]",[]
['morphine'],0407020Q0AAEVEV,[],"[('1', 'sztuk')]"
['morphine'],0407020Q0AAEWEW,"[('35000', 'mcg')]",[]
['morphine'],0407020Q0AAEXEX,"[('50000', 'mcg')]",[]
['morphine'],0407020Q0AAEYEY,"[('75000', 'mcg')]",[]
['morphine'],0407020Q0AAEZEZ,"[('100000', 'mcg')]",[]
['morphine'],0407020Q0AAFAFA,"[('80000', 'mcg')]",[]
['morphine'],0407020Q0AAFBFB,"[('3350', 'mcg')]",[]
['morphine'],0407020Q0AAFCFC,"[('10000', 'mcg')]","[('1', 'sztuk')]"
['morphine'],0407020Q0AAFDFD,"[('500', 'mcg')]",[]
['morphine'],0407020Q0AAFEFE,"[('40000', 'mcg')]",[]
['morphine'],0407020Q0AAFFFF,"[('2000', 'mcg')]",[]
['morphine'],0407020Q0AAFGFG,"[('1500', 'mcg')]",[]
['morphine'],0407020Q0AAFHFH,"[('1000', 'mcg')]",[]
['morphine'],0407020Q0AAFIFI,"[('3000', 'mcg')]",[]
['morphine'],0407020Q0AAFJFJ,"[('1000', 'mcg')]","[('10', 'sztuk')]"
['morphine'],0407020Q0AAFKFK,"[('30000', 'mcg')]","[('10', 'sztuk')]"
['morphine'],0407020Q0AAFLFL,"[('15000', 'mcg')]",[]
['morphine'],0407020Q0AAFMFM,"[('1', '%')]","[('10', 'sztuk')]"
['morphine'],0407020Q0AAFNFN,"[('0.3', '%')]","[('40', 'sztuk')]"
['morphine'],0407020Q0AAFPFP,"[('30000', 'mcg')]",[]
['morphine'],0407020Q0AAFQFQ,"[('2', '%')]",[]
['morphine'],0407020Q0AAFRFR,"[('1000', 'mcg')]","[('100', 'sztuk')]"
['morphine'],0407020Q0AAFSFS,"[('0.1', '%')]",[]
['morphine'],0407020Q0AAFTFT,"[('100000', 'mcg')]",[]
['morphine'],0407020Q0AAFUFU,"[('0.2', '%')]",[]
['morphine'],0407020Q0AAFVFV,"[('100000', 'mcg')]",[]
['morphine'],0407020Q0AAFWFW,"[('50000', 'mcg')]",[]
['morphine'],0407020Q0AAFXFX,"[('0.1', '%')]",[]
['morphine'],0407020Q0AAFYFY,"[('0.2', '%')]",[]
['morphine'],0407020Q0AAFZFZ,"[('5000', 'mcg')]",[]
['morphine'],0407020Q0AAGAGA,"[('10000', 'mcg')]",[]
['morphine'],0407020Q0AAGBGB,"[('10000', 'mcg')]",[]
['morphine'],0407020Q0AAGCGC,"[('30000', 'mcg')]",[]
['morphine'],0407020Q0AAGDGD,"[('15000', 'mcg')]",[]
['morphine'],0407020Q0BBAAAK,"[('10000', 'mcg')]",[]
['morphine'],0407020Q0BBABAL,"[('30000', 'mcg')]",[]
['morphine'],0407020Q0BBACAI,"[('60000', 'mcg')]",[]
['morphine'],0407020Q0BBADAH,"[('100000', 'mcg')]",[]
['morphine'],0407020Q0BBAEAG,"[('200000', 'mcg')]",[]
['morphine'],0407020Q0BBAFCV,"[('20000', 'mcg')]",[]
['morphine'],0407020Q0BBAGCP,"[('30000', 'mcg')]",[]
['morphine'],0407020Q0BBAHDC,"[('60000', 'mcg')]",[]
['morphine'],0407020Q0BBAIDD,"[('100000', 'mcg')]",[]
['morphine'],0407020Q0BBAJDE,"[('200000', 'mcg')]",[]
['morphine'],0407020Q0BBAKCG,"[('5000', 'mcg')]",[]
['morphine'],0407020Q0BBALCF,"[('15000', 'mcg')]",[]
['morphine'],0407020Q0BCABA6,"[('20000', 'mcg')]",[]
['morphine'],0407020Q0BCACAK,"[('10000', 'mcg')]",[]
['morphine'],0407020Q0BCADAL,"[('30000', 'mcg')]",[]
['morphine'],0407020Q0BCAEAI,"[('60000', 'mcg')]",[]
['morphine'],0407020Q0BCAFAH,"[('100000', 'mcg')]",[]
['morphine'],0407020Q0BCAGCN,"[('10000', 'mcg')]",[]
['morphine'],0407020Q0BCAHCS,"[('10000', 'mcg')]",[]
['morphine'],0407020Q0BCAICT,"[('30000', 'mcg')]",[]
['morphine'],0407020Q0BCAJCU,"[('100000', 'mcg')]",[]
['morphine'],0407020Q0BDAAAW,[],"[('1', 'sztuk')]"
['morphine'],0407020Q0BEAAA0,"[('20000', 'mcg')]",[]
['morphine'],0407020Q0BEABFJ,"[('1000', 'mcg')]","[('10', 'sztuk')]"
['morphine'],0407020Q0BGAAAK,"[('10000', 'mcg')]",[]
['morphine'],0407020Q0BGABAL,"[('30000', 'mcg')]",[]
['morphine'],0407020Q0BGACAI,"[('60000', 'mcg')]",[]
['morphine'],0407020Q0BGADAH,"[('100000', 'mcg')]",[]
['morphine'],0407020Q0BHAACQ,"[('10000', 'mcg')]",[]
['morphine'],0407020Q0BHABCR,"[('20000', 'mcg')]",[]
['morphine'],0407020Q0BHACCD,"[('10000', 'mcg')]",[]
['morphine'],0407020Q0BHADCE,"[('20000', 'mcg')]",[]
['morphine'],0407020Q0BHAEBM,"[('30000', 'mcg')]",[]
['morphine'],0407020Q0BHAFDR,"[('50000', 'mcg')]",[]
['morphine'],0407020Q0BHAGCN,"[('10000', 'mcg')]",[]
['morphine'],0407020Q0BHAHA6,"[('20000', 'mcg')]",[]
['morphine'],0407020Q0BIAAEG,"[('30000', 'mcg')]",[]
['morphine'],0407020Q0BIABEH,"[('60000', 'mcg')]",[]
['morphine'],0407020Q0BIACDU,"[('90000', 'mcg')]",[]
['morphine'],0407020Q0BIADDV,"[('120000', 'mcg')]",[]
['morphine'],0407020Q0BIAEDW,"[('150000', 'mcg')]",[]
['morphine'],0407020Q0BIAFEI,"[('200000', 'mcg')]",[]
['morphine'],0407020Q0BJAADZ,"[('20000', 'mcg')]",[]
['morphine'],0407020Q0BJABEA,"[('50000', 'mcg')]",[]
['morphine'],0407020Q0BJACEB,"[('100000', 'mcg')]",[]
['morphine'],0407020Q0BKAAEF,"[('10000', 'mcg')]",[]
['morphine'],0407020Q0BKABEG,"[('30000', 'mcg')]",[]
['morphine'],0407020Q0BKACEH,"[('60000', 'mcg')]",[]
['morphine'],0407020Q0BKADEB,"[('100000', 'mcg')]",[]
['morphine'],0407020Q0BKAEEI,"[('200000', 'mcg')]",[]
['morphine'],0407020Q0BLAAEW,"[('35000', 'mcg')]",[]
['morphine'],0407020Q0BLABEX,"[('50000', 'mcg')]",[]
['morphine'],0407020Q0BLACEY,"[('75000', 'mcg')]",[]
['morphine'],0407020Q0BLADEZ,"[('100000', 'mcg')]",[]
['morphine'],0407020Q0BLAEEW,"[('35000', 'mcg')]",[]
['morphine'],0407020Q0BLAFEX,"[('50000', 'mcg')]",[]
['morphine'],0407020Q0BLAGEY,"[('75000', 'mcg')]",[]
['morphine'],0407020Q0BLAHEZ,"[('100000', 'mcg')]",[]
['morphine'],0407020Q0BMAAAK,"[('10000', 'mcg')]",[]
['morphine'],0407020Q0BMABAL,"[('30000', 'mcg')]",[]
['morphine'],0407020Q0BMACAI,"[('60000', 'mcg')]",[]
['morphine'],0407020Q0BMADAH,"[('100000', 'mcg')]",[]
['morphine'],0407020Q0BMAEAG,"[('200000', 'mcg')]",[]
['morphine'],0407020Q0BNAAAK,"[('10000', 'mcg')]",[]
['morphine'],0407020Q0BNABAL,"[('30000', 'mcg')]",[]
['morphine'],0407020Q0BNACAI,"[('60000', 'mcg')]",[]
['morphine'],0407020Q0BNADAH,"[('100000', 'mcg')]",[]
['morphine'],0407020Q0BPAAAK,"[('10000', 'mcg')]",[]
['morphine'],0407020Q0BPABAL,"[('30000', 'mcg')]",[]
['morphine'],0407020Q0BPACAI,"[('60000', 'mcg')]",[]
['morphine'],0407020Q0BPADAH,"[('100000', 'mcg')]",[]
['pentazocine'],0407020T0AAAAAA,"[('50000', 'mcg')]",[]
['pentazocine'],0407020T0AAABAB,"[('25000', 'mcg')]",[]
['pentazocine'],0407020T0AAACAC,[],[]
['pentazocine'],0407020T0BBAAAA,"[('50000', 'mcg')]",[]
['pentazocine'],0407020T0BBABAB,"[('25000', 'mcg')]",[]
['pentazocine'],0407020U0AAAAAA,"[('30000', 'mcg')]","[('1', 'sztuk')]"
['pentazocine'],0407020U0AAABAB,"[('50000', 'mcg')]",[]
['pentazocine'],0407020U0AAACAC,"[('30000', 'mcg')]","[('2', 'sztuk')]"
['pentazocine'],0407020U0AAADAD,"[('50000', 'mcg')]",[]
['pentazocine'],0407020U0BBAAAA,"[('30000', 'mcg')]","[('1', 'sztuk')]"
['pentazocine'],0407020U0BBABAC,"[('30000', 'mcg')]","[('2', 'sztuk')]"
['pentazocine'],0407020U0BBACAB,"[('50000', 'mcg')]",[]
['pethidine'],0407020V0AAAAAA,"[('50000', 'mcg')]","[('1', 'sztuk')]"
['pethidine'],0407020V0AAABAB,"[('25000', 'mcg')]",[]
['pethidine'],0407020V0AAACAC,"[('50000', 'mcg')]",[]
['pethidine'],0407020V0AAADAD,[],[]
['pethidine'],0407020V0AAAEAE,"[('50000', 'mcg')]","[('2', 'sztuk')]"
['pethidine'],0407020V0AAAGAG,"[('25000', 'mcg')]","[('1', 'sztuk')]"
['pethidine'],0407020V0AAAHAH,"[('25000', 'mcg')]",[]
['pethidine'],0407020V0AAAIAI,[],"[('2', 'sztuk')]"
['pethidine'],0407020V0AAAJAJ,[],"[('1', 'sztuk')]"
['pethidine'],0407020V0AAAKAK,[],"[('2', 'sztuk')]"
['pethidine'],0407020V0AAALAL,"[('10000', 'mcg')]","[('10', 'sztuk')]"
['pethidine'],0407020V0AAAMAM,"[('25000', 'mcg')]",[]
['pethidine'],0407020V0AAANAN,[],[]
['pethidine'],0407020V0AAAPAP,"[('10000', 'mcg')]","[('5', 'sztuk')]"
['pethidine'],0407020V0AAAQAQ,[],"[('50', 'sztuk')]"
['pethidine'],0407020V0AAARAR,"[('25000', 'mcg')]",[]
['pethidine'],0407020V0AAASAS,"[('200000', 'mcg')]",[]
['pethidine'],0407020V0AAATAT,"[('50000', 'mcg')]",[]
['pethidine'],0407020V0AAAUAU,"[('100000', 'mcg')]",[]
['pethidine'],0407020V0AAAVAV,"[('200000', 'mcg')]",[]
['pethidine'],0407020V0AAAWAW,"[('50000', 'mcg')]",[]
['pethidine'],0407020V0AAAXAX,"[('100000', 'mcg')]","[('1', 'sztuk')]"
['pethidine'],0407020V0AAAYAY,[],"[('2', 'sztuk')]"
['pethidine'],0407020V0AAAZAZ,"[('10000', 'mcg')]","[('1', 'sztuk')]"
['pethidine'],0407020V0AABABA,"[('10000', 'mcg')]",[]
['pethidine'],0407020V0AABBBB,"[('40000', 'mcg')]",[]
['pethidine'],0407020V0AABCBC,"[('30000', 'mcg')]",[]
['pethidine'],0407020V0AABDBD,"[('45000', 'mcg')]",[]
['pethidine'],0407020V0AABEBE,"[('35000', 'mcg')]",[]
['pethidine'],0407020V0AABFBF,"[('50000', 'mcg')]",[]
['pethidine'],0407020V0BBAAAA,"[('50000', 'mcg')]","[('1', 'sztuk')]"
['pethidine'],0407020V0BBABAE,"[('50000', 'mcg')]","[('2', 'sztuk')]"
['pethidine'],0407020V0BBACAB,"[('25000', 'mcg')]",[]
['pethidine'],0407020V0BBADAC,"[('50000', 'mcg')]",[]
['pethidine'],0407020V0BBAEAD,[],[]
['pethidine'],0407020V0BCAAAI,[],"[('2', 'sztuk')]"
['pethidine'],0407020V0BDAAAJ,[],"[('1', 'sztuk')]"
['pethidine'],0407020V0BDABAK,[],"[('2', 'sztuk')]"
['oxycodone'],0407020Z0AAAAAA,"[('30000', 'mcg')]",[]
['oxycodone'],0407020Z0AAABAB,"[('60000', 'mcg')]",[]
['oxycodone'],0407020Z0AAACAC,"[('15000', 'mcg')]",[]
['oxycodone'],0407020Z0AAADAD,"[('30000', 'mcg')]",[]
['oxycodone'],0407020Z0AAAEAE,"[('5000', 'mcg')]",[]
['oxycodone'],0407020Z0AAAFAF,"[('15000', 'mcg')]",[]
['oxycodone'],0407020Z0AAAGAG,"[('20000', 'mcg')]",[]
['oxycodone'],0407020Z0AAAHAH,"[('40000', 'mcg')]",[]
['oxycodone'],0407020Z0AAAIAI,"[('20000', 'mcg')]",[]
['oxycodone'],0407020Z0AAAJAJ,"[('50000', 'mcg')]",[]
['oxycodone'],0407020Z0AAAKAK,"[('10000', 'mcg')]",[]
['oxycodone'],0407020Z0AAALAL,"[('10000', 'mcg')]",[]
['oxycodone'],0407020Z0BBAAAA,"[('30000', 'mcg')]",[]
['oxycodone'],0407020Z0BBABAB,"[('60000', 'mcg')]",[]
['gabapentin'],0407030ADAAAAAA,"[('6', '%')]",[]
['gabapentin'],0407030ADAAABAB,"[('6', '%')]",[]
['eletriptan'],0407041AAAAAAAA,"[('20000', 'mcg')]",[]
['eletriptan'],0407041AAAAABAB,"[('40000', 'mcg')]",[]
['eletriptan'],0407041AABBAAAA,"[('20000', 'mcg')]",[]
['eletriptan'],0407041AABBABAB,"[('40000', 'mcg')]",[]
['frovatriptan'],0407041ABAAAAAA,"[('2500', 'mcg')]",[]
['frovatriptan'],0407041ABBBAAAA,"[('2500', 'mcg')]",[]
['frovatriptan'],0407041ABBCAAAA,"[('2500', 'mcg')]",[]
['erenumab'],0407041ACAAAAAA,"[('70000', 'mcg')]",[]
['erenumab'],0407041ACBBAAAA,"[('70000', 'mcg')]",[]
['almotriptan'],0407041B0AAAAAA,"[('12500', 'mcg')]",[]
['almotriptan'],0407041B0BBAAAA,"[('12500', 'mcg')]",[]
"['caffeine', 'ergotamine']",0407041F0AAAAAA,"[('360', 'mcg')]",[]
"['caffeine', 'ergotamine']",0407041F0AAABAB,"[('500', 'mcg')]","[('1', 'sztuk')]"
"['caffeine', 'ergotamine']",0407041F0AAACAC,"[('500', 'mcg')]",[]
"['caffeine', 'ergotamine']",0407041F0AAADAD,"[('1000', 'mcg')]",[]
"['caffeine', 'ergotamine']",0407041F0AAAEAE,"[('2000', 'mcg')]",[]
"['caffeine', 'ergotamine']",0407041F0AAAFAF,"[('250', 'mcg')]","[('1', 'sztuk')]"
"['caffeine', 'ergotamine']",0407041F0AAAGAG,"[('1000', 'mcg')]",[]
"['caffeine', 'ergotamine']",0407041F0AAAHAH,"[('2000', 'mcg'), ('100000', 'mcg')]",[]
"['caffeine', 'ergotamine']",0407041F0AAAIAI,"[('1000', 'mcg'), ('100000', 'mcg')]",[]
"['caffeine', 'ergotamine']",0407041F0AAAJAJ,[],[]
"['caffeine', 'ergotamine']",0407041F0AAAKAK,"[('2000', 'mcg')]",[]
"['caffeine', 'ergotamine']",0407041F0AAALAL,"[('500', 'mcg')]","[('1', 'sztuk')]"
"['caffeine', 'ergotamine']",0407041F0AAAMAM,"[('1000', 'mcg'), ('100000', 'mcg')]",[]
"['caffeine', 'ergotamine']",0407041F0BBAAAE,"[('2000', 'mcg')]",[]
"['caffeine', 'ergotamine']",0407041F0BCAAAA,"[('360', 'mcg')]",[]
"['caffeine', 'ergotamine']",0407041F0BDAAAF,"[('250', 'mcg')]","[('1', 'sztuk')]"
"['caffeine', 'ergotamine']",0407041F0BDABAL,"[('500', 'mcg')]","[('1', 'sztuk')]"
"['caffeine', 'ergotamine']",0407041F0BEAAAD,"[('1000', 'mcg')]",[]
"['caffeine', 'ergotamine']",0407041F0BFAAAH,[],[]
"['caffeine', 'ergotamine']",0407041F0BFABAI,[],[]
"['caffeine', 'ergotamine']",0407041F0BGAAAJ,[],[]
['naratriptan'],0407041M0AAAAAA,"[('2500', 'mcg')]",[]
['naratriptan'],0407041M0BBAAAA,"[('2500', 'mcg')]",[]
['rizatriptan'],0407041R0AAAAAA,"[('5000', 'mcg')]",[]
['rizatriptan'],0407041R0AAABAB,"[('10000', 'mcg')]",[]
['rizatriptan'],0407041R0AAACAC,"[('10000', 'mcg')]",[]
['rizatriptan'],0407041R0AAADAD,"[('10000', 'mcg')]",[]
['rizatriptan'],0407041R0AAAEAE,"[('5000', 'mcg')]",[]
['rizatriptan'],0407041R0BBAAAA,"[('5000', 'mcg')]",[]
['rizatriptan'],0407041R0BBABAB,"[('10000', 'mcg')]",[]
['rizatriptan'],0407041R0BBACAC,"[('10000', 'mcg')]",[]
['sumatriptan'],0407041T0AAAAAA,"[('6000', 'mcg')]",[]
['sumatriptan'],0407041T0AAABAB,"[('6000', 'mcg')]",[]
['sumatriptan'],0407041T0AAACAC,"[('100000', 'mcg')]",[]
['sumatriptan'],0407041T0AAADAD,"[('6000', 'mcg')]",[]
['sumatriptan'],0407041T0AAAEAE,"[('6000', 'mcg')]",[]
['sumatriptan'],0407041T0AAAFAF,"[('50000', 'mcg')]",[]
['sumatriptan'],0407041T0AAAGAG,"[('20000', 'mcg')]",[]
['sumatriptan'],0407041T0AAAHAH,"[('10000', 'mcg')]",[]
['sumatriptan'],0407041T0AAAIAI,"[('6000', 'mcg')]",[]
['sumatriptan'],0407041T0BBAAAA,"[('6000', 'mcg')]",[]
['sumatriptan'],0407041T0BBABAB,"[('6000', 'mcg')]",[]
['sumatriptan'],0407041T0BBACAC,"[('100000', 'mcg')]",[]
['sumatriptan'],0407041T0BBADAD,"[('6000', 'mcg')]",[]
['sumatriptan'],0407041T0BBAEAE,"[('6000', 'mcg')]",[]
['sumatriptan'],0407041T0BBAFAF,"[('50000', 'mcg')]",[]
['sumatriptan'],0407041T0BBAGAG,"[('20000', 'mcg')]",[]
['sumatriptan'],0407041T0BBAHAH,"[('10000', 'mcg')]",[]
['sumatriptan'],0407041T0BBAIAF,"[('50000', 'mcg')]",[]
['sumatriptan'],0407041T0BBAJAC,"[('100000', 'mcg')]",[]
['sumatriptan'],0407041T0BBAKAF,"[('50000', 'mcg')]",[]
['sumatriptan'],0407041T0BCAAAF,"[('50000', 'mcg')]",[]
['sumatriptan'],0407041T0BDAAAF,"[('50000', 'mcg')]",[]
['sumatriptan'],0407041T0BEAAAF,"[('50000', 'mcg')]",[]
['tolfenamic_acid'],0407041U0AAAAAA,"[('200000', 'mcg')]",[]
['tolfenamic_acid'],0407041U0AAABAB,"[('200000', 'mcg')]",[]
['tolfenamic_acid'],0407041U0BBAAAA,"[('200000', 'mcg')]",[]
['tolfenamic_acid'],0407041U0BBABAB,"[('200000', 'mcg')]",[]
['zolmitriptan'],0407041Z0AAAAAA,"[('2500', 'mcg')]",[]
['zolmitriptan'],0407041Z0AAABAB,"[('2500', 'mcg')]",[]
['zolmitriptan'],0407041Z0AAACAC,"[('5000', 'mcg')]",[]
['zolmitriptan'],0407041Z0AAADAD,"[('5000', 'mcg')]",[]
['zolmitriptan'],0407041Z0AAAEAE,"[('5000', 'mcg')]",[]
['zolmitriptan'],0407041Z0BBAAAA,"[('2500', 'mcg')]",[]
['zolmitriptan'],0407041Z0BBABAB,"[('2500', 'mcg')]",[]
['zolmitriptan'],0407041Z0BBACAC,"[('5000', 'mcg')]",[]
['zolmitriptan'],0407041Z0BBADAD,"[('5000', 'mcg')]",[]
['valproate'],0407042A0AAAAAA,"[('300000', 'mcg')]",[]
['valproate'],0407042A0BBAAAA,"[('300000', 'mcg')]",[]
['clonidine'],0407042F0AAAAAA,"[('25', 'mcg')]",[]
['clonidine'],0407042F0AAABAB,"[('25', 'mcg')]",[]
['clonidine'],0407042F0AAACAC,"[('45', 'mcg')]",[]
['clonidine'],0407042F0AAADAD,[],[]
['clonidine'],0407042F0AAAEAE,"[('45', 'mcg')]",[]
['clonidine'],0407042F0AAAFAF,"[('50', 'mcg')]",[]
['clonidine'],0407042F0AAAGAG,"[('25', 'mcg')]",[]
['clonidine'],0407042F0AAAHAH,"[('75', 'mcg')]",[]
['clonidine'],0407042F0AAAIAI,"[('750', 'mcg')]",[]
['clonidine'],0407042F0AAAJAJ,"[('5', 'mcg')]",[]
['clonidine'],0407042F0AAAKAK,"[('15', 'mcg')]",[]
['clonidine'],0407042F0AAALAL,"[('100', 'mcg')]",[]
['clonidine'],0407042F0AAAMAM,"[('10', 'mcg')]",[]
['clonidine'],0407042F0AAANAN,"[('12', 'mcg')]",[]
['clonidine'],0407042F0AAAPAP,"[('6', 'mcg')]",[]
['clonidine'],0407042F0AAAQAQ,"[('37', 'mcg')]",[]
['clonidine'],0407042F0AAARAR,"[('125', 'mcg')]",[]
['clonidine'],0407042F0AAASAS,"[('90', 'mcg')]",[]
['clonidine'],0407042F0AAATAT,"[('50', 'mcg')]",[]
['clonidine'],0407042F0AAAUAU,"[('50', 'mcg')]",[]
['clonidine'],0407042F0AAAVAV,"[('250', 'mcg')]",[]
['clonidine'],0407042F0AAAWAW,"[('250', 'mcg')]",[]
['clonidine'],0407042F0AAAXAX,"[('62', 'mcg')]",[]
['clonidine'],0407042F0AAAYAY,"[('3', 'mcg')]",[]
['clonidine'],0407042F0AAAZAZ,"[('50', 'mcg')]",[]
['clonidine'],0407042F0AABABA,"[('40', 'mcg')]",[]
['clonidine'],0407042F0BBAAAA,"[('25', 'mcg')]",[]
['pizotifen'],0407042Q0AAAAAA,"[('250', 'mcg')]",[]
['pizotifen'],0407042Q0AAABAB,"[('500', 'mcg')]",[]
['pizotifen'],0407042Q0AAACAC,"[('1500', 'mcg')]",[]
['pizotifen'],0407042Q0AAADAD,"[('250', 'mcg')]",[]
['pizotifen'],0407042Q0AAAEAE,"[('250', 'mcg')]",[]
['pizotifen'],0407042Q0AAAFAF,"[('500', 'mcg')]",[]
['pizotifen'],0407042Q0AAAGAG,"[('750', 'mcg')]",[]
['pizotifen'],0407042Q0AAAHAH,"[('1000', 'mcg')]",[]
['pizotifen'],0407042Q0BBAAAB,"[('500', 'mcg')]",[]
['pizotifen'],0407042Q0BBABAC,"[('1500', 'mcg')]",[]
['pizotifen'],0407042Q0BBACAA,"[('250', 'mcg')]",[]
['valproic_acid'],040801020AAAAAA,"[('150000', 'mcg')]",[]
['valproic_acid'],040801020AAABAB,"[('300000', 'mcg')]",[]
['valproic_acid'],040801020AAACAC,"[('500000', 'mcg')]",[]
['valproic_acid'],040801020AAADAD,"[('250000', 'mcg')]",[]
['valproic_acid'],040801020AAAEAE,"[('500000', 'mcg')]",[]
['valproic_acid'],040801020AAAFAF,"[('250000', 'mcg')]",[]
['valproic_acid'],040801020AAAGAG,"[('500000', 'mcg')]",[]
['valproic_acid'],040801020AAAHAH,"[('125000', 'mcg')]",[]
['valproic_acid'],040801020AAAIAI,"[('250000', 'mcg')]",[]
['valproic_acid'],040801020BBAAAA,"[('150000', 'mcg')]",[]
['valproic_acid'],040801020BBABAB,"[('300000', 'mcg')]",[]
['valproic_acid'],040801020BBACAC,"[('500000', 'mcg')]",[]
['valproic_acid'],040801020BCAAAD,"[('250000', 'mcg')]",[]
['valproic_acid'],040801020BCABAE,"[('500000', 'mcg')]",[]
['valproic_acid'],040801020BCACAH,"[('125000', 'mcg')]",[]
['valproic_acid'],040801020BCADAI,"[('250000', 'mcg')]",[]
['topiramate'],040801050AAAAAA,"[('50000', 'mcg')]",[]
['topiramate'],040801050AAABAB,"[('100000', 'mcg')]",[]
['topiramate'],040801050AAACAC,"[('200000', 'mcg')]",[]
['topiramate'],040801050AAADAD,"[('25000', 'mcg')]",[]
['topiramate'],040801050AAAEAE,"[('40000', 'mcg')]",[]
['topiramate'],040801050AAAFAF,"[('20000', 'mcg')]",[]
['topiramate'],040801050AAAGAG,"[('30000', 'mcg')]",[]
['topiramate'],040801050AAAHAH,"[('12500', 'mcg')]",[]
['topiramate'],040801050AAAIAI,"[('25000', 'mcg')]",[]
['topiramate'],040801050AAAJAJ,"[('37500', 'mcg')]",[]
['topiramate'],040801050AAAKAK,"[('50000', 'mcg')]",[]
['topiramate'],040801050AAALAL,"[('25000', 'mcg')]",[]
['topiramate'],040801050AAAMAM,"[('90000', 'mcg')]",[]
['topiramate'],040801050AAANAN,"[('100000', 'mcg')]",[]
['topiramate'],040801050AAAPAP,"[('75000', 'mcg')]",[]
['topiramate'],040801050AAAQAQ,"[('10000', 'mcg')]",[]
['topiramate'],040801050AAARAR,"[('50000', 'mcg')]",[]
['topiramate'],040801050AAASAS,"[('75000', 'mcg')]",[]
['topiramate'],040801050AAATAT,"[('10000', 'mcg')]",[]
['topiramate'],040801050AAAUAU,"[('15000', 'mcg')]",[]
['topiramate'],040801050AAAVAV,"[('25000', 'mcg')]",[]
['topiramate'],040801050AAAWAW,"[('50000', 'mcg')]",[]
['topiramate'],040801050AAAXAX,"[('12500', 'mcg')]",[]
['topiramate'],040801050AAAYAY,"[('125000', 'mcg')]",[]
['topiramate'],040801050AAAZAZ,"[('100000', 'mcg')]",[]
['topiramate'],040801050AABABA,"[('200000', 'mcg')]",[]
['topiramate'],040801050AABBBB,"[('15000', 'mcg')]",[]
['topiramate'],040801050AABCBC,"[('7500', 'mcg')]",[]
['topiramate'],040801050AABDBD,"[('20000', 'mcg')]",[]
['topiramate'],040801050AABEBE,"[('200000', 'mcg')]",[]
['topiramate'],040801050AABFBF,"[('50000', 'mcg')]",[]
['topiramate'],040801050AABGBG,"[('55000', 'mcg')]",[]
['topiramate'],040801050AABHBH,"[('6250', 'mcg')]",[]
['topiramate'],040801050AABIBI,"[('5000', 'mcg')]",[]
['topiramate'],040801050AABJBJ,"[('3000', 'mcg')]",[]
['topiramate'],040801050AABKBK,"[('75000', 'mcg')]",[]
['topiramate'],040801050AABLBL,"[('30000', 'mcg')]",[]
['topiramate'],040801050AABMBM,"[('100000', 'mcg')]",[]
['topiramate'],040801050AABNBN,"[('125000', 'mcg')]",[]
['topiramate'],040801050AABPBP,"[('12000', 'mcg')]",[]
['topiramate'],040801050AABQBQ,"[('200000', 'mcg')]",[]
['topiramate'],040801050AABRBR,"[('35000', 'mcg')]",[]
['topiramate'],040801050AABSBS,"[('150000', 'mcg')]",[]
['topiramate'],040801050AABTBT,"[('16000', 'mcg')]",[]
['topiramate'],040801050AABUBU,"[('67500', 'mcg')]",[]
['topiramate'],040801050AABVBV,"[('15000', 'mcg')]",[]
['topiramate'],040801050AABWBW,"[('25000', 'mcg')]",[]
['topiramate'],040801050AABXBX,"[('25000', 'mcg')]",[]
['topiramate'],040801050AABYBY,"[('50000', 'mcg')]",[]
['topiramate'],040801050AABZBZ,"[('250000', 'mcg')]",[]
['topiramate'],040801050AACACA,"[('100000', 'mcg')]",[]
['topiramate'],040801050AACBCB,"[('100000', 'mcg')]",[]
['topiramate'],040801050AACCCC,"[('100000', 'mcg')]",[]
['topiramate'],040801050AACDCD,"[('62500', 'mcg')]",[]
['topiramate'],040801050AACECE,"[('25000', 'mcg')]",[]
['topiramate'],040801050AACFCF,"[('8000', 'mcg')]",[]
['topiramate'],040801050BBAAAA,"[('50000', 'mcg')]",[]
['topiramate'],040801050BBABAB,"[('100000', 'mcg')]",[]
['topiramate'],040801050BBACAC,"[('200000', 'mcg')]",[]
['topiramate'],040801050BBADAD,"[('25000', 'mcg')]",[]
['topiramate'],040801050BBAEAU,"[('15000', 'mcg')]",[]
['topiramate'],040801050BBAFAV,"[('25000', 'mcg')]",[]
['topiramate'],040801050BBAGAW,"[('50000', 'mcg')]",[]
['topiramate'],040801050BCAAAA,"[('50000', 'mcg')]",[]
['clobazam'],040801060AAA1A1,"[('5000', 'mcg')]",[]
['clobazam'],040801060AAA2A2,"[('50000', 'mcg')]",[]
['clobazam'],040801060AAA3A3,"[('25000', 'mcg')]",[]
['clobazam'],040801060AAA4A4,"[('10000', 'mcg')]",[]
['clobazam'],040801060AAA5A5,"[('7500', 'mcg')]",[]
['clobazam'],040801060AAA6A6,"[('750', 'mcg')]",[]
['clobazam'],040801060AAA7A7,"[('15000', 'mcg')]",[]
['clobazam'],040801060AAA8A8,"[('1000', 'mcg')]",[]
['clobazam'],040801060AAA9A9,"[('8000', 'mcg')]",[]
['clobazam'],040801060AAAAAA,"[('10000', 'mcg')]",[]
['clobazam'],040801060AAABAB,"[('5000', 'mcg')]",[]
['clobazam'],040801060AAACAC,"[('5000', 'mcg')]",[]
['clobazam'],040801060AAADAD,"[('7500', 'mcg')]",[]
['clobazam'],040801060AAAEAE,"[('5000', 'mcg')]",[]
['clobazam'],040801060AAAFAF,"[('5000', 'mcg')]",[]
['clobazam'],040801060AAAGAG,"[('2500', 'mcg')]",[]
['clobazam'],040801060AAAHAH,"[('10000', 'mcg')]",[]
['clobazam'],040801060AAAIAI,"[('2500', 'mcg')]",[]
['clobazam'],040801060AAAJAJ,"[('5000', 'mcg')]",[]
['clobazam'],040801060AAAKAK,"[('2500', 'mcg')]",[]
['clobazam'],040801060AAALAL,"[('50000', 'mcg')]",[]
['clobazam'],040801060AAAMAM,"[('3000', 'mcg')]",[]
['clobazam'],040801060AAANAN,"[('15000', 'mcg')]",[]
['clobazam'],040801060AAAPAP,"[('25000', 'mcg')]",[]
['clobazam'],040801060AAAQAQ,"[('2000', 'mcg')]",[]
['clobazam'],040801060AAARAR,"[('1250', 'mcg')]",[]
['clobazam'],040801060AAASAS,"[('5000', 'mcg')]",[]
['clobazam'],040801060AAATAT,"[('4000', 'mcg')]",[]
['clobazam'],040801060AAAUAU,"[('60000', 'mcg')]",[]
['clobazam'],040801060AAAVAV,"[('250', 'mcg')]",[]
['clobazam'],040801060AAAWAW,"[('7500', 'mcg')]",[]
['clobazam'],040801060AAAXAX,[],[]
['clobazam'],040801060AAAZAZ,"[('9750', 'mcg')]",[]
['clobazam'],040801060AABABA,"[('2500', 'mcg')]",[]
['clobazam'],040801060AABBBB,"[('3000', 'mcg')]",[]
['clobazam'],040801060AABCBC,"[('9000', 'mcg')]",[]
['clobazam'],040801060AABDBD,"[('8000', 'mcg')]",[]
['clobazam'],040801060AABEBE,"[('3000', 'mcg')]",[]
['clobazam'],040801060AABFBF,"[('6000', 'mcg')]",[]
['clobazam'],040801060AABGBG,"[('15000', 'mcg')]",[]
['clobazam'],040801060AABHBH,"[('2000', 'mcg')]",[]
['clobazam'],040801060AABIBI,"[('5000', 'mcg')]",[]
['clobazam'],040801060AABJBJ,"[('7000', 'mcg')]",[]
['clobazam'],040801060AABKBK,"[('4000', 'mcg')]",[]
['clobazam'],040801060AABLBL,"[('3500', 'mcg')]",[]
['clobazam'],040801060AABMBM,"[('3000', 'mcg')]",[]
['clobazam'],040801060AABNBN,"[('2000', 'mcg')]",[]
['clobazam'],040801060AABPBP,"[('3750', 'mcg')]",[]
['clobazam'],040801060AABQBQ,"[('10000', 'mcg')]",[]
['clobazam'],040801060AABRBR,"[('3000', 'mcg')]",[]
['clobazam'],040801060AABSBS,"[('20000', 'mcg')]",[]
['clobazam'],040801060AABTBT,"[('10000', 'mcg')]",[]
['clobazam'],040801060AABUBU,"[('250', 'mcg')]",[]
['clobazam'],040801060AABVBV,"[('10000', 'mcg')]",[]
['clobazam'],040801060AABWBW,"[('600', 'mcg')]",[]
['clobazam'],040801060AABXBX,"[('7000', 'mcg')]",[]
['clobazam'],040801060AABYBY,"[('12500', 'mcg')]",[]
['clobazam'],040801060AABZBZ,"[('1500', 'mcg')]",[]
['clobazam'],040801060AACACA,"[('6000', 'mcg')]",[]
['clobazam'],040801060AACBCB,"[('32500', 'mcg')]",[]
['clobazam'],040801060AACCCC,"[('9000', 'mcg')]",[]
['clobazam'],040801060AACDCD,"[('500', 'mcg')]",[]
['clobazam'],040801060AACECE,"[('7500', 'mcg')]",[]
['clobazam'],040801060AACFCF,"[('100000', 'mcg')]",[]
['clobazam'],040801060AACGCG,"[('4000', 'mcg')]",[]
['clobazam'],040801060AACHCH,"[('120000', 'mcg')]",[]
['clobazam'],040801060AACICI,"[('10000', 'mcg')]",[]
['clobazam'],040801060AACJCJ,"[('6000', 'mcg')]",[]
['clobazam'],040801060AACKCK,"[('10000', 'mcg')]",[]
['clobazam'],040801060AACLCL,"[('1250', 'mcg')]",[]
['clobazam'],040801060AACMCM,"[('10000', 'mcg')]",[]
['clobazam'],040801060AACNCN,"[('10000', 'mcg')]",[]
['clobazam'],040801060AACPCP,"[('5000', 'mcg')]",[]
['clobazam'],040801060AACQCQ,"[('5000', 'mcg')]",[]
['clobazam'],040801060AACRCR,"[('5000', 'mcg')]",[]
['clobazam'],040801060AACSCS,"[('10000', 'mcg')]",[]
['clobazam'],040801060BBAABI,"[('5000', 'mcg')]",[]
['clobazam'],040801060BBABBT,"[('10000', 'mcg')]",[]
['clobazam'],040801060BCAAAC,"[('5000', 'mcg')]",[]
['clobazam'],040801060BCABAA,"[('10000', 'mcg')]",[]
['clobazam'],040801060BCACBT,"[('10000', 'mcg')]",[]
['clobazam'],040801060BDAACR,"[('5000', 'mcg')]",[]
['clobazam'],040801060BDABCS,"[('10000', 'mcg')]",[]
['clobazam'],040801060BEAACS,"[('2000', 'mcg')]",[]
['clobazam'],040801060BEABCR,"[('1000', 'mcg')]",[]
['clobazam'],040801060BFAACR,"[('5000', 'mcg')]",[]
['clobazam'],040801060BFABCS,"[('10000', 'mcg')]",[]
['levetiracetam'],0408010A0AAAAAA,"[('250000', 'mcg')]",[]
['levetiracetam'],0408010A0AAABAB,"[('500000', 'mcg')]",[]
['levetiracetam'],0408010A0AAACAC,"[('1000000', 'mcg')]",[]
['levetiracetam'],0408010A0AAADAD,"[('300000', 'mcg')]",[]
['levetiracetam'],0408010A0AAAEAE,"[('400000', 'mcg')]",[]
['levetiracetam'],0408010A0AAAFAF,"[('250000', 'mcg')]",[]
['levetiracetam'],0408010A0AAAGAG,"[('80000', 'mcg')]",[]
['levetiracetam'],0408010A0AAAHAH,"[('500000', 'mcg')]",[]
['levetiracetam'],0408010A0AAAIAI,"[('750000', 'mcg')]",[]
['levetiracetam'],0408010A0AAAJAJ,"[('100000', 'mcg')]","[('5', 'sztuk')]"
['levetiracetam'],0408010A0AAAKAK,"[('250000', 'mcg')]",[]
['levetiracetam'],0408010A0AAALAL,"[('500000', 'mcg')]",[]
['levetiracetam'],0408010A0AAAMAM,"[('1000000', 'mcg')]",[]
['levetiracetam'],0408010A0AAANAN,"[('100000', 'mcg')]","[('5', 'sztuk')]"
['levetiracetam'],0408010A0AAAPAP,"[('5000', 'mcg')]","[('100', 'sztuk')]"
['levetiracetam'],0408010A0AAAQAQ,"[('10000', 'mcg')]","[('100', 'sztuk')]"
['levetiracetam'],0408010A0AAARAR,"[('15000', 'mcg')]","[('100', 'sztuk')]"
['levetiracetam'],0408010A0BBAAAA,"[('250000', 'mcg')]",[]
['levetiracetam'],0408010A0BBABAB,"[('500000', 'mcg')]",[]
['levetiracetam'],0408010A0BBACAC,"[('1000000', 'mcg')]",[]
['levetiracetam'],0408010A0BBADAH,"[('100000', 'mcg')]",[]
['levetiracetam'],0408010A0BBAEAI,"[('750000', 'mcg')]",[]
['levetiracetam'],0408010A0BBAFAJ,"[('100000', 'mcg')]","[('5', 'sztuk')]"
['levetiracetam'],0408010A0BCAAAC,"[('1000000', 'mcg')]",[]
['levetiracetam'],0408010A0BCABAI,"[('750000', 'mcg')]",[]
['levetiracetam'],0408010A0BCACAB,"[('500000', 'mcg')]",[]
['levetiracetam'],0408010A0BCADAA,"[('250000', 'mcg')]",[]
['levetiracetam'],0408010A0BCAEAJ,"[('100000', 'mcg')]","[('5', 'sztuk')]"
['levetiracetam'],0408010A0BDAAAK,"[('250000', 'mcg')]",[]
['levetiracetam'],0408010A0BDABAL,"[('500000', 'mcg')]",[]
['levetiracetam'],0408010A0BDACAM,"[('1000000', 'mcg')]",[]
['levetiracetam'],0408010A0BDADAH,"[('100000', 'mcg')]",[]
['levetiracetam'],0408010A0BDAEAN,"[('500000', 'mcg')]",[]
['levetiracetam'],0408010A0BEAAAH,"[('100000', 'mcg')]",[]
['levetiracetam'],0408010A0BFAAAP,"[('5000', 'mcg')]","[('100', 'sztuk')]"
['levetiracetam'],0408010A0BFABAQ,"[('10000', 'mcg')]","[('100', 'sztuk')]"
['levetiracetam'],0408010A0BFACAR,"[('15000', 'mcg')]","[('100', 'sztuk')]"
['felbamate'],0408010AAAAAAAA,"[('400000', 'mcg')]",[]
['felbamate'],0408010AAAAABAB,"[('600000', 'mcg')]",[]
['felbamate'],0408010AAAAACAC,"[('600000', 'mcg')]",[]
['felbamate'],0408010AABBAAAA,"[('400000', 'mcg')]",[]
['felbamate'],0408010AABBABAB,"[('600000', 'mcg')]",[]
['felbamate'],0408010AABCAAAB,"[('600000', 'mcg')]",[]
['felbamate'],0408010AABCABAC,"[('600000', 'mcg')]",[]
['tiagabine'],0408010ABAAAAAA,"[('5000', 'mcg')]",[]
['tiagabine'],0408010ABAAABAB,"[('10000', 'mcg')]",[]
['tiagabine'],0408010ABAAACAC,"[('15000', 'mcg')]",[]
['tiagabine'],0408010ABAAADAD,"[('5000', 'mcg')]",[]
['tiagabine'],0408010ABAAAEAE,"[('2500', 'mcg')]",[]
['tiagabine'],0408010ABBBAAAA,"[('5000', 'mcg')]",[]
['tiagabine'],0408010ABBBABAB,"[('10000', 'mcg')]",[]
['tiagabine'],0408010ABBBACAC,"[('15000', 'mcg')]",[]
['zonisamide'],0408010ADAAAAAA,"[('100000', 'mcg')]",[]
['zonisamide'],0408010ADAAABAB,"[('25000', 'mcg')]",[]
['zonisamide'],0408010ADAAACAC,"[('50000', 'mcg')]",[]
['zonisamide'],0408010ADAAADAD,"[('50000', 'mcg')]",[]
['zonisamide'],0408010ADAAAEAE,"[('50000', 'mcg')]",[]
['zonisamide'],0408010ADAAAFAF,"[('25000', 'mcg')]",[]
['zonisamide'],0408010ADAAAGAG,"[('100000', 'mcg')]",[]
['zonisamide'],0408010ADBBAAAA,"[('100000', 'mcg')]",[]
['zonisamide'],0408010ADBBABAB,"[('25000', 'mcg')]",[]
['zonisamide'],0408010ADBBACAC,"[('50000', 'mcg')]",[]
['zonisamide'],0408010ADBBADAA,"[('100000', 'mcg')]",[]
['pregabalin'],0408010AEAAAAAA,"[('25000', 'mcg')]",[]
['pregabalin'],0408010AEAAABAB,"[('50000', 'mcg')]",[]
['pregabalin'],0408010AEAAACAC,"[('75000', 'mcg')]",[]
['pregabalin'],0408010AEAAADAD,"[('100000', 'mcg')]",[]
['pregabalin'],0408010AEAAAEAE,"[('150000', 'mcg')]",[]
['pregabalin'],0408010AEAAAFAF,"[('200000', 'mcg')]",[]
['pregabalin'],0408010AEAAAGAG,"[('300000', 'mcg')]",[]
['pregabalin'],0408010AEAAAHAH,"[('75000', 'mcg')]",[]
['pregabalin'],0408010AEAAAIAI,"[('225000', 'mcg')]",[]
['pregabalin'],0408010AEAAAJAJ,"[('150000', 'mcg')]",[]
['pregabalin'],0408010AEAAAKAK,"[('200000', 'mcg')]",[]
['pregabalin'],0408010AEAAALAL,"[('75000', 'mcg')]",[]
['pregabalin'],0408010AEAAAMAM,"[('25000', 'mcg')]",[]
['pregabalin'],0408010AEAAANAN,"[('100000', 'mcg')]",[]
['pregabalin'],0408010AEAAAPAP,"[('75000', 'mcg')]",[]
['pregabalin'],0408010AEAAAQAQ,"[('50000', 'mcg')]",[]
['pregabalin'],0408010AEAAARAR,"[('300000', 'mcg')]",[]
['pregabalin'],0408010AEBBAAAA,"[('25000', 'mcg')]",[]
['pregabalin'],0408010AEBBABAB,"[('50000', 'mcg')]",[]
['pregabalin'],0408010AEBBACAC,"[('75000', 'mcg')]",[]
['pregabalin'],0408010AEBBADAD,"[('100000', 'mcg')]",[]
['pregabalin'],0408010AEBBAEAE,"[('150000', 'mcg')]",[]
['pregabalin'],0408010AEBBAFAF,"[('200000', 'mcg')]",[]
['pregabalin'],0408010AEBBAGAG,"[('300000', 'mcg')]",[]
['pregabalin'],0408010AEBBAHAI,"[('225000', 'mcg')]",[]
['pregabalin'],0408010AEBBAIAN,"[('20000', 'mcg')]",[]
['pregabalin'],0408010AEBCAAAD,"[('100000', 'mcg')]",[]
['pregabalin'],0408010AEBCABAA,"[('25000', 'mcg')]",[]
['pregabalin'],0408010AEBCACAB,"[('50000', 'mcg')]",[]
['pregabalin'],0408010AEBCADAC,"[('75000', 'mcg')]",[]
['pregabalin'],0408010AEBCAEAE,"[('150000', 'mcg')]",[]
['pregabalin'],0408010AEBCAFAF,"[('200000', 'mcg')]",[]
['pregabalin'],0408010AEBCAGAI,"[('225000', 'mcg')]",[]
['pregabalin'],0408010AEBCAHAG,"[('300000', 'mcg')]",[]
['pregabalin'],0408010AEBDAAAA,"[('25000', 'mcg')]",[]
['pregabalin'],0408010AEBDABAB,"[('50000', 'mcg')]",[]
['pregabalin'],0408010AEBDACAC,"[('75000', 'mcg')]",[]
['pregabalin'],0408010AEBDADAD,"[('100000', 'mcg')]",[]
['pregabalin'],0408010AEBDAEAE,"[('150000', 'mcg')]",[]
['pregabalin'],0408010AEBDAFAF,"[('200000', 'mcg')]",[]
['pregabalin'],0408010AEBDAGAI,"[('225000', 'mcg')]",[]
['pregabalin'],0408010AEBDAHAG,"[('300000', 'mcg')]",[]
['pregabalin'],0408010AEBEAAAA,"[('25000', 'mcg')]",[]
['pregabalin'],0408010AEBEABAB,"[('50000', 'mcg')]",[]
['pregabalin'],0408010AEBEACAC,"[('75000', 'mcg')]",[]
['pregabalin'],0408010AEBEADAD,"[('100000', 'mcg')]",[]
['pregabalin'],0408010AEBEAEAE,"[('150000', 'mcg')]",[]
['pregabalin'],0408010AEBEAFAF,"[('200000', 'mcg')]",[]
['pregabalin'],0408010AEBEAGAI,"[('225000', 'mcg')]",[]
['pregabalin'],0408010AEBEAHAG,"[('300000', 'mcg')]",[]
['pregabalin'],0408010AEBFAAAA,"[('25000', 'mcg')]",[]
['pregabalin'],0408010AEBFABAB,"[('50000', 'mcg')]",[]
['pregabalin'],0408010AEBFACAC,"[('75000', 'mcg')]",[]
['pregabalin'],0408010AEBFADAD,"[('100000', 'mcg')]",[]
['pregabalin'],0408010AEBFAEAE,"[('150000', 'mcg')]",[]
['pregabalin'],0408010AEBFAFAF,"[('200000', 'mcg')]",[]
['pregabalin'],0408010AEBFAGAI,"[('225000', 'mcg')]",[]
['pregabalin'],0408010AEBFAHAG,"[('300000', 'mcg')]",[]
['rufinamide'],0408010AFAAAAAA,"[('100000', 'mcg')]",[]
['rufinamide'],0408010AFAAABAB,"[('200000', 'mcg')]",[]
['rufinamide'],0408010AFAAACAC,"[('400000', 'mcg')]",[]
['rufinamide'],0408010AFAAADAD,"[('200000', 'mcg')]",[]
['rufinamide'],0408010AFBBAAAA,"[('100000', 'mcg')]",[]
['rufinamide'],0408010AFBBABAB,"[('200000', 'mcg')]",[]
['rufinamide'],0408010AFBBACAC,"[('400000', 'mcg')]",[]
['rufinamide'],0408010AFBBADAD,"[('200000', 'mcg')]",[]
['stiripentol'],0408010AGAAAAAA,"[('250000', 'mcg')]",[]
['stiripentol'],0408010AGAAABAB,"[('500000', 'mcg')]",[]
['stiripentol'],0408010AGAAACAC,"[('250000', 'mcg')]",[]
['stiripentol'],0408010AGAAADAD,"[('500000', 'mcg')]",[]
['stiripentol'],0408010AGBBAAAA,"[('250000', 'mcg')]",[]
['stiripentol'],0408010AGBBABAB,"[('500000', 'mcg')]",[]
['stiripentol'],0408010AGBBACAC,"[('250000', 'mcg')]",[]
['stiripentol'],0408010AGBBADAD,"[('500000', 'mcg')]",[]
['lacosamide'],0408010AHAAAAAA,"[('50000', 'mcg')]",[]
['lacosamide'],0408010AHAAABAB,"[('100000', 'mcg')]",[]
['lacosamide'],0408010AHAAACAC,"[('150000', 'mcg')]",[]
['lacosamide'],0408010AHAAADAD,"[('200000', 'mcg')]",[]
['lacosamide'],0408010AHAAAEAE,"[('10000', 'mcg')]","[('20', 'sztuk')]"
['lacosamide'],0408010AHAAAFAF,"[('75000', 'mcg')]",[]
['lacosamide'],0408010AHAAAGAG,"[('10000', 'mcg')]",[]
['lacosamide'],0408010AHBBAAAA,"[('50000', 'mcg')]",[]
['lacosamide'],0408010AHBBABAB,"[('100000', 'mcg')]",[]
['lacosamide'],0408010AHBBACAC,"[('150000', 'mcg')]",[]
['lacosamide'],0408010AHBBADAD,"[('200000', 'mcg')]",[]
['lacosamide'],0408010AHBBAEAE,"[('10000', 'mcg')]","[('20', 'sztuk')]"
['lacosamide'],0408010AHBBAFAF,"[('15000', 'mcg')]",[]
['lacosamide'],0408010AHBBAGAG,"[('10000', 'mcg')]",[]
['lacosamide'],0408010AHBBAHAG,"[('10000', 'mcg')]",[]
['eslicarbazepine'],0408010AIAAAAAA,"[('800000', 'mcg')]",[]
['eslicarbazepine'],0408010AIAAABAB,"[('200000', 'mcg')]",[]
['eslicarbazepine'],0408010AIAAACAC,"[('50000', 'mcg')]",[]
['eslicarbazepine'],0408010AIBBAAAA,"[('800000', 'mcg')]",[]
['eslicarbazepine'],0408010AIBBABAB,"[('200000', 'mcg')]",[]
['eslicarbazepine'],0408010AIBBACAC,"[('50000', 'mcg')]",[]
['perampanel'],0408010AKAAAAAA,"[('2000', 'mcg')]",[]
['perampanel'],0408010AKAAABAB,"[('4000', 'mcg')]",[]
['perampanel'],0408010AKAAACAC,"[('6000', 'mcg')]",[]
['perampanel'],0408010AKAAADAD,"[('8000', 'mcg')]",[]
['perampanel'],0408010AKAAAEAE,"[('10000', 'mcg')]",[]
['perampanel'],0408010AKAAAFAF,"[('12000', 'mcg')]",[]
['perampanel'],0408010AKAAAGAG,"[('4000', 'mcg')]",[]
['perampanel'],0408010AKAAAHAH,"[('6000', 'mcg')]",[]
['perampanel'],0408010AKAAAIAI,"[('5000', 'mcg')]",[]
['perampanel'],0408010AKBBAAAA,"[('2000', 'mcg')]",[]
['perampanel'],0408010AKBBABAB,"[('4000', 'mcg')]",[]
['perampanel'],0408010AKBBACAC,"[('6000', 'mcg')]",[]
['perampanel'],0408010AKBBADAD,"[('8000', 'mcg')]",[]
['perampanel'],0408010AKBBAEAE,"[('10000', 'mcg')]",[]
['perampanel'],0408010AKBBAFAF,"[('12000', 'mcg')]",[]
['brivaracetam'],0408010ALAAAAAA,"[('10000', 'mcg')]",[]
['brivaracetam'],0408010ALAAABAB,"[('25000', 'mcg')]",[]
['brivaracetam'],0408010ALAAACAC,"[('50000', 'mcg')]",[]
['brivaracetam'],0408010ALAAADAD,"[('75000', 'mcg')]",[]
['brivaracetam'],0408010ALAAAEAE,"[('100000', 'mcg')]",[]
['brivaracetam'],0408010ALAAAFAF,"[('10000', 'mcg')]","[('5', 'sztuk')]"
['brivaracetam'],0408010ALAAAGAG,"[('50000', 'mcg')]",[]
['brivaracetam'],0408010ALBBAAAA,"[('10000', 'mcg')]",[]
['brivaracetam'],0408010ALBBABAB,"[('25000', 'mcg')]",[]
['brivaracetam'],0408010ALBBACAC,"[('50000', 'mcg')]",[]
['brivaracetam'],0408010ALBBADAD,"[('75000', 'mcg')]",[]
['brivaracetam'],0408010ALBBAEAE,"[('100000', 'mcg')]",[]
['brivaracetam'],0408010ALBBAFAF,"[('10000', 'mcg')]","[('5', 'sztuk')]"
['brivaracetam'],0408010ALBBAGAG,"[('10000', 'mcg')]",[]
['cannabidiol'],0408010AMAAAAAA,"[('100000', 'mcg')]",[]
['cannabidiol'],0408010AMBBAAAA,"[('100000', 'mcg')]",[]
['carbamazepine'],0408010C0AAABAB,"[('100000', 'mcg')]",[]
['carbamazepine'],0408010C0AAACAC,"[('200000', 'mcg')]",[]
['carbamazepine'],0408010C0AAADAD,"[('400000', 'mcg')]",[]
['carbamazepine'],0408010C0AAAEAE,"[('100000', 'mcg')]",[]
['carbamazepine'],0408010C0AAAFAF,"[('100000', 'mcg')]",[]
['carbamazepine'],0408010C0AAAGAG,"[('200000', 'mcg')]",[]
['carbamazepine'],0408010C0AAAHAH,"[('400000', 'mcg')]",[]
['carbamazepine'],0408010C0AAAIAI,"[('400000', 'mcg')]",[]
['carbamazepine'],0408010C0AAAJAJ,"[('100000', 'mcg')]",[]
['carbamazepine'],0408010C0AAAKAK,"[('200000', 'mcg')]",[]
['carbamazepine'],0408010C0AAALAL,"[('300000', 'mcg')]",[]
['carbamazepine'],0408010C0AAAMAM,"[('100000', 'mcg')]",[]
['carbamazepine'],0408010C0AAAPAP,"[('100000', 'mcg')]",[]
['carbamazepine'],0408010C0AAAQAQ,"[('450000', 'mcg')]",[]
['carbamazepine'],0408010C0AAARAR,[],[]
['carbamazepine'],0408010C0AAASAS,"[('50000', 'mcg')]",[]
['carbamazepine'],0408010C0AAATAT,[],[]
['carbamazepine'],0408010C0AAAUAU,"[('125000', 'mcg')]",[]
['carbamazepine'],0408010C0AAAVAV,"[('250000', 'mcg')]",[]
['carbamazepine'],0408010C0AAAWAW,"[('120000', 'mcg')]",[]
['carbamazepine'],0408010C0AAAXAX,"[('200000', 'mcg')]",[]
['carbamazepine'],0408010C0AAAYAY,"[('500000', 'mcg')]",[]
['carbamazepine'],0408010C0AAAZAZ,"[('125000', 'mcg')]",[]
['carbamazepine'],0408010C0AABABA,"[('40000', 'mcg')]",[]
['carbamazepine'],0408010C0AABBBB,"[('25000', 'mcg')]",[]
['carbamazepine'],0408010C0AABCBC,"[('50000', 'mcg')]",[]
['carbamazepine'],0408010C0AABDBD,"[('100000', 'mcg')]",[]
['carbamazepine'],0408010C0AABEBE,"[('35000', 'mcg')]",[]
['carbamazepine'],0408010C0AABFBF,"[('120000', 'mcg')]",[]
['carbamazepine'],0408010C0AABGBG,"[('10000', 'mcg')]",[]
['carbamazepine'],0408010C0AABHBH,"[('40000', 'mcg')]",[]
['carbamazepine'],0408010C0AABIBI,"[('50000', 'mcg')]",[]
['carbamazepine'],0408010C0BBAAAB,"[('100000', 'mcg')]",[]
['carbamazepine'],0408010C0BBABAC,"[('200000', 'mcg')]",[]
['carbamazepine'],0408010C0BBACAD,"[('400000', 'mcg')]",[]
['carbamazepine'],0408010C0BBADAP,"[('100000', 'mcg')]",[]
['carbamazepine'],0408010C0BBAEAG,"[('200000', 'mcg')]",[]
['carbamazepine'],0408010C0BBAFAH,"[('400000', 'mcg')]",[]
['carbamazepine'],0408010C0BBAGAJ,"[('100000', 'mcg')]",[]
['carbamazepine'],0408010C0BBAHAK,"[('200000', 'mcg')]",[]
['carbamazepine'],0408010C0BBAIAU,"[('125000', 'mcg')]",[]
['carbamazepine'],0408010C0BBAJAV,"[('250000', 'mcg')]",[]
['carbamazepine'],0408010C0BCAAAB,"[('100000', 'mcg')]",[]
['carbamazepine'],0408010C0BCABAC,"[('200000', 'mcg')]",[]
['carbamazepine'],0408010C0BCACAD,"[('400000', 'mcg')]",[]
['carbamazepine'],0408010C0BCADAG,"[('200000', 'mcg')]",[]
['carbamazepine'],0408010C0BCAEAH,"[('400000', 'mcg')]",[]
['carbamazepine'],0408010C0BDAAAG,"[('200000', 'mcg')]",[]
['carbamazepine'],0408010C0BDABAH,"[('400000', 'mcg')]",[]
['carbamazepine'],0408010C0BEAAAG,"[('200000', 'mcg')]",[]
['carbamazepine'],0408010C0BEABAH,"[('400000', 'mcg')]",[]
['carbamazepine'],0408010C0BFAAAG,"[('200000', 'mcg')]",[]
['carbamazepine'],0408010C0BFABAH,"[('400000', 'mcg')]",[]
['carbamazepine'],0408010C0BFACAB,"[('100000', 'mcg')]",[]
['carbamazepine'],0408010C0BFADAC,"[('200000', 'mcg')]",[]
['carbamazepine'],0408010C0BFAEAD,"[('400000', 'mcg')]",[]
['carbamazepine'],0408010C0BGAAAG,"[('200000', 'mcg')]",[]
['carbamazepine'],0408010C0BGABAH,"[('400000', 'mcg')]",[]
['carbamazepine'],0408010C0BHAAAH,"[('400000', 'mcg')]",[]
['oxcarbazepine'],0408010D0AAAAAA,"[('300000', 'mcg')]",[]
['oxcarbazepine'],0408010D0AAABAB,"[('300000', 'mcg')]",[]
['oxcarbazepine'],0408010D0AAACAC,"[('150000', 'mcg')]",[]
['oxcarbazepine'],0408010D0AAADAD,"[('600000', 'mcg')]",[]
['oxcarbazepine'],0408010D0AAAEAE,"[('300000', 'mcg')]",[]
['oxcarbazepine'],0408010D0AAAFAF,"[('400000', 'mcg')]",[]
['oxcarbazepine'],0408010D0BBAAAB,"[('300000', 'mcg')]",[]
['oxcarbazepine'],0408010D0BBABAC,"[('150000', 'mcg')]",[]
['oxcarbazepine'],0408010D0BBACAD,"[('600000', 'mcg')]",[]
['oxcarbazepine'],0408010D0BBADAE,"[('60000', 'mcg')]",[]
['clonazepam'],0408010F0AAA1A1,"[('200', 'mcg')]",[]
['clonazepam'],0408010F0AAA2A2,"[('50', 'mcg')]",[]
['clonazepam'],0408010F0AAA3A3,"[('100', 'mcg')]",[]
['clonazepam'],0408010F0AAA4A4,"[('150', 'mcg')]",[]
['clonazepam'],0408010F0AAA5A5,"[('4000', 'mcg')]",[]
['clonazepam'],0408010F0AAA6A6,"[('3750', 'mcg')]",[]
['clonazepam'],0408010F0AAA7A7,"[('175', 'mcg')]",[]
['clonazepam'],0408010F0AAA8A8,[],[]
['clonazepam'],0408010F0AAA9A9,"[('200', 'mcg')]",[]
['clonazepam'],0408010F0AAAAAA,"[('2500', 'mcg')]",[]
['clonazepam'],0408010F0AAABAB,"[('500', 'mcg')]",[]
['clonazepam'],0408010F0AAACAC,"[('2000', 'mcg')]",[]
['clonazepam'],0408010F0AAADAD,"[('2500', 'mcg')]",[]
['clonazepam'],0408010F0AAAEAE,"[('250', 'mcg')]",[]
['clonazepam'],0408010F0AAAFAF,"[('500', 'mcg')]",[]
['clonazepam'],0408010F0AAAGAG,"[('125', 'mcg')]",[]
['clonazepam'],0408010F0AAAHAH,"[('5000', 'mcg')]",[]
['clonazepam'],0408010F0AAAIAI,"[('750', 'mcg')]",[]
['clonazepam'],0408010F0AAAJAJ,"[('1000', 'mcg')]",[]
['clonazepam'],0408010F0AAAKAK,"[('1250', 'mcg')]",[]
['clonazepam'],0408010F0AAALAL,"[('1250', 'mcg')]",[]
['clonazepam'],0408010F0AAAMAM,"[('500', 'mcg')]",[]
['clonazepam'],0408010F0AAANAN,"[('125', 'mcg')]",[]
['clonazepam'],0408010F0AAAPAP,"[('125000', 'mcg')]",[]
['clonazepam'],0408010F0AAAQAQ,"[('400', 'mcg')]",[]
['clonazepam'],0408010F0AAARAR,"[('250', 'mcg')]",[]
['clonazepam'],0408010F0AAASAS,"[('1000', 'mcg')]",[]
['clonazepam'],0408010F0AAATAT,"[('750', 'mcg')]",[]
['clonazepam'],0408010F0AAAUAU,"[('500', 'mcg')]",[]
['clonazepam'],0408010F0AAAVAV,"[('100', 'mcg')]",[]
['clonazepam'],0408010F0AAAWAW,"[('125', 'mcg')]",[]
['clonazepam'],0408010F0AAAXAX,"[('6250', 'mcg')]",[]
['clonazepam'],0408010F0AAAYAY,"[('625', 'mcg')]",[]
['clonazepam'],0408010F0AAAZAZ,"[('12500', 'mcg')]",[]
['clonazepam'],0408010F0AABABA,"[('200', 'mcg')]",[]
['clonazepam'],0408010F0AABBBB,"[('75', 'mcg')]",[]
['clonazepam'],0408010F0AABCBC,"[('250', 'mcg')]",[]
['clonazepam'],0408010F0AABDBD,"[('625', 'mcg')]",[]
['clonazepam'],0408010F0AABEBE,"[('500', 'mcg')]",[]
['clonazepam'],0408010F0AABFBF,"[('1250', 'mcg')]",[]
['clonazepam'],0408010F0AABGBG,"[('1000', 'mcg')]",[]
['clonazepam'],0408010F0AABHBH,"[('200', 'mcg')]",[]
['clonazepam'],0408010F0AABIBI,"[('750', 'mcg')]",[]
['clonazepam'],0408010F0AABJBJ,"[('120', 'mcg')]",[]
['clonazepam'],0408010F0AABKBK,"[('1500', 'mcg')]",[]
['clonazepam'],0408010F0AABLBL,"[('600', 'mcg')]",[]
['clonazepam'],0408010F0AABMBM,"[('5000', 'mcg')]",[]
['clonazepam'],0408010F0AABNBN,"[('37', 'mcg')]",[]
['clonazepam'],0408010F0AABPBP,"[('2500', 'mcg')]",[]
['clonazepam'],0408010F0AABQBQ,"[('340', 'mcg')]",[]
['clonazepam'],0408010F0AABRBR,"[('3750', 'mcg')]",[]
['clonazepam'],0408010F0AABSBS,"[('2000', 'mcg')]",[]
['clonazepam'],0408010F0AABTBT,"[('400', 'mcg')]",[]
['clonazepam'],0408010F0AABUBU,"[('900', 'mcg')]",[]
['clonazepam'],0408010F0AABVBV,"[('4000', 'mcg')]",[]
['clonazepam'],0408010F0AABWBW,"[('312', 'mcg')]",[]
['clonazepam'],0408010F0AABXBX,"[('100', 'mcg')]",[]
['clonazepam'],0408010F0AABYBY,"[('500', 'mcg')]",[]
['clonazepam'],0408010F0AABZBZ,"[('50', 'mcg')]",[]
['clonazepam'],0408010F0AACACA,"[('12500', 'mcg')]",[]
['clonazepam'],0408010F0AACBCB,"[('250', 'mcg')]",[]
['clonazepam'],0408010F0AACCCC,"[('25', 'mcg')]",[]
['clonazepam'],0408010F0AACDCD,"[('350', 'mcg')]",[]
['clonazepam'],0408010F0AACECE,"[('125', 'mcg')]",[]
['clonazepam'],0408010F0AACFCF,"[('100', 'mcg')]",[]
['clonazepam'],0408010F0AACGCG,"[('300', 'mcg')]",[]
['clonazepam'],0408010F0AACHCH,"[('150', 'mcg')]",[]
['clonazepam'],0408010F0AACICI,"[('700', 'mcg')]",[]
['clonazepam'],0408010F0AACJCJ,"[('3000', 'mcg')]",[]
['clonazepam'],0408010F0AACKCK,"[('875', 'mcg')]",[]
['clonazepam'],0408010F0AACLCL,"[('25000', 'mcg')]",[]
['clonazepam'],0408010F0AACMCM,"[('7500', 'mcg')]",[]
['clonazepam'],0408010F0AACNCN,"[('160', 'mcg')]",[]
['clonazepam'],0408010F0AACPCP,"[('80', 'mcg')]",[]
['clonazepam'],0408010F0AACQCQ,"[('500', 'mcg')]",[]
['clonazepam'],0408010F0AACRCR,"[('2000', 'mcg')]",[]
['clonazepam'],0408010F0AACSCS,"[('10000', 'mcg')]",[]
['clonazepam'],0408010F0AACTCT,"[('375', 'mcg')]",[]
['clonazepam'],0408010F0AACUCU,"[('330', 'mcg')]",[]
['clonazepam'],0408010F0AACVCV,"[('180', 'mcg')]",[]
['clonazepam'],0408010F0AACWCW,"[('1000', 'mcg')]",[]
['clonazepam'],0408010F0AACXCX,"[('1200', 'mcg')]",[]
['clonazepam'],0408010F0AACYCY,"[('500', 'mcg')]",[]
['clonazepam'],0408010F0AACZCZ,"[('500', 'mcg')]",[]
['clonazepam'],0408010F0AADADA,"[('500', 'mcg')]",[]
['clonazepam'],0408010F0AADBDB,"[('500', 'mcg')]",[]
['clonazepam'],0408010F0AADCDC,"[('2500', 'mcg')]",[]
['clonazepam'],0408010F0BBAAAB,"[('500', 'mcg')]",[]
['clonazepam'],0408010F0BBABAC,"[('2000', 'mcg')]",[]
['clonazepam'],0408010F0BBADA0,"[('1000', 'mcg')]",[]
['clonazepam'],0408010F0BBAEAA,"[('2500', 'mcg')]",[]
['clonazepam'],0408010F0BCAACW,"[('1000', 'mcg')]",[]
['clonazepam'],0408010F0BCABCY,"[('500', 'mcg')]",[]
['gabapentin'],0408010G0AAAAAA,"[('100000', 'mcg')]",[]
['gabapentin'],0408010G0AAABAB,"[('300000', 'mcg')]",[]
['gabapentin'],0408010G0AAACAC,"[('400000', 'mcg')]",[]
['gabapentin'],0408010G0AAADAD,"[('50000', 'mcg')]",[]
['gabapentin'],0408010G0AAAEAE,"[('150000', 'mcg')]",[]
['gabapentin'],0408010G0AAAFAF,"[('400000', 'mcg')]",[]
['gabapentin'],0408010G0AAAGAG,"[('100000', 'mcg')]",[]
['gabapentin'],0408010G0AAAHAH,"[('300000', 'mcg')]",[]
['gabapentin'],0408010G0AAAIAI,"[('240000', 'mcg')]",[]
['gabapentin'],0408010G0AAAJAJ,"[('600000', 'mcg')]",[]
['gabapentin'],0408010G0AAAKAK,"[('800000', 'mcg')]",[]
['gabapentin'],0408010G0AAALAL,"[('100000', 'mcg')]",[]
['gabapentin'],0408010G0AAAMAM,"[('400000', 'mcg')]",[]
['gabapentin'],0408010G0AAANAN,"[('150000', 'mcg')]",[]
['gabapentin'],0408010G0AAAPAP,"[('300000', 'mcg')]",[]
['gabapentin'],0408010G0AAAQAQ,"[('250000', 'mcg')]",[]
['gabapentin'],0408010G0AAARAR,"[('450000', 'mcg')]",[]
['gabapentin'],0408010G0AAASAS,"[('50000', 'mcg')]",[]
['gabapentin'],0408010G0AAATAT,"[('250000', 'mcg')]",[]
['gabapentin'],0408010G0AAAUAU,"[('50000', 'mcg')]",[]
['gabapentin'],0408010G0AAAVAV,"[('500000', 'mcg')]",[]
['gabapentin'],0408010G0AAAWAW,"[('200000', 'mcg')]",[]
['gabapentin'],0408010G0AAAXAX,[],[]
['gabapentin'],0408010G0AAAYAY,"[('400000', 'mcg')]",[]
['gabapentin'],0408010G0AAAZAZ,"[('700000', 'mcg')]",[]
['gabapentin'],0408010G0AABABA,"[('900000', 'mcg')]",[]
['gabapentin'],0408010G0AABBBB,"[('600000', 'mcg')]",[]
['gabapentin'],0408010G0AABCBC,"[('800000', 'mcg')]",[]
['gabapentin'],0408010G0AABDBD,"[('250000', 'mcg')]",[]
['gabapentin'],0408010G0AABEBE,"[('400000', 'mcg')]",[]
['gabapentin'],0408010G0AABFBF,"[('400000', 'mcg')]",[]
['gabapentin'],0408010G0AABGBG,"[('50000', 'mcg')]",[]
['gabapentin'],0408010G0BBAAAA,"[('100000', 'mcg')]",[]
['gabapentin'],0408010G0BBABAB,"[('300000', 'mcg')]",[]
['gabapentin'],0408010G0BBACAC,"[('400000', 'mcg')]",[]
['gabapentin'],0408010G0BBADAJ,"[('600000', 'mcg')]",[]
['gabapentin'],0408010G0BBAEAK,"[('800000', 'mcg')]",[]
['gabapentin'],0408010G0BBAFAT,"[('250000', 'mcg')]",[]
['gabapentin'],0408010G0BBAGAX,[],[]
['lamotrigine'],0408010H0AAA1A1,"[('200000', 'mcg')]",[]
['lamotrigine'],0408010H0AAA3A3,"[('50000', 'mcg')]",[]
['lamotrigine'],0408010H0AAA4A4,"[('37500', 'mcg')]",[]
['lamotrigine'],0408010H0AAA5A5,"[('5500', 'mcg')]",[]
['lamotrigine'],0408010H0AAA6A6,"[('2000', 'mcg')]",[]
['lamotrigine'],0408010H0AAAAAA,"[('100000', 'mcg')]",[]
['lamotrigine'],0408010H0AAABAB,"[('50000', 'mcg')]",[]
['lamotrigine'],0408010H0AAACAC,"[('25000', 'mcg')]",[]
['lamotrigine'],0408010H0AAADAD,"[('6250', 'mcg')]",[]
['lamotrigine'],0408010H0AAAEAE,"[('12500', 'mcg')]",[]
['lamotrigine'],0408010H0AAAFAF,"[('9000', 'mcg')]",[]
['lamotrigine'],0408010H0AAAGAG,"[('5000', 'mcg')]",[]
['lamotrigine'],0408010H0AAAHAH,"[('900', 'mcg')]",[]
['lamotrigine'],0408010H0AAAIAI,[],[]
['lamotrigine'],0408010H0AAAJAJ,"[('12500', 'mcg')]",[]
['lamotrigine'],0408010H0AAAKAK,"[('34000', 'mcg')]",[]
['lamotrigine'],0408010H0AAALAL,"[('150000', 'mcg')]",[]
['lamotrigine'],0408010H0AAAMAM,"[('10000', 'mcg')]",[]
['lamotrigine'],0408010H0AAANAN,"[('2500', 'mcg')]",[]
['lamotrigine'],0408010H0AAAPAP,"[('5000', 'mcg')]",[]
['lamotrigine'],0408010H0AAAQAQ,"[('25000', 'mcg')]",[]
['lamotrigine'],0408010H0AAARAR,"[('30000', 'mcg')]",[]
['lamotrigine'],0408010H0AAASAS,"[('40000', 'mcg')]",[]
['lamotrigine'],0408010H0AAATAT,"[('5600', 'mcg')]",[]
['lamotrigine'],0408010H0AAAUAU,"[('25000', 'mcg')]",[]
['lamotrigine'],0408010H0AAAVAV,"[('6000', 'mcg')]",[]
['lamotrigine'],0408010H0AAAWAW,"[('100000', 'mcg')]",[]
['lamotrigine'],0408010H0AAAXAX,"[('60000', 'mcg')]",[]
['lamotrigine'],0408010H0AAAYAY,"[('15000', 'mcg')]",[]
['lamotrigine'],0408010H0AAAZAZ,"[('15000', 'mcg')]",[]
['lamotrigine'],0408010H0AABABA,"[('50000', 'mcg')]",[]
['lamotrigine'],0408010H0AABBBB,"[('18750', 'mcg')]",[]
['lamotrigine'],0408010H0AABCBC,"[('100000', 'mcg')]",[]
['lamotrigine'],0408010H0AABDBD,"[('100000', 'mcg')]",[]
['lamotrigine'],0408010H0AABEBE,"[('5000', 'mcg')]",[]
['lamotrigine'],0408010H0AABFBF,"[('100000', 'mcg')]",[]
['lamotrigine'],0408010H0AABGBG,"[('200000', 'mcg')]",[]
['lamotrigine'],0408010H0AABHBH,"[('17000', 'mcg')]",[]
['lamotrigine'],0408010H0AABIBI,"[('7000', 'mcg')]",[]
['lamotrigine'],0408010H0AABJBJ,"[('2000', 'mcg')]",[]
['lamotrigine'],0408010H0AABKBK,"[('20000', 'mcg')]",[]
['lamotrigine'],0408010H0AABLBL,"[('1600', 'mcg')]",[]
['lamotrigine'],0408010H0AABMBM,"[('1500', 'mcg')]",[]
['lamotrigine'],0408010H0AABNBN,"[('20000', 'mcg')]",[]
['lamotrigine'],0408010H0AABPBP,"[('50000', 'mcg')]",[]
['lamotrigine'],0408010H0AABQBQ,"[('200000', 'mcg')]",[]
['lamotrigine'],0408010H0AABRBR,"[('25000', 'mcg')]",[]
['lamotrigine'],0408010H0AABSBS,"[('1750', 'mcg')]",[]
['lamotrigine'],0408010H0AABTBT,"[('60000', 'mcg')]",[]
['lamotrigine'],0408010H0AABUBU,"[('10000', 'mcg')]",[]
['lamotrigine'],0408010H0AABVBV,"[('70000', 'mcg')]",[]
['lamotrigine'],0408010H0BBAAAB,"[('50000', 'mcg')]",[]
['lamotrigine'],0408010H0BBABAA,"[('100000', 'mcg')]",[]
['lamotrigine'],0408010H0BBACAC,"[('25000', 'mcg')]",[]
['lamotrigine'],0408010H0BBADAP,"[('5000', 'mcg')]",[]
['lamotrigine'],0408010H0BBAEAQ,"[('25000', 'mcg')]",[]
['lamotrigine'],0408010H0BBAFAW,"[('100000', 'mcg')]",[]
['lamotrigine'],0408010H0BBAGA1,"[('200000', 'mcg')]",[]
['lamotrigine'],0408010H0BBAHAC,"[('25000', 'mcg')]",[]
['lamotrigine'],0408010H0BBAIAC,"[('25000', 'mcg')]",[]
['lamotrigine'],0408010H0BBAJAB,"[('50000', 'mcg')]",[]
['lamotrigine'],0408010H0BBAKBJ,"[('2000', 'mcg')]",[]
['ethosuximide'],0408010I0AAAAAA,"[('250000', 'mcg')]",[]
['ethosuximide'],0408010I0AAABAB,"[('250000', 'mcg')]",[]
['ethosuximide'],0408010I0AAADAD,"[('250000', 'mcg')]",[]
['ethosuximide'],0408010I0AAAEAE,"[('625000', 'mcg')]",[]
['ethosuximide'],0408010I0AAAFAF,"[('250000', 'mcg')]",[]
['ethosuximide'],0408010I0AAAGAG,"[('250000', 'mcg')]",[]
['ethosuximide'],0408010I0AAAHAH,"[('375000', 'mcg')]",[]
['ethosuximide'],0408010I0AAAIAI,"[('250000', 'mcg')]",[]
['ethosuximide'],0408010I0AAAJAJ,"[('500000', 'mcg')]",[]
['ethosuximide'],0408010I0AAAKAK,"[('250000', 'mcg')]",[]
['ethosuximide'],0408010I0BBAAAA,"[('250000', 'mcg')]",[]
['ethosuximide'],0408010I0BBABAB,"[('250000', 'mcg')]",[]
['ethosuximide'],0408010I0BBACAB,"[('250000', 'mcg')]",[]
['ethosuximide'],0408010I0BCAAAA,"[('250000', 'mcg')]",[]
['ethosuximide'],0408010I0BCABAB,"[('250000', 'mcg')]",[]
['ethosuximide'],0408010I0BDAAAA,"[('250000', 'mcg')]",[]
['phenobarbital'],0408010N0AAA1A1,"[('35000', 'mcg')]",[]
['phenobarbital'],0408010N0AAA2A2,"[('40000', 'mcg')]",[]
['phenobarbital'],0408010N0AAA3A3,"[('7500', 'mcg')]",[]
['phenobarbital'],0408010N0AAA4A4,"[('7500', 'mcg')]",[]
['phenobarbital'],0408010N0AAA5A5,"[('25000', 'mcg')]",[]
['phenobarbital'],0408010N0AAA6A6,"[('30000', 'mcg')]",[]
['phenobarbital'],0408010N0AAA7A7,"[('10000', 'mcg')]",[]
['phenobarbital'],0408010N0AAA8A8,"[('10000', 'mcg')]",[]
['phenobarbital'],0408010N0AAA9A9,"[('20000', 'mcg')]",[]
['phenobarbital'],0408010N0AAAAAA,"[('60000', 'mcg')]",[]
['phenobarbital'],0408010N0AAABAB,"[('100000', 'mcg')]",[]
['phenobarbital'],0408010N0AAACAC,"[('15000', 'mcg')]",[]
['phenobarbital'],0408010N0AAADAD,"[('30000', 'mcg')]",[]
['phenobarbital'],0408010N0AAAEAE,"[('30000', 'mcg')]",[]
['phenobarbital'],0408010N0AAAGAG,"[('5000', 'mcg')]",[]
['phenobarbital'],0408010N0AAAHAH,"[('7500', 'mcg')]",[]
['phenobarbital'],0408010N0AAAIAI,"[('15000', 'mcg')]",[]
['phenobarbital'],0408010N0AAAJAJ,"[('30000', 'mcg')]",[]
['phenobarbital'],0408010N0AAAKAK,"[('50000', 'mcg')]",[]
['phenobarbital'],0408010N0AAALAL,"[('60000', 'mcg')]",[]
['phenobarbital'],0408010N0AAAMAM,"[('100000', 'mcg')]",[]
['phenobarbital'],0408010N0AAANAN,"[('10000', 'mcg')]",[]
['phenobarbital'],0408010N0AAAPAP,"[('300000', 'mcg')]",[]
['phenobarbital'],0408010N0AAAQAQ,"[('5000', 'mcg')]",[]
['phenobarbital'],0408010N0AAARAR,"[('30000', 'mcg')]",[]
['phenobarbital'],0408010N0AAASAS,"[('100000', 'mcg')]",[]
['phenobarbital'],0408010N0AAATAT,"[('23000', 'mcg')]",[]
['phenobarbital'],0408010N0AAAUAU,"[('15000', 'mcg')]",[]
['phenobarbital'],0408010N0AAAVAV,"[('60000', 'mcg')]",[]
['phenobarbital'],0408010N0AAAWAW,"[('10000', 'mcg')]",[]
['phenobarbital'],0408010N0AAAXAX,"[('50000', 'mcg')]",[]
['phenobarbital'],0408010N0AAAYAY,"[('22500', 'mcg')]",[]
['phenobarbital'],0408010N0AAAZAZ,"[('25000', 'mcg')]",[]
['phenobarbital'],0408010N0AABABA,"[('60000', 'mcg')]",[]
['phenobarbital'],0408010N0AABBBB,"[('2000', 'mcg')]",[]
['phenobarbital'],0408010N0AABCBC,"[('40000', 'mcg')]",[]
['phenobarbital'],0408010N0AABDBD,"[('150000', 'mcg')]",[]
['phenobarbital'],0408010N0AABEBE,"[('5000', 'mcg')]",[]
['phenobarbital'],0408010N0AABFBF,"[('10000', 'mcg')]",[]
['phenobarbital'],0408010N0AABGBG,"[('85000', 'mcg')]",[]
['phenobarbital'],0408010N0AABHBH,"[('175000', 'mcg')]",[]
['phenobarbital'],0408010N0AABIBI,"[('22500', 'mcg')]",[]
['phenobarbital'],0408010N0AABJBJ,[],[]
['phenobarbital'],0408010N0AABKBK,"[('15000', 'mcg')]",[]
['phenobarbital'],0408010N0AABLBL,"[('50000', 'mcg')]",[]
['phenobarbital'],0408010N0AABMBM,"[('125000', 'mcg')]",[]
['phenobarbital'],0408010N0AABNBN,"[('75000', 'mcg')]",[]
['phenobarbital'],0408010N0AABPBP,"[('20000', 'mcg')]",[]
['phenobarbital'],0408010N0AABQBQ,"[('50000', 'mcg')]",[]
['phenobarbital'],0408010N0AABRBR,"[('20000', 'mcg')]",[]
['phenobarbital'],0408010N0AABSBS,"[('200000', 'mcg')]",[]
['phenobarbital'],0408010N0AABTBT,"[('15000', 'mcg')]",[]
['phenobarbital'],0408010N0AABUBU,"[('50000', 'mcg')]",[]
['phenobarbital'],0408010N0AABVBV,"[('12000', 'mcg')]",[]
['phenobarbital'],0408010N0AABWBW,"[('15000', 'mcg')]",[]
['phenobarbital'],0408010N0AABXBX,"[('7500', 'mcg')]",[]
['phenobarbital'],0408010N0AABYBY,"[('37500', 'mcg')]",[]
['phenobarbital'],0408010N0AABZBZ,"[('37500', 'mcg')]",[]
['phenobarbital'],0408010N0AACACA,"[('200000', 'mcg')]",[]
['phenobarbital'],0408010N0AACBCB,"[('45000', 'mcg')]",[]
['phenobarbital'],0408010N0AACCCC,"[('15000', 'mcg')]",[]
['phenobarbital'],0408010N0AACDCD,"[('62500', 'mcg')]",[]
['phenobarbital'],0408010N0AACECE,"[('15000', 'mcg')]",[]
['phenobarbital'],0408010N0AACFCF,"[('25000', 'mcg')]",[]
['phenobarbital'],0408010N0AACGCG,"[('17500', 'mcg')]",[]
['phenobarbital'],0408010N0AACHCH,"[('110000', 'mcg')]",[]
['phenobarbital'],0408010N0AACICI,"[('60000', 'mcg')]",[]
['phenobarbital'],0408010N0AACJCJ,"[('15000', 'mcg')]",[]
['phenobarbital'],0408010N0AACKCK,"[('25000', 'mcg')]",[]
['phenobarbital'],0408010N0AACLCL,"[('50000', 'mcg')]",[]
['phenobarbital'],0408010N0AACMCM,"[('200000', 'mcg')]",[]
['phenobarbital'],0408010N0AACNCN,"[('100000', 'mcg')]",[]
['phenobarbital'],0408010N0AACPCP,"[('75000', 'mcg')]",[]
['phenobarbital'],0408010N0AACQCQ,"[('62500', 'mcg')]",[]
['phenobarbital'],0408010N0AACRCR,"[('30000', 'mcg')]",[]
['phenobarbital'],0408010N0AACSCS,"[('45000', 'mcg')]",[]
['phenobarbital'],0408010N0AACTCT,"[('300000', 'mcg')]",[]
['phenobarbital'],0408010N0AACUCU,"[('10000', 'mcg')]",[]
['phenobarbital'],0408010N0AACVCV,"[('32000', 'mcg')]",[]
['phenobarbital'],0408010N0AACWCW,"[('25000', 'mcg')]",[]
['phenobarbital'],0408010N0AACXCX,"[('125000', 'mcg')]",[]
['phenobarbital'],0408010N0AACYCY,"[('20000', 'mcg')]",[]
['phenobarbital'],0408010N0AACZCZ,"[('35000', 'mcg')]",[]
['phenobarbital'],0408010N0AADADA,"[('150000', 'mcg')]",[]
['phenobarbital'],0408010N0AADBDB,"[('12500', 'mcg')]",[]
['phenobarbital'],0408010N0AADCDC,"[('85000', 'mcg')]",[]
['phenobarbital'],0408010N0AADDDD,"[('50000', 'mcg')]",[]
['phenobarbital'],0408010N0AADEDE,"[('2500', 'mcg')]",[]
['phenobarbital'],0408010N0AADFDF,"[('225000', 'mcg')]",[]
['phenobarbital'],0408010N0AADGDG,"[('12500', 'mcg')]",[]
['phenobarbital'],0408010N0AADHDH,"[('70000', 'mcg')]",[]
['phenobarbital'],0408010N0AADIDI,"[('250000', 'mcg')]",[]
['phenobarbital'],0408010N0AADJDJ,"[('5000', 'mcg')]",[]
['phenobarbital'],0408010N0AADKDK,"[('42000', 'mcg')]",[]
['phenobarbital'],0408010N0AADLDL,"[('9500', 'mcg')]",[]
['phenobarbital'],0408010N0AADMDM,"[('15000', 'mcg')]",[]
['phenobarbital'],0408010N0AADNDN,"[('55000', 'mcg')]",[]
['phenobarbital'],0408010N0AADPDP,"[('18000', 'mcg')]",[]
['phenobarbital'],0408010N0AADQDQ,"[('500000', 'mcg')]",[]
['phenobarbital'],0408010N0AADRDR,"[('17500', 'mcg')]",[]
['phenobarbital'],0408010N0AADSDS,"[('450000', 'mcg')]",[]
['phenobarbital'],0408010N0AADTDT,"[('46670', 'mcg')]",[]
['phenobarbital'],0408010N0AADUDU,"[('40000', 'mcg')]",[]
['phenobarbital'],0408010N0AADWDW,"[('60000', 'mcg')]",[]
['phenobarbital'],0408010N0AADXDX,"[('28500', 'mcg')]",[]
['phenobarbital'],0408010N0AADYDY,"[('90000', 'mcg')]",[]
['phenobarbital'],0408010N0AADZDZ,"[('37500', 'mcg')]",[]
['phenobarbital'],0408010N0AAEAEA,"[('90000', 'mcg')]",[]
['phenobarbital'],0408010N0AAEBEB,"[('9000', 'mcg')]",[]
['phenobarbital'],0408010N0AAECEC,"[('40000', 'mcg')]",[]
['phenobarbital'],0408010N0AAEDED,"[('21000', 'mcg')]",[]
['phenobarbital'],0408010N0AAEEEE,"[('35000', 'mcg')]",[]
['phenobarbital'],0408010N0AAEFEF,"[('247500', 'mcg')]",[]
['phenobarbital'],0408010N0AAEGEG,"[('34000', 'mcg')]",[]
['phenobarbital'],0408010N0AAEHEH,"[('18000', 'mcg')]",[]
['phenobarbital'],0408010N0AAEIEI,"[('72500', 'mcg')]",[]
['phenobarbital'],0408010N0AAEJEJ,"[('80000', 'mcg')]",[]
['phenobarbital'],0408010N0AAEKEK,"[('7500', 'mcg')]",[]
['phenobarbital'],0408010N0AAELEL,"[('65000', 'mcg')]",[]
['phenobarbital'],0408010N0AAEMEM,"[('9000', 'mcg')]",[]
['phenobarbital'],0408010N0AAENEN,"[('37500', 'mcg')]",[]
['phenobarbital'],0408010N0AAEPEP,"[('12600', 'mcg')]",[]
['phenobarbital'],0408010N0AAEQEQ,"[('2500', 'mcg')]",[]
['phenobarbital'],0408010N0AAERER,"[('250000', 'mcg')]",[]
['phenobarbital'],0408010N0AAESES,"[('31500', 'mcg')]",[]
['phenobarbital'],0408010N0AAETET,"[('180000', 'mcg')]",[]
['phenobarbital'],0408010N0AAEUEU,"[('50000', 'mcg')]",[]
['phenobarbital'],0408010N0AAEVEV,"[('50000', 'mcg')]",[]
['phenobarbital'],0408010N0BBAAAI,"[('15000', 'mcg')]",[]
['phenobarbital'],0408010N0BBABAJ,"[('30000', 'mcg')]",[]
['phenobarbital'],0408010N0BBACAL,"[('60000', 'mcg')]",[]
['phenobarbital'],0408010N0BCAAAA,"[('60000', 'mcg')]",[]
['phenobarbital'],0408010N0BCABAB,"[('100000', 'mcg')]",[]
['phenobarbital'],0408010P0AAAAAA,"[('200000', 'mcg')]","[('1', 'sztuk')]"
['phenobarbital'],0408010P0AAACAC,"[('30000', 'mcg')]",[]
['phenobarbital'],0408010P0AAADAD,"[('60000', 'mcg')]",[]
['phenobarbital'],0408010P0AAAFAF,"[('15000', 'mcg')]",[]
['phenobarbital'],0408010P0AAAGAG,"[('60000', 'mcg')]",[]
['phenobarbital'],0408010P0AAAHAH,"[('15000', 'mcg')]",[]
['phenobarbital'],0408010P0AAAIAI,"[('30000', 'mcg')]",[]
['phenobarbital'],0408010P0AAAJAJ,"[('100000', 'mcg')]",[]
['phenobarbital'],0408010P0AAAKAK,"[('40000', 'mcg')]",[]
['phenobarbital'],0408010P0AAALAL,"[('200000', 'mcg')]",[]
['phenobarbital'],0408010P0AAAMAM,"[('200000', 'mcg')]",[]
['phenobarbital'],0408010P0AAANAN,"[('25000', 'mcg')]",[]
['phenobarbital'],0408010P0AAAPAP,"[('15000', 'mcg')]",[]
['phenobarbital'],0408010P0AAAQAQ,"[('15000', 'mcg')]",[]
['phenobarbital'],0408010P0AAARAR,"[('75000', 'mcg')]",[]
['phenobarbital'],0408010P0AAASAS,"[('75000', 'mcg')]",[]
['phenobarbital'],0408010P0AAATAT,"[('95000', 'mcg')]",[]
['phenobarbital'],0408010P0AAAUAU,[],[]
['phenobarbital'],0408010P0AAAVAV,"[('50000', 'mcg')]",[]
['phenobarbital'],0408010P0AAAWAW,"[('25000', 'mcg')]",[]
['phenobarbital'],0408010P0AAAYAY,"[('15000', 'mcg')]",[]
['phenobarbital'],0408010P0AAAZAZ,"[('60000', 'mcg')]",[]
['phenobarbital'],0408010P0AABABA,"[('125000', 'mcg')]",[]
['phenobarbital'],0408010P0AABBBB,"[('10000', 'mcg')]",[]
['phenobarbital'],0408010P0AABCBC,"[('30000', 'mcg')]",[]
['phenobarbital'],0408010P0AABDBD,"[('6000', 'mcg')]",[]
['phenobarbital'],0408010P0AABEBE,"[('36000', 'mcg')]",[]
['phenobarbital'],0408010P0AABFBF,"[('11000', 'mcg')]",[]
['phenobarbital'],0408010P0AABGBG,"[('17000', 'mcg')]",[]
['phenobarbital'],0408010P0AABHBH,"[('100000', 'mcg')]",[]
['phenobarbital'],0408010P0AABIBI,"[('150000', 'mcg')]",[]
['phenobarbital'],0408010P0AABJBJ,"[('7500', 'mcg')]",[]
['phenobarbital'],0408010P0AABKBK,"[('20000', 'mcg')]",[]
['phenobarbital'],0408010P0AABLBL,"[('35000', 'mcg')]",[]
['phenobarbital'],0408010P0AABMBM,"[('45000', 'mcg')]",[]
['phenobarbital'],0408010P0AABNBN,"[('55000', 'mcg')]",[]
['phenobarbital'],0408010P0AABPBP,"[('5000', 'mcg')]",[]
['phenobarbital'],0408010P0AABQBQ,"[('50000', 'mcg')]",[]
['phenobarbital'],0408010P0BBAAAA,"[('200000', 'mcg')]",[]
['phenytoin'],0408010Q0AAAAAA,"[('100000', 'mcg')]",[]
['phenytoin'],0408010Q0AAADAD,"[('25000', 'mcg')]",[]
['phenytoin'],0408010Q0AAAEAE,"[('50000', 'mcg')]",[]
['phenytoin'],0408010Q0AAAFAF,"[('50000', 'mcg')]",[]
['phenytoin'],0408010Q0AAAGAG,"[('100000', 'mcg')]",[]
['phenytoin'],0408010Q0AAAJAJ,"[('15000', 'mcg')]",[]
['phenytoin'],0408010Q0AAALAL,"[('30000', 'mcg')]",[]
['phenytoin'],0408010Q0AAAMAM,"[('10000', 'mcg')]",[]
['phenytoin'],0408010Q0AAANAN,"[('100000', 'mcg')]",[]
['phenytoin'],0408010Q0AAAPAP,"[('50000', 'mcg')]",[]
['phenytoin'],0408010Q0AAAQAQ,"[('300000', 'mcg')]",[]
['phenytoin'],0408010Q0AAARAR,"[('100000', 'mcg')]",[]
['phenytoin'],0408010Q0AAASAS,"[('50000', 'mcg')]",[]
['phenytoin'],0408010Q0AAATAT,"[('30000', 'mcg')]",[]
['phenytoin'],0408010Q0AAAUAU,"[('50000', 'mcg')]",[]
['phenytoin'],0408010Q0AAAVAV,"[('84000', 'mcg')]",[]
['phenytoin'],0408010Q0AAAWAW,"[('100000', 'mcg')]",[]
['phenytoin'],0408010Q0AAAXAX,"[('50000', 'mcg')]",[]
['phenytoin'],0408010Q0AAAYAY,"[('90000', 'mcg')]",[]
['phenytoin'],0408010Q0AAAZAZ,"[('400000', 'mcg')]",[]
['phenytoin'],0408010Q0AABABA,"[('54000', 'mcg')]",[]
['phenytoin'],0408010Q0BBACAD,"[('25000', 'mcg')]",[]
['phenytoin'],0408010Q0BBADAP,"[('50000', 'mcg')]",[]
['phenytoin'],0408010Q0BBAEAA,"[('100000', 'mcg')]",[]
['phenytoin'],0408010Q0BBAFAQ,"[('300000', 'mcg')]",[]
['phenytoin'],0408010Q0BCAAAF,"[('50000', 'mcg')]",[]
['phenytoin'],0408010Q0BCABAG,"[('100000', 'mcg')]",[]
['phenytoin'],0408010Q0BDAAAF,"[('50000', 'mcg')]",[]
"['phenobarbital', 'phenytoin']",0408010S0AAAAAA,"[('100000', 'mcg'), ('50000', 'mcg')]",[]
"['phenobarbital', 'phenytoin']",0408010S0AAABAB,"[('100000', 'mcg'), ('50000', 'mcg')]",[]
"['phenobarbital', 'phenytoin']",0408010S0AAACAC,"[('60000', 'mcg'), ('100000', 'mcg')]",[]
"['phenobarbital', 'phenytoin']",0408010S0AAADAD,"[('60000', 'mcg'), ('100000', 'mcg')]",[]
"['phenobarbital', 'phenytoin']",0408010S0BBAAAA,[],[]
"['phenobarbital', 'phenytoin']",0408010S0BCAAAB,[],[]
['primidone'],0408010U0AAAAAA,"[('250000', 'mcg')]",[]
['primidone'],0408010U0AAABAB,"[('250000', 'mcg')]",[]
['primidone'],0408010U0AAACAC,"[('25000', 'mcg')]",[]
['primidone'],0408010U0AAADAD,"[('100000', 'mcg')]",[]
['primidone'],0408010U0AAAEAE,"[('150000', 'mcg')]",[]
['primidone'],0408010U0AAAFAF,"[('50000', 'mcg')]",[]
['primidone'],0408010U0AAAGAG,"[('200000', 'mcg')]",[]
['primidone'],0408010U0AAAHAH,[],[]
['primidone'],0408010U0AAAIAI,"[('500000', 'mcg')]",[]
['primidone'],0408010U0AAAJAJ,"[('130000', 'mcg')]",[]
['primidone'],0408010U0AAAKAK,"[('50000', 'mcg')]",[]
['primidone'],0408010U0AAALAL,"[('25000', 'mcg')]",[]
['primidone'],0408010U0AAAMAM,"[('250000', 'mcg')]",[]
['primidone'],0408010U0AAANAN,"[('125000', 'mcg')]",[]
['primidone'],0408010U0AAAPAP,"[('62500', 'mcg')]",[]
['primidone'],0408010U0AAAQAQ,"[('200000', 'mcg')]",[]
['primidone'],0408010U0AAARAR,"[('300000', 'mcg')]",[]
['primidone'],0408010U0AAASAS,"[('30000', 'mcg')]",[]
['primidone'],0408010U0AAATAT,"[('100000', 'mcg')]",[]
['primidone'],0408010U0AAAUAU,"[('12500', 'mcg')]",[]
['primidone'],0408010U0AAAVAV,"[('150000', 'mcg')]",[]
['primidone'],0408010U0AAAWAW,"[('75000', 'mcg')]",[]
['primidone'],0408010U0AAAXAX,"[('50000', 'mcg')]",[]
['primidone'],0408010U0AAAYAY,"[('10000', 'mcg')]",[]
['primidone'],0408010U0AAAZAZ,"[('70000', 'mcg')]",[]
['primidone'],0408010U0AABABA,"[('50000', 'mcg')]",[]
['primidone'],0408010U0AABBBB,"[('62500', 'mcg')]",[]
['primidone'],0408010U0AABCBC,"[('250000', 'mcg')]",[]
['primidone'],0408010U0BBAAAB,"[('250000', 'mcg')]",[]
['primidone'],0408010U0BBABAA,"[('250000', 'mcg')]",[]
['primidone'],0408010U0BBACAX,"[('50000', 'mcg')]",[]
['primidone'],0408010U0BBADAX,"[('50000', 'mcg')]",[]
['primidone'],0408010U0BCAAAN,"[('125000', 'mcg')]",[]
['valproate'],0408010W0AAA1A1,"[('300000', 'mcg')]",[]
['valproate'],0408010W0AAA2A2,"[('500000', 'mcg')]",[]
['valproate'],0408010W0AAA3A3,[],[]
['valproate'],0408010W0AAA4A4,"[('400000', 'mcg')]",[]
['valproate'],0408010W0AAA5A5,"[('150000', 'mcg')]",[]
['valproate'],0408010W0AAA6A6,"[('375000', 'mcg')]",[]
['valproate'],0408010W0AAA7A7,"[('500000', 'mcg')]",[]
['valproate'],0408010W0AAA8A8,"[('200000', 'mcg')]",[]
['valproate'],0408010W0AAA9A9,"[('200000', 'mcg')]",[]
['valproate'],0408010W0AAAAAA,"[('200000', 'mcg')]",[]
['valproate'],0408010W0AAABAB,"[('100000', 'mcg')]",[]
['valproate'],0408010W0AAACAC,"[('200000', 'mcg')]",[]
['valproate'],0408010W0AAADAD,"[('500000', 'mcg')]",[]
['valproate'],0408010W0AAAEAE,"[('200000', 'mcg')]",[]
['valproate'],0408010W0AAAFAF,"[('500000', 'mcg')]",[]
['valproate'],0408010W0AAAGAG,"[('1000000', 'mcg')]","[('10', 'sztuk')]"
['valproate'],0408010W0AAAHAH,"[('400000', 'mcg')]","[('4', 'sztuk')]"
['valproate'],0408010W0AAAIAI,"[('500000', 'mcg')]",[]
['valproate'],0408010W0AAAJAJ,"[('1000000', 'mcg')]",[]
['valproate'],0408010W0AAAKAK,"[('200000', 'mcg')]",[]
['valproate'],0408010W0AAAMAM,"[('200000', 'mcg')]",[]
['valproate'],0408010W0AAANAN,"[('100000', 'mcg')]",[]
['valproate'],0408010W0AAAPAP,"[('300000', 'mcg')]",[]
['valproate'],0408010W0AAAQAQ,"[('400000', 'mcg')]",[]
['valproate'],0408010W0AAARAR,"[('100000', 'mcg')]",[]
['valproate'],0408010W0AAASAS,"[('300000', 'mcg')]",[]
['valproate'],0408010W0AAATAT,"[('400000', 'mcg')]",[]
['valproate'],0408010W0AAAUAU,"[('500000', 'mcg')]",[]
['valproate'],0408010W0AAAVAV,"[('200000', 'mcg')]",[]
['valproate'],0408010W0AAAWAW,"[('500000', 'mcg')]",[]
['valproate'],0408010W0AAAXAX,"[('200000', 'mcg')]",[]
['valproate'],0408010W0AAAYAY,"[('200000', 'mcg')]",[]
['valproate'],0408010W0AAAZAZ,"[('200000', 'mcg')]",[]
['valproate'],0408010W0AABABA,"[('200000', 'mcg')]",[]
['valproate'],0408010W0AABBBB,"[('350000', 'mcg')]",[]
['valproate'],0408010W0AABCBC,"[('300000', 'mcg')]",[]
['valproate'],0408010W0AABDBD,"[('340000', 'mcg')]",[]
['valproate'],0408010W0AABEBE,"[('600000', 'mcg')]",[]
['valproate'],0408010W0AABFBF,"[('90000', 'mcg')]",[]
['valproate'],0408010W0AABGBG,"[('1000000', 'mcg')]","[('5', 'sztuk')]"
['valproate'],0408010W0AABHBH,"[('30000', 'mcg')]",[]
['valproate'],0408010W0AABIBI,"[('60000', 'mcg')]",[]
['valproate'],0408010W0AABJBJ,"[('125000', 'mcg')]",[]
['valproate'],0408010W0AABKBK,"[('20000', 'mcg')]",[]
['valproate'],0408010W0AABLBL,"[('75000', 'mcg')]",[]
['valproate'],0408010W0AABMBM,"[('10000', 'mcg')]",[]
['valproate'],0408010W0AABNBN,"[('1000000', 'mcg')]","[('5', 'sztuk')]"
['valproate'],0408010W0AABPBP,"[('100000', 'mcg')]","[('3', 'sztuk')]"
['valproate'],0408010W0AABQBQ,"[('150000', 'mcg')]",[]
['valproate'],0408010W0AABRBR,"[('300000', 'mcg')]",[]
['valproate'],0408010W0AABSBS,"[('500000', 'mcg')]",[]
['valproate'],0408010W0AABTBT,"[('1000000', 'mcg')]",[]
['valproate'],0408010W0AABUBU,"[('100000', 'mcg')]","[('10', 'sztuk')]"
['valproate'],0408010W0AABVBV,"[('50000', 'mcg')]",[]
['valproate'],0408010W0AABWBW,"[('100000', 'mcg')]",[]
['valproate'],0408010W0AABXBX,"[('250000', 'mcg')]",[]
['valproate'],0408010W0AABYBY,"[('750000', 'mcg')]",[]
['valproate'],0408010W0AABZBZ,"[('100000', 'mcg')]","[('4', 'sztuk')]"
['valproate'],0408010W0AACACA,"[('200000', 'mcg')]",[]
['valproate'],0408010W0AACBCB,"[('60000', 'mcg')]",[]
['valproate'],0408010W0BBAAAB,"[('100000', 'mcg')]",[]
['valproate'],0408010W0BBABAC,"[('200000', 'mcg')]",[]
['valproate'],0408010W0BBACAD,"[('500000', 'mcg')]",[]
['valproate'],0408010W0BBADAA,"[('200000', 'mcg')]",[]
['valproate'],0408010W0BBAEAE,"[('200000', 'mcg')]",[]
['valproate'],0408010W0BBAFA0,"[('200000', 'mcg')]",[]
['valproate'],0408010W0BBAGA0,"[('200000', 'mcg')]","[('5', 'sztuk')]"
['valproate'],0408010W0BBAHA0,"[('1000000', 'mcg')]","[('10', 'sztuk')]"
['valproate'],0408010W0BBAIAH,"[('400000', 'mcg')]","[('4', 'sztuk')]"
['valproate'],0408010W0BBAJAZ,"[('200000', 'mcg')]",[]
['valproate'],0408010W0BBAKA1,"[('300000', 'mcg')]",[]
['valproate'],0408010W0BBALA2,"[('500000', 'mcg')]",[]
['valproate'],0408010W0BBAMBS,"[('500000', 'mcg')]",[]
['valproate'],0408010W0BBANBV,"[('50000', 'mcg')]",[]
['valproate'],0408010W0BBAPBW,"[('100000', 'mcg')]",[]
['valproate'],0408010W0BBAQBX,"[('250000', 'mcg')]",[]
['valproate'],0408010W0BBARBY,"[('750000', 'mcg')]",[]
['valproate'],0408010W0BBASBT,"[('1000000', 'mcg')]",[]
['valproate'],0408010W0BCAAA0,"[('200000', 'mcg')]",[]
['valproate'],0408010W0BCABA0,"[('300000', 'mcg')]",[]
['valproate'],0408010W0BCACBC,"[('300000', 'mcg')]",[]
['valproate'],0408010W0BCADBN,"[('200000', 'mcg')]",[]
['valproate'],0408010W0BDAAAC,"[('200000', 'mcg')]",[]
['valproate'],0408010W0BDABAD,"[('500000', 'mcg')]",[]
['valproate'],0408010W0BEAAAC,"[('200000', 'mcg')]",[]
['valproate'],0408010W0BEABAD,"[('500000', 'mcg')]",[]
['valproate'],0408010W0BEACAA,"[('200000', 'mcg')]",[]
['valproate'],0408010W0BFAAA5,"[('150000', 'mcg')]",[]
['valproate'],0408010W0BGAABC,"[('300000', 'mcg')]",[]
['valproate'],0408010W0BHAAA1,"[('300000', 'mcg')]",[]
['valproate'],0408010W0BHABA2,"[('500000', 'mcg')]",[]
['valproate'],0408010W0BIAABP,"[('100000', 'mcg')]","[('3', 'sztuk')]"
['valproate'],0408010W0BIABBQ,"[('150000', 'mcg')]",[]
['valproate'],0408010W0BIACBR,"[('300000', 'mcg')]",[]
['valproate'],0408010W0BIADBS,"[('500000', 'mcg')]",[]
['valproate'],0408010W0BIAEBT,"[('1000000', 'mcg')]",[]
['valproate'],0408010W0BIAFBU,"[('100000', 'mcg')]","[('10', 'sztuk')]"
['valproate'],0408010W0BJAACA,"[('200000', 'mcg')]",[]
['vigabatrin'],0408010X0AAAAAA,"[('500000', 'mcg')]",[]
['vigabatrin'],0408010X0AAABAB,"[('100000', 'mcg')]",[]
['vigabatrin'],0408010X0AAACAC,"[('200000', 'mcg')]",[]
['vigabatrin'],0408010X0AAADAD,"[('300000', 'mcg')]",[]
['vigabatrin'],0408010X0AAAEAE,"[('400000', 'mcg')]",[]
['vigabatrin'],0408010X0AAAFAF,"[('500000', 'mcg')]",[]
['vigabatrin'],0408010X0AAAGAG,"[('250000', 'mcg')]",[]
['vigabatrin'],0408010X0AAAHAH,"[('1000000', 'mcg')]",[]
['vigabatrin'],0408010X0AAAIAI,"[('375000', 'mcg')]",[]
['vigabatrin'],0408010X0AAAJAJ,"[('750000', 'mcg')]",[]
['vigabatrin'],0408010X0AAAKAK,"[('450000', 'mcg')]",[]
['vigabatrin'],0408010X0AAALAL,[],[]
['vigabatrin'],0408010X0AAAMAM,"[('250000', 'mcg')]",[]
['vigabatrin'],0408010X0AAANAN,"[('200000', 'mcg')]",[]
['vigabatrin'],0408010X0AAAPAP,"[('125000', 'mcg')]",[]
['vigabatrin'],0408010X0AAAQAQ,"[('500000', 'mcg')]",[]
['vigabatrin'],0408010X0AAARAR,"[('100000', 'mcg')]",[]
['vigabatrin'],0408010X0AAASAS,"[('240000', 'mcg')]",[]
['vigabatrin'],0408010X0AAATAT,"[('250000', 'mcg')]",[]
['vigabatrin'],0408010X0AAAUAU,"[('100000', 'mcg')]",[]
['vigabatrin'],0408010X0AAAVAV,"[('75000', 'mcg')]",[]
['vigabatrin'],0408010X0AAAWAW,"[('800000', 'mcg')]",[]
['vigabatrin'],0408010X0AAAXAX,"[('600000', 'mcg')]",[]
['vigabatrin'],0408010X0AAAYAY,"[('500000', 'mcg')]",[]
['vigabatrin'],0408010X0AAAZAZ,"[('700000', 'mcg')]",[]
['vigabatrin'],0408010X0AABABA,"[('95000', 'mcg')]",[]
['vigabatrin'],0408010X0AABBBB,"[('70000', 'mcg')]",[]
['vigabatrin'],0408010X0AABCBC,"[('375000', 'mcg')]",[]
['vigabatrin'],0408010X0AABDBD,"[('400000', 'mcg')]",[]
['vigabatrin'],0408010X0AABEBE,"[('150000', 'mcg')]",[]
['vigabatrin'],0408010X0AABFBF,"[('175000', 'mcg')]",[]
['vigabatrin'],0408010X0AABGBG,"[('1120000', 'mcg')]",[]
['vigabatrin'],0408010X0AABHBH,"[('1275000', 'mcg')]",[]
['vigabatrin'],0408010X0AABIBI,"[('640000', 'mcg')]",[]
['vigabatrin'],0408010X0AABJBJ,"[('350000', 'mcg')]",[]
['vigabatrin'],0408010X0AABKBK,"[('700000', 'mcg')]",[]
['vigabatrin'],0408010X0AABLBL,"[('500000', 'mcg')]",[]
['vigabatrin'],0408010X0AABMBM,"[('125000', 'mcg')]",[]
['vigabatrin'],0408010X0BBAAAA,"[('500000', 'mcg')]",[]
['vigabatrin'],0408010X0BBABAF,"[('500000', 'mcg')]",[]
['vigabatrin'],0408010X0BBACAG,"[('250000', 'mcg')]",[]
['vigabatrin'],0408010X0BBADAH,"[('1000000', 'mcg')]",[]
['sultiame'],0408010Y0AAAAAA,"[('50000', 'mcg')]",[]
['sultiame'],0408010Y0AAABAB,"[('200000', 'mcg')]",[]
['sultiame'],0408010Y0AAACAC,"[('50000', 'mcg')]",[]
['sultiame'],0408010Y0AAADAD,"[('100000', 'mcg')]",[]
['sultiame'],0408010Y0BBAAAA,"[('50000', 'mcg')]",[]
['sultiame'],0408010Y0BBABAB,"[('200000', 'mcg')]",[]
['sultiame'],0408010Y0BBACAC,"[('50000', 'mcg')]",[]
['sultiame'],0408010Y0BBADAD,"[('100000', 'mcg')]",[]
['phenytoin'],0408010Z0AAAAAA,"[('30000', 'mcg')]",[]
['phenytoin'],0408010Z0AAACAC,"[('50000', 'mcg')]",[]
['phenytoin'],0408010Z0AAADAD,"[('90000', 'mcg')]",[]
['phenytoin'],0408010Z0AAAEAE,"[('90000', 'mcg')]",[]
['phenytoin'],0408010Z0AAAFAF,"[('100000', 'mcg')]",[]
['phenytoin'],0408010Z0AAAGAG,"[('120000', 'mcg')]",[]
['phenytoin'],0408010Z0AAAHAH,"[('150000', 'mcg')]",[]
['phenytoin'],0408010Z0AAAIAI,[],[]
['phenytoin'],0408010Z0AAAJAJ,"[('100000', 'mcg')]",[]
['phenytoin'],0408010Z0AAAKAK,"[('100000', 'mcg')]",[]
['phenytoin'],0408010Z0AAALAL,"[('90000', 'mcg')]",[]
['phenytoin'],0408010Z0AAAMAM,"[('60000', 'mcg')]",[]
['phenytoin'],0408010Z0AAANAN,"[('500000', 'mcg')]",[]
['phenytoin'],0408010Z0AAAPAP,"[('50000', 'mcg')]",[]
['phenytoin'],0408010Z0AAAQAQ,"[('30000', 'mcg')]",[]
['phenytoin'],0408010Z0AAARAR,"[('100000', 'mcg')]",[]
['phenytoin'],0408010Z0AAASAS,"[('150000', 'mcg')]",[]
['phenytoin'],0408010Z0AAATAT,"[('25000', 'mcg')]",[]
['phenytoin'],0408010Z0AAAUAU,"[('200000', 'mcg')]",[]
['phenytoin'],0408010Z0AAAVAV,"[('30000', 'mcg')]",[]
['phenytoin'],0408010Z0AAAWAW,"[('60000', 'mcg')]",[]
['phenytoin'],0408010Z0AAAXAX,"[('90000', 'mcg')]",[]
['phenytoin'],0408010Z0AAAYAY,"[('50000', 'mcg')]",[]
['phenytoin'],0408010Z0AAAZAZ,"[('80000', 'mcg')]",[]
['phenytoin'],0408010Z0AABABA,"[('75000', 'mcg')]",[]
['phenytoin'],0408010Z0AABBBB,"[('300000', 'mcg')]",[]
['phenytoin'],0408010Z0AABCBC,"[('250000', 'mcg')]",[]
['phenytoin'],0408010Z0AABDBD,"[('125000', 'mcg')]",[]
['phenytoin'],0408010Z0AABEBE,"[('30000', 'mcg')]",[]
['phenytoin'],0408010Z0AABFBF,"[('70000', 'mcg')]",[]
['phenytoin'],0408010Z0AABGBG,"[('180000', 'mcg')]",[]
['phenytoin'],0408010Z0AABHBH,"[('300000', 'mcg')]",[]
['phenytoin'],0408010Z0BBAAAA,"[('30000', 'mcg')]",[]
['phenytoin'],0408010Z0BBABAC,"[('50000', 'mcg')]",[]
['clonazepam'],0408020D0AAAAAA,"[('1000', 'mcg')]","[('1', 'sztuk')]"
['clonazepam'],0408020D0BBAAAA,"[('1000', 'mcg')]",[]
['clonazepam'],0408020D0BBABAA,"[('1000', 'mcg')]","[('1', 'sztuk')]"
['paraldehyde'],0408020Q0AAAAAA,[],[]
['paraldehyde'],0408020Q0AAABAB,[],"[('10', 'sztuk')]"
['paraldehyde'],0408020Q0AAACAC,[],"[('5', 'sztuk')]"
['paraldehyde'],0408020Q0AAADAD,[],[]
['paraldehyde'],0408020Q0AAAEAE,[],"[('20', 'sztuk')]"
['paraldehyde'],0408020Q0AAAGAG,"[('50', '%')]",[]
['paraldehyde'],0408020Q0AAAHAH,"[('50', '%')]",[]
['paraldehyde'],0408020Q0AAAIAI,"[('50', '%')]",[]
['paraldehyde'],0408020Q0AAAJAJ,"[('50', '%')]",[]
['paraldehyde'],0408020Q0AAAKAK,"[('5000000', 'mcg')]","[('5', 'sztuk'), ('5', 'sztuk')]"
['phenytoin'],0408020T0AAAAAA,"[('50000', 'mcg')]","[('5', 'sztuk')]"
['phenytoin'],0408020T0AAABAB,"[('50000', 'mcg')]","[('5', 'sztuk')]"
['phenytoin'],0408020T0BBAAAA,"[('50000', 'mcg')]","[('5', 'sztuk')]"
['phenytoin'],0408020U0BBAAAA,"[('75000', 'mcg')]","[('10', 'sztuk')]"
['midazolam'],0408020V0AAAAAA,"[('10000', 'mcg')]",[]
['midazolam'],0408020V0AAABAB,"[('15000', 'mcg')]",[]
['midazolam'],0408020V0AAACAC,"[('7500', 'mcg')]",[]
['midazolam'],0408020V0AAADAD,"[('5000', 'mcg')]",[]
['midazolam'],0408020V0AAAEAE,"[('12500', 'mcg')]",[]
['midazolam'],0408020V0AAAFAF,"[('10000', 'mcg')]",[]
['midazolam'],0408020V0AAAGAG,"[('2500', 'mcg')]",[]
['midazolam'],0408020V0AAAHAH,"[('25000', 'mcg')]",[]
['midazolam'],0408020V0AAAIAI,"[('6250', 'mcg')]",[]
['midazolam'],0408020V0AAAJAJ,"[('20000', 'mcg')]",[]
['midazolam'],0408020V0AAAKAK,"[('40000', 'mcg')]",[]
['midazolam'],0408020V0AAALAL,"[('50000', 'mcg')]",[]
['midazolam'],0408020V0AAAMAM,"[('11000', 'mcg')]",[]
['midazolam'],0408020V0AAANAN,"[('10000', 'mcg')]",[]
['midazolam'],0408020V0AAAPAP,"[('10000', 'mcg')]",[]
['midazolam'],0408020V0AAAQAQ,"[('10000', 'mcg')]",[]
['midazolam'],0408020V0AAARAR,"[('10000', 'mcg')]",[]
['midazolam'],0408020V0AAASAS,[],[]
['midazolam'],0408020V0BBAAAB,"[('15000', 'mcg')]",[]
['midazolam'],0408020V0BBABAC,"[('7500', 'mcg')]",[]
['midazolam'],0408020V0BCABAS,"[('10000', 'mcg')]",[]
['midazolam'],0408020W0AAAAAA,[],[]
['midazolam'],0408020W0AAABAB,"[('5000', 'mcg')]",[]
['midazolam'],0408020W0AAACAC,[],[]
['midazolam'],0408020W0AAADAD,"[('10000', 'mcg')]",[]
['midazolam'],0408020W0AAAEAE,"[('10000', 'mcg')]",[]
['midazolam'],0408020W0AAAFAF,"[('10000', 'mcg')]",[]
['midazolam'],0408020W0AAAGAG,[],[]
['midazolam'],0408020W0AAAHAH,"[('10000', 'mcg')]",[]
['midazolam'],0408020W0BBAAAA,"[('2500', 'mcg')]",[]
['midazolam'],0408020W0BBABAB,"[('5000', 'mcg')]",[]
['midazolam'],0408020W0BBACAC,"[('7500', 'mcg')]",[]
['midazolam'],0408020W0BBADAD,"[('10000', 'mcg')]",[]
['apomorphine'],0409010A0AAAAAA,"[('10000', 'mcg')]","[('1', 'sztuk')]"
['apomorphine'],0409010A0AAABAB,"[('10000', 'mcg')]","[('5', 'sztuk')]"
['apomorphine'],0409010A0AAACAC,"[('6000', 'mcg')]","[('5', 'sztuk')]"
['apomorphine'],0409010A0AAADAD,"[('10000', 'mcg')]","[('2', 'sztuk')]"
['apomorphine'],0409010A0AAAEAE,"[('10000', 'mcg')]","[('1', 'sztuk')]"
['apomorphine'],0409010A0AAAFAF,"[('2000', 'mcg')]","[('1', 'sztuk')]"
['apomorphine'],0409010A0AAAGAG,"[('1000', 'mcg')]","[('1', 'sztuk')]"
['apomorphine'],0409010A0AAAHAH,"[('3000', 'mcg')]","[('1', 'sztuk')]"
['apomorphine'],0409010A0AAAIAI,"[('1000', 'mcg')]","[('2', 'sztuk')]"
['apomorphine'],0409010A0AAAJAJ,"[('10000', 'mcg')]","[('5', 'sztuk')]"
['apomorphine'],0409010A0AAAKAK,"[('20000', 'mcg')]","[('1', 'sztuk')]"
['apomorphine'],0409010A0AAALAL,"[('800', 'mcg')]","[('5', 'sztuk')]"
['apomorphine'],0409010A0AAAMAM,"[('4000', 'mcg')]","[('1', 'sztuk')]"
['apomorphine'],0409010A0AAANAN,"[('10000', 'mcg')]","[('5', 'sztuk')]"
['apomorphine'],0409010A0AAAPAP,"[('10000', 'mcg')]","[('5', 'sztuk')]"
['apomorphine'],0409010A0AAAQAQ,"[('5000', 'mcg')]","[('10', 'sztuk')]"
['apomorphine'],0409010A0AAARAR,"[('25000', 'mcg')]","[('2', 'sztuk')]"
['apomorphine'],0409010A0AAASAS,"[('10000', 'mcg')]","[('2', 'sztuk')]"
['apomorphine'],0409010A0AAATAT,"[('1000', 'mcg')]","[('5', 'sztuk')]"
['apomorphine'],0409010A0AAAUAU,"[('5000', 'mcg')]","[('1', 'sztuk')]"
['apomorphine'],0409010A0AAAVAV,"[('10000', 'mcg')]","[('5', 'sztuk')]"
['apomorphine'],0409010A0AAAWAW,"[('4000', 'mcg')]","[('5', 'sztuk')]"
['apomorphine'],0409010A0AAAXAX,"[('10000', 'mcg')]","[('3', 'sztuk')]"
['apomorphine'],0409010A0AAAYAY,"[('10000', 'mcg')]",[]
['apomorphine'],0409010A0AAAZAZ,"[('5000', 'mcg')]","[('10', 'sztuk')]"
['apomorphine'],0409010A0AABABA,"[('5000', 'mcg')]","[('20', 'sztuk')]"
['apomorphine'],0409010A0BBAAAS,"[('10000', 'mcg')]","[('2', 'sztuk')]"
['apomorphine'],0409010A0BBABAV,"[('10000', 'mcg')]","[('5', 'sztuk')]"
['apomorphine'],0409010A0BBACAX,"[('10000', 'mcg')]","[('3', 'sztuk')]"
['apomorphine'],0409010A0BCAAAV,"[('10000', 'mcg')]","[('5', 'sztuk')]"
['apomorphine'],0409010A0BCABAS,"[('10000', 'mcg')]","[('2', 'sztuk')]"
['apomorphine'],0409010A0BCACAX,"[('10000', 'mcg')]","[('3', 'sztuk')]"
['apomorphine'],0409010A0BCADAZ,"[('5000', 'mcg')]","[('10', 'sztuk')]"
['safinamide'],0409010AAAAAAAA,"[('50000', 'mcg')]",[]
['safinamide'],0409010AAAAABAB,"[('100000', 'mcg')]",[]
['safinamide'],0409010AABBAAAA,"[('50000', 'mcg')]",[]
['safinamide'],0409010AABBABAB,"[('100000', 'mcg')]",[]
['opicapone'],0409010ABAAAAAA,"[('50000', 'mcg')]",[]
['opicapone'],0409010ABBBAAAA,"[('50000', 'mcg')]",[]
['apomorphine'],0409010ACAAAAAA,"[('10000', 'mcg')]","[('3', 'sztuk')]"
['apomorphine'],0409010ACAAABAB,"[('5000', 'mcg')]","[('20', 'sztuk')]"
['apomorphine'],0409010ACBBAAAA,"[('10000', 'mcg')]","[('3', 'sztuk')]"
['apomorphine'],0409010ACBBABAB,"[('5000', 'mcg')]","[('20', 'sztuk')]"
['amantadine'],0409010B0AAAAAA,"[('100000', 'mcg')]",[]
['amantadine'],0409010B0AAABAB,"[('50000', 'mcg')]",[]
['amantadine'],0409010B0BBAAAA,"[('100000', 'mcg')]",[]
['amantadine'],0409010B0BBABAB,"[('50000', 'mcg')]",[]
['amantadine'],0409010B0BCAAAA,"[('100000', 'mcg')]",[]
['benserazide'],0409010C0AAAAAA,"[('10000', 'mcg')]",[]
['benserazide'],0409010C0AAACAC,"[('50000', 'mcg')]",[]
['carbidopa'],0409010D0AAAAAA,"[('25000', 'mcg')]",[]
['carbidopa'],0409010D0AAABAB,"[('100000', 'mcg')]",[]
['ropinirole'],0409010H0AAAAAA,"[('250', 'mcg')]",[]
['ropinirole'],0409010H0AAABAB,"[('1000', 'mcg')]",[]
['ropinirole'],0409010H0AAACAC,"[('2000', 'mcg')]",[]
['ropinirole'],0409010H0AAADAD,"[('5000', 'mcg')]",[]
['ropinirole'],0409010H0AAAEAE,"[('500', 'mcg'), ('1000', 'mcg'), ('2000', 'mcg')]",[]
['ropinirole'],0409010H0AAAFAF,"[('250', 'mcg'), ('500', 'mcg'), ('1000', 'mcg')]",[]
['ropinirole'],0409010H0AAAGAG,"[('500', 'mcg')]",[]
['ropinirole'],0409010H0AAAHAH,"[('500', 'mcg')]",[]
['ropinirole'],0409010H0AAAIAI,"[('2000', 'mcg')]",[]
['ropinirole'],0409010H0AAAJAJ,"[('1000', 'mcg')]",[]
['ropinirole'],0409010H0AAAKAK,"[('2000', 'mcg')]",[]
['ropinirole'],0409010H0AAALAL,"[('4000', 'mcg')]",[]
['ropinirole'],0409010H0AAAMAM,"[('8000', 'mcg')]",[]
['ropinirole'],0409010H0AAANAN,"[('12000', 'mcg')]",[]
['ropinirole'],0409010H0AAAPAP,"[('125000', 'mcg')]",[]
['ropinirole'],0409010H0AAAQAQ,"[('1000', 'mcg')]",[]
['ropinirole'],0409010H0AAARAR,"[('3000', 'mcg')]",[]
['ropinirole'],0409010H0AAASAS,"[('6000', 'mcg')]",[]
['ropinirole'],0409010H0AAATAT,"[('8000', 'mcg')]",[]
['ropinirole'],0409010H0BBAAAA,"[('250', 'mcg')]",[]
['ropinirole'],0409010H0BBABAB,"[('1000', 'mcg')]",[]
['ropinirole'],0409010H0BBACAC,"[('2000', 'mcg')]",[]
['ropinirole'],0409010H0BBADAD,"[('5000', 'mcg')]",[]
['ropinirole'],0409010H0BBAEAE,"[('500', 'mcg'), ('1000', 'mcg'), ('2000', 'mcg')]",[]
['ropinirole'],0409010H0BBAFAF,"[('250', 'mcg'), ('500', 'mcg'), ('1000', 'mcg')]",[]
['ropinirole'],0409010H0BBAGAK,"[('2000', 'mcg')]",[]
['ropinirole'],0409010H0BBAHAL,"[('4000', 'mcg')]",[]
['ropinirole'],0409010H0BBAIAM,"[('8000', 'mcg')]",[]
['ropinirole'],0409010H0BCAAAH,"[('500', 'mcg')]",[]
['ropinirole'],0409010H0BCABAA,"[('250', 'mcg')]",[]
['ropinirole'],0409010H0BCACAC,"[('2000', 'mcg')]",[]
['ropinirole'],0409010H0BDAAAK,"[('2000', 'mcg')]",[]
['ropinirole'],0409010H0BDABAL,"[('4000', 'mcg')]",[]
['ropinirole'],0409010H0BDACAM,"[('8000', 'mcg')]",[]
['ropinirole'],0409010H0BEAAAK,"[('2000', 'mcg')]",[]
['ropinirole'],0409010H0BEABAL,"[('4000', 'mcg')]",[]
['ropinirole'],0409010H0BEACAM,"[('8000', 'mcg')]",[]
['ropinirole'],0409010H0BFAAAL,"[('4000', 'mcg')]",[]
['ropinirole'],0409010H0BFABAM,"[('8000', 'mcg')]",[]
['ropinirole'],0409010H0BFACAK,"[('2000', 'mcg')]",[]
['ropinirole'],0409010H0BGAAAK,"[('2000', 'mcg')]",[]
['ropinirole'],0409010H0BGABAL,"[('4000', 'mcg')]",[]
['ropinirole'],0409010H0BGACAM,"[('8000', 'mcg')]",[]
['ropinirole'],0409010H0BHAAAK,"[('2000', 'mcg')]",[]
['ropinirole'],0409010H0BHABAL,"[('4000', 'mcg')]",[]
['ropinirole'],0409010H0BHACAM,"[('8000', 'mcg')]",[]
['ropinirole'],0409010H0BIAAAK,"[('2000', 'mcg')]",[]
['ropinirole'],0409010H0BIABAR,"[('3000', 'mcg')]",[]
['ropinirole'],0409010H0BIACAL,"[('4000', 'mcg')]",[]
['ropinirole'],0409010H0BIADAS,"[('6000', 'mcg')]",[]
['ropinirole'],0409010H0BIAEAM,"[('8000', 'mcg')]",[]
['ropinirole'],0409010H0BJAAAK,"[('2000', 'mcg')]",[]
['ropinirole'],0409010H0BJABAL,"[('4000', 'mcg')]",[]
['ropinirole'],0409010H0BJACAM,"[('8000', 'mcg')]",[]
['ropinirole'],0409010H0BKAAAK,"[('2000', 'mcg')]",[]
['ropinirole'],0409010H0BKABAL,"[('4000', 'mcg')]",[]
['ropinirole'],0409010H0BKACAM,"[('8000', 'mcg')]",[]
['levodopa'],0409010I0AAAAAA,"[('40000', 'mcg')]",[]
['levodopa'],0409010I0AAABAB,"[('125000', 'mcg')]",[]
['levodopa'],0409010I0AAACAC,"[('250000', 'mcg')]",[]
['levodopa'],0409010I0AAADAD,"[('500000', 'mcg')]",[]
['levodopa'],0409010I0AAAFAF,"[('500000', 'mcg')]",[]
['levodopa'],0409010I0AAAGAG,"[('15000', 'mcg')]",[]
['levodopa'],0409010I0AAAHAH,[],[]
['levodopa'],0409010I0AAAIAI,"[('125000', 'mcg')]",[]
['levodopa'],0409010I0AAAJAJ,"[('125000', 'mcg')]",[]
['levodopa'],0409010I0AAAKAK,"[('100000', 'mcg')]",[]
['levodopa'],0409010I0AAALAL,"[('62500', 'mcg')]",[]
['levodopa'],0409010I0AAAMAM,"[('25000', 'mcg')]",[]
['levodopa'],0409010I0BBAAAB,"[('125000', 'mcg')]",[]
['levodopa'],0409010I0BBABAC,"[('250000', 'mcg')]",[]
['levodopa'],0409010I0BBACAD,"[('500000', 'mcg')]",[]
['levodopa'],0409010I0BCAAAF,"[('500000', 'mcg')]",[]
"['benserazide', 'levodopa']",0409010K0AAAAAA,"[('12500', 'mcg'), ('50000', 'mcg')]",[]
"['benserazide', 'levodopa']",0409010K0AAABAB,"[('25000', 'mcg'), ('100000', 'mcg')]",[]
"['benserazide', 'levodopa']",0409010K0AAACAC,"[('50000', 'mcg'), ('200000', 'mcg')]",[]
"['benserazide', 'levodopa']",0409010K0AAADAD,"[('25000', 'mcg'), ('100000', 'mcg')]",[]
"['benserazide', 'levodopa']",0409010K0AAAEAE,"[('12500', 'mcg'), ('50000', 'mcg')]",[]
"['benserazide', 'levodopa']",0409010K0AAAFAF,"[('25000', 'mcg'), ('100000', 'mcg')]",[]
"['benserazide', 'levodopa']",0409010K0AAAGAG,"[('50000', 'mcg'), ('200000', 'mcg')]",[]
"['benserazide', 'levodopa']",0409010K0AAAHAH,"[('25000', 'mcg'), ('100000', 'mcg')]",[]
"['benserazide', 'levodopa']",0409010K0AAAIAI,"[('12500', 'mcg'), ('50000', 'mcg')]",[]
"['benserazide', 'levodopa']",0409010K0AAAJAJ,"[('25000', 'mcg'), ('100000', 'mcg')]",[]
"['benserazide', 'levodopa']",0409010K0AAAKAK,"[('50000', 'mcg'), ('200000', 'mcg')]",[]
"['benserazide', 'levodopa']",0409010K0AAALAL,"[('25000', 'mcg'), ('100000', 'mcg')]",[]
"['benserazide', 'levodopa']",0409010K0AAAMAM,"[('12500', 'mcg'), ('50000', 'mcg')]",[]
"['benserazide', 'levodopa']",0409010K0AAANAN,"[('12500', 'mcg'), ('50000', 'mcg')]",[]
"['benserazide', 'levodopa']",0409010K0AAAPAP,"[('25000', 'mcg'), ('6250', 'mcg')]",[]
"['benserazide', 'levodopa']",0409010K0BBAAAA,"[('12500', 'mcg'), ('50000', 'mcg')]",[]
"['benserazide', 'levodopa']",0409010K0BBABAB,"[('25000', 'mcg'), ('100000', 'mcg')]",[]
"['benserazide', 'levodopa']",0409010K0BBACAC,"[('50000', 'mcg'), ('200000', 'mcg')]",[]
"['benserazide', 'levodopa']",0409010K0BBADAD,"[('25000', 'mcg'), ('100000', 'mcg')]",[]
"['benserazide', 'levodopa']",0409010K0BBAEAE,"[('12500', 'mcg'), ('50000', 'mcg')]",[]
"['benserazide', 'levodopa']",0409010K0BBAGAF,"[('125000', 'mcg')]",[]
"['benserazide', 'levodopa']",0409010K0BBAHAG,"[('250000', 'mcg')]",[]
"['benserazide', 'levodopa']",0409010K0BBAIAA,"[('50000', 'mcg'), ('12500', 'mcg')]",[]
"['benserazide', 'levodopa']",0409010K0BBAJAE,"[('50000', 'mcg'), ('12500', 'mcg')]",[]
"['benserazide', 'levodopa']",0409010K0BBAKAB,"[('100000', 'mcg'), ('25000', 'mcg')]",[]
"['benserazide', 'levodopa']",0409010K0BBALAD,"[('100000', 'mcg'), ('25000', 'mcg')]",[]
"['benserazide', 'levodopa']",0409010K0BBAMAC,"[('200000', 'mcg'), ('50000', 'mcg')]",[]
"['benserazide', 'levodopa']",0409010K0BBANAF,[],[]
"['carbidopa', 'levodopa']",0409010N0AAAAAA,"[('10000', 'mcg'), ('100000', 'mcg')]",[]
"['carbidopa', 'levodopa']",0409010N0AAABAB,"[('25000', 'mcg'), ('100000', 'mcg')]",[]
"['carbidopa', 'levodopa']",0409010N0AAACAC,"[('25000', 'mcg'), ('250000', 'mcg')]",[]
"['carbidopa', 'levodopa']",0409010N0AAADAD,"[('12500', 'mcg'), ('50000', 'mcg')]",[]
"['carbidopa', 'levodopa']",0409010N0AAAEAE,"[('50000', 'mcg'), ('200000', 'mcg')]",[]
"['carbidopa', 'levodopa']",0409010N0AAAFAF,"[('20000', 'mcg'), ('200000', 'mcg')]",[]
"['carbidopa', 'levodopa']",0409010N0AAAGAG,"[('25000', 'mcg'), ('100000', 'mcg')]",[]
"['carbidopa', 'levodopa']",0409010N0AAAHAH,[],[]
"['carbidopa', 'levodopa']",0409010N0AAAIAI,"[('25000', 'mcg'), ('250000', 'mcg')]",[]
"['carbidopa', 'levodopa']",0409010N0AAAJAJ,"[('10000', 'mcg'), ('100000', 'mcg')]",[]
"['carbidopa', 'levodopa']",0409010N0AAAKAK,"[('25000', 'mcg'), ('100000', 'mcg')]",[]
"['carbidopa', 'levodopa']",0409010N0AAALAL,"[('10000', 'mcg'), ('100000', 'mcg')]",[]
"['carbidopa', 'levodopa']",0409010N0AAAMAM,"[('12500', 'mcg'), ('50000', 'mcg')]",[]
"['carbidopa', 'levodopa']",0409010N0AAANAN,"[('50000', 'mcg'), ('200000', 'mcg')]",[]
"['carbidopa', 'levodopa']",0409010N0AAAPAP,"[('6250', 'mcg'), ('25000', 'mcg')]",[]
"['carbidopa', 'levodopa']",0409010N0AAAQAQ,"[('2500', 'mcg'), ('10000', 'mcg')]",[]
"['carbidopa', 'levodopa']",0409010N0AAARAR,"[('2000000', 'mcg'), ('500000', 'mcg')]","[('100', 'sztuk')]"
"['carbidopa', 'levodopa']",0409010N0AAASAS,"[('37500', 'mcg'), ('150000', 'mcg')]",[]
"['carbidopa', 'levodopa']",0409010N0AAATAT,"[('625', 'mcg'), ('2500', 'mcg')]",[]
"['carbidopa', 'levodopa']",0409010N0AAAUAU,"[('25000', 'mcg'), ('100000', 'mcg')]",[]
"['carbidopa', 'levodopa']",0409010N0AAAVAV,"[('12500', 'mcg'), ('50000', 'mcg')]",[]
"['carbidopa', 'levodopa']",0409010N0AAAWAW,"[('3125', 'mcg'), ('12500', 'mcg')]","[('5', 'sztuk')]"
"['carbidopa', 'levodopa']",0409010N0AAAXAX,"[('5000', 'mcg'), ('50000', 'mcg')]",[]
"['carbidopa', 'levodopa']",0409010N0AAAYAY,"[('10000', 'mcg'), ('40000', 'mcg')]",[]
"['carbidopa', 'levodopa']",0409010N0BBAAAA,"[('10000', 'mcg'), ('100000', 'mcg')]",[]
"['carbidopa', 'levodopa']",0409010N0BBABAC,"[('25000', 'mcg'), ('250000', 'mcg')]",[]
"['carbidopa', 'levodopa']",0409010N0BBACAB,"[('125000', 'mcg')]",[]
"['carbidopa', 'levodopa']",0409010N0BBADAD,"[('62500', 'mcg')]",[]
"['carbidopa', 'levodopa']",0409010N0BBAEAE,"[('250000', 'mcg')]",[]
"['carbidopa', 'levodopa']",0409010N0BBAFAG,"[('125000', 'mcg')]",[]
"['carbidopa', 'levodopa']",0409010N0BBAGAD,"[('12500', 'mcg'), ('50000', 'mcg')]",[]
"['carbidopa', 'levodopa']",0409010N0BBAHAG,"[('125000', 'mcg')]",[]
"['carbidopa', 'levodopa']",0409010N0BCAAAE,"[('200000', 'mcg'), ('50000', 'mcg')]",[]
"['carbidopa', 'levodopa']",0409010N0BCABAG,"[('100000', 'mcg'), ('25000', 'mcg')]",[]
"['carbidopa', 'levodopa']",0409010N0BDAAAR,[],"[('100', 'sztuk')]"
"['carbidopa', 'levodopa']",0409010N0BEAAAG,"[('25000', 'mcg'), ('100000', 'mcg')]",[]
"['carbidopa', 'levodopa']",0409010N0BEABAE,"[('50000', 'mcg'), ('200000', 'mcg')]",[]
"['carbidopa', 'levodopa']",0409010N0BFAAAG,"[('100000', 'mcg'), ('25000', 'mcg')]",[]
"['carbidopa', 'levodopa']",0409010N0BFABAE,"[('200000', 'mcg'), ('50000', 'mcg')]",[]
"['carbidopa', 'levodopa']",0409010N0BGAAAE,"[('50000', 'mcg'), ('200000', 'mcg')]",[]
['tolcapone'],0409010S0AAAAAA,"[('100000', 'mcg')]",[]
['tolcapone'],0409010S0AAABAB,"[('200000', 'mcg')]",[]
['tolcapone'],0409010S0BBAAAA,"[('100000', 'mcg')]",[]
['tolcapone'],0409010S0BBABAB,"[('200000', 'mcg')]",[]
['selegiline'],0409010T0AAAAAA,"[('5000', 'mcg')]",[]
['selegiline'],0409010T0AAABAB,"[('5000', 'mcg')]",[]
['selegiline'],0409010T0AAACAC,"[('10000', 'mcg')]",[]
['selegiline'],0409010T0AAADAD,"[('10000', 'mcg')]",[]
['selegiline'],0409010T0AAAEAE,[],[]
['selegiline'],0409010T0AAAFAF,"[('10000', 'mcg')]",[]
['selegiline'],0409010T0AAAGAG,"[('5000', 'mcg')]",[]
['selegiline'],0409010T0AAAHAH,"[('5000', 'mcg')]",[]
['selegiline'],0409010T0AAAIAI,"[('19000', 'mcg')]",[]
['selegiline'],0409010T0AAAJAJ,"[('10000', 'mcg')]",[]
['selegiline'],0409010T0AAAKAK,"[('1250', 'mcg')]",[]
['selegiline'],0409010T0AAALAL,"[('10000', 'mcg')]",[]
['selegiline'],0409010T0BBAAAA,"[('5000', 'mcg')]",[]
['selegiline'],0409010T0BBABAC,"[('10000', 'mcg')]",[]
['selegiline'],0409010T0BBACAF,"[('10000', 'mcg')]",[]
['selegiline'],0409010T0BCAAAA,"[('5000', 'mcg')]",[]
['selegiline'],0409010T0BCABAC,"[('10000', 'mcg')]",[]
['selegiline'],0409010T0BDAAAA,"[('5000', 'mcg')]",[]
['selegiline'],0409010T0BDABAC,"[('10000', 'mcg')]",[]
['selegiline'],0409010T0BEAAAA,"[('5000', 'mcg')]",[]
['selegiline'],0409010T0BEABAC,"[('10000', 'mcg')]",[]
['selegiline'],0409010T0BFAAAK,"[('1250', 'mcg')]",[]
['cabergoline'],0409010U0AAAAAA,"[('1000', 'mcg')]",[]
['cabergoline'],0409010U0AAABAB,"[('2000', 'mcg')]",[]
['cabergoline'],0409010U0AAACAC,"[('4000', 'mcg')]",[]
['cabergoline'],0409010U0BBAAAA,"[('1000', 'mcg')]",[]
['cabergoline'],0409010U0BBABAB,"[('2000', 'mcg')]",[]
['cabergoline'],0409010U0BBACAC,"[('4000', 'mcg')]",[]
['entacapone'],0409010V0AAAAAA,"[('200000', 'mcg')]",[]
['entacapone'],0409010V0AAABAB,"[('400000', 'mcg')]",[]
['entacapone'],0409010V0AAACAC,"[('200000', 'mcg')]",[]
['entacapone'],0409010V0AAADAD,"[('200000', 'mcg')]",[]
['entacapone'],0409010V0BBAAAA,"[('200000', 'mcg')]",[]
['pramipexole'],0409010W0AAAAAA,"[('700', 'mcg')]",[]
['pramipexole'],0409010W0AAABAB,"[('180', 'mcg')]",[]
['pramipexole'],0409010W0AAACAC,"[('88', 'mcg')]",[]
['pramipexole'],0409010W0AAADAD,"[('350', 'mcg')]",[]
['pramipexole'],0409010W0AAAEAE,"[('260', 'mcg')]",[]
['pramipexole'],0409010W0AAAFAF,"[('520', 'mcg')]",[]
['pramipexole'],0409010W0AAAGAG,"[('1050', 'mcg')]",[]
['pramipexole'],0409010W0AAAHAH,"[('2100', 'mcg')]",[]
['pramipexole'],0409010W0AAAIAI,"[('3150', 'mcg')]",[]
['pramipexole'],0409010W0AAAJAJ,"[('1570', 'mcg')]",[]
['pramipexole'],0409010W0AAAKAK,"[('2620', 'mcg')]",[]
['pramipexole'],0409010W0BBAAAA,"[('700', 'mcg')]",[]
['pramipexole'],0409010W0BBABAB,"[('180', 'mcg')]",[]
['pramipexole'],0409010W0BBACAC,"[('88', 'mcg')]",[]
['pramipexole'],0409010W0BBADAD,"[('350', 'mcg')]",[]
['pramipexole'],0409010W0BBAEAE,"[('260', 'mcg')]",[]
['pramipexole'],0409010W0BBAFAF,"[('520', 'mcg')]",[]
['pramipexole'],0409010W0BBAGAG,"[('1050', 'mcg')]",[]
['pramipexole'],0409010W0BBAHAH,"[('2100', 'mcg')]",[]
['pramipexole'],0409010W0BBAIAI,"[('3150', 'mcg')]",[]
['pramipexole'],0409010W0BBAJAJ,"[('1570', 'mcg')]",[]
['pramipexole'],0409010W0BBAKAK,"[('2620', 'mcg')]",[]
['pramipexole'],0409010W0BCAAAC,"[('88', 'mcg')]",[]
['pramipexole'],0409010W0BCABAB,"[('180', 'mcg')]",[]
['pramipexole'],0409010W0BCACAA,"[('700', 'mcg')]",[]
['pramipexole'],0409010W0BCADAD,"[('350', 'mcg')]",[]
['pramipexole'],0409010W0BDAAAC,"[('88', 'mcg')]",[]
['pramipexole'],0409010W0BDABAB,"[('180', 'mcg')]",[]
['pramipexole'],0409010W0BDACAD,"[('350', 'mcg')]",[]
['pramipexole'],0409010W0BDADAA,"[('700', 'mcg')]",[]
['pramipexole'],0409010W0BDAEAE,"[('260', 'mcg')]",[]
['pramipexole'],0409010W0BDAFAF,"[('520', 'mcg')]",[]
['pramipexole'],0409010W0BDAGAG,"[('1050', 'mcg')]",[]
['pramipexole'],0409010W0BDAHAJ,"[('1570', 'mcg')]",[]
['pramipexole'],0409010W0BDAIAH,"[('2100', 'mcg')]",[]
['pramipexole'],0409010W0BDAJAK,"[('2620', 'mcg')]",[]
['pramipexole'],0409010W0BDAKAI,"[('3150', 'mcg')]",[]
['pramipexole'],0409010W0BEAAAE,"[('260', 'mcg')]",[]
['pramipexole'],0409010W0BEABAF,"[('520', 'mcg')]",[]
['pramipexole'],0409010W0BEACAH,"[('2100', 'mcg')]",[]
['pramipexole'],0409010W0BEADAG,"[('1050', 'mcg')]",[]
['pramipexole'],0409010W0BEAEAJ,"[('1570', 'mcg')]",[]
['pramipexole'],0409010W0BEAFAK,"[('2620', 'mcg')]",[]
['pramipexole'],0409010W0BEAGAI,"[('3150', 'mcg')]",[]
"['carbidopa', 'entacapone', 'levodopa']",0409010X0AAAAAA,"[('50000', 'mcg'), ('12500', 'mcg'), ('200000', 'mcg')]",[]
"['carbidopa', 'entacapone', 'levodopa']",0409010X0AAABAB,"[('100000', 'mcg'), ('25000', 'mcg'), ('200000', 'mcg')]",[]
"['carbidopa', 'entacapone', 'levodopa']",0409010X0AAACAC,"[('150000', 'mcg'), ('37500', 'mcg'), ('200000', 'mcg')]",[]
"['carbidopa', 'entacapone', 'levodopa']",0409010X0AAADAD,"[('200000', 'mcg'), ('50000', 'mcg'), ('200000', 'mcg')]",[]
"['carbidopa', 'entacapone', 'levodopa']",0409010X0AAAEAE,"[('75000', 'mcg'), ('18750', 'mcg'), ('200000', 'mcg')]",[]
"['carbidopa', 'entacapone', 'levodopa']",0409010X0AAAFAF,"[('125000', 'mcg'), ('31250', 'mcg'), ('200000', 'mcg')]",[]
"['carbidopa', 'entacapone', 'levodopa']",0409010X0AAAGAG,"[('175000', 'mcg'), ('43750', 'mcg'), ('200000', 'mcg')]",[]
"['carbidopa', 'entacapone', 'levodopa']",0409010X0BBAAAA,"[('50000', 'mcg'), ('12500', 'mcg'), ('200000', 'mcg')]",[]
"['carbidopa', 'entacapone', 'levodopa']",0409010X0BBABAB,"[('100000', 'mcg'), ('25000', 'mcg'), ('200000', 'mcg')]",[]
"['carbidopa', 'entacapone', 'levodopa']",0409010X0BBACAC,"[('150000', 'mcg'), ('37500', 'mcg'), ('200000', 'mcg')]",[]
"['carbidopa', 'entacapone', 'levodopa']",0409010X0BBADAD,"[('200000', 'mcg'), ('50000', 'mcg'), ('200000', 'mcg')]",[]
"['carbidopa', 'entacapone', 'levodopa']",0409010X0BBAEAE,"[('75000', 'mcg'), ('18750', 'mcg'), ('200000', 'mcg')]",[]
"['carbidopa', 'entacapone', 'levodopa']",0409010X0BBAFAF,"[('125000', 'mcg'), ('31250', 'mcg'), ('200000', 'mcg')]",[]
"['carbidopa', 'entacapone', 'levodopa']",0409010X0BBAGAG,"[('175000', 'mcg'), ('43750', 'mcg'), ('200000', 'mcg')]",[]
"['carbidopa', 'entacapone', 'levodopa']",0409010X0BCAAAF,"[('125000', 'mcg'), ('31250', 'mcg'), ('200000', 'mcg')]",[]
"['carbidopa', 'entacapone', 'levodopa']",0409010X0BCABAA,"[('50000', 'mcg'), ('12500', 'mcg'), ('200000', 'mcg')]",[]
"['carbidopa', 'entacapone', 'levodopa']",0409010X0BCACAE,"[('75000', 'mcg'), ('18750', 'mcg'), ('200000', 'mcg')]",[]
"['carbidopa', 'entacapone', 'levodopa']",0409010X0BCADAB,"[('100000', 'mcg'), ('25000', 'mcg'), ('200000', 'mcg')]",[]
"['carbidopa', 'entacapone', 'levodopa']",0409010X0BCAEAC,"[('150000', 'mcg'), ('37500', 'mcg'), ('200000', 'mcg')]",[]
"['carbidopa', 'entacapone', 'levodopa']",0409010X0BCAFAG,"[('175000', 'mcg'), ('43750', 'mcg'), ('200000', 'mcg')]",[]
"['carbidopa', 'entacapone', 'levodopa']",0409010X0BCAGAD,"[('200000', 'mcg'), ('50000', 'mcg'), ('200000', 'mcg')]",[]
"['carbidopa', 'entacapone', 'levodopa']",0409010X0BDAAAE,"[('75000', 'mcg'), ('18750', 'mcg'), ('200000', 'mcg')]",[]
"['carbidopa', 'entacapone', 'levodopa']",0409010X0BDABAD,"[('200000', 'mcg'), ('50000', 'mcg'), ('200000', 'mcg')]",[]
"['carbidopa', 'entacapone', 'levodopa']",0409010X0BDACAG,"[('175000', 'mcg'), ('43750', 'mcg'), ('200000', 'mcg')]",[]
"['carbidopa', 'entacapone', 'levodopa']",0409010X0BDADAC,"[('150000', 'mcg'), ('37500', 'mcg'), ('200000', 'mcg')]",[]
"['carbidopa', 'entacapone', 'levodopa']",0409010X0BDAEAA,"[('50000', 'mcg'), ('12500', 'mcg'), ('200000', 'mcg')]",[]
"['carbidopa', 'entacapone', 'levodopa']",0409010X0BDAFAB,"[('100000', 'mcg'), ('25000', 'mcg'), ('200000', 'mcg')]",[]
"['carbidopa', 'entacapone', 'levodopa']",0409010X0BDAGAF,"[('125000', 'mcg'), ('31250', 'mcg'), ('200000', 'mcg')]",[]
['rasagiline'],0409010Y0AAAAAA,"[('1000', 'mcg')]",[]
['rasagiline'],0409010Y0AAABAB,"[('2000', 'mcg')]",[]
['rasagiline'],0409010Y0BBAAAA,"[('1000', 'mcg')]",[]
['rotigotine'],0409010Z0AAAAAA,"[('2000', 'mcg')]",[]
['rotigotine'],0409010Z0AAABAB,"[('4000', 'mcg')]",[]
['rotigotine'],0409010Z0AAACAC,"[('6000', 'mcg')]",[]
['rotigotine'],0409010Z0AAADAD,"[('8000', 'mcg')]",[]
['rotigotine'],0409010Z0AAAEAE,"[('2000', 'mcg'), ('4000', 'mcg'), ('6000', 'mcg'), ('8000', 'mcg')]",[]
['rotigotine'],0409010Z0AAAFAF,"[('1000', 'mcg')]",[]
['rotigotine'],0409010Z0AAAGAG,"[('3000', 'mcg')]",[]
['rotigotine'],0409010Z0BBAAAA,"[('2000', 'mcg')]",[]
['rotigotine'],0409010Z0BBABAB,"[('4000', 'mcg')]",[]
['rotigotine'],0409010Z0BBACAC,"[('6000', 'mcg')]",[]
['rotigotine'],0409010Z0BBADAD,"[('8000', 'mcg')]",[]
['rotigotine'],0409010Z0BBAEAE,"[('2000', 'mcg'), ('4000', 'mcg'), ('6000', 'mcg'), ('8000', 'mcg')]",[]
['rotigotine'],0409010Z0BBAFAF,"[('1000', 'mcg')]",[]
['rotigotine'],0409010Z0BBAGAG,"[('3000', 'mcg')]",[]
['trihexyphenidyl'],0409020C0AAAAAA,"[('5000', 'mcg')]",[]
['trihexyphenidyl'],0409020C0AAABAB,[],[]
['trihexyphenidyl'],0409020C0AAACAC,"[('5000', 'mcg')]",[]
['trihexyphenidyl'],0409020C0AAADAD,"[('2000', 'mcg')]",[]
['trihexyphenidyl'],0409020C0AAAEAE,"[('5000', 'mcg')]",[]
['trihexyphenidyl'],0409020C0AAAFAF,"[('2000', 'mcg')]",[]
['trihexyphenidyl'],0409020C0AAAGAG,"[('5000', 'mcg')]",[]
['trihexyphenidyl'],0409020C0AAAHAH,[],[]
['trihexyphenidyl'],0409020C0AAAIAI,"[('1000', 'mcg')]",[]
['trihexyphenidyl'],0409020C0AAAJAJ,"[('500', 'mcg')]",[]
['trihexyphenidyl'],0409020C0AAAKAK,"[('5000', 'mcg')]",[]
['trihexyphenidyl'],0409020C0AAALAL,"[('2000', 'mcg')]",[]
['trihexyphenidyl'],0409020C0AAAMAM,"[('2000', 'mcg')]",[]
['trihexyphenidyl'],0409020C0AAANAN,"[('2000', 'mcg')]",[]
['trihexyphenidyl'],0409020C0AAAPAP,"[('10000', 'mcg')]",[]
['trihexyphenidyl'],0409020C0AAAQAQ,"[('10000', 'mcg')]",[]
['trihexyphenidyl'],0409020C0BBAAAD,"[('2000', 'mcg')]",[]
['trihexyphenidyl'],0409020C0BBABAE,"[('5000', 'mcg')]",[]
['trihexyphenidyl'],0409020C0BCAAAC,"[('5000', 'mcg')]",[]
['trihexyphenidyl'],0409020C0BDAAAD,"[('2000', 'mcg')]",[]
['trihexyphenidyl'],0409020C0BDABAE,"[('5000', 'mcg')]",[]
['trihexyphenidyl'],0409020C0BDACAA,"[('5000', 'mcg')]",[]
['trihexyphenidyl'],0409020C0BDADAB,[],[]
['trihexyphenidyl'],0409020C0BEAAAD,"[('2000', 'mcg')]",[]
['trihexyphenidyl'],0409020C0BEABAE,"[('5000', 'mcg')]",[]
['benzatropine'],0409020E0AAAAAA,"[('1000', 'mcg')]","[('2', 'sztuk')]"
['benzatropine'],0409020E0AAABAB,"[('2000', 'mcg')]",[]
['benzatropine'],0409020E0AAACAC,"[('1000', 'mcg')]",[]
['benzatropine'],0409020E0AAADAD,"[('1000', 'mcg')]",[]
['benzatropine'],0409020E0BBAAAB,"[('2000', 'mcg')]",[]
['benzatropine'],0409020E0BBABAA,"[('1000', 'mcg')]","[('2', 'sztuk')]"
['benzatropine'],0409020E0BCAAAB,"[('2000', 'mcg')]",[]
['biperiden'],0409020G0AAAAAA,"[('2000', 'mcg')]",[]
['biperiden'],0409020G0AAABAB,"[('4000', 'mcg')]",[]
['biperiden'],0409020G0AAACAC,"[('2000', 'mcg')]",[]
['biperiden'],0409020G0BBAAAA,"[('2000', 'mcg')]",[]
['biperiden'],0409020G0BBABAB,"[('4000', 'mcg')]",[]
['biperiden'],0409020H0AAAAAA,"[('5000', 'mcg')]","[('1', 'sztuk')]"
['biperiden'],0409020H0BBABAA,"[('5000', 'mcg')]","[('1', 'sztuk')]"
['orphenadrine'],0409020N0AAAAAA,"[('20000', 'mcg')]","[('2', 'sztuk')]"
['orphenadrine'],0409020N0AAABAB,"[('25000', 'mcg')]",[]
['orphenadrine'],0409020N0AAACAC,"[('50000', 'mcg')]",[]
['orphenadrine'],0409020N0AAADAD,"[('100000', 'mcg')]",[]
['orphenadrine'],0409020N0AAAEAE,[],[]
['orphenadrine'],0409020N0AAAFAF,"[('50000', 'mcg')]",[]
['orphenadrine'],0409020N0AAAGAG,"[('25000', 'mcg')]",[]
['orphenadrine'],0409020N0AAAHAH,"[('25000', 'mcg')]",[]
['orphenadrine'],0409020N0AAAIAI,"[('50000', 'mcg')]",[]
['orphenadrine'],0409020N0AAAJAJ,[],[]
['orphenadrine'],0409020N0AAAKAK,"[('25000', 'mcg')]",[]
['orphenadrine'],0409020N0AAALAL,"[('50000', 'mcg')]",[]
['orphenadrine'],0409020N0AAAMAM,"[('50000', 'mcg')]",[]
['orphenadrine'],0409020N0BBAAAB,"[('25000', 'mcg')]",[]
['orphenadrine'],0409020N0BCAAAI,"[('50000', 'mcg')]",[]
['orphenadrine'],0409020N0BCABAA,"[('40000', 'mcg')]",[]
['orphenadrine'],0409020N0BCACAE,[],[]
['orphenadrine'],0409020N0BDAAAM,"[('50000', 'mcg')]",[]
['procyclidine'],0409020S0AAAAAA,"[('2500', 'mcg')]",[]
['procyclidine'],0409020S0AAABAB,"[('5000', 'mcg')]",[]
['procyclidine'],0409020S0AAACAC,"[('5000', 'mcg')]","[('2', 'sztuk')]"
['procyclidine'],0409020S0AAADAD,"[('2500', 'mcg')]",[]
['procyclidine'],0409020S0AAAEAE,"[('5000', 'mcg')]",[]
['procyclidine'],0409020S0AAAGAG,"[('2500', 'mcg')]",[]
['procyclidine'],0409020S0AAAHAH,"[('5000', 'mcg')]",[]
['procyclidine'],0409020S0AAAIAI,[],[]
['procyclidine'],0409020S0AAAJAJ,"[('5000', 'mcg')]",[]
['procyclidine'],0409020S0AAAKAK,"[('2500', 'mcg')]",[]
['procyclidine'],0409020S0BBAAAG,"[('2500', 'mcg')]",[]
['procyclidine'],0409020S0BBABAH,"[('5000', 'mcg')]",[]
['procyclidine'],0409020S0BCAAAE,"[('5000', 'mcg')]",[]
['procyclidine'],0409020S0BCABAC,"[('5000', 'mcg')]","[('2', 'sztuk')]"
['procyclidine'],0409020S0BDAAAE,"[('5000', 'mcg')]",[]
['botulinum'],0409030A0AAAAAA,[],"[('5', 'sztuk')]"
['botulinum'],0409030A0AAABAB,[],"[('1', 'sztuk')]"
['botulinum'],0409030A0AAACAC,[],"[('2', 'sztuk')]"
['botulinum'],0409030A0BBAAAA,[],"[('5', 'sztuk')]"
['botulinum'],0409030A0BBABAB,[],"[('1', 'sztuk')]"
['botulinum'],0409030A0BBACAC,[],"[('2', 'sztuk')]"
['botulinum'],0409030B0AAAAAA,[],[]
['botulinum'],0409030B0AAABAB,[],[]
['botulinum'],0409030B0AAACAC,"[('0', 'mcg')]",[]
['botulinum'],0409030B0AAADAD,[],[]
['botulinum'],0409030B0AAAEAE,[],[]
['botulinum'],0409030B0AAAFAF,[],[]
['botulinum'],0409030B0AAAGAG,[],[]
['botulinum'],0409030B0AAAHAH,[],[]
['botulinum'],0409030B0BBAAAA,[],[]
['botulinum'],0409030B0BBABAA,[],[]
['botulinum'],0409030B0BCAAAE,[],[]
['botulinum'],0409030B0BCABAD,[],[]
['botulinum'],0409030B0BCACAG,[],[]
['botulinum'],0409030B0BDAAAD,[],[]
['botulinum'],0409030B0BEAAAE,[],[]
['botulinum'],0409030B0BEABAD,[],[]
['botulinum'],0409030B0BEACAG,[],[]
['botulinum'],0409030B0BFAAAF,[],[]
['botulinum'],0409030B0BGAAAD,[],[]
['botulinum'],0409030B0BGABAE,[],[]
['tetrabenazine'],0409030C0AAAAAA,"[('25000', 'mcg')]",[]
['tetrabenazine'],0409030C0AAABAB,"[('50000', 'mcg')]",[]
['tetrabenazine'],0409030C0AAACAC,"[('25000', 'mcg')]",[]
['tetrabenazine'],0409030C0AAADAD,"[('50000', 'mcg')]",[]
['tetrabenazine'],0409030C0AAAEAE,[],[]
['tetrabenazine'],0409030C0AAAFAF,"[('25000', 'mcg')]",[]
['tetrabenazine'],0409030C0AAAGAG,"[('50000', 'mcg')]",[]
['tetrabenazine'],0409030C0AAAHAH,"[('75000', 'mcg')]",[]
['tetrabenazine'],0409030C0AAAIAI,"[('12500', 'mcg')]",[]
['tetrabenazine'],0409030C0AAAJAJ,"[('5000', 'mcg')]",[]
['tetrabenazine'],0409030C0AAAKAK,"[('62500', 'mcg')]",[]
['tetrabenazine'],0409030C0AAALAL,"[('31250', 'mcg')]",[]
['tetrabenazine'],0409030C0AAAMAM,"[('10000', 'mcg')]",[]
['tetrabenazine'],0409030C0AAANAN,"[('6250', 'mcg')]",[]
['tetrabenazine'],0409030C0AAAPAP,"[('2500', 'mcg')]",[]
['tetrabenazine'],0409030C0AAAQAQ,"[('12500', 'mcg')]",[]
['tetrabenazine'],0409030C0AAARAR,"[('25000', 'mcg')]",[]
['tetrabenazine'],0409030C0AAASAS,"[('12500', 'mcg')]",[]
['tetrabenazine'],0409030C0BBAAAA,"[('25000', 'mcg')]",[]
['tetrabenazine'],0409030C0BCAAAA,"[('25000', 'mcg')]",[]
['tetrabenazine'],0409030C0BDAAAA,"[('25000', 'mcg')]",[]
['tetrabenazine'],0409030C0BEAAAA,"[('25000', 'mcg')]",[]
['tetrabenazine'],0409030C0BFAAAA,"[('25000', 'mcg')]",[]
['piracetam'],0409030P0AAAAAA,"[('333300', 'mcg')]",[]
['piracetam'],0409030P0AAABAB,"[('800000', 'mcg')]",[]
['piracetam'],0409030P0AAACAC,"[('1200000', 'mcg')]",[]
['piracetam'],0409030P0AAADAD,"[('400000', 'mcg')]",[]
['piracetam'],0409030P0AAAEAE,"[('800000', 'mcg')]",[]
['piracetam'],0409030P0AAAFAF,"[('333000', 'mcg')]",[]
['piracetam'],0409030P0AAAGAG,"[('1200000', 'mcg')]",[]
['piracetam'],0409030P0BBAAAA,"[('333300', 'mcg'), ('33', '%')]",[]
['piracetam'],0409030P0BBABAB,"[('800000', 'mcg')]",[]
['piracetam'],0409030P0BBACAC,"[('1200000', 'mcg')]",[]
['piracetam'],0409030P0BCAAAD,"[('400000', 'mcg')]",[]
['piracetam'],0409030P0BDAAAE,"[('800000', 'mcg')]",[]
['piracetam'],0409030P0BDABAD,"[('400000', 'mcg')]",[]
['piracetam'],0409030P0BDACAF,"[('333000', 'mcg')]",[]
['piracetam'],0409030P0BDADAG,"[('1200000', 'mcg')]",[]
['riluzole'],0409030R0AAAAAA,"[('50000', 'mcg')]",[]
['riluzole'],0409030R0AAABAB,"[('50000', 'mcg')]",[]
['riluzole'],0409030R0AAACAC,"[('50000', 'mcg')]",[]
['riluzole'],0409030R0AAADAD,"[('25000', 'mcg')]",[]
['riluzole'],0409030R0BBAAAA,"[('50000', 'mcg')]",[]
['riluzole'],0409030R0BCAAAD,"[('5000', 'mcg')]",[]
['acamprosate'],0410010A0AAAAAA,"[('333000', 'mcg')]",[]
['acamprosate'],0410010A0AAABAB,"[('333000', 'mcg')]",[]
['acamprosate'],0410010A0BBAAAA,"[('333000', 'mcg')]",[]
['disulfiram'],0410010B0AAAAAA,"[('200000', 'mcg')]",[]
['disulfiram'],0410010B0AAABAB,[],[]
['disulfiram'],0410010B0AAACAC,"[('100000', 'mcg')]",[]
['disulfiram'],0410010B0AAADAD,"[('100000', 'mcg')]",[]
['disulfiram'],0410010B0AAAEAE,"[('500000', 'mcg')]",[]
['disulfiram'],0410010B0BBAAAA,"[('200000', 'mcg')]",[]
['disulfiram'],0410010B0BCAAAD,"[('100000', 'mcg')]",[]
['disulfiram'],0410010B0BCABAE,"[('500000', 'mcg')]",[]
['nalmefene'],0410010D0AAAAAA,"[('18000', 'mcg')]",[]
['nalmefene'],0410010D0BBAAAA,"[('18000', 'mcg')]",[]
['bupropion'],0410020A0AAAAAA,"[('150000', 'mcg')]",[]
['bupropion'],0410020A0BBAAAA,"[('150000', 'mcg')]",[]
['nicotine'],0410020B0AAAAAA,"[('2000', 'mcg')]",[]
['nicotine'],0410020B0AAABAB,"[('4000', 'mcg')]",[]
['nicotine'],0410020B0AAACAC,"[('500', 'mcg')]",[]
['nicotine'],0410020B0AAADAD,"[('1100', 'mcg')]",[]
['nicotine'],0410020B0AAAEAE,"[('17500', 'mcg')]",[]
['nicotine'],0410020B0AAAFAF,"[('35000', 'mcg')]",[]
['nicotine'],0410020B0AAAGAG,"[('52500', 'mcg')]",[]
['nicotine'],0410020B0AAAHAH,"[('7000', 'mcg')]",[]
['nicotine'],0410020B0AAAIAI,"[('14000', 'mcg')]",[]
['nicotine'],0410020B0AAAJAJ,"[('21000', 'mcg')]",[]
['nicotine'],0410020B0AAAKAK,"[('5000', 'mcg')]",[]
['nicotine'],0410020B0AAALAL,"[('10000', 'mcg')]",[]
['nicotine'],0410020B0AAAMAM,"[('15000', 'mcg')]",[]
['nicotine'],0410020B0AAANAN,"[('500', 'mcg')]","[('10', 'sztuk')]"
['nicotine'],0410020B0AAAPAP,"[('7000', 'mcg')]",[]
['nicotine'],0410020B0AAAQAQ,"[('14000', 'mcg')]",[]
['nicotine'],0410020B0AAARAR,"[('21000', 'mcg')]",[]
['nicotine'],0410020B0AAASAS,"[('5000', 'mcg')]",[]
['nicotine'],0410020B0AAATAT,"[('10000', 'mcg')]",[]
['nicotine'],0410020B0AAAUAU,"[('15000', 'mcg')]",[]
['nicotine'],0410020B0AAAVAV,"[('10000', 'mcg')]",[]
['nicotine'],0410020B0AAAWAW,"[('2000', 'mcg')]",[]
['nicotine'],0410020B0AAAXAX,"[('1000', 'mcg')]",[]
['nicotine'],0410020B0AAAYAY,"[('2000', 'mcg')]",[]
['nicotine'],0410020B0AAAZAZ,"[('4000', 'mcg')]",[]
['nicotine'],0410020B0AABABA,"[('2000', 'mcg')]",[]
['nicotine'],0410020B0AABBBB,"[('2000', 'mcg')]",[]
['nicotine'],0410020B0AABCBC,"[('2000', 'mcg')]",[]
['nicotine'],0410020B0AABDBD,"[('4000', 'mcg')]",[]
['nicotine'],0410020B0AABEBE,"[('4000', 'mcg')]",[]
['nicotine'],0410020B0AABFBF,"[('4000', 'mcg')]",[]
['nicotine'],0410020B0AABGBG,"[('2000', 'mcg')]",[]
['nicotine'],0410020B0AABHBH,"[('4000', 'mcg')]",[]
['nicotine'],0410020B0AABIBI,"[('2000', 'mcg')]",[]
['nicotine'],0410020B0AABJBJ,"[('4000', 'mcg')]",[]
['nicotine'],0410020B0AABKBK,"[('2000', 'mcg')]",[]
['nicotine'],0410020B0AABLBL,"[('4000', 'mcg')]",[]
['nicotine'],0410020B0AABMBM,"[('2000', 'mcg')]",[]
['nicotine'],0410020B0AABNBN,"[('4000', 'mcg')]",[]
['nicotine'],0410020B0AABPBP,"[('1500', 'mcg')]",[]
['nicotine'],0410020B0AABQBQ,"[('1500', 'mcg')]",[]
['nicotine'],0410020B0AABRBR,"[('25000', 'mcg')]",[]
['nicotine'],0410020B0AABSBS,"[('2000', 'mcg')]",[]
['nicotine'],0410020B0AABTBT,"[('4000', 'mcg')]",[]
['nicotine'],0410020B0AABUBU,"[('15000', 'mcg'), ('2000', 'mcg')]",[]
['nicotine'],0410020B0AABVBV,"[('1500', 'mcg')]",[]
['nicotine'],0410020B0AABWBW,"[('1000', 'mcg')]",[]
['nicotine'],0410020B0AABXBX,"[('4000', 'mcg')]",[]
['nicotine'],0410020B0AABYBY,"[('2000', 'mcg')]",[]
['nicotine'],0410020B0AABZBZ,"[('15000', 'mcg')]",[]
['nicotine'],0410020B0AACACA,"[('2500', 'mcg')]",[]
['nicotine'],0410020B0AACBCB,"[('1500', 'mcg')]",[]
['nicotine'],0410020B0AACCCC,"[('6000', 'mcg')]",[]
['nicotine'],0410020B0BBAAAA,"[('2000', 'mcg')]",[]
['nicotine'],0410020B0BBABAB,"[('4000', 'mcg')]",[]
['nicotine'],0410020B0BBACAS,"[('5000', 'mcg')]",[]
['nicotine'],0410020B0BBADAT,"[('10000', 'mcg')]",[]
['nicotine'],0410020B0BBAEAU,"[('15000', 'mcg')]",[]
['nicotine'],0410020B0BBAFAN,"[('500', 'mcg')]","[('10', 'sztuk')]"
['nicotine'],0410020B0BBAGAV,"[('10000', 'mcg')]",[]
['nicotine'],0410020B0BBAHAW,"[('2000', 'mcg')]",[]
['nicotine'],0410020B0BBAIBD,"[('4000', 'mcg')]",[]
['nicotine'],0410020B0BBAJBA,"[('2000', 'mcg')]",[]
['nicotine'],0410020B0BBAKBB,"[('2000', 'mcg')]",[]
['nicotine'],0410020B0BBALBE,"[('4000', 'mcg')]",[]
['nicotine'],0410020B0BBAMBA,"[('2000', 'mcg')]",[]
['nicotine'],0410020B0BBANBD,"[('4000', 'mcg')]",[]
['nicotine'],0410020B0BBAPBK,"[('2000', 'mcg')]",[]
['nicotine'],0410020B0BBAQBL,"[('4000', 'mcg')]",[]
['nicotine'],0410020B0BBARBM,"[('2000', 'mcg')]",[]
['nicotine'],0410020B0BBASBN,"[('4000', 'mcg')]",[]
['nicotine'],0410020B0BBATAT,"[('10000', 'mcg')]",[]
['nicotine'],0410020B0BBAUAU,"[('15000', 'mcg')]",[]
['nicotine'],0410020B0BBAVBR,"[('25000', 'mcg')]",[]
['nicotine'],0410020B0BBAWBS,"[('2000', 'mcg')]",[]
['nicotine'],0410020B0BBAXBT,"[('4000', 'mcg')]",[]
['nicotine'],0410020B0BBAYBU,"[('15000', 'mcg'), ('2000', 'mcg')]",[]
['nicotine'],0410020B0BBAZBW,[],[]
['nicotine'],0410020B0BBBABZ,"[('15000', 'mcg')]",[]
['nicotine'],0410020B0BBBBAY,"[('2000', 'mcg')]",[]
['nicotine'],0410020B0BBBCAZ,"[('4000', 'mcg')]",[]
['nicotine'],0410020B0BBBDCC,"[('6000', 'mcg')]",[]
['nicotine'],0410020B0BBBEBW,[],[]
['nicotine'],0410020B0BBBFAY,"[('2000', 'mcg')]",[]
['nicotine'],0410020B0BCAAAP,"[('7000', 'mcg')]",[]
['nicotine'],0410020B0BCABAQ,"[('14000', 'mcg')]",[]
['nicotine'],0410020B0BCACAR,"[('21000', 'mcg')]",[]
['nicotine'],0410020B0BCADAX,"[('1000', 'mcg')]",[]
['nicotine'],0410020B0BCAEBA,"[('2000', 'mcg')]",[]
['nicotine'],0410020B0BCAFBC,"[('2000', 'mcg')]",[]
['nicotine'],0410020B0BCAGBD,"[('4000', 'mcg')]",[]
['nicotine'],0410020B0BCAHBF,"[('4000', 'mcg')]",[]
['nicotine'],0410020B0BCAIBI,"[('2000', 'mcg')]",[]
['nicotine'],0410020B0BCAJBJ,"[('4000', 'mcg')]",[]
['nicotine'],0410020B0BCAKBG,"[('2000', 'mcg')]",[]
['nicotine'],0410020B0BCALAA,"[('2000', 'mcg')]",[]
['nicotine'],0410020B0BCAMAB,"[('4000', 'mcg')]",[]
['nicotine'],0410020B0BCANBX,"[('4000', 'mcg')]",[]
['nicotine'],0410020B0BCAPBY,"[('2000', 'mcg')]",[]
['nicotine'],0410020B0BCAQBA,"[('2000', 'mcg')]",[]
['nicotine'],0410020B0BCARBD,"[('4000', 'mcg')]",[]
['nicotine'],0410020B0BDAAAR,"[('21000', 'mcg')]",[]
['nicotine'],0410020B0BDABAQ,"[('14000', 'mcg')]",[]
['nicotine'],0410020B0BDACAP,"[('7000', 'mcg')]",[]
['nicotine'],0410020B0BDADAR,"[('21000', 'mcg')]",[]
['nicotine'],0410020B0BDAEAQ,"[('14000', 'mcg')]",[]
['nicotine'],0410020B0BDAFAP,"[('7000', 'mcg')]",[]
['nicotine'],0410020B0BDAGAY,"[('2000', 'mcg')]",[]
['nicotine'],0410020B0BDAHAZ,"[('4000', 'mcg')]",[]
['nicotine'],0410020B0BDAIBA,"[('2000', 'mcg')]",[]
['nicotine'],0410020B0BDAJBD,"[('4000', 'mcg')]",[]
['nicotine'],0410020B0BDAKBG,"[('2000', 'mcg')]",[]
['nicotine'],0410020B0BDALBH,"[('4000', 'mcg')]",[]
['nicotine'],0410020B0BDAMBH,"[('4000', 'mcg')]",[]
['nicotine'],0410020B0BDANBH,"[('4000', 'mcg')]",[]
['nicotine'],0410020B0BDAPBP,"[('1500', 'mcg')]",[]
['nicotine'],0410020B0BDAQBV,"[('1500', 'mcg')]",[]
['nicotine'],0410020B0BDARAR,"[('21000', 'mcg')]",[]
['nicotine'],0410020B0BDASCA,"[('2500', 'mcg')]",[]
['nicotine'],0410020B0BDATCB,"[('1500', 'mcg')]",[]
['nicotine'],0410020B0BDAUBA,"[('2000', 'mcg')]",[]
['nicotine'],0410020B0BDAVBD,"[('4000', 'mcg')]",[]
['nicotine'],0410020B0BEAAAC,[],[]
['nicotine'],0410020B0BFAAAD,[],[]
['nicotine'],0410020B0BGAAAP,"[('7000', 'mcg')]",[]
['nicotine'],0410020B0BGABAQ,"[('14000', 'mcg')]",[]
['nicotine'],0410020B0BGACAR,"[('21000', 'mcg')]",[]
['nicotine'],0410020B0BHAAAT,"[('10000', 'mcg')]",[]
['nicotine'],0410020B0BHABAV,"[('10000', 'mcg')]",[]
['nicotine'],0410020B0BHACAR,"[('21000', 'mcg')]",[]
['nicotine'],0410020B0BHADAQ,"[('14000', 'mcg')]",[]
['nicotine'],0410020B0BHAEAP,"[('7000', 'mcg')]",[]
['nicotine'],0410020B0BHAFBD,"[('4000', 'mcg')]",[]
['nicotine'],0410020B0BHAGBA,"[('2000', 'mcg')]",[]
['nicotine'],0410020B0BHAHAW,"[('2000', 'mcg')]",[]
['nicotine'],0410020B0BHAIBA,"[('2000', 'mcg')]",[]
['nicotine'],0410020B0BHAJBD,"[('4000', 'mcg')]",[]
['nicotine'],0410020B0BHAKAS,"[('5000', 'mcg')]",[]
['nicotine'],0410020B0BHALAT,"[('10000', 'mcg')]",[]
['nicotine'],0410020B0BHAMAU,"[('15000', 'mcg')]",[]
['nicotine'],0410020B0BHANAV,"[('10000', 'mcg')]",[]
['nicotine'],0410020B0BHAQBA,"[('2000', 'mcg')]",[]
['nicotine'],0410020B0BHARBD,"[('4000', 'mcg')]",[]
['nicotine'],0410020B0BHASAN,"[('10000', 'mcg')]","[('10', 'sztuk')]"
['nicotine'],0410020B0BHATAT,"[('10000', 'mcg')]",[]
['nicotine'],0410020B0BHAUBZ,"[('15000', 'mcg')]",[]
['nicotine'],0410020B0BHAVAU,"[('15000', 'mcg')]",[]
['nicotine'],0410020B0BHAWBR,"[('25000', 'mcg')]",[]
['nicotine'],0410020B0BHAXAQ,[],[]
['nicotine'],0410020B0BHAYAR,[],[]
['nicotine'],0410020B0BHAZAP,"[('7000', 'mcg')]",[]
['nicotine'],0410020B0BHBAAW,"[('2000', 'mcg')]",[]
['nicotine'],0410020B0BHBBBA,"[('2000', 'mcg')]",[]
['nicotine'],0410020B0BHBCBD,"[('4000', 'mcg')]",[]
['nicotine'],0410020B0BIAAAP,"[('7000', 'mcg')]",[]
['nicotine'],0410020B0BIABAQ,"[('14000', 'mcg')]",[]
['nicotine'],0410020B0BIACAR,"[('21000', 'mcg')]",[]
['nicotine'],0410020B0BJAABP,"[('1500', 'mcg')]",[]
['nicotine'],0410020B0BJABBQ,"[('1500', 'mcg')]",[]
['nicotine'],0410020B0BKAAA0,[],[]
['nicotine'],0410020B0BKBBA0,[],[]
['varenicline'],0410020C0AAAAAA,"[('500', 'mcg')]",[]
['varenicline'],0410020C0AAABAB,"[('1000', 'mcg')]",[]
['varenicline'],0410020C0AAACAC,"[('500', 'mcg'), ('1000', 'mcg')]",[]
['varenicline'],0410020C0AAADAD,"[('500', 'mcg'), ('1000', 'mcg')]",[]
['varenicline'],0410020C0BBAAAA,"[('500', 'mcg')]",[]
['varenicline'],0410020C0BBABAB,"[('1000', 'mcg')]",[]
['varenicline'],0410020C0BBACAC,"[('500', 'mcg'), ('1000', 'mcg')]",[]
['varenicline'],0410020C0BBADAD,"[('500', 'mcg'), ('1000', 'mcg')]",[]
['nicotine'],0410020D0AAAAAA,"[('2000', 'mcg')]",[]
['nicotine'],0410020D0AAABAB,"[('1000', 'mcg')]",[]
['nicotine'],0410020D0AAACAC,"[('2000', 'mcg')]",[]
['nicotine'],0410020D0BBAAAA,"[('2000', 'mcg')]",[]
['nicotine'],0410020D0BBABAB,"[('1000', 'mcg')]",[]
['nicotine'],0410020D0BCAAAC,"[('2000', 'mcg')]",[]
['nicotine'],0410020D0BDAAAB,"[('1000', 'mcg')]",[]
['nicotine'],0410020D0BDABAB,"[('1000', 'mcg')]",[]
['nicotine'],0410020D0BDACAA,"[('2000', 'mcg')]",[]
['buprenorphine'],0410030A0AAAAAA,"[('2000', 'mcg')]",[]
['buprenorphine'],0410030A0AAABAB,"[('8000', 'mcg')]",[]
['buprenorphine'],0410030A0AAACAC,"[('400', 'mcg')]",[]
['buprenorphine'],0410030A0AAADAD,"[('2000', 'mcg')]",[]
['buprenorphine'],0410030A0AAAEAE,"[('8000', 'mcg')]",[]
['buprenorphine'],0410030A0AAAFAF,"[('400', 'mcg')]",[]
['buprenorphine'],0410030A0AAAGAG,"[('2000', 'mcg')]",[]
['buprenorphine'],0410030A0AAAHAH,"[('8000', 'mcg')]",[]
['buprenorphine'],0410030A0AAAIAI,"[('1000', 'mcg')]",[]
['buprenorphine'],0410030A0AAAJAJ,"[('6000', 'mcg')]",[]
['buprenorphine'],0410030A0AAAKAK,"[('4000', 'mcg')]",[]
['buprenorphine'],0410030A0AAALAL,"[('2000', 'mcg')]",[]
['buprenorphine'],0410030A0AAAMAM,"[('8000', 'mcg')]",[]
['buprenorphine'],0410030A0BBAAAC,"[('400', 'mcg')]",[]
['buprenorphine'],0410030A0BBABAD,"[('2000', 'mcg')]",[]
['buprenorphine'],0410030A0BBACAE,"[('8000', 'mcg')]",[]
['buprenorphine'],0410030A0BCAAAC,"[('400', 'mcg')]",[]
['buprenorphine'],0410030A0BCABAD,"[('2000', 'mcg')]",[]
['buprenorphine'],0410030A0BCACAE,"[('8000', 'mcg')]",[]
['buprenorphine'],0410030A0BDAAAD,"[('2000', 'mcg')]",[]
['buprenorphine'],0410030A0BDABAE,"[('8000', 'mcg')]",[]
['buprenorphine'],0410030A0BDACAC,"[('400', 'mcg')]",[]
['buprenorphine'],0410030A0BEAAAD,"[('2000', 'mcg')]",[]
['buprenorphine'],0410030A0BEABAE,"[('8000', 'mcg')]",[]
['buprenorphine'],0410030A0BEACAI,"[('1000', 'mcg')]",[]
['buprenorphine'],0410030A0BEADAJ,"[('6000', 'mcg')]",[]
['buprenorphine'],0410030A0BEAEAK,"[('4000', 'mcg')]",[]
['buprenorphine'],0410030A0BEAFAC,"[('400', 'mcg')]",[]
['buprenorphine'],0410030A0BFAAAL,"[('2000', 'mcg')]",[]
['buprenorphine'],0410030A0BFABAM,"[('8000', 'mcg')]",[]
['naloxone'],0410030B0AAAAAA,"[('8000', 'mcg')]",[]
['naloxone'],0410030B0AAABAB,"[('2000', 'mcg'), ('500', 'mcg')]",[]
['naloxone'],0410030B0AAACAC,"[('16000', 'mcg'), ('4000', 'mcg')]",[]
['naloxone'],0410030B0BBAAAA,"[('8000', 'mcg'), ('2000', 'mcg')]",[]
['naloxone'],0410030B0BBABAB,"[('2000', 'mcg'), ('500', 'mcg')]",[]
['naloxone'],0410030B0BBACAC,"[('16000', 'mcg'), ('4000', 'mcg')]",[]
['methadone'],0410030C0AAAAAA,"[('1000', 'mcg')]",[]
['methadone'],0410030C0AAABAB,"[('15000', 'mcg')]",[]
['methadone'],0410030C0AAACAC,"[('10000', 'mcg')]",[]
['methadone'],0410030C0AAADAD,"[('1000', 'mcg')]",[]
['methadone'],0410030C0AAAEAE,"[('1000', 'mcg')]",[]
['methadone'],0410030C0AAAFAF,"[('1000', 'mcg')]",[]
['methadone'],0410030C0AAAGAG,"[('25000', 'mcg')]",[]
['methadone'],0410030C0AAAHAH,"[('25000', 'mcg')]",[]
['methadone'],0410030C0AAAIAI,"[('25000', 'mcg')]",[]
['methadone'],0410030C0AAAJAJ,"[('1000', 'mcg')]",[]
['methadone'],0410030C0AAAKAK,"[('1000', 'mcg')]",[]
['methadone'],0410030C0AAALAL,[],[]
['methadone'],0410030C0AAAMAM,"[('50000', 'mcg')]",[]
['methadone'],0410030C0AAANAN,"[('1000', 'mcg')]",[]
['methadone'],0410030C0AAAPAP,"[('20000', 'mcg')]",[]
['methadone'],0410030C0AAAQAQ,"[('10000', 'mcg')]",[]
['methadone'],0410030C0AAARAR,"[('25000', 'mcg')]",[]
['methadone'],0410030C0AAASAS,"[('2330', 'mcg')]",[]
['methadone'],0410030C0AAATAT,"[('1670', 'mcg')]",[]
['methadone'],0410030C0AAAUAU,"[('1000', 'mcg')]",[]
['methadone'],0410030C0AAAVAV,"[('4500', 'mcg')]",[]
['methadone'],0410030C0AAAWAW,"[('4330', 'mcg')]",[]
['methadone'],0410030C0AAAXAX,"[('3670', 'mcg')]",[]
['methadone'],0410030C0AAAYAY,"[('3000', 'mcg')]",[]
['methadone'],0410030C0AAAZAZ,"[('4000', 'mcg')]",[]
['methadone'],0410030C0AABABA,"[('10000', 'mcg')]",[]
['methadone'],0410030C0AABBBB,"[('20000', 'mcg')]",[]
['methadone'],0410030C0AABCBC,"[('3500', 'mcg')]",[]
['methadone'],0410030C0AABDBD,"[('1000', 'mcg')]",[]
['methadone'],0410030C0AABEBE,"[('100000', 'mcg')]",[]
['methadone'],0410030C0AABFBF,"[('12500', 'mcg')]",[]
['methadone'],0410030C0AABGBG,"[('15000', 'mcg')]",[]
['methadone'],0410030C0AABHBH,"[('40000', 'mcg')]",[]
['methadone'],0410030C0AABIBI,"[('10000', 'mcg')]",[]
['methadone'],0410030C0AABJBJ,"[('20000', 'mcg')]",[]
['methadone'],0410030C0AABKBK,"[('4710', 'mcg')]",[]
['methadone'],0410030C0AABLBL,"[('4430', 'mcg')]",[]
['methadone'],0410030C0AABMBM,"[('25000', 'mcg')]",[]
['methadone'],0410030C0BBAABA,"[('10000', 'mcg')]",[]
['methadone'],0410030C0BBABBB,"[('20000', 'mcg')]",[]
['methadone'],0410030C0BDAAAA,"[('1000', 'mcg')]",[]
['methadone'],0410030C0BEAAAF,"[('1000', 'mcg')]",[]
['methadone'],0410030C0BFAAAA,"[('1000', 'mcg')]",[]
['methadone'],0410030C0BFABAF,"[('1000', 'mcg')]",[]
['methadone'],0410030C0BGAAAF,"[('1000', 'mcg')]",[]
['methadone'],0410030C0BHAABM,"[('5000', 'mcg')]",[]
['methadone'],0410030C0BHABAA,"[('1000', 'mcg')]",[]
['naltrexone'],0410030E0AAAAAA,"[('50000', 'mcg')]",[]
['naltrexone'],0410030E0AAABAB,[],[]
['naltrexone'],0410030E0AAACAC,"[('12500', 'mcg')]",[]
['naltrexone'],0410030E0AAADAD,"[('2000', 'mcg')]",[]
['naltrexone'],0410030E0AAAEAE,"[('2500', 'mcg')]",[]
['naltrexone'],0410030E0AAAFAF,"[('1000000', 'mcg')]",[]
['naltrexone'],0410030E0AAAGAG,"[('25000', 'mcg')]",[]
['naltrexone'],0410030E0AAAHAH,"[('3000', 'mcg')]",[]
['naltrexone'],0410030E0AAAIAI,"[('3000', 'mcg')]",[]
['naltrexone'],0410030E0AAAJAJ,"[('1000', 'mcg')]",[]
['naltrexone'],0410030E0AAAKAK,"[('4500', 'mcg')]",[]
['naltrexone'],0410030E0AAALAL,"[('4000', 'mcg')]",[]
['naltrexone'],0410030E0AAAMAM,"[('2000', 'mcg')]",[]
['naltrexone'],0410030E0AAANAN,"[('1500', 'mcg')]",[]
['naltrexone'],0410030E0AAAPAP,"[('3500', 'mcg')]",[]
['naltrexone'],0410030E0AAAQAQ,"[('1000', 'mcg')]",[]
['naltrexone'],0410030E0AAARAR,"[('5000', 'mcg')]",[]
['naltrexone'],0410030E0AAASAS,"[('5000', 'mcg')]",[]
['naltrexone'],0410030E0AAATAT,"[('5000', 'mcg')]",[]
['naltrexone'],0410030E0AAAUAU,"[('1500', 'mcg')]",[]
['naltrexone'],0410030E0AAAVAV,"[('5000', 'mcg')]",[]
['naltrexone'],0410030E0AAAWAW,"[('25000', 'mcg')]",[]
['naltrexone'],0410030E0BBAAAA,"[('50000', 'mcg')]",[]
['naltrexone'],0410030E0BCAAAA,"[('50000', 'mcg')]",[]
['naltrexone'],0410030E0BDAAAA,"[('50000', 'mcg')]",[]
['naltrexone'],0410030E0BEAAAA,"[('50000', 'mcg')]",[]
['donepezil'],0411000D0AAAAAA,"[('5000', 'mcg')]",[]
['donepezil'],0411000D0AAABAB,"[('10000', 'mcg')]",[]
['donepezil'],0411000D0AAACAC,"[('10000', 'mcg')]",[]
['donepezil'],0411000D0AAADAD,"[('5000', 'mcg')]",[]
['donepezil'],0411000D0AAAEAE,"[('10000', 'mcg')]",[]
['donepezil'],0411000D0AAAFAF,"[('10000', 'mcg')]",[]
['donepezil'],0411000D0AAAGAG,"[('7500', 'mcg')]",[]
['donepezil'],0411000D0AAAHAH,"[('5000', 'mcg')]",[]
['donepezil'],0411000D0AAAIAI,"[('10000', 'mcg')]",[]
['donepezil'],0411000D0AAAJAJ,"[('1000', 'mcg')]",[]
['donepezil'],0411000D0BBAAAA,"[('5000', 'mcg')]",[]
['donepezil'],0411000D0BBABAB,"[('10000', 'mcg')]",[]
['donepezil'],0411000D0BBACAD,"[('5000', 'mcg')]",[]
['donepezil'],0411000D0BBADAE,"[('10000', 'mcg')]",[]
['rivastigmine'],0411000E0AAAAAA,"[('1500', 'mcg')]",[]
['rivastigmine'],0411000E0AAABAB,"[('3000', 'mcg')]",[]
['rivastigmine'],0411000E0AAACAC,"[('4500', 'mcg')]",[]
['rivastigmine'],0411000E0AAADAD,"[('6000', 'mcg')]",[]
['rivastigmine'],0411000E0AAAEAE,"[('2000', 'mcg')]",[]
['rivastigmine'],0411000E0AAAFAF,"[('4600', 'mcg')]",[]
['rivastigmine'],0411000E0AAAGAG,"[('9500', 'mcg')]",[]
['rivastigmine'],0411000E0AAAHAH,"[('2000', 'mcg')]",[]
['rivastigmine'],0411000E0AAAIAI,"[('13300', 'mcg')]",[]
['rivastigmine'],0411000E0BBAAAA,"[('1500', 'mcg')]",[]
['rivastigmine'],0411000E0BBABAB,"[('3000', 'mcg')]",[]
['rivastigmine'],0411000E0BBACAC,"[('4500', 'mcg')]",[]
['rivastigmine'],0411000E0BBADAD,"[('6000', 'mcg')]",[]
['rivastigmine'],0411000E0BBAEAE,"[('2000', 'mcg')]",[]
['rivastigmine'],0411000E0BBAFAF,"[('4600', 'mcg')]",[]
['rivastigmine'],0411000E0BBAGAG,"[('9500', 'mcg')]",[]
['rivastigmine'],0411000E0BBAHAI,"[('13300', 'mcg')]",[]
['rivastigmine'],0411000E0BCAAAA,"[('1500', 'mcg')]",[]
['rivastigmine'],0411000E0BCABAB,"[('3000', 'mcg')]",[]
['rivastigmine'],0411000E0BCACAC,"[('4500', 'mcg')]",[]
['rivastigmine'],0411000E0BCADAD,"[('6000', 'mcg')]",[]
['rivastigmine'],0411000E0BDAAAA,"[('1500', 'mcg')]",[]
['rivastigmine'],0411000E0BDABAB,"[('3000', 'mcg')]",[]
['rivastigmine'],0411000E0BDACAC,"[('4500', 'mcg')]",[]
['rivastigmine'],0411000E0BDADAD,"[('6000', 'mcg')]",[]
['rivastigmine'],0411000E0BEAAAF,"[('4600', 'mcg')]",[]
['rivastigmine'],0411000E0BEABAG,"[('9500', 'mcg')]",[]
['rivastigmine'],0411000E0BEACAI,"[('13300', 'mcg')]",[]
['rivastigmine'],0411000E0BFAAAF,"[('4600', 'mcg')]",[]
['rivastigmine'],0411000E0BFABAG,"[('9500', 'mcg')]",[]
['rivastigmine'],0411000E0BFACAI,"[('13300', 'mcg')]",[]
['rivastigmine'],0411000E0BGAAAF,"[('4600', 'mcg')]",[]
['rivastigmine'],0411000E0BGABAG,"[('9500', 'mcg')]",[]
['rivastigmine'],0411000E0BHAAAG,"[('9500', 'mcg')]",[]
['rivastigmine'],0411000E0BHABAF,"[('4600', 'mcg')]",[]
['rivastigmine'],0411000E0BIAAAF,"[('4600', 'mcg')]",[]
['rivastigmine'],0411000E0BIABAG,"[('9500', 'mcg')]",[]
['rivastigmine'],0411000E0BJAAAF,"[('4600', 'mcg')]",[]
['rivastigmine'],0411000E0BJABAG,"[('9500', 'mcg')]",[]
['rivastigmine'],0411000E0BKAAAF,"[('4600', 'mcg')]",[]
['rivastigmine'],0411000E0BKABAG,"[('9500', 'mcg')]",[]
['galantamine'],0411000F0AAAAAA,"[('4000', 'mcg')]",[]
['galantamine'],0411000F0AAABAB,"[('8000', 'mcg')]",[]
['galantamine'],0411000F0AAACAC,"[('12000', 'mcg')]",[]
['galantamine'],0411000F0AAADAD,"[('20000', 'mcg')]",[]
['galantamine'],0411000F0AAAEAE,"[('8000', 'mcg')]",[]
['galantamine'],0411000F0AAAFAF,"[('16000', 'mcg')]",[]
['galantamine'],0411000F0AAAGAG,"[('24000', 'mcg')]",[]
['galantamine'],0411000F0BBAAAA,"[('4000', 'mcg')]",[]
['galantamine'],0411000F0BBABAB,"[('8000', 'mcg')]",[]
['galantamine'],0411000F0BBACAC,"[('12000', 'mcg')]",[]
['galantamine'],0411000F0BBADAD,"[('20000', 'mcg')]",[]
['galantamine'],0411000F0BBAEAD,"[('20000', 'mcg')]",[]
['galantamine'],0411000F0BBAFAE,"[('8000', 'mcg')]",[]
['galantamine'],0411000F0BBAGAF,"[('16000', 'mcg')]",[]
['galantamine'],0411000F0BBAHAG,"[('24000', 'mcg')]",[]
['galantamine'],0411000F0BCAAAE,"[('8000', 'mcg')]",[]
['galantamine'],0411000F0BCABAF,"[('16000', 'mcg')]",[]
['galantamine'],0411000F0BCACAG,"[('24000', 'mcg')]",[]
['galantamine'],0411000F0BDAAAF,"[('16000', 'mcg')]",[]
['galantamine'],0411000F0BDABAG,"[('24000', 'mcg')]",[]
['galantamine'],0411000F0BDACAE,"[('8000', 'mcg')]",[]
['galantamine'],0411000F0BEAAAE,"[('8000', 'mcg')]",[]
['galantamine'],0411000F0BEABAF,"[('16000', 'mcg')]",[]
['galantamine'],0411000F0BEACAG,"[('24000', 'mcg')]",[]
['galantamine'],0411000F0BFAAAE,"[('8000', 'mcg')]",[]
['galantamine'],0411000F0BFABAF,"[('16000', 'mcg')]",[]
['galantamine'],0411000F0BFACAG,"[('24000', 'mcg')]",[]
['galantamine'],0411000F0BGAAAE,"[('8000', 'mcg')]",[]
['galantamine'],0411000F0BGABAF,"[('16000', 'mcg')]",[]
['galantamine'],0411000F0BGACAG,"[('24000', 'mcg')]",[]
['galantamine'],0411000F0BHAAAG,"[('24000', 'mcg')]",[]
['galantamine'],0411000F0BHABAF,"[('16000', 'mcg')]",[]
['galantamine'],0411000F0BHACAE,"[('8000', 'mcg')]",[]
['galantamine'],0411000F0BIAAAE,"[('8000', 'mcg')]",[]
['galantamine'],0411000F0BIABAF,"[('16000', 'mcg')]",[]
['galantamine'],0411000F0BIACAG,"[('24000', 'mcg')]",[]
['galantamine'],0411000F0BIADAD,"[('4000', 'mcg')]",[]
['galantamine'],0411000F0BJAAAE,"[('8000', 'mcg')]",[]
['galantamine'],0411000F0BJABAF,"[('16000', 'mcg')]",[]
['galantamine'],0411000F0BJACAG,"[('24000', 'mcg')]",[]
['galantamine'],0411000F0BKAAAE,"[('8000', 'mcg')]",[]
['galantamine'],0411000F0BKABAF,"[('16000', 'mcg')]",[]
['galantamine'],0411000F0BKACAG,"[('24000', 'mcg')]",[]
['galantamine'],0411000F0BLAAAE,"[('8000', 'mcg')]",[]
['galantamine'],0411000F0BLABAF,"[('16000', 'mcg')]",[]
['galantamine'],0411000F0BLACAG,"[('24000', 'mcg')]",[]
['galantamine'],0411000F0BMAAAE,"[('8000', 'mcg')]",[]
['galantamine'],0411000F0BMABAF,"[('16000', 'mcg')]",[]
['galantamine'],0411000F0BMACAG,"[('24000', 'mcg')]",[]
['memantine'],0411000G0AAAAAA,"[('10000', 'mcg')]",[]
['memantine'],0411000G0AAABAB,"[('10000', 'mcg')]",[]
['memantine'],0411000G0AAADAD,"[('20000', 'mcg')]",[]
['memantine'],0411000G0AAAEAE,"[('5000', 'mcg'), ('10000', 'mcg'), ('15000', 'mcg'), ('20000', 'mcg')]",[]
['memantine'],0411000G0AAAFAF,"[('10000', 'mcg')]",[]
['memantine'],0411000G0AAAGAG,"[('20000', 'mcg')]",[]
['memantine'],0411000G0AAAHAH,"[('10000', 'mcg')]",[]
['memantine'],0411000G0AAAIAI,"[('20000', 'mcg')]",[]
['memantine'],0411000G0AAAJAJ,[],[]
['memantine'],0411000G0BBAAAA,"[('10000', 'mcg')]",[]
['memantine'],0411000G0BBABAB,"[('5000', 'mcg')]",[]
['memantine'],0411000G0BBACAD,"[('20000', 'mcg')]",[]
['memantine'],0411000G0BBADAE,[],[]
['memantine'],0411000G0BCAAAA,"[('10000', 'mcg')]",[]
['memantine'],0411000G0BDAAAA,"[('10000', 'mcg')]",[]
['memantine'],0411000G0BDABAD,"[('20000', 'mcg')]",[]
['memantine'],0411000G0BEAAAA,"[('10000', 'mcg')]",[]
['memantine'],0411000G0BEABAD,"[('20000', 'mcg')]",[]
['memantine'],0411000G0BEACAE,[],[]
['memantine'],0411000G0BFAAAF,"[('10000', 'mcg')]",[]
['memantine'],0411000G0BFABAG,"[('20000', 'mcg')]",[]
['memantine'],0411000G0BFACAJ,"[('5000', 'mcg'), ('10000', 'mcg'), ('15000', 'mcg'), ('20000', 'mcg')]",[]
['memantine'],0411000G0BGAAAH,"[('10000', 'mcg')]",[]
['memantine'],0411000G0BGABAI,"[('20000', 'mcg')]",[]
['memantine'],0411000G0BGACA0,[],[]
['amantadine'],0503040C0AAAAAA,"[('100000', 'mcg')]",[]
['amantadine'],0503040C0AAABAB,"[('100000', 'mcg')]",[]
['amantadine'],0503040C0BBAAAA,"[('100000', 'mcg')]",[]
['sildenafil'],0604012V0AAAAAA,"[('25000', 'mcg')]",[]
['cabergoline'],0607010C0AAAAAA,"[('500', 'mcg')]",[]
['cabergoline'],0607010C0BBAAAA,"[('500', 'mcg')]",[]
['ibuprofen'],0701011F0AAAAAA,"[('5000', 'mcg')]","[('2', 'sztuk')]"
['ibuprofen'],0701011F0BBAAAA,"[('5000', 'mcg')]","[('2', 'sztuk')]"
['indoramin'],0704010M0AAAAAA,"[('20000', 'mcg')]",[]
['indoramin'],0704010M0BBAAAA,"[('20000', 'mcg')]",[]
['terazosin'],0704010T0AAAAAA,"[('1000', 'mcg'), ('2000', 'mcg')]",[]
['terazosin'],0704010T0AAABAB,"[('2000', 'mcg')]",[]
['terazosin'],0704010T0AAACAC,"[('5000', 'mcg')]",[]
['terazosin'],0704010T0AAADAD,"[('10000', 'mcg')]",[]
['terazosin'],0704010T0AAAEAE,"[('1000', 'mcg'), ('2000', 'mcg'), ('5000', 'mcg')]",[]
['terazosin'],0704010T0BBAAAA,"[('1000', 'mcg'), ('2000', 'mcg')]",[]
['terazosin'],0704010T0BBABAB,"[('2000', 'mcg')]",[]
['terazosin'],0704010T0BBACAC,"[('5000', 'mcg')]",[]
['terazosin'],0704010T0BBADAD,"[('10000', 'mcg')]",[]
['terazosin'],0704010T0BBAEAE,"[('1000', 'mcg'), ('2000', 'mcg'), ('5000', 'mcg')]",[]
['duloxetine'],0704020AAAAAAAA,"[('20000', 'mcg')]",[]
['duloxetine'],0704020AAAAABAB,"[('40000', 'mcg')]",[]
['duloxetine'],0704020AAAAACAC,"[('30000', 'mcg')]",[]
['duloxetine'],0704020AAAAADAD,"[('60000', 'mcg')]",[]
['duloxetine'],0704020AAAAAEAE,"[('60000', 'mcg')]",[]
['duloxetine'],0704020AAAAAFAF,"[('30000', 'mcg')]",[]
['duloxetine'],0704020AABBAAAA,"[('20000', 'mcg')]",[]
['duloxetine'],0704020AABBABAB,"[('40000', 'mcg')]",[]
['duloxetine'],0704020AABCAAAC,"[('30000', 'mcg')]",[]
['duloxetine'],0704020AABCABAD,"[('60000', 'mcg')]",[]
['apomorphine'],0704050G0AAAAAA,"[('2000', 'mcg')]",[]
['apomorphine'],0704050G0AAABAB,"[('3000', 'mcg')]",[]
['apomorphine'],0704050G0BBAAAA,"[('2000', 'mcg')]",[]
['apomorphine'],0704050G0BBABAB,"[('3000', 'mcg')]",[]
['tadalafil'],0704050R0AAAAAA,"[('10000', 'mcg')]",[]
['tadalafil'],0704050R0AAABAB,"[('20000', 'mcg')]",[]
['tadalafil'],0704050R0AAACAC,"[('2500', 'mcg')]",[]
['tadalafil'],0704050R0AAADAD,"[('5000', 'mcg')]",[]
['tadalafil'],0704050R0BBAAAA,"[('10000', 'mcg')]",[]
['tadalafil'],0704050R0BBABAB,"[('20000', 'mcg')]",[]
['tadalafil'],0704050R0BBACAC,"[('2500', 'mcg')]",[]
['tadalafil'],0704050R0BBADAD,"[('5000', 'mcg')]",[]
['tadalafil'],0704050R0BDAAAB,"[('20000', 'mcg')]",[]
['moxisylyte'],0704050T0AAAAAA,"[('10000', 'mcg')]",[]
['moxisylyte'],0704050T0AAABAB,"[('20000', 'mcg')]",[]
['moxisylyte'],0704050T0BBAAAA,"[('10000', 'mcg')]",[]
['moxisylyte'],0704050T0BBABAB,"[('20000', 'mcg')]",[]
['sildenafil'],0704050Z0AAAAAA,"[('50000', 'mcg')]",[]
['sildenafil'],0704050Z0AAABAB,"[('25000', 'mcg')]",[]
['sildenafil'],0704050Z0AAACAC,"[('100000', 'mcg')]",[]
['sildenafil'],0704050Z0AAAEAE,"[('5000', 'mcg')]",[]
['sildenafil'],0704050Z0AAAFAF,"[('25000', 'mcg')]",[]
['sildenafil'],0704050Z0AAAGAG,"[('10000', 'mcg')]",[]
['sildenafil'],0704050Z0AAAHAH,"[('50000', 'mcg')]",[]
['sildenafil'],0704050Z0AAAIAI,"[('12500', 'mcg')]",[]
['sildenafil'],0704050Z0AAAJAJ,"[('2500', 'mcg')]",[]
['sildenafil'],0704050Z0AAAKAK,"[('10000', 'mcg')]",[]
['sildenafil'],0704050Z0AAALAL,"[('25000', 'mcg')]",[]
['sildenafil'],0704050Z0AAAMAM,"[('25000', 'mcg')]",[]
['sildenafil'],0704050Z0AAANAN,"[('50000', 'mcg')]",[]
['sildenafil'],0704050Z0AAAPAP,"[('100000', 'mcg')]",[]
['sildenafil'],0704050Z0AAAQAQ,"[('20000', 'mcg')]",[]
['sildenafil'],0704050Z0BBAAAA,"[('50000', 'mcg')]",[]
['sildenafil'],0704050Z0BBABAB,"[('25000', 'mcg')]",[]
['sildenafil'],0704050Z0BBACAC,"[('100000', 'mcg')]",[]
['sildenafil'],0704050Z0BDAAAM,"[('25000', 'mcg')]",[]
['sildenafil'],0704050Z0BDABAN,"[('50000', 'mcg')]",[]
['sildenafil'],0704050Z0BDACAP,"[('100000', 'mcg')]",[]
['sildenafil'],0704050Z0BEAAAB,"[('25000', 'mcg')]",[]
['sildenafil'],0704050Z0BEABAA,"[('50000', 'mcg')]",[]
['sildenafil'],0704050Z0BEADAC,"[('100000', 'mcg')]",[]
['sildenafil'],0704050Z0BFAAAA,"[('50000', 'mcg')]",[]
['lidocaine'],0704060B0AAAAAA,"[('7500', 'mcg'), ('2500', 'mcg')]","[('5', 'sztuk')]"
['lidocaine'],0704060B0BBAAAA,"[('150000', 'mcg'), ('50000', 'mcg')]","[('5', 'sztuk')]"
['lidocaine'],0905030G0BNAABT,"[('2200', 'mcg')]",[]
['lidocaine'],0905030G0BNABBU,"[('1100', 'mcg')]",[]
['lidocaine'],0905030G0BNACBC,[],[]
['pyridoxine'],090602400BBAAA0,"[('25000', 'mcg')]",[]
['pyridoxine'],090602400BBABA0,"[('25000', 'mcg')]",[]
['pyridoxine'],090602400BBACA0,"[('50000', 'mcg')]",[]
['pyridoxine'],090602400BBADA0,"[('50000', 'mcg')]",[]
['pyridoxine'],090602400BBAEA0,"[('50000', 'mcg')]",[]
['pyridoxine'],090602400BBAFA0,"[('200000', 'mcg')]",[]
['pyridoxine'],090602400BBAGA0,[],[]
['pyridoxine'],090602400BBAIA0,"[('100000', 'mcg')]",[]
['pyridoxine'],090602400BBAJA0,"[('100000', 'mcg')]",[]
['pyridoxine'],090602400BBAKA0,"[('250000', 'mcg')]",[]
['pyridoxine'],090602400BBALA0,"[('250000', 'mcg')]",[]
['pyridoxine'],090602400BBAMA0,"[('100000', 'mcg')]","[('30', 'sztuk')]"
['pyridoxine'],090602400BBANA0,"[('50000', 'mcg')]",[]
['pyridoxine'],090602400BBAPA0,"[('20000', 'mcg')]",[]
['pyridoxine'],090602400BBAQA0,[],"[('6', 'sztuk')]"
['pyridoxine'],090602400BBARA0,"[('100000', 'mcg')]",[]
['pyridoxine'],090602400BBASA0,"[('100000', 'mcg')]",[]
['pyridoxine'],090602400BBATA0,"[('250000', 'mcg')]",[]
['pyridoxine'],090602400BBAUA0,[],[]
['pyridoxine'],090602400BBAVA0,"[('25000', 'mcg')]",[]
['pyridoxine'],090602400BBAWA0,"[('100000', 'mcg')]",[]
['pyridoxine'],090602400BBAXA0,"[('100000', 'mcg')]",[]
['pyridoxine'],090602400BBAYA0,"[('50000', 'mcg')]",[]
['pyridoxine'],090602400BBAZA0,"[('100000', 'mcg')]",[]
['pyridoxine'],090602400BBBAA0,"[('100000', 'mcg')]",[]
['pyridoxine'],090602400BBBBA0,"[('100000', 'mcg')]",[]
['pyridoxine'],090602400BBBCA0,"[('100000', 'mcg')]",[]
['pyridoxine'],090602400BBBDA0,"[('25000', 'mcg')]",[]
['pyridoxine'],090602400BBBEA0,"[('100000', 'mcg')]",[]
['pyridoxine'],090602400BBBFA0,"[('100000', 'mcg')]",[]
['pyridoxine'],090602400BBBGA0,"[('100000', 'mcg')]",[]
['pyridoxine'],090602400BBBHA0,"[('25000', 'mcg')]",[]
['pyridoxine'],090602400BBBIA0,"[('100000', 'mcg')]",[]
['pyridoxine'],090602400BBBJA0,"[('100000', 'mcg')]",[]
['pyridoxine'],090602400BBBKA0,"[('20000', 'mcg')]",[]
['pyridoxine'],090602400BBBMA0,"[('500000', 'mcg')]",[]
['pyridoxine'],090602400BBBNA0,"[('200000', 'mcg')]",[]
['pyridoxine'],090602400BBBPA0,"[('250000', 'mcg')]",[]
['pyridoxine'],090602400BBBQA0,[],[]
['pyridoxine'],090602400BBBRA0,"[('250000', 'mcg')]",[]
['pyridoxine'],090602400BBBSA0,"[('100000', 'mcg')]",[]
['pyridoxine'],090602400BBBTA0,"[('100000', 'mcg')]",[]
['pyridoxine'],090602400BBBUA0,"[('100000', 'mcg')]",[]
['pyridoxine'],090602400BBBVA0,[],[]
['pyridoxine'],090602400BBBWA0,"[('100000', 'mcg')]",[]
['pyridoxine'],090602400BBBXA0,"[('50000', 'mcg')]",[]
['pyridoxine'],090602400BBBYA0,"[('100000', 'mcg')]",[]
['pyridoxine'],090602400BBBZA0,[],[]
['pyridoxine'],090602400BBCAA0,"[('100000', 'mcg')]",[]
['pyridoxine'],090602400BBCBA0,"[('100000', 'mcg')]",[]
['pyridoxine'],090602400BBCCA0,"[('100000', 'mcg')]","[('30', 'sztuk')]"
['pyridoxine'],090602400BBCEA0,"[('25000', 'mcg')]",[]
['pyridoxine'],090602400BBCGA0,"[('100000', 'mcg')]",[]
['pyridoxine'],090602400BBCHA0,[],[]
['pyridoxine'],090602400BBCIA0,"[('250000', 'mcg')]",[]
['pyridoxine'],090602400BBCJA0,[],[]
['pyridoxine'],090602400BBCKA0,"[('200000', 'mcg')]",[]
['pyridoxine'],090602400BBCLA0,"[('10000', 'mcg')]",[]
['pyridoxine'],090602400BBCMA0,"[('50000', 'mcg')]",[]
['pyridoxine'],090602400BBCPA0,"[('100000', 'mcg')]",[]
['pyridoxine'],090602400BBCQA0,[],[]
['pyridoxine'],090602400BBCRA0,"[('50000', 'mcg')]",[]
['pyridoxine'],090602400BBCSA0,"[('50000', 'mcg')]",[]
['pyridoxine'],090602400BBCUA0,"[('10000', 'mcg')]",[]
['pyridoxine'],090602400BBCVA0,"[('100000', 'mcg')]",[]
['pyridoxine'],090602400BBCWA0,"[('20000', 'mcg')]",[]
['pyridoxine'],090602400BBCXA0,[],[]
['pyridoxine'],090602400BBCZA0,"[('250000', 'mcg')]","[('6', 'sztuk')]"
['pyridoxine'],090602400BBDAA0,"[('100000', 'mcg')]",[]
['pyridoxine'],090602400BBDBA0,"[('50000', 'mcg')]","[('6', 'sztuk')]"
['pyridoxine'],090602400BBDCA0,"[('10000', 'mcg')]",[]
['pyridoxine'],090602400BBDDA0,"[('50000', 'mcg')]",[]
['pyridoxine'],090602400BBDEA0,"[('25000', 'mcg')]",[]
['pyridoxine'],090602400BBDFA0,"[('50000', 'mcg')]",[]
['pyridoxine'],090602400BBDGA0,[],[]
['pyridoxine'],090602400BBDHA0,"[('100000', 'mcg')]",[]
['pyridoxine'],090602400BBDIA0,"[('10000', 'mcg')]",[]
['pyridoxine'],0906024N0AAA1A1,"[('100000', 'mcg')]",[]
['pyridoxine'],0906024N0AAA2A2,"[('10000', 'mcg')]",[]
['pyridoxine'],0906024N0AAA3A3,"[('10000', 'mcg')]",[]
['pyridoxine'],0906024N0AAA4A4,"[('5000', 'mcg')]",[]
['pyridoxine'],0906024N0AAA5A5,"[('5000', 'mcg')]",[]
['pyridoxine'],0906024N0AAA6A6,"[('50000', 'mcg')]",[]
['pyridoxine'],0906024N0AAA7A7,"[('25000', 'mcg')]",[]
['pyridoxine'],0906024N0AAA8A8,"[('10000', 'mcg')]",[]
['pyridoxine'],0906024N0AAA9A9,"[('250000', 'mcg')]",[]
['pyridoxine'],0906024N0AAAAAA,"[('30000', 'mcg')]",[]
['pyridoxine'],0906024N0AAAFAF,"[('2500', 'mcg')]",[]
['pyridoxine'],0906024N0AAAGAG,"[('10000', 'mcg')]",[]
['pyridoxine'],0906024N0AAAHAH,"[('25000', 'mcg')]",[]
['pyridoxine'],0906024N0AAAIAI,"[('50000', 'mcg')]",[]
['pyridoxine'],0906024N0AAAJAJ,"[('100000', 'mcg')]",[]
['pyridoxine'],0906024N0AAALAL,"[('250000', 'mcg')]",[]
['pyridoxine'],0906024N0AAANAN,"[('20000', 'mcg')]",[]
['pyridoxine'],0906024N0AAAQAQ,"[('20000', 'mcg')]",[]
['pyridoxine'],0906024N0AAASAS,"[('25000', 'mcg')]","[('1', 'sztuk')]"
['pyridoxine'],0906024N0AAATAT,"[('50000', 'mcg')]",[]
['pyridoxine'],0906024N0AAAUAU,"[('20000', 'mcg')]",[]
['pyridoxine'],0906024N0AAAVAV,"[('50000', 'mcg')]","[('2', 'sztuk')]"
['pyridoxine'],0906024N0AAAWAW,"[('10000', 'mcg')]",[]
['pyridoxine'],0906024N0AAAXAX,"[('5000', 'mcg')]",[]
['pyridoxine'],0906024N0AAAYAY,"[('100000', 'mcg')]",[]
['pyridoxine'],0906024N0AAAZAZ,"[('100000', 'mcg')]",[]
['pyridoxine'],0906024N0AABABA,"[('25000', 'mcg')]",[]
['pyridoxine'],0906024N0AABBBB,"[('300000', 'mcg')]",[]
['pyridoxine'],0906024N0AABCBC,"[('500000', 'mcg')]",[]
['pyridoxine'],0906024N0AABDBD,"[('375000', 'mcg')]",[]
['pyridoxine'],0906024N0AABEBE,"[('100000', 'mcg')]",[]
['pyridoxine'],0906024N0AABFBF,"[('50000', 'mcg')]",[]
['pyridoxine'],0906024N0AABGBG,[],[]
['pyridoxine'],0906024N0AABHBH,"[('50000', 'mcg')]","[('1', 'sztuk')]"
['pyridoxine'],0906024N0AABIBI,"[('10000', 'mcg')]","[('1', 'sztuk')]"
['pyridoxine'],0906024N0AABJBJ,"[('10000', 'mcg')]",[]
['pyridoxine'],0906024N0AABKBK,"[('50000', 'mcg')]","[('2', 'sztuk')]"
['pyridoxine'],0906024N0AABLBL,"[('100000', 'mcg')]",[]
['pyridoxine'],0906024N0AABMBM,"[('25000', 'mcg')]",[]
['pyridoxine'],0906024N0AABNBN,"[('50000', 'mcg')]",[]
['pyridoxine'],0906024N0AABPBP,"[('5000', 'mcg')]",[]
['pyridoxine'],0906024N0AABQBQ,"[('125000', 'mcg')]",[]
['pyridoxine'],0906024N0AABRBR,"[('50000', 'mcg')]",[]
['pyridoxine'],0906024N0AABSBS,"[('10000', 'mcg')]",[]
['pyridoxine'],0906024N0AABTBT,"[('7500', 'mcg')]",[]
['pyridoxine'],0906024N0AABUBU,"[('500000', 'mcg')]",[]
['pyridoxine'],0906024N0AABVBV,"[('40000', 'mcg')]",[]
['pyridoxine'],0906024N0AABWBW,"[('250000', 'mcg')]",[]
['pyridoxine'],0906024N0AABXBX,"[('100000', 'mcg')]","[('5', 'sztuk')]"
['pyridoxine'],0906024N0AABYBY,"[('100000', 'mcg')]","[('1', 'sztuk')]"
['pyridoxine'],0906024N0AABZBZ,"[('20000', 'mcg')]",[]
['pyridoxine'],0906024N0AACACA,"[('5000', 'mcg')]","[('10', 'sztuk')]"
['pyridoxine'],0906024N0AACBCB,"[('200000', 'mcg')]",[]
['pyridoxine'],0906024N0AACCCC,"[('15000', 'mcg')]",[]
['pyridoxine'],0906024N0AACDCD,"[('75000', 'mcg')]",[]
['pyridoxine'],0906024N0AACECE,"[('150000', 'mcg')]",[]
['pyridoxine'],0906024N0AACFCF,"[('5000', 'mcg')]",[]
['pyridoxine'],0906024N0AACGCG,"[('100000', 'mcg')]","[('10', 'sztuk')]"
['pyridoxine'],0906024N0AACHCH,"[('80000', 'mcg')]",[]
['pyridoxine'],0906024N0AACICI,"[('40000', 'mcg')]",[]
['pyridoxine'],0906024N0AACJCJ,"[('300000', 'mcg')]",[]
['pyridoxine'],0906024N0AACKCK,"[('2500', 'mcg')]",[]
['pyridoxine'],0906024N0AACLCL,"[('400000', 'mcg')]",[]
['pyridoxine'],0906024N0AACMCM,"[('100', 'mcg')]",[]
['pyridoxine'],0906024N0AACNCN,"[('90000', 'mcg')]",[]
['pyridoxine'],0906024N0AACPCP,"[('212500', 'mcg')]",[]
['pyridoxine'],0906024N0AACQCQ,"[('425000', 'mcg')]",[]
['pyridoxine'],0906024N0AACRCR,"[('120000', 'mcg')]",[]
['pyridoxine'],0906024N0AACSCS,"[('300', 'mcg')]",[]
['pyridoxine'],0906024N0AACTCT,"[('30000', 'mcg')]",[]
['pyridoxine'],0906024N0AACUCU,"[('100000', 'mcg')]","[('30', 'sztuk')]"
['pyridoxine'],0906024N0AACVCV,"[('50000', 'mcg')]",[]
['pyridoxine'],0906024N0AACXCX,"[('100000', 'mcg')]",[]
['pyridoxine'],0906024N0AACYCY,"[('100000', 'mcg')]",[]
['pyridoxine'],0906024N0BBAAAI,"[('50000', 'mcg')]",[]
['pyridoxine'],0906024N0BCAAAV,"[('50000', 'mcg')]","[('2', 'sztuk')]"
['pyridoxine'],0906024N0BCABAI,"[('50000', 'mcg')]",[]
['pyridoxine'],0906024N0BCACAN,"[('20000', 'mcg')]",[]
['pyridoxine'],0906024N0BDAAAZ,"[('100000', 'mcg')]",[]
['pyridoxine'],0906024N0BEAAAI,"[('50000', 'mcg')]",[]
['pyridoxine'],0906024N0BFAAAI,"[('50000', 'mcg')]",[]
['pyridoxine'],0906024N0BFABAG,"[('10000', 'mcg')]",[]
['pyridoxine'],0906024N0BGAAAI,"[('50000', 'mcg')]",[]
['pyridoxine'],0906024N0BGABAG,"[('10000', 'mcg')]",[]
['pyridoxine'],0906024N0BGACAJ,"[('100000', 'mcg')]",[]
['pyridoxine'],0906024N0BHAAAG,"[('10000', 'mcg')]",[]
['pyridoxine'],0906024N0BHABAN,"[('20000', 'mcg')]",[]
['pyridoxine'],0906024N0BHACAI,"[('50000', 'mcg')]",[]
['pyridoxine'],0906024N0BIAABY,"[('100000', 'mcg')]","[('1', 'sztuk')]"
['pyridoxine'],0906024N0BJAAA0,"[('50000', 'mcg')]",[]
['pyridoxine'],0906024N0BKAAA0,"[('50000', 'mcg')]",[]
['pyridoxine'],0906024N0BLAAA0,"[('50000', 'mcg')]",[]
['pyridoxine'],0906024N0BMAAAZ,"[('100000', 'mcg')]",[]
['pyridoxine'],0906024N0BNAAAG,"[('10000', 'mcg')]",[]
['pyridoxine'],0906024N0BPAAAG,"[('10000', 'mcg')]",[]
['pyridoxine'],0906024N0BPABAJ,"[('100000', 'mcg')]",[]
['pyridoxine'],0906024N0BQAAAG,"[('10000', 'mcg')]",[]
['pyridoxine'],0906024N0BRAAAG,"[('10000', 'mcg')]",[]
['pyridoxine'],0906024N0BRABAN,"[('20000', 'mcg')]",[]
['pyridoxine'],0906024N0BSAAAG,"[('10000', 'mcg')]",[]
['pyridoxine'],0906024N0BSABAI,"[('50000', 'mcg')]",[]
['pyridoxine'],0906024N0BTAABJ,"[('10000', 'mcg')]",[]
['pyridoxine'],0906024N0BUAACI,"[('40000', 'mcg')]",[]
['pyridoxine'],0906024N0BUABBJ,"[('10000', 'mcg')]",[]
['pyridoxine'],0906024N0BVAAAG,"[('10000', 'mcg')]",[]
['pyridoxine'],0906024N0BWAAAJ,"[('100000', 'mcg')]",[]
['pyridoxine'],0906024N0BXAAAI,"[('50000', 'mcg')]",[]
['pyridoxine'],0906024N0BYAAAG,"[('10000', 'mcg')]",[]
['pyridoxine'],0906024N0BYABAN,"[('20000', 'mcg')]",[]
['pyridoxine'],0906024N0BZAAAG,"[('10000', 'mcg')]",[]
['pyridoxine'],0906024N0CBAAAG,"[('10000', 'mcg')]",[]
['pyridoxine'],0906024N0CCAAA0,"[('10000', 'mcg')]",[]
['pyridoxine'],0906024N0CDAAAG,"[('10000', 'mcg')]",[]
['pyridoxine'],0906024N0CEAAAG,"[('10000', 'mcg')]",[]
['pyridoxine'],0906024N0CFAAAG,"[('10000', 'mcg')]",[]
['pyridoxine'],0906024N0CGAAAG,"[('10000', 'mcg')]",[]
['pyridoxine'],0906024N0CHAAAG,[],[]
['pyridoxine'],0906024N0CIAAAN,[],[]
['pyridoxine'],0906024N0CJAABE,"[('100000', 'mcg')]",[]
['pyridoxine'],0906024N0CKAABE,"[('100000', 'mcg')]",[]
['pyridoxine'],0906024N0CLAAAG,"[('10000', 'mcg')]",[]
['pyridoxine'],0906024N0CLABAN,"[('20000', 'mcg')]",[]
['pyridoxine'],0906024N0CLACCX,"[('100000', 'mcg')]",[]
['pyridoxine'],0906024N0CMAAAG,"[('10000', 'mcg')]",[]
['pyridoxine'],0906024N0CMABAN,"[('20000', 'mcg')]",[]
['pyridoxine'],0906024N0CMACAI,"[('50000', 'mcg')]",[]
['ibuprofen'],1001010ADAAAAAA,"[('342000', 'mcg')]",[]
['ibuprofen'],1001010ADAAABAB,"[('200000', 'mcg')]",[]
['ibuprofen'],1001010ADAAACAC,"[('400000', 'mcg')]",[]
['ibuprofen'],1001010ADAAADAD,"[('400000', 'mcg')]",[]
['ibuprofen'],1001010ADBBAAAA,"[('342000', 'mcg')]",[]
['ibuprofen'],1001010ADBCAAAA,"[('342000', 'mcg')]",[]
['ibuprofen'],1001010ADBCABAC,"[('684000', 'mcg')]",[]
['ibuprofen'],1001010ADBCACAB,"[('342000', 'mcg')]",[]
['ibuprofen'],1001010ADBDAAAB,"[('342000', 'mcg')]",[]
['ibuprofen'],1001010ADBEAAAB,"[('342000', 'mcg')]",[]
['ibuprofen'],1001010ADBEABAC,"[('684000', 'mcg')]",[]
['ibuprofen'],1001010ADBEACAD,"[('400000', 'mcg')]",[]
['ibuprofen'],1001010ADBFAAAB,"[('342000', 'mcg')]",[]
['ibuprofen'],1001010ADBGAAAB,"[('342000', 'mcg')]",[]
['ibuprofen'],1001010APAAAAAA,"[('200000', 'mcg')]",[]
['ibuprofen'],1001010APAAABAB,"[('400000', 'mcg')]",[]
['ibuprofen'],1001010APBBAAAA,"[('256000', 'mcg')]",[]
['ibuprofen'],1001010APBBABAB,"[('512000', 'mcg')]",[]
['ibuprofen'],1001010APBBACAA,"[('256000', 'mcg')]",[]
['ibuprofen'],1001010APBCAAAA,"[('256000', 'mcg')]",[]
['ibuprofen'],1001010APBCABAB,"[('512000', 'mcg')]",[]
['ibuprofen'],1001010APBCACAA,"[('256000', 'mcg')]",[]
['ibuprofen'],1001010J0AAAAAA,"[('200000', 'mcg')]",[]
['ibuprofen'],1001010J0AAABAB,"[('300000', 'mcg')]",[]
['ibuprofen'],1001010J0AAACAC,"[('100000', 'mcg')]",[]
['ibuprofen'],1001010J0AAADAD,"[('200000', 'mcg')]",[]
['ibuprofen'],1001010J0AAAEAE,"[('400000', 'mcg')]",[]
['ibuprofen'],1001010J0AAAFAF,"[('600000', 'mcg')]",[]
['ibuprofen'],1001010J0AAAGAG,"[('800000', 'mcg')]",[]
['ibuprofen'],1001010J0AAAHAH,"[('200000', 'mcg')]",[]
['ibuprofen'],1001010J0AAAJAJ,"[('50000', 'mcg')]",[]
['ibuprofen'],1001010J0AAALAL,"[('100000', 'mcg')]",[]
['ibuprofen'],1001010J0AAAMAM,"[('200000', 'mcg')]",[]
['ibuprofen'],1001010J0AAANAN,"[('600000', 'mcg')]",[]
['ibuprofen'],1001010J0AAAPAP,"[('800000', 'mcg')]",[]
['ibuprofen'],1001010J0AAAQAQ,"[('100000', 'mcg')]",[]
['ibuprofen'],1001010J0AAARAR,[],[]
['ibuprofen'],1001010J0AAASAS,"[('200000', 'mcg')]",[]
['ibuprofen'],1001010J0AAAUAU,"[('400000', 'mcg')]",[]
['ibuprofen'],1001010J0AAAVAV,"[('50000', 'mcg')]",[]
['ibuprofen'],1001010J0AAAWAW,"[('200000', 'mcg'), ('12500', 'mcg')]",[]
['ibuprofen'],1001010J0AAAXAX,"[('400000', 'mcg')]",[]
['ibuprofen'],1001010J0AAAYAY,"[('200000', 'mcg'), ('12800', 'mcg')]",[]
['ibuprofen'],1001010J0AAAZAZ,"[('100000', 'mcg')]",[]
['ibuprofen'],1001010J0AABABA,"[('200000', 'mcg')]",[]
['ibuprofen'],1001010J0AABCBC,"[('100000', 'mcg')]",[]
['ibuprofen'],1001010J0AABDBD,"[('200000', 'mcg')]",[]
['ibuprofen'],1001010J0AABEBE,"[('200000', 'mcg')]",[]
['ibuprofen'],1001010J0AABFBF,"[('100000', 'mcg')]",[]
['ibuprofen'],1001010J0AABGBG,"[('100000', 'mcg')]",[]
['ibuprofen'],1001010J0AABHBH,"[('100000', 'mcg')]",[]
['ibuprofen'],1001010J0AABIBI,"[('200000', 'mcg')]",[]
['ibuprofen'],1001010J0AABJBJ,"[('200000', 'mcg'), ('30000', 'mcg')]",[]
['ibuprofen'],1001010J0AABKBK,"[('300000', 'mcg'), ('45000', 'mcg')]",[]
['ibuprofen'],1001010J0AABLBL,"[('300000', 'mcg')]",[]
['ibuprofen'],1001010J0AABMBM,"[('100000', 'mcg')]",[]
['ibuprofen'],1001010J0AABNBN,"[('200000', 'mcg')]",[]
['ibuprofen'],1001010J0AABPBP,"[('200000', 'mcg')]",[]
['ibuprofen'],1001010J0AABQBQ,"[('100000', 'mcg')]",[]
['ibuprofen'],1001010J0AABRBR,"[('200000', 'mcg')]",[]
['ibuprofen'],1001010J0AABSBS,"[('200000', 'mcg'), ('6100', 'mcg')]",[]
['ibuprofen'],1001010J0B1ADAD,"[('200000', 'mcg')]",[]
['ibuprofen'],1001010J0B1AEAE,"[('400000', 'mcg')]",[]
['ibuprofen'],1001010J0B1AFAF,"[('600000', 'mcg')]",[]
['ibuprofen'],1001010J0B2AAAD,"[('200000', 'mcg')]",[]
['ibuprofen'],1001010J0B3ABBH,"[('100000', 'mcg')]",[]
['ibuprofen'],1001010J0B4AAAM,"[('200000', 'mcg')]",[]
['ibuprofen'],1001010J0B4ABAD,"[('200000', 'mcg')]",[]
['ibuprofen'],1001010J0B4ADAE,"[('400000', 'mcg')]",[]
['ibuprofen'],1001010J0B4AEAD,"[('200000', 'mcg')]",[]
['ibuprofen'],1001010J0B4AFAX,"[('400000', 'mcg')]",[]
['ibuprofen'],1001010J0B4AGAB,"[('300000', 'mcg')]",[]
['ibuprofen'],1001010J0B4AHBN,"[('200000', 'mcg')]",[]
['ibuprofen'],1001010J0B4AIAA,"[('200000', 'mcg')]",[]
['ibuprofen'],1001010J0B4AJBH,"[('100000', 'mcg')]",[]
['ibuprofen'],1001010J0B4AKAY,[],[]
['ibuprofen'],1001010J0B4ALBM,[],[]
['ibuprofen'],1001010J0B4AMBN,"[('200000', 'mcg')]",[]
['ibuprofen'],1001010J0B4ANAB,"[('300000', 'mcg')]",[]
['ibuprofen'],1001010J0B4APBJ,[],[]
['ibuprofen'],1001010J0B4AQBH,"[('100000', 'mcg')]",[]
['ibuprofen'],1001010J0B4ARBM,[],[]
['ibuprofen'],1001010J0B4ASBJ,[],[]
['ibuprofen'],1001010J0B4ATAU,"[('400000', 'mcg')]",[]
['ibuprofen'],1001010J0B4AUAA,"[('200000', 'mcg')]",[]
['ibuprofen'],1001010J0B4AVAU,"[('400000', 'mcg')]",[]
['ibuprofen'],1001010J0B4AWAA,"[('200000', 'mcg')]",[]
['ibuprofen'],1001010J0B4AXBH,[],[]
['ibuprofen'],1001010J0B4AYBH,[],[]
['ibuprofen'],1001010J0B4AZAA,"[('200000', 'mcg')]",[]
['ibuprofen'],1001010J0B4BABJ,"[('200000', 'mcg'), ('30000', 'mcg')]",[]
['ibuprofen'],1001010J0B4BBBQ,"[('100000', 'mcg')]",[]
['ibuprofen'],1001010J0B5AAAE,"[('400000', 'mcg')]",[]
['ibuprofen'],1001010J0B5ABAD,"[('200000', 'mcg')]",[]
['ibuprofen'],1001010J0B6AAAE,"[('400000', 'mcg')]",[]
['ibuprofen'],1001010J0B7AAAD,"[('200000', 'mcg')]",[]
['ibuprofen'],1001010J0B7ABAE,"[('400000', 'mcg')]",[]
['ibuprofen'],1001010J0B8AAAR,[],[]
['ibuprofen'],1001010J0B9AAAD,"[('200000', 'mcg')]",[]
['ibuprofen'],1001010J0BBAAAD,"[('200000', 'mcg')]",[]
['ibuprofen'],1001010J0BBABAE,"[('400000', 'mcg')]",[]
['ibuprofen'],1001010J0BBACAF,"[('600000', 'mcg')]",[]
['ibuprofen'],1001010J0BCAAAD,"[('200000', 'mcg')]",[]
['ibuprofen'],1001010J0BCABAE,"[('400000', 'mcg')]",[]
['ibuprofen'],1001010J0BCACAF,"[('600000', 'mcg')]",[]
['ibuprofen'],1001010J0BCADAC,"[('100000', 'mcg')]",[]
['ibuprofen'],1001010J0BCAEAN,"[('600000', 'mcg')]",[]
['ibuprofen'],1001010J0BCAFAP,"[('800000', 'mcg')]",[]
['ibuprofen'],1001010J0BDABAE,"[('400000', 'mcg')]",[]
['ibuprofen'],1001010J0BDACAD,"[('200000', 'mcg')]",[]
['ibuprofen'],1001010J0BEAAAB,"[('300000', 'mcg')]",[]
['ibuprofen'],1001010J0BFAAAD,"[('200000', 'mcg')]",[]
['ibuprofen'],1001010J0BFABAE,"[('400000', 'mcg')]",[]
['ibuprofen'],1001010J0BGAAAD,"[('200000', 'mcg')]",[]
['ibuprofen'],1001010J0BGABAE,"[('400000', 'mcg')]",[]
['ibuprofen'],1001010J0BGACAF,"[('600000', 'mcg')]",[]
['ibuprofen'],1001010J0BHAAAD,"[('200000', 'mcg')]",[]
['ibuprofen'],1001010J0BHABAE,"[('400000', 'mcg')]",[]
['ibuprofen'],1001010J0BHACAF,"[('600000', 'mcg')]",[]
['ibuprofen'],1001010J0BHADAG,"[('800000', 'mcg')]",[]
['ibuprofen'],1001010J0BIAAAD,"[('200000', 'mcg')]",[]
['ibuprofen'],1001010J0BIABAE,"[('400000', 'mcg')]",[]
['ibuprofen'],1001010J0BIACAF,"[('600000', 'mcg')]",[]
['ibuprofen'],1001010J0BJAAAB,[],[]
['ibuprofen'],1001010J0BKAAAD,"[('200000', 'mcg')]",[]
['ibuprofen'],1001010J0BKABAE,"[('400000', 'mcg')]",[]
['ibuprofen'],1001010J0BKACAF,"[('600000', 'mcg')]",[]
['ibuprofen'],1001010J0BLAAAD,"[('200000', 'mcg')]",[]
['ibuprofen'],1001010J0BLABAE,"[('400000', 'mcg')]",[]
['ibuprofen'],1001010J0BMAAAD,"[('200000', 'mcg')]",[]
['ibuprofen'],1001010J0BMABAS,"[('200000', 'mcg')]",[]
['ibuprofen'],1001010J0BMACAE,"[('400000', 'mcg')]",[]
['ibuprofen'],1001010J0BMADBH,"[('100000', 'mcg')]",[]
['ibuprofen'],1001010J0BMAEAY,[],[]
['ibuprofen'],1001010J0BNAAAB,"[('300000', 'mcg')]",[]
['ibuprofen'],1001010J0BNABAB,"[('300000', 'mcg')]",[]
['ibuprofen'],1001010J0BNACAD,"[('200000', 'mcg')]",[]
['ibuprofen'],1001010J0BPAAAB,"[('300000', 'mcg')]",[]
['ibuprofen'],1001010J0BQAAAE,"[('400000', 'mcg')]",[]
['ibuprofen'],1001010J0BRAAAD,"[('200000', 'mcg')]",[]
['ibuprofen'],1001010J0BSAAAD,[],[]
['ibuprofen'],1001010J0BTAAAD,"[('200000', 'mcg')]",[]
['ibuprofen'],1001010J0BUAAAD,"[('200000', 'mcg')]",[]
['ibuprofen'],1001010J0BUABAE,"[('400000', 'mcg')]",[]
['ibuprofen'],1001010J0BVAAAA,"[('200000', 'mcg')]",[]
['ibuprofen'],1001010J0BWAAAB,"[('300000', 'mcg')]",[]
['ibuprofen'],1001010J0BXAAAD,"[('200000', 'mcg')]",[]
['ibuprofen'],1001010J0BYAAAD,"[('200000', 'mcg')]",[]
['ibuprofen'],1001010J0BYABAE,"[('400000', 'mcg')]",[]
['ibuprofen'],1001010J0BZAAAD,"[('200000', 'mcg')]",[]
['ibuprofen'],1001010J0CBAAAY,[],[]
['ibuprofen'],1001010J0CCAAAD,"[('200000', 'mcg')]",[]
['ibuprofen'],1001010J0CCABAD,"[('200000', 'mcg')]",[]
['ibuprofen'],1001010J0CCACBA,"[('200000', 'mcg')]",[]
['ibuprofen'],1001010J0CCADBH,"[('100000', 'mcg')]",[]
['ibuprofen'],1001010J0CCAEAA,"[('200000', 'mcg')]",[]
['ibuprofen'],1001010J0CCAFAB,"[('300000', 'mcg')]",[]
['ibuprofen'],1001010J0CDAAA0,"[('400000', 'mcg')]",[]
['ibuprofen'],1001010J0CDABBH,"[('100000', 'mcg')]",[]
['ibuprofen'],1001010J0CDACBA,"[('200000', 'mcg')]",[]
['ibuprofen'],1001010J0CDADAE,"[('400000', 'mcg')]",[]
['ibuprofen'],1001010J0CEAAAD,"[('200000', 'mcg')]",[]
['ibuprofen'],1001010J0CEABAE,"[('400000', 'mcg')]",[]
['ibuprofen'],1001010J0CFAABA,"[('200000', 'mcg')]",[]
['ibuprofen'],1001010J0CFABBH,[],"[('180', 'days')]"
['ibuprofen'],1001010J0CFACBH,[],"[('90', 'days')]"
['ibuprofen'],1001010J0CFADAY,"[('200000', 'mcg'), ('12800', 'mcg')]",[]
['ibuprofen'],1001010J0CFAEBA,"[('200000', 'mcg')]",[]
['ibuprofen'],1001010J0CGAAAE,"[('400000', 'mcg')]",[]
['ibuprofen'],1001010J0CHAAAD,"[('200000', 'mcg')]",[]
['ibuprofen'],1001010J0CIAAAD,"[('200000', 'mcg')]",[]
['ibuprofen'],1001010J0CJAAAD,"[('200000', 'mcg')]",[]
['ibuprofen'],1001010J0CJABAA,"[('200000', 'mcg')]",[]
['ibuprofen'],1001010J0CJACAU,"[('400000', 'mcg')]",[]
['ibuprofen'],1001010J0CJADAD,"[('200000', 'mcg')]",[]
['ibuprofen'],1001010J0CJAEBP,"[('200000', 'mcg')]",[]
['ibuprofen'],1001010J0CJAFAA,"[('200000', 'mcg')]",[]
['ibuprofen'],1001010J0CKAABA,"[('200000', 'mcg')]",[]
['ibuprofen'],1001010J0CLAABA,"[('200000', 'mcg')]",[]
['ibuprofen'],1001010J0CMAAAE,"[('400000', 'mcg')]",[]
['ibuprofen'],1001010J0CMABAD,"[('200000', 'mcg')]",[]
['ibuprofen'],1001010J0CMACBA,"[('200000', 'mcg')]",[]
['ibuprofen'],1001010J0CMADAA,"[('200000', 'mcg')]",[]
['ibuprofen'],1001010J0CMAEAU,"[('400000', 'mcg')]",[]
['ibuprofen'],1001010J0CMAFBH,"[('100000', 'mcg')]",[]
['ibuprofen'],1001010J0CNAABA,"[('200000', 'mcg')]",[]
['ibuprofen'],1001010J0CPAAAD,"[('200000', 'mcg')]",[]
['ibuprofen'],1001010J0CPABAD,"[('200000', 'mcg')]",[]
['ibuprofen'],1001010J0CQAABA,"[('200000', 'mcg')]",[]
['ibuprofen'],1001010J0CQABAE,"[('400000', 'mcg')]",[]
['ibuprofen'],1001010J0CRAABH,"[('100000', 'mcg')]",[]
['ibuprofen'],1001010J0CRABBM,"[('100000', 'mcg')]","[('5', 'sztuk')]"
['ibuprofen'],1001010J0CSAABJ,[],[]
['ibuprofen'],1001010J0CSABBS,"[('200000', 'mcg'), ('6100', 'mcg')]",[]
['ibuprofen'],1001010J0CTAAAE,"[('400000', 'mcg')]",[]
['ibuprofen'],1001010J0CTABAD,"[('200000', 'mcg')]",[]
['ibuprofen'],1001010J0CUAABL,"[('300000', 'mcg')]",[]
['ibuprofen'],1001010J0CUABBH,[],[]
['ibuprofen'],1001010J0CVAAAE,"[('400000', 'mcg')]",[]
['ibuprofen'],1001010J0CWAABF,"[('100000', 'mcg')]",[]
['ibuprofen'],1001010J0CWABBH,"[('100000', 'mcg')]",[]
['ibuprofen'],1001010J0CXAABF,"[('100000', 'mcg')]",[]
['ibuprofen'],1001010J0CXABBH,"[('100000', 'mcg')]",[]
['ibuprofen'],1001010J0CXACBM,"[('100000', 'mcg')]",[]
['ibuprofen'],1001010J0CYAABH,"[('100000', 'mcg')]",[]
['ibuprofen'],1001010J0CYABAE,"[('400000', 'mcg')]",[]
['ibuprofen'],1001010J0CYACAF,"[('600000', 'mcg')]",[]
['ibuprofen'],1001010J0CZAABA,"[('200000', 'mcg')]",[]
['ibuprofen'],1001010J0DBAABH,"[('100000', 'mcg')]",[]
['ibuprofen'],1001010J0DBABBH,"[('100000', 'mcg')]",[]
['ibuprofen'],1001010J0DBACBM,"[('100000', 'mcg')]",[]
['ibuprofen'],1001010J0DCAAAF,"[('600000', 'mcg')]",[]
['ibuprofen'],1001010J0DDAAAD,"[('200000', 'mcg')]",[]
['ibuprofen'],1001010J0DEAABH,"[('100000', 'mcg'), ('5000', 'mcg')]",[]
['ibuprofen'],1001010J0DFAABM,[],[]
['ibuprofen'],1001010J0DFABAU,"[('400000', 'mcg')]",[]
['ibuprofen'],1001010J0DFACBH,"[('100000', 'mcg')]",[]
['ibuprofen'],1001010J0DFADAA,"[('200000', 'mcg')]",[]
['ibuprofen'],1001010J0DFAEAA,"[('200000', 'mcg')]",[]
['ibuprofen'],1001010J0DGAAAY,[],[]
['ibuprofen'],1001010J0DHAAAD,"[('200000', 'mcg')]",[]
['ibuprofen'],1001010J0DHABAE,"[('400000', 'mcg')]",[]
['ibuprofen'],1001010J0DIAAAA,"[('200000', 'mcg')]",[]
['ibuprofen'],1001010J0DJAAAD,"[('200000', 'mcg')]",[]
['ibuprofen'],1001010J0DJABAE,"[('400000', 'mcg')]",[]
['orphenadrine'],1002020V0AAAAAA,"[('30000', 'mcg')]","[('2', 'sztuk')]"
['orphenadrine'],1002020V0AAABAB,"[('100000', 'mcg')]",[]
['orphenadrine'],1002020V0AAACAC,"[('20000', 'mcg')]",[]
['orphenadrine'],1002020V0BBAAAB,"[('100000', 'mcg')]",[]
['orphenadrine'],1002020V0BBABAA,"[('30000', 'mcg')]","[('2', 'sztuk')]"
['cannabidiol'],1002020Y0AAAAAA,[],"[('5', 'sztuk')]"
['cannabidiol'],1002020Y0AAABAB,"[('2700', 'mcg'), ('2500', 'mcg')]",[]
['cannabidiol'],1002020Y0BBAAAA,[],"[('5', 'sztuk')]"
['cannabidiol'],1002020Y0BBABAB,[],"[('10', 'sztuk')]"
['ibuprofen'],100302010BDAAAA,"[('2.5', '%')]",[]
['aspirin'],100302020AAAAAA,"[('1.25', '%')]",[]
['aspirin'],100302020AAABAB,[],[]
['ephedrine'],1003020ABAAAAAA,"[('1', '%')]",[]
['adrenaline'],1003020C0AAAAAA,"[('1000', 'mcg'), ('1000000', 'mcg')]",[]
['adrenaline'],1003020C0AAABAB,"[('1000', 'mcg'), ('5000000', 'mcg')]",[]
['adrenaline'],1003020C0AAACAC,[],[]
['adrenaline'],1003020C0AAADAD,"[('1', '%')]",[]
['adrenaline'],1003020C0AAAEAE,"[('1000', 'mcg'), ('20000', 'mcg')]",[]
['adrenaline'],1003020C0AAAFAF,"[('1000', 'mcg'), ('500000', 'mcg')]",[]
['adrenaline'],1003020C0AAAGAG,"[('0.3', '%')]",[]
['adrenaline'],1003020C0BBAAAB,"[('1000', 'mcg'), ('5000000', 'mcg')]",[]
['ibuprofen'],1003020P0AAAAAA,"[('5', '%')]",[]
['ibuprofen'],1003020P0AAABAB,"[('10', '%')]",[]
['ibuprofen'],1003020P0AAACAC,"[('5', '%')]",[]
['ibuprofen'],1003020P0AAADAD,"[('5', '%')]","[('100', 'sztuk')]"
['ibuprofen'],1003020P0AAAEAE,"[('5', '%')]",[]
['ibuprofen'],1003020P0AAAFAF,"[('5', '%'), ('125000000', 'mcg')]",[]
['ibuprofen'],1003020P0AAAGAG,"[('5', '%')]","[('35', 'sztuk')]"
['ibuprofen'],1003020P0AAAHAH,"[('5', '%'), ('3', '%')]",[]
['ibuprofen'],1003020P0AAAIAI,"[('10', '%')]",[]
['ibuprofen'],1003020P0AAAJAJ,"[('5', '%'), ('75000000', 'mcg')]",[]
['ibuprofen'],1003020P0AAAKAK,"[('200000', 'mcg')]",[]
['ibuprofen'],1003020P0BBAAAA,"[('5', '%')]",[]
['ibuprofen'],1003020P0BBABAA,"[('5', '%')]",[]
['ibuprofen'],1003020P0BCAAAC,"[('5', '%')]",[]
['ibuprofen'],1003020P0BCABAC,"[('5', '%')]",[]
['ibuprofen'],1003020P0BCACAE,"[('5', '%')]","[('35', 'sztuk')]"
['ibuprofen'],1003020P0BCADAF,"[('5', '%'), ('125000000', 'mcg')]",[]
['ibuprofen'],1003020P0BCAEAJ,"[('5', '%'), ('75000000', 'mcg')]",[]
['ibuprofen'],1003020P0BCAFAI,"[('10', '%')]",[]
['ibuprofen'],1003020P0BCAGAC,"[('5', '%')]",[]
['ibuprofen'],1003020P0BCAHAG,"[('5', '%')]","[('35', 'sztuk')]"
['ibuprofen'],1003020P0BCAIAI,"[('10', '%')]",[]
['ibuprofen'],1003020P0BDAAAC,"[('5', '%')]",[]
['ibuprofen'],1003020P0BDABAI,"[('10', '%')]",[]
['ibuprofen'],1003020P0BEAAAH,"[('5', '%'), ('3', '%')]",[]
['ibuprofen'],1003020P0BFAAAE,"[('5', '%')]","[('100', 'sztuk')]"
['ibuprofen'],1003020P0BGAAAC,"[('5', '%')]",[]
['ibuprofen'],1003020P0BGABAI,"[('10', '%')]",[]
['ibuprofen'],1003020P0BHAAAC,"[('5', '%')]",[]
['ibuprofen'],1003020P0BHABAC,"[('5', '%')]",[]
['ibuprofen'],1003020P0BIAAAC,"[('5', '%')]",[]
['ibuprofen'],1003020P0BJAAAC,"[('5', '%')]",[]
['ibuprofen'],1003020P0BKAAAF,"[('5', '%'), ('125000000', 'mcg')]",[]
['ibuprofen'],1003020P0BMAAAI,"[('10', '%')]",[]
['ibuprofen'],1003020P0BNAAAC,"[('5', '%')]",[]
['ibuprofen'],1003020P0BPAAAC,"[('5', '%')]",[]
['ibuprofen'],1003020P0BPABAI,"[('10', '%')]",[]
['ibuprofen'],1003020P0BPACAC,"[('5', '%')]",[]
['ibuprofen'],1003020P0BPADAI,"[('10', '%')]",[]
['ibuprofen'],1003020P0BQAAAI,"[('10', '%')]",[]
['ibuprofen'],1003020P0BQABAC,"[('5', '%')]",[]
['ibuprofen'],1003020P0BQACAC,"[('5', '%')]",[]
['ibuprofen'],1003020P0BRAAAI,"[('10', '%')]",[]
['ibuprofen'],1003020P0BSAAAC,"[('5', '%')]",[]
['ibuprofen'],1003020P0BTAAAC,"[('5', '%')]",[]
['ibuprofen'],1003020P0BUAAAC,"[('5', '%')]",[]
['paracetamol'],1003020T0BQAAA0,[],[]
['heparin'],1104020ADAAAAAA,[],[]
['hyoscine'],1105000J0AAAAAA,"[('0.1', '%')]",[]
['hyoscine'],1105000J0AAACAC,"[('0.25', '%')]",[]
['hyoscine'],1105000J0AAADAD,"[('0.5', '%')]",[]
['hyoscine'],1105000J0AAAFAF,"[('0.01', '%')]",[]
['hyoscine'],1105000J0AAAGAG,"[('0.5', '%')]",[]
['hyoscine'],1105000J0AAAHAH,"[('2.5', '%')]",[]
['hyoscine'],1105000J0AAAIAI,"[('0.2', '%')]",[]
['hyoscine'],1105000J0AAAJAJ,"[('0.125', '%')]",[]
['hyoscine'],1105000J0AAAKAK,"[('1.25', '%')]",[]
['phenylephrine'],1105000P0AAAAAA,"[('0.12', '%')]",[]
['phenylephrine'],1105000P0AAABAB,"[('5', '%')]",[]
['phenylephrine'],1105000P0AAACAC,"[('10', '%')]",[]
['phenylephrine'],1105000P0AAADAD,"[('2.5', '%')]",[]
['phenylephrine'],1105000P0AAAEAE,"[('10', '%')]",[]
['phenylephrine'],1105000P0AAAFAF,"[('2.5', '%')]",[]
['phenylephrine'],1105000P0AAAGAG,"[('0.25', '%')]",[]
['phenylephrine'],1105000P0BBAAAE,"[('10', '%')]",[]
['phenylephrine'],1105000P0BBABAF,"[('2.5', '%')]",[]
['phenylephrine'],1105000P0BCAAAA,"[('0.12', '%')]",[]
['phenylephrine'],1105000T0AAAAAA,[],[]
['phenylephrine'],1105000T0BBAAAA,"[('5400', 'mcg'), ('280', 'mcg')]",[]
['timolol'],1106000ABAAAAAA,"[('20000', 'mcg'), ('5000', 'mcg')]",[]
['timolol'],1106000ABAAABAB,"[('20000', 'mcg'), ('5000', 'mcg')]","[('2', 'sztuk')]"
['timolol'],1106000ABAAACAC,"[('20000', 'mcg'), ('5000', 'mcg')]",[]
['timolol'],1106000ABBBAAAA,"[('20000', 'mcg'), ('5000', 'mcg')]",[]
['timolol'],1106000ABBBABAB,"[('20000', 'mcg'), ('5000', 'mcg')]","[('2', 'sztuk')]"
['timolol'],1106000ABBBACAC,"[('20000', 'mcg'), ('5000', 'mcg')]",[]
['timolol'],1106000ABBCAAAA,"[('20000', 'mcg'), ('5000', 'mcg')]",[]
['timolol'],1106000ABBDAAAC,"[('20000', 'mcg'), ('5000', 'mcg')]",[]
['timolol'],1106000ADAAAAAA,"[('50', 'mcg'), ('5000', 'mcg')]",[]
['timolol'],1106000ADAAABAB,"[('50', 'mcg'), ('5000', 'mcg')]",[]
['timolol'],1106000ADBBAAAA,"[('50', 'mcg'), ('5000', 'mcg')]",[]
['timolol'],1106000ADBDAAAB,"[('50', 'mcg'), ('5000', 'mcg')]","[('2', 'sztuk')]"
['timolol'],1106000AGAAAAAA,"[('2000', 'mcg'), ('5000', 'mcg')]",[]
['timolol'],1106000AGBBAAAA,[],[]
['timolol'],1106000AHAAAAAA,"[('40', 'mcg'), ('5000', 'mcg')]",[]
['timolol'],1106000AHBBAAAA,"[('40', 'mcg'), ('5000', 'mcg')]",[]
['timolol'],1106000AIAAAAAA,"[('300', 'mcg'), ('5000', 'mcg')]",[]
['timolol'],1106000AIAAABAB,"[('300', 'mcg'), ('5000', 'mcg')]",[]
['timolol'],1106000AIBBAAAA,"[('300', 'mcg'), ('5000', 'mcg')]",[]
['timolol'],1106000AIBBABAB,"[('300', 'mcg'), ('5000', 'mcg')]","[('4', 'sztuk')]"
['timolol'],1106000AJAAAAAA,"[('10000', 'mcg'), ('5000', 'mcg')]",[]
['timolol'],1106000AJBBAAAA,"[('10000', 'mcg'), ('5000', 'mcg')]",[]
['timolol'],1106000AMAAAAAA,"[('15', 'mcg'), ('5000', 'mcg')]",[]
['timolol'],1106000AMBBAAAA,"[('15', 'mcg'), ('5000', 'mcg')]","[('3', 'sztuk')]"
['adrenaline'],1106000F0AAAAAA,"[('0.1', '%')]",[]
['adrenaline'],1106000F0AAABAB,"[('0.25', '%')]",[]
['adrenaline'],1106000F0AAACAC,"[('0.5', '%')]",[]
['adrenaline'],1106000F0AAADAD,"[('1', '%')]",[]
['adrenaline'],1106000F0AAAFAF,"[('0.01', '%')]",[]
['adrenaline'],1106000F0AAAGAG,"[('5', '%')]",[]
['adrenaline'],1106000F0AAAHAH,"[('0.5', '%'), ('0.5', '%')]",[]
['adrenaline'],1106000F0AAAIAI,"[('1', '%'), ('0.5', '%')]",[]
['adrenaline'],1106000F0AAAJAJ,"[('0.1', '%')]",[]
['adrenaline'],1106000F0AAAKAK,"[('0.05', '%')]",[]
['adrenaline'],1106000F0AAALAL,"[('0.3', '%')]",[]
['adrenaline'],1106000F0AAAMAM,"[('1', '%')]",[]
['adrenaline'],1106000F0BBAAAD,"[('1', '%')]",[]
['adrenaline'],1106000F0BCAAAC,"[('0.5', '%')]",[]
['adrenaline'],1106000F0BCABAD,"[('1', '%')]",[]
['adrenaline'],1106000F0BDAAAH,"[('0.5', '%')]",[]
['adrenaline'],1106000F0BDABAI,"[('1', '%')]",[]
['adrenaline'],1106000G0AAAAAA,"[('1', '%')]",[]
['adrenaline'],1106000G0BBAAAA,"[('1', '%')]",[]
['timolol'],1106000Z0AAAAAA,"[('0.25', '%')]",[]
['timolol'],1106000Z0AAABAB,"[('0.5', '%')]",[]
['timolol'],1106000Z0AAACAC,"[('0.25', '%')]",[]
['timolol'],1106000Z0AAADAD,"[('0.5', '%')]",[]
['timolol'],1106000Z0AAAEAE,"[('1', '%')]",[]
['timolol'],1106000Z0AAAFAF,"[('0.25', '%')]",[]
['timolol'],1106000Z0AAAGAG,"[('0.5', '%')]",[]
['timolol'],1106000Z0AAAHAH,"[('0.25', '%')]","[('2', 'sztuk')]"
['timolol'],1106000Z0AAAIAI,"[('0.5', '%')]","[('2', 'sztuk')]"
['timolol'],1106000Z0AAAJAJ,"[('1', '%')]",[]
['timolol'],1106000Z0AAAKAK,"[('0.25', '%')]","[('2', 'sztuk')]"
['timolol'],1106000Z0AAALAL,"[('0.5', '%')]",[]
['timolol'],1106000Z0AAAMAM,"[('0.25', '%')]",[]
['timolol'],1106000Z0AAANAN,"[('0.5', '%')]",[]
['timolol'],1106000Z0AAAPAP,"[('0.25', '%')]",[]
['timolol'],1106000Z0AAAQAQ,"[('0.5', '%')]",[]
['timolol'],1106000Z0AAARAR,"[('0.1', '%')]",[]
['timolol'],1106000Z0AAASAS,"[('1000', 'mcg'), ('400000', 'mcg')]",[]
['timolol'],1106000Z0AAATAT,"[('2500', 'mcg')]",[]
['timolol'],1106000Z0AAAUAU,"[('5000', 'mcg')]",[]
['timolol'],1106000Z0BBAAAA,"[('0.25', '%')]",[]
['timolol'],1106000Z0BBABAB,"[('0.5', '%')]",[]
['timolol'],1106000Z0BBACAK,"[('0.25', '%')]",[]
['timolol'],1106000Z0BBADAL,"[('0.5', '%')]",[]
['timolol'],1106000Z0BBAEAP,"[('0.25', '%')]",[]
['timolol'],1106000Z0BBAFAQ,"[('0.5', '%')]",[]
['timolol'],1106000Z0BDAAAA,"[('0.25', '%')]",[]
['timolol'],1106000Z0BDABAB,"[('0.5', '%')]",[]
['timolol'],1106000Z0BEAAAK,"[('0.25', '%')]",[]
['timolol'],1106000Z0BEABAL,"[('0.5', '%')]",[]
['timolol'],1106000Z0BEACAA,"[('0.25', '%')]",[]
['timolol'],1106000Z0BEADAB,"[('0.5', '%')]",[]
['timolol'],1106000Z0BFAAAA,"[('0.25', '%')]",[]
['timolol'],1106000Z0BFABAB,"[('0.5', '%')]",[]
['timolol'],1106000Z0BGAAAR,"[('0.1', '%')]",[]
['timolol'],1106000Z0BHAAAS,"[('1000', 'mcg'), ('400000', 'mcg')]",[]
['timolol'],1106000Z0BIAAAT,"[('2500', 'mcg')]",[]
['timolol'],1106000Z0BIABAU,"[('5000', 'mcg')]",[]
['lidocaine'],1107000N0AAAAAA,"[('25', '%')]",[]
['lidocaine'],1107000N0BBAAAA,"[('4000', 'mcg'), ('250', 'mcg')]",[]
['phenylephrine'],1108010S0BBAAAA,"[('0.12', '%')]",[]
['moxisylyte'],1108020U0BBAAAA,"[('0.5', '%')]",[]
['adrenaline'],1202020B0AAAAAA,"[('1000', 'mcg'), ('1000000', 'mcg')]",[]
['adrenaline'],1202020B0AAABAB,"[('1000', 'mcg'), ('100000', 'mcg')]",[]
['ephedrine'],1202020C0AAAAAA,"[('1', '%')]",[]
['ephedrine'],1202020C0AAABAB,"[('0.25', '%')]",[]
['ephedrine'],1202020C0AAACAC,"[('0.5', '%')]",[]
['ephedrine'],1202020C0AAADAD,"[('0.75', '%')]",[]
['ephedrine'],1202020C0AAAEAE,"[('1', '%')]",[]
['ephedrine'],1202020C0AAAFAF,"[('0.25', '%')]",[]
['ephedrine'],1202020C0AAAGAG,"[('0.5', '%')]",[]
['ephedrine'],1202020C0AAAHAH,"[('1', '%')]",[]
['ephedrine'],1202020C0AAAIAI,"[('2', '%')]",[]
['ephedrine'],1202020C0AAAJAJ,"[('0.1', '%')]",[]
['ephedrine'],1202020C0AAAKAK,"[('0.5', '%'), ('5', '%')]",[]
['ephedrine'],1202020C0AAALAL,"[('2', '%')]",[]
['ephedrine'],1202020C0AAAMAM,"[('0.1', '%')]",[]
['ephedrine'],1202020C0AAANAN,"[('0.3', '%')]",[]
['ephedrine'],1202020C0AAAPAP,"[('3', '%')]",[]
['ephedrine'],1202020C0AAAQAQ,"[('2', '%')]",[]
['ephedrine'],1202020C0AAARAR,"[('0.05', '%')]",[]
['phenylephrine'],1202020K0AAAAAA,"[('0.5', '%')]",[]
['phenylephrine'],1202020K0AAABAB,"[('0.5', '%')]",[]
['phenylephrine'],1202020K0BBAAA0,[],[]
['phenylephrine'],1202020K0BCAAAA,"[('0.5', '%')]",[]
['phenylephrine'],1202020K0BCABAB,"[('0.5', '%')]",[]
['lidocaine'],1203010K0BBAAAB,"[('8.7', '%')]",[]
['lidocaine'],1203010K0BBABAB,"[('8.7', '%')]",[]
['lidocaine'],1203010Q0AAAAAA,"[('0.05', '%'), ('0.66', '%')]",[]
['lidocaine'],1203010Q0AAABAB,[],[]
['lidocaine'],1203010Q0AAACAC,[],[]
['lidocaine'],1203010Q0AAADAD,"[('25', '%')]",[]
['lidocaine'],1203010Q0AAAEAE,[],[]
['lidocaine'],1203010Q0AAAHAH,[],[]
['lidocaine'],1203010Q0AAAIAI,"[('2', '%'), ('0.1', '%')]",[]
['lidocaine'],1203010Q0AAAJAJ,"[('1', '%'), ('0.1', '%')]",[]
['lidocaine'],1203010Q0AAAKAK,[],[]
['lidocaine'],1203010Q0AAANAN,"[('2000', 'mcg')]",[]
['lidocaine'],1203010Q0AAAPAP,"[('33', '%'), ('01', '%')]",[]
['lidocaine'],1203010Q0AAAQAQ,"[('0.05', '%'), ('0.66', '%')]",[]
['lidocaine'],1203010Q0BBAAAA,[],[]
['lidocaine'],1203010Q0BCABA0,[],[]
['lidocaine'],1203010Q0BDAAAC,[],[]
['lidocaine'],1203010Q0BEAAAC,[],[]
['lidocaine'],1203010Q0BFAAA0,[],[]
['lidocaine'],1203010Q0BHAAA0,[],[]
['lidocaine'],1203010Q0BIAAAH,[],[]
['lidocaine'],1203010Q0BIABAN,"[('2000', 'mcg')]",[]
['lidocaine'],1203010Q0BJAAAI,[],[]
['lidocaine'],1203010Q0BJABAJ,[],[]
['lidocaine'],1203010Q0BKAAAK,[],[]
['lidocaine'],1203010Q0BLAAAP,[],[]
['lidocaine'],1203010Q0BMAAAQ,[],[]
['lidocaine'],1203010Q0BMABAQ,[],[]
['lidocaine'],1203010V0AAAAAA,"[('0.6', '%'), ('0.02', '%')]",[]
['lidocaine'],1203030B0BKAAAD,[],[]
['lidocaine'],1203030M0AAABAB,"[('25', '%')]",[]
['lidocaine'],1203030M0AAADAD,"[('5000', 'mcg'), ('500', 'mcg')]",[]
['lidocaine'],1203030M0AAAEAE,[],[]
['lidocaine'],1203030M0AAAFAF,[],[]
['lidocaine'],1203030M0AAAKAK,[],[]
['lidocaine'],1203030M0AAALAL,"[('2600', 'mcg')]","[('20', 'sztuk')]"
['lidocaine'],1203030M0AAAMAM,"[('5000', 'mcg')]",[]
['lidocaine'],1203030M0AAANAN,"[('2', '%')]","[('20', 'sztuk')]"
['lidocaine'],1203030M0AAAPAP,"[('10000', 'mcg'), ('600', 'mcg')]",[]
['lidocaine'],1203030M0AAAQAQ,"[('05', '%'), ('2', '%')]","[('30', 'sztuk')]"
['lidocaine'],1203030M0BBABAF,[],[]
['lidocaine'],1203030M0BCAAAE,[],[]
['lidocaine'],1203030M0BCABAF,[],[]
['lidocaine'],1203030M0BHAAAD,[],[]
['lidocaine'],1203030M0BHABAM,[],[]
['lidocaine'],1203030M0BMAAAK,[],[]
['lidocaine'],1203030M0BMABAN,"[('2', '%')]","[('20', 'sztuk')]"
['lidocaine'],1203030M0BNAAAN,"[('2', '%')]",[]
['lidocaine'],1203030M0BNABAP,[],[]
['lidocaine'],1203030M0BPAAAQ,[],"[('30', 'sztuk')]"
['lidocaine'],1203030M0BQAAAN,"[('2', '%')]","[('20', 'sztuk')]"
['lidocaine'],1203040C0BDAAAC,[],[]
['lidocaine'],1203040C0BGAAAD,[],[]
['colestyramine'],1303000E0AAAAAA,"[('10', '%')]",[]
['colestyramine'],1303000E0AAABAB,"[('5', '%')]",[]
['doxepin'],1303000F0AAAAAA,"[('5', '%')]",[]
['doxepin'],1303000F0BBAAAA,"[('5', '%')]",[]
['doxepin'],1303000F0BCAAAA,"[('5', '%')]",[]
['lidocaine'],1303000N0AAABAB,"[('2', '%')]",[]
['lidocaine'],1303000N0BDAAAB,[],[]
['promethazine'],1303000P0AAAAAA,"[('2', '%')]",[]
['promethazine'],1303000P0BBAAAA,"[('2', '%')]",[]
['lidocaine'],1303000Q0AAAAAA,"[('0.5', '%')]",[]
['lidocaine'],1303000Q0AAABAB,"[('0.5', '%')]",[]
['lidocaine'],1303000Q0AAACAC,"[('2', '%')]",[]
['lidocaine'],1303000Q0AAADAD,"[('5', '%')]",[]
['lidocaine'],1303000Q0BBAAAA,"[('0.5', '%')]",[]
['simvastatin'],1305020Z0AAAAAA,"[('2', '%'), ('2', '%')]",[]
['lidocaine'],1309000F0BBAAAA,[],[]
['minoxidil'],1309000H0AAAAAA,"[('2', '%')]",[]
['minoxidil'],1309000H0AAABAB,"[('2', '%')]",[]
['minoxidil'],1309000H0AAACAC,"[('1', '%')]",[]
['minoxidil'],1309000H0AAADAD,"[('3', '%')]",[]
['minoxidil'],1309000H0AAAFAF,"[('3', '%')]",[]
['minoxidil'],1309000H0AAAGAG,"[('1', '%')]",[]
['minoxidil'],1309000H0AAAIAI,"[('5', '%')]",[]
['minoxidil'],1309000H0AAAJAJ,"[('5', '%')]",[]
['minoxidil'],1309000H0AAAKAK,"[('2', '%')]",[]
['minoxidil'],1309000H0AAALAL,"[('5', '%')]",[]
['minoxidil'],1309000H0BBAAAA,"[('2', '%')]",[]
['minoxidil'],1309000H0BBABAJ,"[('5', '%')]",[]
['minoxidil'],1309000H0BBADAA,"[('2', '%')]",[]
['minoxidil'],1309000H0BBAEA0,[],[]
['minoxidil'],1309000H0BBAFAK,"[('2', '%')]",[]
['minoxidil'],1309000H0BBAGAL,"[('5', '%')]",[]
['minoxidil'],1309000H0BBAHAL,"[('5', '%')]",[]
['heparin'],1314000L0AAAAAA,[],[]
['heparin'],1314000L0BBAAAA,[],[]
['hyoscine'],1315000H0AAAAAA,"[('1', '%')]",[]
['hyoscine'],1315000H0AAABAB,"[('11', '%')]",[]
['hyoscine'],1315000H0AAACAC,"[('3', '%')]",[]
['hyoscine'],1315000H0AAADAD,"[('2', '%')]",[]
['ketamine'],1501010F0AAAAAA,"[('10000', 'mcg')]","[('20', 'sztuk')]"
['ketamine'],1501010F0AAABAB,"[('50000', 'mcg')]","[('10', 'sztuk')]"
['ketamine'],1501010F0AAACAC,"[('100000', 'mcg')]","[('5', 'sztuk')]"
['ketamine'],1501010F0AAADAD,"[('100000', 'mcg')]","[('10', 'sztuk')]"
['ketamine'],1501010F0AAAEAE,"[('10000', 'mcg')]","[('5', 'sztuk')]"
['ketamine'],1501010F0AAAFAF,"[('50000', 'mcg')]","[('2', 'sztuk')]"
['ketamine'],1501010F0AAAGAG,"[('5000', 'mcg')]","[('5', 'sztuk')]"
['ketamine'],1501010F0AAAHAH,"[('25000', 'mcg')]","[('2', 'sztuk')]"
['ketamine'],1501010F0BBAAAB,"[('50000', 'mcg')]","[('10', 'sztuk')]"
['ketamine'],1501010F0BBABAC,"[('100000', 'mcg')]","[('5', 'sztuk')]"
['ketamine'],1501010F0BBACAA,"[('10000', 'mcg')]","[('20', 'sztuk')]"
['ketamine'],1501010F0BBADAD,"[('100000', 'mcg')]","[('10', 'sztuk')]"
['ketamine'],1501010F0BCAAAE,"[('10000', 'mcg')]","[('5', 'sztuk')]"
['ketamine'],1501010F0BCABAF,"[('50000', 'mcg')]","[('2', 'sztuk')]"
['hyoscine'],1501030H0AAAAAA,"[('400', 'mcg')]","[('1', 'sztuk')]"
['hyoscine'],1501030H0AAABAB,"[('600', 'mcg')]","[('1', 'sztuk')]"
['hyoscine'],1501030H0AAACAC,"[('1200', 'mcg')]","[('1', 'sztuk')]"
['hyoscine'],1501030H0AAADAD,"[('300', 'mcg')]","[('1', 'sztuk')]"
['hyoscine'],1501030H0AAAEAE,"[('200', 'mcg')]","[('1', 'sztuk')]"
['hyoscine'],1501030H0AAAFAF,"[('600', 'mcg')]","[('2', 'sztuk')]"
['hyoscine'],1501030H0AAAGAG,"[('40', 'mcg')]",[]
['midazolam'],1501041T0AAAAAA,"[('5000', 'mcg')]","[('2', 'sztuk')]"
['midazolam'],1501041T0AAABAB,"[('2000', 'mcg')]","[('5', 'sztuk')]"
['midazolam'],1501041T0AAACAC,"[('1000', 'mcg')]","[('50', 'sztuk')]"
['midazolam'],1501041T0AAADAD,"[('20000', 'mcg')]",[]
['midazolam'],1501041T0AAAEAE,"[('30000', 'mcg')]",[]
['midazolam'],1501041T0AAAFAF,"[('50000', 'mcg')]",[]
['midazolam'],1501041T0AAAGAG,"[('5000', 'mcg')]","[('2', 'sztuk')]"
['midazolam'],1501041T0AAAHAH,"[('40000', 'mcg')]",[]
['midazolam'],1501041T0AAAIAI,"[('15000', 'mcg')]",[]
['midazolam'],1501041T0AAAJAJ,"[('60000', 'mcg')]",[]
['midazolam'],1501041T0AAAKAK,"[('2500', 'mcg')]",[]
['midazolam'],1501041T0AAALAL,"[('10000', 'mcg')]",[]
['midazolam'],1501041T0AAAMAM,"[('25000', 'mcg')]",[]
['midazolam'],1501041T0AAANAN,"[('5000', 'mcg')]","[('10', 'sztuk')]"
['midazolam'],1501041T0AAAPAP,"[('35000', 'mcg')]",[]
['midazolam'],1501041T0AAAQAQ,"[('5000', 'mcg')]","[('2', 'sztuk')]"
['midazolam'],1501041T0AAARAR,"[('2000', 'mcg')]","[('50', 'sztuk')]"
['midazolam'],1501041T0AAASAS,"[('1000', 'mcg')]","[('5', 'sztuk')]"
['midazolam'],1501041T0AAATAT,"[('1000', 'mcg')]","[('2', 'sztuk')]"
['midazolam'],1501041T0AAAUAU,"[('2500', 'mcg')]","[('2', 'sztuk')]"
['midazolam'],1501041T0BBAAAB,"[('2000', 'mcg')]","[('5', 'sztuk')]"
['midazolam'],1501041T0BBABAA,"[('5000', 'mcg')]","[('2', 'sztuk')]"
['fentanyl'],1501043F0AAAAAA,"[('50', 'mcg')]","[('2', 'sztuk')]"
['fentanyl'],1501043F0AAABAB,"[('50', 'mcg')]","[('10', 'sztuk')]"
['fentanyl'],1501043F0AAACAC,"[('100', 'mcg'), ('5000', 'mcg')]","[('2', 'sztuk')]"
['fentanyl'],1501043F0BBAAAA,"[('50', 'mcg')]","[('2', 'sztuk')]"
['fentanyl'],1501043F0BBABAB,"[('50', 'mcg')]","[('10', 'sztuk')]"
['fentanyl'],1501043F0BCAAAC,[],"[('2', 'sztuk')]"
['naloxone'],1501070G0AAAAAA,"[('20', 'mcg')]","[('2', 'sztuk')]"
['naloxone'],1501070G0BBAAAA,"[('20', 'mcg')]","[('2', 'sztuk')]"
['lidocaine'],1502010I0AAAAAA,[],[]
['lidocaine'],1502010I0AAABAB,"[('10', '%'), ('80000000', 'mcg')]",[]
['lidocaine'],1502010I0AAACAC,"[('10', '%')]","[('50', 'sztuk')]"
['lidocaine'],1502010I0AAAEAE,"[('5', '%')]",[]
['lidocaine'],1502010I0AAAFAF,"[('4', '%')]","[('5', 'sztuk')]"
['lidocaine'],1502010I0AAAGAG,"[('5', '%')]",[]
['lidocaine'],1502010I0AAAHAH,"[('1', '%')]",[]
['lidocaine'],1502010I0AAAIAI,"[('25000', 'mcg'), ('25000', 'mcg'), ('1700000', 'mcg')]",[]
['lidocaine'],1502010I0AAAJAJ,"[('25000', 'mcg'), ('25000', 'mcg')]",[]
['lidocaine'],1502010I0AAAKAK,"[('4', '%')]",[]
['lidocaine'],1502010I0AAAMAM,"[('0.5', '%')]",[]
['lidocaine'],1502010I0BBAAAA,[],[]
['lidocaine'],1502010I0BCAAAB,"[('10', '%'), ('80000000', 'mcg')]",[]
['lidocaine'],1502010I0BCABAC,"[('10000', 'mcg')]","[('50', 'sztuk')]"
['lidocaine'],1502010I0BCACAE,"[('5', '%')]",[]
['lidocaine'],1502010I0BDAAAE,"[('5', '%')]",[]
['lidocaine'],1502010I0BEAAAG,"[('5', '%')]",[]
['lidocaine'],1502010I0BFAAAI,"[('25000', 'mcg'), ('25000', 'mcg')]",[]
['lidocaine'],1502010I0BFABAJ,"[('25000', 'mcg'), ('25000', 'mcg'), ('1700000', 'mcg')]",[]
['lidocaine'],1502010I0BGAAAK,"[('4', '%')]",[]
['lidocaine'],1502010I0BGABAK,"[('4', '%')]",[]
['lidocaine'],1502010J0AAA1A1,"[('2', '%')]","[('2', 'sztuk')]"
['lidocaine'],1502010J0AAA2A2,"[('2', '%')]","[('2', 'sztuk')]"
['lidocaine'],1502010J0AAA3A3,"[('2', '%')]","[('20', 'sztuk')]"
['lidocaine'],1502010J0AAA4A4,"[('2', '%')]","[('50', 'sztuk')]"
['lidocaine'],1502010J0AAA5A5,[],"[('2', 'sztuk')]"
['lidocaine'],1502010J0AAA6A6,[],"[('2', 'sztuk')]"
['lidocaine'],1502010J0AAA7A7,"[('0.5', '%')]","[('20', 'sztuk')]"
['lidocaine'],1502010J0AAA8A8,"[('2', '%'), ('0.25', '%')]",[]
['lidocaine'],1502010J0AAA9A9,"[('2', '%')]",[]
['lidocaine'],1502010J0AAAAAA,"[('0.5', '%'), ('5000', 'mcg')]","[('10', 'sztuk')]"
['lidocaine'],1502010J0AAABAB,"[('0.5', '%')]","[('20', 'sztuk')]"
['lidocaine'],1502010J0AAACAC,"[('0.5', '%')]","[('50', 'sztuk')]"
['lidocaine'],1502010J0AAADAD,"[('1', '%')]","[('20', 'sztuk')]"
['lidocaine'],1502010J0AAAEAE,"[('1', '%')]","[('50', 'sztuk')]"
['lidocaine'],1502010J0AAAFAF,"[('1.5', '%')]","[('25', 'sztuk')]"
['lidocaine'],1502010J0AAAGAG,"[('2', '%')]","[('2', 'sztuk')]"
['lidocaine'],1502010J0AAAHAH,"[('2', '%')]","[('20', 'sztuk')]"
['lidocaine'],1502010J0AAAIAI,"[('2', '%')]","[('50', 'sztuk')]"
['lidocaine'],1502010J0AAAJAJ,"[('2', '%'), ('20000', 'mcg')]",[]
['lidocaine'],1502010J0AAAKAK,"[('4', '%')]",[]
['lidocaine'],1502010J0AAALAL,"[('1', '%'), ('10000', 'mcg')]","[('2', 'sztuk')]"
['lidocaine'],1502010J0AAAMAM,"[('1', '%'), ('10000', 'mcg')]","[('10', 'sztuk')]"
['lidocaine'],1502010J0AAANAN,"[('2', '%'), ('20000', 'mcg')]","[('5', 'sztuk')]"
['lidocaine'],1502010J0AAAPAP,"[('2', '%')]",[]
['lidocaine'],1502010J0AAAQAQ,"[('1', '%')]","[('5', 'sztuk')]"
['lidocaine'],1502010J0AAARAR,"[('2', '%')]","[('2', 'sztuk')]"
['lidocaine'],1502010J0AAASAS,"[('1', '%')]","[('2', 'sztuk')]"
['lidocaine'],1502010J0AAATAT,"[('1', '%')]","[('5', 'sztuk')]"
['lidocaine'],1502010J0AAAUAU,"[('2', '%')]","[('5', 'sztuk')]"
['lidocaine'],1502010J0AAAVAV,"[('2', '%'), ('0.25', '%')]",[]
['lidocaine'],1502010J0AAAWAW,"[('0.5', '%')]","[('50', 'sztuk')]"
['lidocaine'],1502010J0AAAXAX,"[('1', '%')]","[('10', 'sztuk')]"
['lidocaine'],1502010J0AAAYAY,"[('1', '%')]","[('20', 'sztuk')]"
['lidocaine'],1502010J0AAAZAZ,"[('1', '%')]","[('50', 'sztuk')]"
['lidocaine'],1502010J0AABABA,"[('2', '%'), ('0.25', '%')]",[]
['lidocaine'],1502010J0AABBBB,"[('1', '%')]","[('5', 'sztuk')]"
['lidocaine'],1502010J0AABCBC,"[('5', '%')]",[]
['lidocaine'],1502010J0AABDBD,"[('1', '%')]","[('5', 'sztuk')]"
['lidocaine'],1502010J0AABEBE,"[('2', '%')]","[('2', 'sztuk')]"
['lidocaine'],1502010J0AABFBF,"[('2', '%')]","[('2', 'sztuk')]"
['lidocaine'],1502010J0AABGBG,[],[]
['lidocaine'],1502010J0AABHBH,"[('1', '%')]","[('2', 'sztuk')]"
['lidocaine'],1502010J0AABIBI,"[('4', '%')]",[]
['lidocaine'],1502010J0AABJBJ,"[('10', '%')]",[]
['lidocaine'],1502010J0AABKBK,"[('1', '%')]",[]
['lidocaine'],1502010J0AABLBL,"[('2', '%')]",[]
['lidocaine'],1502010J0AABMBM,"[('1', '%')]",[]
['lidocaine'],1502010J0AABNBN,"[('2', '%')]",[]
['lidocaine'],1502010J0AABPBP,"[('4', '%')]",[]
['lidocaine'],1502010J0AABQBQ,"[('2', '%')]","[('6', 'sztuk')]"
['lidocaine'],1502010J0AABRBR,"[('2', '%')]","[('11', 'sztuk')]"
['lidocaine'],1502010J0AABSBS,"[('2', '%'), ('0.25', '%')]",[]
['lidocaine'],1502010J0AABTBT,"[('1', '%'), ('0.25', '%')]",[]
['lidocaine'],1502010J0AABUBU,"[('1', '%')]","[('2', 'sztuk')]"
['lidocaine'],1502010J0AABVBV,"[('5', '%')]",[]
['lidocaine'],1502010J0AABWBW,"[('1', '%')]","[('10', 'sztuk')]"
['lidocaine'],1502010J0AABXBX,"[('1', '%')]","[('20', 'sztuk')]"
['lidocaine'],1502010J0AABYBY,"[('2.5', '%'), ('2.5', '%')]",[]
['lidocaine'],1502010J0AABZBZ,"[('2.5', '%'), ('2.5', '%')]",[]
['lidocaine'],1502010J0AACACA,"[('2', '%')]",[]
['lidocaine'],1502010J0AACBCB,"[('2', '%')]","[('5', 'sztuk')]"
['lidocaine'],1502010J0AACDCD,"[('0.5', '%')]","[('2', 'sztuk')]"
['lidocaine'],1502010J0AACECE,"[('2', '%')]","[('10', 'sztuk')]"
['lidocaine'],1502010J0AACFCF,"[('0.5', '%')]","[('10', 'sztuk')]"
['lidocaine'],1502010J0AACGCG,"[('3', '%')]","[('2', 'sztuk')]"
['lidocaine'],1502010J0AACHCH,"[('0.5', '%')]","[('5', 'sztuk')]"
['lidocaine'],1502010J0AACICI,"[('0.5', '%')]","[('20', 'sztuk')]"
['lidocaine'],1502010J0AACJCJ,"[('1', '%')]","[('20', 'sztuk')]"
['lidocaine'],1502010J0AACKCK,"[('1', '%')]","[('10', 'sztuk')]"
['lidocaine'],1502010J0AACLCL,"[('1', '%')]","[('5', 'sztuk')]"
['lidocaine'],1502010J0AACMCM,"[('1', '%')]","[('2', 'sztuk')]"
['lidocaine'],1502010J0AACNCN,"[('0.5', '%')]","[('20', 'sztuk')]"
['lidocaine'],1502010J0AACPCP,"[('0.5', '%')]","[('5', 'sztuk')]"
['lidocaine'],1502010J0AACQCQ,"[('2', '%')]","[('2', 'sztuk')]"
['lidocaine'],1502010J0AACRCR,"[('2', '%')]",[]
['lidocaine'],1502010J0AACSCS,"[('2', '%')]",[]
['lidocaine'],1502010J0AACUCU,"[('2', '%')]","[('20', 'sztuk')]"
['lidocaine'],1502010J0AACVCV,"[('1', '%')]","[('1', 'sztuk')]"
['lidocaine'],1502010J0AACWCW,"[('2', '%')]","[('1', 'sztuk')]"
['lidocaine'],1502010J0AACXCX,"[('1', '%')]","[('10', 'sztuk')]"
['lidocaine'],1502010J0AACYCY,"[('1', '%')]","[('50', 'sztuk')]"
['lidocaine'],1502010J0AACZCZ,"[('2', '%')]","[('20', 'sztuk')]"
['lidocaine'],1502010J0AADADA,"[('0.5', '%'), ('0', 'mcg'), ('5000', 'mcg')]",[]
['lidocaine'],1502010J0AADBDB,"[('2', '%')]","[('2', 'sztuk')]"
['lidocaine'],1502010J0AADCDC,"[('2', '%')]","[('2', 'sztuk')]"
['lidocaine'],1502010J0AADDDD,"[('2', '%')]","[('20', 'sztuk')]"
['lidocaine'],1502010J0AADEDE,"[('1.8', '%')]","[('20', 'sztuk')]"
['lidocaine'],1502010J0AADFDF,"[('2', '%')]","[('2', 'sztuk')]"
['lidocaine'],1502010J0AADGDG,"[('2', '%')]","[('5', 'sztuk')]"
['lidocaine'],1502010J0AADHDH,"[('4', '%')]","[('5', 'sztuk')]"
['lidocaine'],1502010J0AADIDI,"[('100000', 'mcg')]",[]
['lidocaine'],1502010J0AADJDJ,"[('2', '%')]","[('10', 'sztuk')]"
['lidocaine'],1502010J0AADKDK,"[('1', '%')]","[('20', 'sztuk')]"
['lidocaine'],1502010J0AADLDL,"[('0.5', '%')]","[('10', 'sztuk')]"
['lidocaine'],1502010J0AADMDM,"[('5', '%')]","[('10', 'sztuk')]"
['lidocaine'],1502010J0AADNDN,"[('10', '%')]","[('5', 'sztuk')]"
['lidocaine'],1502010J0AADPDP,"[('20', '%'), ('200000', 'mcg')]","[('10', 'sztuk')]"
['lidocaine'],1502010J0AADQDQ,"[('100000', 'mcg')]",[]
['lidocaine'],1502010J0AADRDR,"[('40000', 'mcg')]",[]
['lidocaine'],1502010J0AADSDS,[],"[('50', 'sztuk')]"
['lidocaine'],1502010J0AADTDT,"[('5', '%'), ('0.5', '%')]","[('5', 'sztuk')]"
['lidocaine'],1502010J0AADUDU,"[('2', '%')]","[('5', 'sztuk')]"
['lidocaine'],1502010J0AADVDV,"[('0.1', '%')]",[]
['lidocaine'],1502010J0AADWDW,"[('0.5', '%')]",[]
['lidocaine'],1502010J0AADXDX,"[('0.2', '%')]",[]
['lidocaine'],1502010J0AADYDY,"[('1', '%')]",[]
['lidocaine'],1502010J0AADZDZ,"[('2.5', '%'), ('2.5', '%')]",[]
['lidocaine'],1502010J0AAEAEA,"[('4', '%')]","[('4', 'sztuk')]"
['lidocaine'],1502010J0AAEBEB,"[('2', '%')]","[('5', 'sztuk')]"
['lidocaine'],1502010J0AAECEC,"[('4', '%')]","[('50', 'sztuk')]"
['lidocaine'],1502010J0AAEDED,"[('1', '%')]","[('20', 'sztuk')]"
['lidocaine'],1502010J0AAEEEE,"[('0.5', '%')]",[]
['lidocaine'],1502010J0AAEFEF,"[('1', '%')]",[]
['lidocaine'],1502010J0AAEGEG,"[('0.5', '%')]","[('2', 'sztuk')]"
['lidocaine'],1502010J0AAEHEH,"[('2', '%')]","[('10', 'sztuk')]"
['lidocaine'],1502010J0AAEIEI,"[('2.5', '%'), ('2.5', '%')]",[]
['lidocaine'],1502010J0AAEJEJ,"[('2', '%')]","[('2', 'sztuk')]"
['lidocaine'],1502010J0AAEKEK,"[('600', 'mcg'), ('20', 'mcg')]",[]
['lidocaine'],1502010J0AAELEL,"[('5', '%')]",[]
['lidocaine'],1502010J0AAEMEM,"[('1', '%'), ('1', '%')]",[]
['lidocaine'],1502010J0AAENEN,"[('2', '%')]","[('8', 'sztuk')]"
['lidocaine'],1502010J0AAEPEP,"[('2', '%')]",[]
['lidocaine'],1502010J0AAEQEQ,"[('500', 'mcg'), ('25', 'mcg')]",[]
['lidocaine'],1502010J0AAERER,"[('1', '%')]","[('10', 'sztuk')]"
['lidocaine'],1502010J0AAESES,"[('10000', 'mcg'), ('100', 'mcg')]",[]
['lidocaine'],1502010J0AAETET,"[('5', '%'), ('0.15', '%')]",[]
['lidocaine'],1502010J0BBA1A3,"[('2', '%')]","[('20', 'sztuk')]"
['lidocaine'],1502010J0BBA2A4,"[('2', '%')]","[('50', 'sztuk')]"
['lidocaine'],1502010J0BBA3A7,"[('0.5', '%')]","[('20', 'sztuk')]"
['lidocaine'],1502010J0BBA5A9,"[('2', '%')]",[]
['lidocaine'],1502010J0BBABAB,"[('0.5', '%')]","[('20', 'sztuk')]"
['lidocaine'],1502010J0BBACAC,"[('0.5', '%')]","[('50', 'sztuk')]"
['lidocaine'],1502010J0BBAFAD,"[('1', '%')]","[('20', 'sztuk')]"
['lidocaine'],1502010J0BBAGAF,"[('1.5', '%')]","[('25', 'sztuk')]"
['lidocaine'],1502010J0BBAHAE,"[('1', '%')]","[('50', 'sztuk')]"
['lidocaine'],1502010J0BBAJAH,"[('2', '%')]","[('20', 'sztuk')]"
['lidocaine'],1502010J0BBAKAI,"[('2', '%')]","[('50', 'sztuk')]"
['lidocaine'],1502010J0BBALAP,"[('2', '%')]",[]
['lidocaine'],1502010J0BBAMAK,"[('4', '%')]",[]
['lidocaine'],1502010J0BBAPAJ,"[('2', '%')]",[]
['lidocaine'],1502010J0BBAUAW,"[('0.5', '%')]","[('50', 'sztuk')]"
['lidocaine'],1502010J0BBAVAX,"[('1', '%')]","[('10', 'sztuk')]"
['lidocaine'],1502010J0BBAXAY,"[('1', '%')]","[('20', 'sztuk')]"
['lidocaine'],1502010J0BBAYAZ,"[('1', '%')]","[('50', 'sztuk')]"
['lidocaine'],1502010J0BBAZA2,"[('2', '%')]","[('2', 'sztuk')]"
['lidocaine'],1502010J0BBBACF,"[('0.5', '%')]","[('10', 'sztuk')]"
['lidocaine'],1502010J0BBBBBU,"[('1', '%')]","[('2', 'sztuk')]"
['lidocaine'],1502010J0BBBCBW,"[('1', '%')]","[('10', 'sztuk')]"
['lidocaine'],1502010J0BBBDCB,"[('2', '%')]","[('5', 'sztuk')]"
['lidocaine'],1502010J0BBBEBE,"[('2', '%')]","[('2', 'sztuk')]"
['lidocaine'],1502010J0BBBFBD,"[('1', '%')]","[('5', 'sztuk')]"
['lidocaine'],1502010J0BBBGBU,"[('1', '%')]","[('2', 'sztuk')]"
['lidocaine'],1502010J0BBBHBD,"[('1', '%')]","[('5', 'sztuk')]"
['lidocaine'],1502010J0BBBICB,"[('2', '%')]","[('5', 'sztuk')]"
['lidocaine'],1502010J0BBBJBL,[],[]
['lidocaine'],1502010J0BBBKCQ,"[('2', '%')]",[]
['lidocaine'],1502010J0BBBLCR,"[('2', '%')]",[]
['lidocaine'],1502010J0BBBMCS,"[('2', '%')]",[]
['lidocaine'],1502010J0BBBNAG,"[('2', '%')]","[('2', 'sztuk')]"
['lidocaine'],1502010J0BCAAAG,"[('2', '%')]","[('2', 'sztuk')]"
['lidocaine'],1502010J0BCACA5,[],"[('2', 'sztuk')]"
['lidocaine'],1502010J0BCADA6,[],"[('2', 'sztuk')]"
['lidocaine'],1502010J0BCAECQ,"[('2', '%')]","[('2', 'sztuk')]"
['lidocaine'],1502010J0BDAABQ,[],"[('6', 'sztuk')]"
['lidocaine'],1502010J0BDABBR,[],"[('11', 'sztuk')]"
['lidocaine'],1502010J0BEAABY,"[('5', '%')]",[]
['lidocaine'],1502010J0BEABBZ,"[('5', '%')]",[]
['lidocaine'],1502010J0BEACDZ,"[('5', '%')]",[]
['lidocaine'],1502010J0BEADEI,"[('5', '%')]",[]
"['adrenaline', 'lidocaine']",1502010J0BFAADA,"[('0.5', '%'), ('200000000', 'mcg'), ('5000', 'mcg')]",[]
"['adrenaline', 'lidocaine']",1502010J0BGAACQ,"[('2', '%')]","[('2', 'sztuk')]"
['lidocaine'],1502010J0BIAACQ,"[('2', '%')]","[('2', 'sztuk')]"
['lidocaine'],1502010J0BJAACQ,"[('2', '%')]","[('2', 'sztuk')]"
['lidocaine'],1502010J0BKAAEA,"[('4', '%')]","[('4', 'sztuk')]"
['lidocaine'],1502010J0BLAABE,"[('2', '%')]","[('2', 'sztuk')]"
['lidocaine'],1502010J0BLABCB,"[('2', '%')]","[('5', 'sztuk')]"
['lidocaine'],1502010J0BLACBU,"[('1', '%')]","[('2', 'sztuk')]"
['lidocaine'],1502010J0BLADBD,"[('1', '%')]","[('5', 'sztuk')]"
['lidocaine'],1502010J0BLAEBW,"[('1', '%')]","[('10', 'sztuk')]"
['lidocaine'],1502010J0BMAADS,[],"[('50', 'sztuk')]"
['lidocaine'],1502010J0BNAACE,"[('2', '%')]","[('10', 'sztuk')]"
['lidocaine'],1502010J0BNABBD,"[('1', '%')]","[('5', 'sztuk')]"
['lidocaine'],1502010J0BNACCB,"[('2', '%')]","[('5', 'sztuk')]"
['lidocaine'],1502010J0BNADBE,"[('2', '%')]","[('2', 'sztuk')]"
['lidocaine'],1502010J0BNAECJ,"[('1', '%')]","[('20', 'sztuk')]"
['lidocaine'],1502010J0BNAFBW,"[('1', '%')]","[('10', 'sztuk')]"
['lidocaine'],1502010J0BNAGBU,"[('1', '%')]","[('2', 'sztuk')]"
['lidocaine'],1502010J0BNAHCU,"[('2', '%')]","[('20', 'sztuk')]"
['lidocaine'],1502010J0BNAICB,"[('2', '%')]","[('5', 'sztuk')]"
['lidocaine'],1502010J0BNAJBW,"[('1', '%')]","[('10', 'sztuk')]"
['lidocaine'],1502010J0BNAKBD,"[('1', '%')]","[('5', 'sztuk')]"
['lidocaine'],1502010J0BQAACQ,"[('2', '%')]","[('2', 'sztuk')]"
['lidocaine'],1502010J0BRAAEK,[],"[('90', 'days')]"
['lidocaine'],1502010J0BSAAEL,"[('700000', 'mcg')]",[]
['lidocaine'],1502010J0BTAACQ,"[('2', '%')]","[('2', 'sztuk')]"
['lidocaine'],1502010J0BTABEN,"[('2', '%')]","[('8', 'sztuk')]"
['lidocaine'],1502010J0BUAABY,"[('5', '%')]",[]
['lidocaine'],1502010J0BVAAEQ,[],[]
['lidocaine'],1502010J0BWAAEL,"[('700000', 'mcg')]",[]
['lidocaine'],1502010J0BXAABY,"[('5', '%')]",[]
['lidocaine'],1502010J0BYAAES,"[('10', '%'), ('36000000', 'mcg')]",[]
['lidocaine'],1502010J0BYABET,"[('5', '%')]",[]
['lidocaine'],1502010J0BZAAEQ,[],[]
['adrenaline'],1502010W0AAAAAA,"[('88000', 'mcg')]",[]
['adrenaline'],1502010W0BBAAAA,"[('0', 'mcg'), ('2200', 'mcg')]",[]
['lidocaine'],1502010Y0AAAAAA,"[('70000', 'mcg'), ('70000', 'mcg')]",[]
['lidocaine'],1502010Y0AAABAB,"[('70000', 'mcg'), ('70000', 'mcg')]",[]
['lidocaine'],1502010Y0BBAAAA,"[('70000', 'mcg'), ('70000', 'mcg')]",[]
['lidocaine'],1502010Y0BCAAAB,"[('70000', 'mcg'), ('70000', 'mcg')]",[]
['fentanyl'],1502010Z0AAAAAA,"[('100000', 'mcg'), ('200', 'mcg')]",[]
['fentanyl'],1502010Z0AAABAB,"[('250000', 'mcg'), ('500', 'mcg')]",[]
['fentanyl'],1502010Z0AAACAC,"[('500000', 'mcg'), ('1000', 'mcg')]",[]
['fentanyl'],1502010Z0BBAAAB,"[('250000', 'mcg'), ('500', 'mcg')]",[]
['fentanyl'],1502010Z0BBABAC,"[('500000', 'mcg'), ('1000', 'mcg')]",[]
['naloxone'],1902070Q0AAAAAA,"[('400', 'mcg')]","[('1', 'sztuk')]"
['naloxone'],1902070Q0AAABAB,"[('400', 'mcg')]","[('10', 'sztuk')]"
['naloxone'],1902070Q0AAACAC,"[('1000', 'mcg')]","[('2', 'sztuk')]"
['naloxone'],1902070Q0AAADAD,"[('400', 'mcg')]","[('1', 'sztuk')]"
['naloxone'],1902070Q0AAAEAE,"[('400', 'mcg')]","[('1', 'sztuk')]"
['naloxone'],1902070Q0AAAFAF,"[('1000', 'mcg')]","[('2', 'sztuk')]"
['naloxone'],1902070Q0AAAGAG,"[('400', 'mcg')]","[('5', 'sztuk')]"
['naloxone'],1902070Q0AAAHAH,"[('400', 'mcg')]","[('2', 'sztuk')]"
['naloxone'],1902070Q0AAAIAI,"[('1800', 'mcg')]",[]
['naloxone'],1902070Q0BBAAAA,"[('400', 'mcg')]","[('1', 'sztuk')]"
['naloxone'],1902070Q0BBABAB,"[('400', 'mcg')]","[('10', 'sztuk')]"
['naloxone'],1902070Q0BBACAC,"[('1000', 'mcg')]","[('2', 'sztuk')]"
['naloxone'],1902070Q0BBADAD,"[('400', 'mcg')]",[]
['naloxone'],1902070Q0BCAAAD,"[('400', 'mcg')]",[]
['naloxone'],1902070Q0BCABAH,"[('800', 'mcg')]",[]
['naloxone'],1902070Q0BCACAG,"[('2000', 'mcg')]",[]
['naloxone'],1902070Q0BDAAAF,"[('1000', 'mcg')]","[('2', 'sztuk')]"
['naloxone'],1902070Q0BEAAAI,"[('1800', 'mcg')]",[]
