substance,code,doses,quantities
['hyoscine'],a47..,[],[]
['hyoscine'],a471.,"[('10000', 'mcg')]",[]
['hyoscine'],a472.,"[('20000', 'mcg')]",[]
['hyoscine'],a473.,"[('10000', 'mcg')]",[]
['hyoscine'],a474.,"[('10000', 'mcg')]",[]
['hyoscine'],a47y.,"[('10000', 'mcg')]",[]
['hyoscine'],a47z.,"[('20000', 'mcg')]",[]
['domperidone'],a4g..,[],[]
['metoclopramide'],a4h..,[],[]
['phenobarbital'],a517.,[],[]
['codeine'],a81..,[],[]
['codeine'],a811.,"[('15000', 'mcg')]",[]
['codeine'],a812.,"[('30000', 'mcg')]",[]
['codeine'],a813.,"[('60000', 'mcg')]",[]
['codeine'],a814.,[],[]
['codeine'],a815.,[],[]
['morphine'],a84..,[],[]
['morphine'],a842.,[],[]
['colestyramine'],aa2..,[],[]
['colestyramine'],aa21.,"[('4000000', 'mcg')]",[]
['colestyramine'],aa2z.,"[('4000000', 'mcg')]",[]
['lidocaine'],ah16.,"[('25000000', 'mcg')]",[]
['lidocaine'],ah17.,[],[]
['lidocaine'],ah1A.,"[('25000000', 'mcg')]",[]
['lidocaine'],ah1b.,[],[]
['lidocaine'],ah1B.,"[('25000000', 'mcg')]",[]
['lidocaine'],ah1c.,[],[]
['lidocaine'],ah1C.,"[('50000000', 'mcg')]",[]
['lidocaine'],ah1D.,[],[]
['lidocaine'],ah1E.,[],"[('30', 'sztuk')]"
['lidocaine'],ah1j.,"[('55000000', 'mcg')]",[]
['lidocaine'],ah1k.,[],[]
['lidocaine'],ah1l.,"[('50000000', 'mcg')]",[]
['glyceryl_trinitrate'],ak2..,[],[]
['glyceryl_trinitrate'],ak21.,"[('0.2', '%')]",[]
['glyceryl_trinitrate'],ak22.,"[('0.4', '%'), ('30000000', 'mcg')]",[]
['glyceryl_trinitrate'],ak2z.,"[('0.4', '%')]",[]
['orlistat'],aw1..,[],[]
['orlistat'],aw11.,"[('120000', 'mcg')]",[]
['orlistat'],aw12.,"[('120000', 'mcg')]",[]
['orlistat'],aw13.,"[('60000', 'mcg')]",[]
['orlistat'],aw14.,"[('60000', 'mcg')]",[]
['orlistat'],aw15.,"[('27000', 'mcg')]",[]
['orlistat'],aw16.,"[('27000', 'mcg')]",[]
['orlistat'],aw17.,"[('120000', 'mcg')]",[]
['digoxin'],b11..,[],[]
['digoxin'],b111.,"[('62', 'mcg')]",[]
['digoxin'],b112.,"[('125', 'mcg')]",[]
['digoxin'],b113.,"[('250', 'mcg')]",[]
['digoxin'],b114.,"[('100', 'mcg')]",[]
['digoxin'],b115.,"[('125', 'mcg')]",[]
['digoxin'],b116.,"[('250', 'mcg')]",[]
['digoxin'],b117.,"[('500', 'mcg')]",[]
['digoxin'],b118.,"[('62', 'mcg')]",[]
['digoxin'],b119.,"[('50', 'mcg')]",[]
['digoxin'],b11A.,"[('50', 'mcg')]",[]
['digoxin'],b11B.,"[('500', 'mcg')]",[]
['digoxin'],b11C.,"[('62', 'mcg')]",[]
['digoxin'],b11D.,"[('125', 'mcg')]",[]
['digoxin'],b11E.,"[('250', 'mcg')]",[]
['digoxin'],b16..,[],[]
['digoxin'],b161.,"[('38000', 'mcg')]",[]
['digoxin'],b162.,"[('38000', 'mcg')]",[]
['digoxin'],b163.,"[('40000', 'mcg')]",[]
['digoxin'],b164.,"[('40000', 'mcg')]",[]
['bendroflumethiazide'],b21..,[],[]
['bendroflumethiazide'],b211.,"[('2500', 'mcg')]",[]
['bendroflumethiazide'],b212.,"[('5000', 'mcg')]",[]
['bendroflumethiazide'],b213.,"[('2500', 'mcg')]",[]
['bendroflumethiazide'],b214.,"[('5000', 'mcg')]",[]
['bendroflumethiazide'],b215.,"[('2500', 'mcg')]",[]
['bendroflumethiazide'],b216.,"[('5000', 'mcg')]",[]
['bendroflumethiazide'],b217.,"[('2500', 'mcg')]",[]
['bendroflumethiazide'],b218.,"[('5000', 'mcg')]",[]
['bendroflumethiazide'],b219.,"[('5000', 'mcg')]",[]
['bendroflumethiazide'],b21a.,"[('5000', 'mcg')]",[]
['bendroflumethiazide'],b21A.,"[('2500', 'mcg')]",[]
['bendroflumethiazide'],b21b.,"[('2500', 'mcg')]",[]
['bendroflumethiazide'],b21B.,"[('5000', 'mcg')]",[]
['chlorothiazide'],b22..,[],[]
['chlorothiazide'],b221.,"[('500000', 'mcg')]",[]
['chlorothiazide'],b222.,"[('250000', 'mcg')]",[]
['chlorothiazide'],b22y.,"[('250000', 'mcg')]",[]
['chlorothiazide'],b22z.,"[('500000', 'mcg')]",[]
['chlortalidone'],b23..,[],[]
['chlortalidone'],b231.,"[('50000', 'mcg')]",[]
['chlortalidone'],b232.,"[('100000', 'mcg')]",[]
['chlortalidone'],b23y.,"[('50000', 'mcg')]",[]
['chlortalidone'],b23z.,"[('100000', 'mcg')]",[]
['hydrochlorothiazide'],b26..,[],[]
['hydrochlorothiazide'],b261.,"[('25000', 'mcg')]",[]
['hydrochlorothiazide'],b262.,"[('50000', 'mcg')]",[]
['hydrochlorothiazide'],b263.,"[('25000', 'mcg')]",[]
['hydrochlorothiazide'],b264.,"[('50000', 'mcg')]",[]
['hydrochlorothiazide'],b26y.,"[('50000', 'mcg')]",[]
['hydrochlorothiazide'],b26z.,"[('25000', 'mcg')]",[]
['hydroflumethiazide'],b27..,[],[]
['hydroflumethiazide'],b271.,"[('50000', 'mcg')]",[]
['hydroflumethiazide'],b27z.,"[('50000', 'mcg')]",[]
['indapamide'],b28..,[],[]
['indapamide'],b281.,"[('2500', 'mcg')]",[]
['indapamide'],b283.,"[('2500', 'mcg')]",[]
['indapamide'],b284.,"[('2500', 'mcg')]",[]
['indapamide'],b285.,"[('1500', 'mcg')]",[]
['indapamide'],b286.,"[('1500', 'mcg')]",[]
['indapamide'],b287.,"[('1500', 'mcg')]",[]
['indapamide'],b288.,"[('1500', 'mcg')]",[]
['indapamide'],b289.,"[('1500', 'mcg')]",[]
['indapamide'],b28z.,"[('2500', 'mcg')]",[]
['metolazone'],b2b..,[],[]
['metolazone'],b2b1.,"[('5000', 'mcg')]",[]
['metolazone'],b2b2.,"[('500', 'mcg')]",[]
['metolazone'],b2b3.,"[('500', 'mcg')]",[]
['metolazone'],b2bz.,"[('5000', 'mcg')]",[]
['xipamide'],b2d..,[],[]
['xipamide'],b2d1.,"[('20000', 'mcg')]",[]
['xipamide'],b2dz.,"[('20000', 'mcg')]",[]
['furosemide'],b31..,[],[]
['furosemide'],b311.,"[('20000', 'mcg')]",[]
['furosemide'],b312.,"[('40000', 'mcg')]",[]
['furosemide'],b313.,"[('500000', 'mcg')]",[]
['furosemide'],b314.,"[('20000', 'mcg')]",[]
['furosemide'],b315.,"[('40000', 'mcg')]",[]
['furosemide'],b316.,"[('500000', 'mcg')]",[]
['furosemide'],b317.,"[('40000', 'mcg')]",[]
['furosemide'],b318.,"[('20000', 'mcg')]",[]
['furosemide'],b319.,"[('50000', 'mcg')]",[]
['furosemide'],b31a.,"[('40000', 'mcg')]",[]
['furosemide'],b31A.,"[('250000', 'mcg')]",[]
['furosemide'],b31b.,"[('500000', 'mcg')]",[]
['furosemide'],b31B.,"[('80000', 'mcg')]",[]
['furosemide'],b31c.,"[('20000', 'mcg')]",[]
['furosemide'],b31C.,"[('80000', 'mcg')]",[]
['furosemide'],b31d.,"[('50000', 'mcg')]",[]
['furosemide'],b31D.,"[('250000', 'mcg')]",[]
['furosemide'],b31e.,"[('250000', 'mcg')]",[]
['furosemide'],b31E.,"[('40000', 'mcg')]",[]
['furosemide'],b31f.,"[('40000', 'mcg')]",[]
['furosemide'],b31F.,"[('20000', 'mcg')]",[]
['furosemide'],b31g.,"[('40000', 'mcg')]",[]
['furosemide'],b31G.,"[('40000', 'mcg')]",[]
['furosemide'],b31h.,"[('20000', 'mcg')]",[]
['furosemide'],b31H.,"[('50000', 'mcg')]",[]
['furosemide'],b31i.,"[('40000', 'mcg')]",[]
['furosemide'],b31j.,"[('500000', 'mcg')]",[]
['furosemide'],b31k.,"[('1000', 'mcg')]",[]
['furosemide'],b31l.,"[('20000', 'mcg')]",[]
['furosemide'],b31m.,"[('50000', 'mcg')]",[]
['furosemide'],b31n.,"[('250000', 'mcg')]",[]
['furosemide'],b31o.,"[('40000', 'mcg')]",[]
['furosemide'],b31p.,"[('20000', 'mcg')]",[]
['furosemide'],b31q.,"[('40000', 'mcg')]",[]
['furosemide'],b31r.,"[('20000', 'mcg')]",[]
['furosemide'],b31s.,"[('40000', 'mcg')]",[]
['furosemide'],b31t.,"[('50000', 'mcg')]",[]
['furosemide'],b31u.,"[('50000', 'mcg')]",[]
['furosemide'],b31x.,"[('1000', 'mcg')]",[]
['furosemide'],b31y.,"[('20000', 'mcg')]",[]
['furosemide'],b31z.,"[('250000', 'mcg')]",[]
['bumetanide'],b32..,[],[]
['bumetanide'],b327.,"[('1000', 'mcg')]",[]
['bumetanide'],b328.,"[('5000', 'mcg')]",[]
['bumetanide'],b32u.,"[('1000', 'mcg')]",[]
['bumetanide'],b32v.,"[('5000', 'mcg')]",[]
['bumetanide'],b32w.,"[('1000', 'mcg')]",[]
['bumetanide'],b32x.,"[('1000', 'mcg')]",[]
['bumetanide'],b32y.,"[('2000', 'mcg')]",[]
['bumetanide'],b32z.,"[('5000', 'mcg')]",[]
['torasemide'],b35..,[],[]
['torasemide'],b351.,"[('2500', 'mcg')]",[]
['torasemide'],b352.,"[('5000', 'mcg')]",[]
['torasemide'],b353.,"[('10000', 'mcg')]",[]
['torasemide'],b354.,"[('10000', 'mcg')]",[]
['torasemide'],b355.,"[('20000', 'mcg')]",[]
['torasemide'],b356.,"[('2500', 'mcg')]",[]
['torasemide'],b357.,"[('5000', 'mcg')]",[]
['torasemide'],b358.,"[('10000', 'mcg')]",[]
['torasemide'],b359.,"[('10000', 'mcg')]",[]
['torasemide'],b35A.,"[('20000', 'mcg')]",[]
['amiloride'],b41..,[],[]
['amiloride'],b411.,"[('5000', 'mcg')]",[]
['amiloride'],b412.,"[('5000', 'mcg')]",[]
['amiloride'],b413.,"[('5000', 'mcg')]",[]
['amiloride'],b414.,"[('5000', 'mcg')]",[]
['amiloride'],b415.,"[('5000', 'mcg')]",[]
['amiloride'],b41z.,"[('5000', 'mcg')]",[]
['spironolactone'],b421.,"[('200000', 'mcg')]",[]
['spironolactone'],b43..,[],[]
['spironolactone'],b431.,"[('25000', 'mcg')]",[]
['spironolactone'],b432.,"[('50000', 'mcg')]",[]
['spironolactone'],b433.,"[('100000', 'mcg')]",[]
['spironolactone'],b434.,"[('25000', 'mcg')]",[]
['spironolactone'],b435.,"[('50000', 'mcg')]",[]
['spironolactone'],b436.,"[('100000', 'mcg')]",[]
['spironolactone'],b437.,"[('50000', 'mcg')]",[]
['spironolactone'],b438.,"[('25000', 'mcg')]",[]
['spironolactone'],b439.,"[('100000', 'mcg')]",[]
['spironolactone'],b43a.,"[('25000', 'mcg')]",[]
['spironolactone'],b43A.,"[('25000', 'mcg')]",[]
['spironolactone'],b43b.,"[('100000', 'mcg')]",[]
['spironolactone'],b43c.,"[('25000', 'mcg')]",[]
['spironolactone'],b43d.,"[('50000', 'mcg')]",[]
['spironolactone'],b43e.,"[('100000', 'mcg')]",[]
['spironolactone'],b43f.,"[('25000', 'mcg')]",[]
['spironolactone'],b43g.,"[('50000', 'mcg')]",[]
['spironolactone'],b43h.,"[('100000', 'mcg')]",[]
['spironolactone'],b43i.,"[('50000', 'mcg')]",[]
['spironolactone'],b43j.,"[('100000', 'mcg')]",[]
['spironolactone'],b43k.,"[('5000', 'mcg')]",[]
['spironolactone'],b43l.,"[('10000', 'mcg')]",[]
['spironolactone'],b43m.,"[('25000', 'mcg')]",[]
['spironolactone'],b43n.,"[('50000', 'mcg')]",[]
['spironolactone'],b43z.,"[('100000', 'mcg')]",[]
['triamterene'],b44..,[],[]
['triamterene'],b441.,"[('50000', 'mcg')]",[]
['triamterene'],b44z.,"[('50000', 'mcg')]",[]
['eplerenone'],b45..,[],[]
['eplerenone'],b451.,"[('25000', 'mcg')]",[]
['eplerenone'],b452.,"[('50000', 'mcg')]",[]
['eplerenone'],b45y.,"[('50000', 'mcg')]",[]
['eplerenone'],b45z.,"[('25000', 'mcg')]",[]
"['hydroflumethiazide', 'spironolactone']",b511.,[],"[('25', 'sztuk')]"
"['hydroflumethiazide', 'spironolactone']",b512.,[],"[('50', 'sztuk')]"
"['hydrochlorothiazide', 'triamterene']",b514.,[],[]
['triamterene'],b515.,[],[]
"['amiloride', 'furosemide']",b516.,"[('40000', 'mcg'), ('5000', 'mcg')]",[]
"['furosemide', 'triamterene']",b517.,[],[]
"['chlortalidone', 'triamterene']",b518.,[],[]
"['furosemide', 'spironolactone']",b519.,[],[]
"['amiloride', 'hydrochlorothiazide']",b51a.,[],"[('25', 'sztuk')]"
"['hydrochlorothiazide', 'triamterene']",b51A.,"[('50000', 'mcg'), ('25000', 'mcg')]",[]
"['amiloride', 'hydrochlorothiazide']",b51b.,[],[]
"['amiloride', 'furosemide']",b51B.,"[('40000', 'mcg'), ('5000', 'mcg')]",[]
"['amiloride', 'hydrochlorothiazide']",b51c.,[],[]
['amiloride'],b51C.,"[('2500', 'mcg'), ('250', 'mcg')]",[]
"['amiloride', 'hydrochlorothiazide']",b51d.,[],[]
"['amiloride', 'bumetanide']",b51D.,"[('5000', 'mcg'), ('1000', 'mcg')]",[]
"['amiloride', 'hydrochlorothiazide']",b51e.,[],[]
['triamterene'],b51E.,"[('50000', 'mcg'), ('25000', 'mcg')]",[]
"['chlortalidone', 'triamterene']",b51F.,"[('50000', 'mcg'), ('25000', 'mcg')]",[]
"['amiloride', 'hydrochlorothiazide']",b51g.,[],"[('50', 'sztuk')]"
"['chlortalidone', 'triamterene']",b51G.,"[('50000', 'mcg'), ('50000', 'mcg')]",[]
"['amiloride', 'furosemide']",b51h.,[],[]
"['furosemide', 'triamterene']",b51H.,"[('50000', 'mcg'), ('40000', 'mcg')]",[]
"['amiloride', 'furosemide']",b51i.,[],[]
"['amiloride', 'hydrochlorothiazide']",b51j.,"[('2500', 'mcg'), ('25000', 'mcg')]",[]
"['furosemide', 'spironolactone']",b51J.,"[('50000', 'mcg'), ('20000', 'mcg')]",[]
"['amiloride', 'hydrochlorothiazide']",b51k.,"[('5000', 'mcg'), ('50000', 'mcg')]",[]
"['amiloride', 'hydrochlorothiazide']",b51K.,[],[]
"['amiloride', 'hydrochlorothiazide']",b51l.,"[('5000', 'mcg'), ('50000', 'mcg')]",[]
"['amiloride', 'furosemide']",b51L.,"[('2500', 'mcg'), ('20000', 'mcg')]",[]
"['amiloride', 'hydrochlorothiazide']",b51m.,"[('5000', 'mcg'), ('50000', 'mcg')]",[]
"['amiloride', 'furosemide']",b51M.,"[('5000', 'mcg'), ('40000', 'mcg')]",[]
"['furosemide', 'triamterene']",b51n.,[],[]
"['amiloride', 'furosemide']",b51N.,"[('10000', 'mcg'), ('80000', 'mcg')]",[]
"['amiloride', 'furosemide']",b51o.,"[('20000', 'mcg'), ('2500', 'mcg')]",[]
"['hydroflumethiazide', 'spironolactone']",b51O.,"[('25000', 'mcg')]",[]
"['hydroflumethiazide', 'spironolactone']",b51p.,[],"[('25', 'sztuk')]"
"['hydroflumethiazide', 'spironolactone']",b51P.,"[('50000', 'mcg')]",[]
"['hydroflumethiazide', 'spironolactone']",b51q.,[],"[('50', 'sztuk')]"
"['amiloride', 'hydrochlorothiazide']",b51Q.,"[('5000', 'mcg'), ('50000', 'mcg')]",[]
['amiloride'],b51r.,"[('2500', 'mcg'), ('250', 'mcg')]",[]
"['amiloride', 'furosemide']",b51R.,"[('5000', 'mcg'), ('40000', 'mcg')]",[]
"['amiloride', 'hydrochlorothiazide']",b51s.,"[('5000', 'mcg'), ('50000', 'mcg')]",[]
"['amiloride', 'furosemide']",b51S.,"[('5000', 'mcg'), ('40000', 'mcg')]",[]
['amiloride'],b51t.,[],[]
"['amiloride', 'furosemide']",b51T.,"[('5000', 'mcg'), ('40000', 'mcg')]",[]
"['amiloride', 'furosemide']",b51u.,"[('80000', 'mcg'), ('10000', 'mcg')]",[]
"['chlortalidone', 'triamterene']",b51w.,[],[]
"['amiloride', 'furosemide']",b51x.,"[('2500', 'mcg'), ('20000', 'mcg')]",[]
"['amiloride', 'furosemide']",b51y.,"[('5000', 'mcg'), ('40000', 'mcg')]",[]
"['amiloride', 'furosemide']",b51z.,"[('10000', 'mcg'), ('80000', 'mcg')]",[]
['bumetanide'],b912.,[],[]
['bendroflumethiazide'],b913.,[],[]
['furosemide'],b914.,[],[]
['hydrochlorothiazide'],b915.,[],[]
['chlortalidone'],b916.,[],[]
['furosemide'],b917.,[],[]
['furosemide'],b918.,[],[]
['bendroflumethiazide'],b91a.,[],[]
['bumetanide'],b91b.,"[('500', 'mcg')]",[]
['bendroflumethiazide'],b91c.,"[('2500', 'mcg')]",[]
['furosemide'],b91d.,"[('40000', 'mcg')]",[]
['chlortalidone'],b91e.,"[('25000', 'mcg')]",[]
['furosemide'],b91f.,"[('20000', 'mcg')]",[]
['furosemide'],b91g.,"[('40000', 'mcg')]",[]
['bendroflumethiazide'],b91h.,"[('2500', 'mcg')]",[]
"['felodipine', 'ramipril']",bA1..,[],[]
"['felodipine', 'ramipril']",bA11.,"[('2500', 'mcg'), ('2500', 'mcg')]",[]
"['felodipine', 'ramipril']",bA12.,"[('5000', 'mcg'), ('5000', 'mcg')]",[]
"['felodipine', 'ramipril']",bA1y.,"[('2500', 'mcg'), ('2500', 'mcg')]",[]
"['felodipine', 'ramipril']",bA1z.,"[('5000', 'mcg'), ('5000', 'mcg')]",[]
['amiodarone'],bb1..,[],[]
['ivabradine'],bB1..,[],[]
['amiodarone'],bb11.,"[('100000', 'mcg')]","[('100000', 'sztuk')]"
['ivabradine'],bB11.,"[('5000', 'mcg')]",[]
['amiodarone'],bb12.,"[('200000', 'mcg')]","[('200000', 'sztuk')]"
['ivabradine'],bB12.,"[('7500', 'mcg')]",[]
['amiodarone'],bb13.,"[('150000', 'mcg')]","[('150000', 'sztuk')]"
['amiodarone'],bb14.,"[('100000', 'mcg')]",[]
['amiodarone'],bb15.,"[('200000', 'mcg')]",[]
['amiodarone'],bb16.,"[('100000', 'mcg')]",[]
['amiodarone'],bb17.,"[('200000', 'mcg')]",[]
['amiodarone'],bb18.,"[('30000', 'mcg')]","[('10', 'sztuk')]"
['amiodarone'],bb1w.,"[('300000', 'mcg')]",[]
['amiodarone'],bb1x.,"[('100000', 'mcg')]",[]
['amiodarone'],bb1y.,"[('200000', 'mcg')]",[]
['ivabradine'],bB1y.,"[('7500', 'mcg')]",[]
['amiodarone'],bb1z.,"[('150000', 'mcg')]",[]
['ivabradine'],bB1z.,"[('5000', 'mcg')]",[]
['verapamil'],bb3..,[],[]
['verapamil'],bb31.,"[('40000', 'mcg')]",[]
['verapamil'],bb32.,"[('80000', 'mcg')]",[]
['verapamil'],bb33.,"[('120000', 'mcg')]",[]
['verapamil'],bb34.,"[('40000', 'mcg')]",[]
['verapamil'],bb35.,"[('80000', 'mcg')]",[]
['verapamil'],bb36.,"[('120000', 'mcg')]",[]
['verapamil'],bb37.,"[('160000', 'mcg')]",[]
['verapamil'],bb38.,"[('40000', 'mcg')]",[]
['verapamil'],bb39.,"[('80000', 'mcg')]",[]
['verapamil'],bb3a.,"[('120000', 'mcg')]",[]
['verapamil'],bb3A.,"[('240000', 'mcg')]",[]
['verapamil'],bb3b.,"[('160000', 'mcg')]",[]
['verapamil'],bb3B.,"[('120000', 'mcg')]",[]
['verapamil'],bb3c.,"[('5000', 'mcg')]",[]
['verapamil'],bb3C.,"[('120000', 'mcg')]",[]
['verapamil'],bb3d.,"[('40000', 'mcg')]",[]
['verapamil'],bb3D.,"[('40000', 'mcg')]",[]
['verapamil'],bb3e.,"[('80000', 'mcg')]",[]
['verapamil'],bb3E.,"[('5000', 'mcg')]",[]
['verapamil'],bb3f.,"[('120000', 'mcg')]",[]
['verapamil'],bb3F.,"[('120000', 'mcg')]",[]
['verapamil'],bb3g.,"[('120000', 'mcg')]",[]
['verapamil'],bb3h.,"[('160000', 'mcg')]",[]
['verapamil'],bb3i.,"[('160000', 'mcg')]",[]
['verapamil'],bb3j.,"[('240000', 'mcg')]",[]
['verapamil'],bb3k.,"[('240000', 'mcg')]",[]
['verapamil'],bb3K.,[],[]
['verapamil'],bb3l.,"[('120000', 'mcg')]","[('28', 'sztuk')]"
['verapamil'],bb3L.,[],[]
['verapamil'],bb3m.,"[('180000', 'mcg')]","[('56', 'sztuk')]"
['verapamil'],bb3M.,[],[]
['verapamil'],bb3n.,"[('240000', 'mcg')]","[('28', 'sztuk')]"
['verapamil'],bb3N.,"[('40000', 'mcg')]",[]
['verapamil'],bb3o.,"[('5000', 'mcg')]",[]
['verapamil'],bb3O.,"[('240000', 'mcg')]",[]
['verapamil'],bb3p.,"[('40000', 'mcg')]",[]
['verapamil'],bb3P.,"[('240000', 'mcg')]",[]
['verapamil'],bb3q.,"[('80000', 'mcg')]",[]
['verapamil'],bb3Q.,"[('120000', 'mcg')]",[]
['verapamil'],bb3r.,"[('120000', 'mcg')]",[]
['verapamil'],bb3s.,[],[]
['verapamil'],bb3t.,"[('5000', 'mcg')]",[]
['verapamil'],bb3v.,"[('120000', 'mcg')]",[]
['verapamil'],bb3w.,"[('160000', 'mcg')]",[]
['verapamil'],bb3y.,"[('240000', 'mcg')]",[]
['verapamil'],bb3z.,"[('180000', 'mcg')]",[]
['dronedarone'],bb4..,[],[]
['dronedarone'],bb41.,"[('400000', 'mcg')]",[]
['dronedarone'],bb4z.,"[('400000', 'mcg')]",[]
['disopyramide'],bc2..,[],[]
['disopyramide'],bc21.,"[('100000', 'mcg')]",[]
['disopyramide'],bc22.,"[('150000', 'mcg')]",[]
['disopyramide'],bc23.,"[('150000', 'mcg')]",[]
['disopyramide'],bc24.,"[('100000', 'mcg')]",[]
['disopyramide'],bc25.,"[('150000', 'mcg')]",[]
['disopyramide'],bc26.,"[('50000', 'mcg')]",[]
['disopyramide'],bc27.,"[('250000', 'mcg')]",[]
['disopyramide'],bc28.,"[('100000', 'mcg')]",[]
['disopyramide'],bc29.,"[('250000', 'mcg')]",[]
['disopyramide'],bc2a.,"[('250000', 'mcg')]",[]
['disopyramide'],bc2w.,"[('150000', 'mcg')]",[]
['disopyramide'],bc2y.,"[('50000', 'mcg')]",[]
['disopyramide'],bc2z.,"[('250000', 'mcg')]",[]
['flecainide'],bc3..,[],[]
['flecainide'],bc31.,"[('100000', 'mcg')]",[]
['flecainide'],bc32.,"[('150000', 'mcg')]",[]
['flecainide'],bc33.,"[('50000', 'mcg')]",[]
['flecainide'],bc34.,"[('200000', 'mcg')]",[]
['flecainide'],bc3w.,"[('200000', 'mcg')]",[]
['flecainide'],bc3x.,"[('50000', 'mcg')]",[]
['flecainide'],bc3y.,"[('100000', 'mcg')]",[]
['flecainide'],bc3z.,"[('150000', 'mcg')]",[]
['lidocaine'],bc4..,[],[]
['lidocaine'],bc41.,"[('0.1', '%')]","[('500', 'sztuk')]"
['lidocaine'],bc42.,"[('0.1', '%')]",[]
['lidocaine'],bc43.,"[('0.2', '%')]","[('500', 'sztuk')]"
['lidocaine'],bc44.,"[('0.2', '%')]",[]
['lidocaine'],bc45.,"[('100000', 'mcg')]",[]
['lidocaine'],bc46.,"[('1000000', 'mcg')]","[('5', 'sztuk')]"
['lidocaine'],bc47.,"[('2000000', 'mcg')]","[('10', 'sztuk')]"
['lidocaine'],bc48.,"[('1', '%')]","[('10', 'sztuk')]"
['lidocaine'],bc49.,"[('2', '%')]","[('5', 'sztuk')]"
['lidocaine'],bc4a.,"[('20', '%')]","[('5', 'sztuk')]"
['lidocaine'],bc4b.,"[('1000000', 'mcg')]","[('5', 'sztuk')]"
['lidocaine'],bc4c.,"[('2000000', 'mcg')]","[('10', 'sztuk')]"
['lidocaine'],bc4d.,"[('100000', 'mcg')]",[]
['lidocaine'],bc4e.,"[('100000', 'mcg')]",[]
['mexiletine'],bc5..,[],[]
['mexiletine'],bc51.,"[('50000', 'mcg')]",[]
['mexiletine'],bc52.,"[('200000', 'mcg')]",[]
['mexiletine'],bc53.,"[('250000', 'mcg')]",[]
['mexiletine'],bc54.,"[('360000', 'mcg')]",[]
['mexiletine'],bc5w.,"[('50000', 'mcg')]",[]
['mexiletine'],bc5x.,"[('200000', 'mcg')]",[]
['mexiletine'],bc5y.,"[('250000', 'mcg')]",[]
['mexiletine'],bc5z.,"[('360000', 'mcg')]",[]
['phenytoin'],bc6..,[],[]
['phenytoin'],bc61.,"[('250000', 'mcg')]",[]
['phenytoin'],bc62.,"[('250000', 'mcg')]",[]
['quinidine'],bc9..,[],[]
['quinidine'],bc91.,"[('200000', 'mcg')]",[]
['quinidine'],bc92.,"[('300000', 'mcg')]",[]
['quinidine'],bc93.,"[('250000', 'mcg')]",[]
['quinidine'],bc95.,"[('200000', 'mcg')]",[]
['quinidine'],bc9w.,"[('200000', 'mcg')]",[]
['quinidine'],bc9x.,"[('300000', 'mcg')]",[]
['quinidine'],bc9y.,"[('250000', 'mcg')]",[]
['quinidine'],bc9z.,"[('250000', 'mcg')]",[]
['propafenone'],bcb..,[],[]
['propafenone'],bcb1.,"[('150000', 'mcg')]",[]
['propafenone'],bcb2.,"[('300000', 'mcg')]",[]
['propafenone'],bcb3.,"[('150000', 'mcg')]",[]
['propafenone'],bcb4.,"[('300000', 'mcg')]",[]
['propranolol'],bd1..,[],[]
['ranolazine'],bD1..,[],[]
['propranolol'],bd11.,"[('10000', 'mcg')]",[]
['ranolazine'],bD11.,"[('375000', 'mcg')]",[]
['propranolol'],bd12.,"[('40000', 'mcg')]",[]
['ranolazine'],bD12.,"[('500000', 'mcg')]",[]
['propranolol'],bd13.,"[('80000', 'mcg')]",[]
['ranolazine'],bD13.,"[('750000', 'mcg')]",[]
['propranolol'],bd14.,"[('160000', 'mcg')]",[]
['propranolol'],bd15.,"[('10000', 'mcg')]",[]
['propranolol'],bd16.,"[('40000', 'mcg')]",[]
['propranolol'],bd17.,"[('80000', 'mcg')]",[]
['propranolol'],bd18.,"[('160000', 'mcg')]",[]
['propranolol'],bd19.,"[('10000', 'mcg')]",[]
['propranolol'],bd1a.,"[('40000', 'mcg')]",[]
['propranolol'],bd1A.,"[('10000', 'mcg')]",[]
['propranolol'],bd1b.,"[('80000', 'mcg')]",[]
['propranolol'],bd1B.,"[('40000', 'mcg')]",[]
['propranolol'],bd1c.,"[('160000', 'mcg')]",[]
['propranolol'],bd1C.,"[('80000', 'mcg')]",[]
['propranolol'],bd1d.,"[('10000', 'mcg')]",[]
['propranolol'],bd1D.,"[('160000', 'mcg')]",[]
['propranolol'],bd1e.,"[('40000', 'mcg')]",[]
['propranolol'],bd1E.,"[('160000', 'mcg')]",[]
['propranolol'],bd1f.,"[('80000', 'mcg')]",[]
['propranolol'],bd1F.,"[('160000', 'mcg')]",[]
['propranolol'],bd1g.,"[('160000', 'mcg')]",[]
['propranolol'],bd1G.,"[('160000', 'mcg')]",[]
['propranolol'],bd1h.,"[('10000', 'mcg')]",[]
['propranolol'],bd1H.,"[('1000', 'mcg')]",[]
['propranolol'],bd1i.,"[('40000', 'mcg')]",[]
['propranolol'],bd1I.,"[('5000', 'mcg')]",[]
['propranolol'],bd1j.,"[('80000', 'mcg')]",[]
['propranolol'],bd1J.,"[('50000', 'mcg')]",[]
['propranolol'],bd1k.,"[('160000', 'mcg')]",[]
['propranolol'],bd1K.,"[('80000', 'mcg')]",[]
['propranolol'],bd1l.,"[('80000', 'mcg')]",[]
['propranolol'],bd1L.,"[('80000', 'mcg')]",[]
['propranolol'],bd1m.,"[('10000', 'mcg')]",[]
['propranolol'],bd1M.,"[('80000', 'mcg')]",[]
['propranolol'],bd1n.,"[('40000', 'mcg')]",[]
['propranolol'],bd1N.,"[('160000', 'mcg')]",[]
['propranolol'],bd1o.,"[('80000', 'mcg')]",[]
['propranolol'],bd1O.,"[('160000', 'mcg')]",[]
['propranolol'],bd1p.,"[('160000', 'mcg')]",[]
['propranolol'],bd1P.,"[('10000', 'mcg')]",[]
['propranolol'],bd1q.,"[('1000', 'mcg')]",[]
['propranolol'],bd1Q.,"[('40000', 'mcg')]",[]
['propranolol'],bd1r.,"[('160000', 'mcg')]",[]
['propranolol'],bd1R.,"[('80000', 'mcg')]",[]
['propranolol'],bd1s.,"[('160000', 'mcg')]",[]
['propranolol'],bd1S.,"[('80000', 'mcg')]",[]
['propranolol'],bd1t.,"[('10000', 'mcg')]",[]
['propranolol'],bd1T.,"[('160000', 'mcg')]",[]
['propranolol'],bd1u.,"[('40000', 'mcg')]",[]
['propranolol'],bd1U.,"[('80000', 'mcg')]",[]
['propranolol'],bd1v.,"[('80000', 'mcg')]",[]
['propranolol'],bd1V.,"[('160000', 'mcg')]",[]
['propranolol'],bd1w.,"[('160000', 'mcg')]",[]
['propranolol'],bd1W.,"[('5000', 'mcg')]",[]
['propranolol'],bd1x.,"[('160000', 'mcg')]",[]
['propranolol'],bd1X.,"[('10000', 'mcg')]",[]
['ranolazine'],bD1x.,"[('750000', 'mcg')]",[]
['propranolol'],bd1y.,"[('80000', 'mcg')]",[]
['propranolol'],bd1Y.,"[('50000', 'mcg')]",[]
['ranolazine'],bD1y.,"[('500000', 'mcg')]",[]
['propranolol'],bd1z.,"[('10000', 'mcg')]",[]
['propranolol'],bd1Z.,"[('5000', 'mcg')]",[]
['ranolazine'],bD1z.,"[('375000', 'mcg')]",[]
['acebutolol'],bd2..,[],[]
['acebutolol'],bd21.,"[('100000', 'mcg')]",[]
['acebutolol'],bd22.,"[('200000', 'mcg')]",[]
['acebutolol'],bd23.,"[('400000', 'mcg')]",[]
['acebutolol'],bd24.,"[('10000', 'mcg')]",[]
['acebutolol'],bd2w.,"[('100000', 'mcg')]",[]
['acebutolol'],bd2x.,"[('200000', 'mcg')]",[]
['acebutolol'],bd2y.,"[('400000', 'mcg')]",[]
['acebutolol'],bd2z.,"[('10000', 'mcg')]",[]
['atenolol'],bd3..,[],[]
['atenolol'],bd31.,"[('100000', 'mcg')]",[]
['atenolol'],bd32.,"[('25000', 'mcg')]",[]
['atenolol'],bd33.,"[('5000', 'mcg')]",[]
['atenolol'],bd34.,"[('50000', 'mcg')]",[]
['atenolol'],bd35.,"[('50000', 'mcg')]",[]
['atenolol'],bd36.,"[('100000', 'mcg')]",[]
['atenolol'],bd37.,[],[]
"['atenolol', 'nifedipine']",bd38.,"[('50000', 'mcg'), ('20000', 'mcg')]",[]
['atenolol'],bd39.,"[('50000', 'mcg'), ('20000', 'mcg')]",[]
['atenolol'],bd3a.,"[('50000', 'mcg')]",[]
['atenolol'],bd3b.,"[('100000', 'mcg')]",[]
['atenolol'],bd3c.,[],"[('25', 'sztuk')]"
['atenolol'],bd3d.,"[('50000', 'mcg')]",[]
['atenolol'],bd3e.,"[('100000', 'mcg')]",[]
['atenolol'],bd3f.,"[('50000', 'mcg')]",[]
['atenolol'],bd3g.,"[('100000', 'mcg')]",[]
['atenolol'],bd3h.,"[('50000', 'mcg')]",[]
['atenolol'],bd3i.,"[('100000', 'mcg')]",[]
['atenolol'],bd3j.,"[('25000', 'mcg')]",[]
['atenolol'],bd3k.,"[('25000', 'mcg')]",[]
['atenolol'],bd3l.,"[('25000', 'mcg')]",[]
['atenolol'],bd3x.,"[('25000', 'mcg')]",[]
['atenolol'],bd3y.,"[('5000', 'mcg')]",[]
['atenolol'],bd3z.,"[('25000', 'mcg')]",[]
['labetalol'],bd5..,[],[]
['labetalol'],bd51.,"[('100000', 'mcg')]",[]
['labetalol'],bd52.,"[('200000', 'mcg')]",[]
['labetalol'],bd53.,"[('400000', 'mcg')]",[]
['labetalol'],bd54.,"[('100000', 'mcg')]",[]
['labetalol'],bd55.,"[('200000', 'mcg')]",[]
['labetalol'],bd56.,"[('400000', 'mcg')]",[]
['labetalol'],bd57.,"[('50000', 'mcg')]",[]
['labetalol'],bd58.,"[('100000', 'mcg')]",[]
['labetalol'],bd59.,"[('200000', 'mcg')]",[]
['labetalol'],bd5a.,"[('400000', 'mcg')]",[]
['labetalol'],bd5b.,"[('100000', 'mcg')]",[]
['labetalol'],bd5c.,"[('50000', 'mcg')]",[]
['labetalol'],bd5t.,"[('100000', 'mcg')]",[]
['labetalol'],bd5u.,"[('200000', 'mcg')]",[]
['labetalol'],bd5v.,"[('50000', 'mcg')]",[]
['labetalol'],bd5w.,"[('100000', 'mcg')]",[]
['labetalol'],bd5x.,"[('200000', 'mcg')]",[]
['labetalol'],bd5y.,"[('400000', 'mcg')]",[]
['labetalol'],bd5z.,"[('100000', 'mcg')]",[]
['metoprolol'],bd6..,[],[]
['metoprolol'],bd61.,"[('50000', 'mcg')]",[]
['metoprolol'],bd62.,"[('100000', 'mcg')]",[]
['metoprolol'],bd63.,"[('5000', 'mcg')]",[]
['metoprolol'],bd64.,"[('200000', 'mcg')]",[]
['metoprolol'],bd65.,"[('50000', 'mcg')]",[]
['metoprolol'],bd66.,"[('100000', 'mcg')]",[]
['metoprolol'],bd67.,"[('50000', 'mcg')]",[]
['metoprolol'],bd68.,"[('100000', 'mcg')]",[]
['metoprolol'],bd6a.,"[('5000', 'mcg')]",[]
['metoprolol'],bd6b.,"[('200000', 'mcg')]",[]
['metoprolol'],bd6c.,"[('50000', 'mcg')]",[]
['metoprolol'],bd6d.,"[('100000', 'mcg')]",[]
['metoprolol'],bd6e.,"[('100000', 'mcg')]",[]
['metoprolol'],bd6w.,"[('100000', 'mcg')]",[]
['metoprolol'],bd6x.,"[('50000', 'mcg')]",[]
['metoprolol'],bd6y.,"[('5000', 'mcg')]",[]
['metoprolol'],bd6z.,"[('200000', 'mcg')]",[]
['nadolol'],bd7..,[],[]
['nadolol'],bd71.,"[('40000', 'mcg')]",[]
['nadolol'],bd72.,"[('80000', 'mcg')]",[]
['nadolol'],bd7y.,"[('40000', 'mcg')]",[]
['nadolol'],bd7z.,"[('80000', 'mcg')]",[]
['pindolol'],bda..,[],[]
['pindolol'],bda1.,"[('5000', 'mcg')]",[]
['pindolol'],bda2.,"[('15000', 'mcg')]",[]
['pindolol'],bda3.,"[('5000', 'mcg')]",[]
['pindolol'],bda4.,"[('15000', 'mcg')]",[]
['pindolol'],bday.,"[('5000', 'mcg')]",[]
['pindolol'],bdaz.,"[('15000', 'mcg')]",[]
['sotalol'],bdc..,[],[]
['sotalol'],bdc1.,"[('40000', 'mcg')]",[]
['sotalol'],bdc2.,"[('80000', 'mcg')]",[]
['sotalol'],bdc3.,"[('200000', 'mcg')]",[]
['sotalol'],bdc4.,"[('80000', 'mcg')]",[]
['sotalol'],bdc5.,"[('160000', 'mcg')]",[]
['sotalol'],bdc6.,"[('10000', 'mcg')]",[]
['sotalol'],bdc7.,"[('100000', 'mcg')]",[]
['sotalol'],bdc8.,"[('40000', 'mcg')]",[]
['sotalol'],bdcs.,"[('40000', 'mcg')]",[]
['sotalol'],bdcu.,"[('40000', 'mcg')]",[]
['sotalol'],bdcv.,"[('80000', 'mcg')]",[]
['sotalol'],bdcw.,"[('200000', 'mcg')]",[]
['sotalol'],bdcx.,"[('160000', 'mcg')]",[]
['sotalol'],bdcy.,"[('10000', 'mcg')]",[]
['sotalol'],bdcz.,"[('100000', 'mcg')]",[]
['timolol'],bdd..,[],[]
['timolol'],bdd1.,"[('10000', 'mcg')]",[]
['timolol'],bdd2.,"[('10000', 'mcg')]",[]
['timolol'],bddz.,"[('10000', 'mcg')]",[]
['metoprolol'],bde1.,[],[]
['metoprolol'],bde2.,[],[]
['nadolol'],bde3.,[],"[('40', 'sztuk')]"
['nadolol'],bde4.,[],"[('80', 'sztuk')]"
['propranolol'],bde5.,[],[]
['propranolol'],bde6.,[],[]
['atenolol'],bde7.,[],[]
['metoprolol'],bde9.,[],[]
['timolol'],bdea.,[],[]
"['hydrochlorothiazide', 'metoprolol']",bdeA.,"[('100000', 'mcg'), ('12500', 'mcg')]",[]
"['bendroflumethiazide', 'timolol']",bdeb.,[],[]
"['hydrochlorothiazide', 'metoprolol']",bdeB.,"[('200000', 'mcg'), ('25000', 'mcg')]",[]
"['bendroflumethiazide', 'timolol']",bdec.,[],[]
"['chlortalidone', 'metoprolol']",bdeC.,"[('100000', 'mcg'), ('12500', 'mcg')]",[]
['acebutolol'],bded.,[],[]
"['bendroflumethiazide', 'nadolol']",bdeD.,"[('40000', 'mcg'), ('5000', 'mcg')]",[]
['sotalol'],bdee.,[],[]
"['bendroflumethiazide', 'nadolol']",bdeE.,"[('80000', 'mcg'), ('5000', 'mcg')]",[]
['propranolol'],bdef.,[],[]
['furosemide'],bdeF.,"[('40000', 'mcg'), ('20000', 'mcg')]",[]
"['atenolol', 'chlortalidone']",bdeg.,[],"[('50', 'sztuk')]"
['pindolol'],bdeG.,"[('10000', 'mcg'), ('5000', 'mcg')]",[]
"['atenolol', 'chlortalidone']",bdeh.,[],[]
"['hydrochlorothiazide', 'sotalol']",bdeH.,"[('160000', 'mcg'), ('25000', 'mcg')]",[]
['sotalol'],bdei.,[],[]
"['hydrochlorothiazide', 'sotalol']",bdeJ.,"[('80000', 'mcg'), ('12500', 'mcg')]",[]
['pindolol'],bdek.,[],[]
"['amiloride', 'hydrochlorothiazide', 'timolol']",bdeK.,"[('10000', 'mcg'), ('2500', 'mcg'), ('25000', 'mcg')]",[]
"['bendroflumethiazide', 'timolol']",bdeL.,"[('10000', 'mcg'), ('2500', 'mcg')]",[]
"['atenolol', 'chlortalidone']",bdem.,"[('50000', 'mcg'), ('12500', 'mcg')]",[]
"['bendroflumethiazide', 'timolol']",bdeM.,"[('20000', 'mcg'), ('5000', 'mcg')]",[]
"['atenolol', 'chlortalidone']",bden.,"[('100000', 'mcg'), ('25000', 'mcg')]",[]
"['atenolol', 'chlortalidone']",bdeN.,"[('50000', 'mcg'), ('12500', 'mcg')]",[]
"['atenolol', 'chlortalidone']",bdeO.,"[('100000', 'mcg'), ('25000', 'mcg')]",[]
"['atenolol', 'bendroflumethiazide']",bdeP.,"[('25000', 'mcg'), ('1250', 'mcg')]",[]
"['atenolol', 'chlortalidone']",bdeq.,"[('50000', 'mcg'), ('12500', 'mcg')]",[]
['atenolol'],bdeQ.,[],[]
"['atenolol', 'chlortalidone']",bder.,"[('100000', 'mcg'), ('25000', 'mcg')]",[]
"['atenolol', 'nifedipine']",bdes.,"[('50000', 'mcg'), ('20000', 'mcg')]",[]
['atenolol'],bdet.,"[('50000', 'mcg'), ('20000', 'mcg')]",[]
"['bendroflumethiazide', 'propranolol']",bdev.,"[('80000', 'mcg'), ('2500', 'mcg')]",[]
"['bendroflumethiazide', 'propranolol']",bdew.,"[('160000', 'mcg'), ('5000', 'mcg')]",[]
"['acebutolol', 'hydrochlorothiazide']",bdex.,"[('200000', 'mcg'), ('12500', 'mcg')]",[]
"['amiloride', 'atenolol', 'hydrochlorothiazide']",bdey.,"[('50000', 'mcg'), ('2500', 'mcg'), ('25000', 'mcg')]",[]
"['atenolol', 'nifedipine']",bdez.,"[('50000', 'mcg'), ('20000', 'mcg')]",[]
['bisoprolol'],bdf..,[],[]
['bisoprolol'],bdf1.,"[('5000', 'mcg')]",[]
['bisoprolol'],bdf2.,"[('10000', 'mcg')]",[]
['bisoprolol'],bdf3.,"[('5000', 'mcg')]",[]
['bisoprolol'],bdf4.,"[('10000', 'mcg')]",[]
['bisoprolol'],bdf5.,"[('5000', 'mcg')]",[]
['bisoprolol'],bdf6.,"[('10000', 'mcg')]",[]
['bisoprolol'],bdf7.,[],"[('10', 'sztuk')]"
"['bisoprolol', 'hydrochlorothiazide']",bdf8.,"[('10000', 'mcg'), ('6250', 'mcg')]",[]
['bisoprolol'],bdf9.,"[('1250', 'mcg')]",[]
['bisoprolol'],bdfA.,"[('2500', 'mcg')]",[]
['bisoprolol'],bdfB.,"[('3750', 'mcg')]",[]
['bisoprolol'],bdfC.,"[('5000', 'mcg')]",[]
['bisoprolol'],bdfD.,"[('7500', 'mcg')]",[]
['bisoprolol'],bdfE.,"[('10000', 'mcg')]",[]
['bisoprolol'],bdfF.,"[('5000', 'mcg')]",[]
['bisoprolol'],bdfG.,"[('10000', 'mcg')]",[]
['bisoprolol'],bdfH.,"[('5000', 'mcg')]",[]
['bisoprolol'],bdfI.,"[('10000', 'mcg')]",[]
['bisoprolol'],bdfJ.,"[('10000', 'mcg')]",[]
['bisoprolol'],bdfK.,"[('5000', 'mcg')]",[]
['bisoprolol'],bdfL.,"[('1250', 'mcg')]",[]
['bisoprolol'],bdfM.,"[('2500', 'mcg')]",[]
['bisoprolol'],bdfw.,"[('1250', 'mcg')]",[]
['bisoprolol'],bdfx.,"[('2500', 'mcg')]",[]
['bisoprolol'],bdfy.,"[('3750', 'mcg')]",[]
['bisoprolol'],bdfz.,"[('7500', 'mcg')]",[]
['metoprolol'],bdh..,[],[]
['metoprolol'],bdh1.,"[('190000', 'mcg')]",[]
['metoprolol'],bdh2.,"[('95000', 'mcg')]",[]
['metoprolol'],bdh3.,"[('190000', 'mcg')]",[]
['metoprolol'],bdh4.,"[('95000', 'mcg')]",[]
['celiprolol'],bdj..,[],[]
['celiprolol'],bdj1.,"[('200000', 'mcg')]",[]
['celiprolol'],bdj2.,"[('200000', 'mcg')]",[]
['celiprolol'],bdj3.,"[('200000', 'mcg')]",[]
['celiprolol'],bdj4.,"[('400000', 'mcg')]",[]
['celiprolol'],bdj5.,"[('400000', 'mcg')]",[]
['carvedilol'],bdl..,[],[]
['carvedilol'],bdl1.,[],"[('5', 'sztuk')]"
['carvedilol'],bdl2.,[],"[('25', 'sztuk')]"
['carvedilol'],bdl3.,"[('12500', 'mcg')]",[]
['carvedilol'],bdl4.,"[('25000', 'mcg')]",[]
['carvedilol'],bdl5.,"[('3125', 'mcg')]",[]
['carvedilol'],bdl6.,"[('6250', 'mcg')]",[]
['carvedilol'],bdl7.,[],"[('125', 'sztuk')]"
['carvedilol'],bdl8.,[],"[('25', 'sztuk')]"
['nebivolol'],bdm..,[],[]
['nebivolol'],bdm1.,"[('5000', 'mcg')]",[]
['nebivolol'],bdm2.,"[('5000', 'mcg')]",[]
['nebivolol'],bdmy.,"[('2500', 'mcg')]",[]
['nebivolol'],bdmz.,"[('5000', 'mcg')]",[]
['propranolol'],bdn..,[],[]
['propranolol'],bdn1.,"[('50000', 'mcg')]",[]
['propranolol'],bdn2.,"[('80000', 'mcg')]",[]
['propranolol'],bdn3.,"[('80000', 'mcg')]",[]
['propranolol'],bdn4.,"[('160000', 'mcg')]",[]
['propranolol'],bdn5.,"[('40000', 'mcg')]",[]
['propranolol'],bdn6.,"[('40000', 'mcg')]",[]
['hydralazine'],be2..,[],[]
['hydralazine'],be21.,"[('25000', 'mcg')]",[]
['hydralazine'],be22.,"[('50000', 'mcg')]",[]
['hydralazine'],be23.,"[('20000', 'mcg')]",[]
['hydralazine'],be2x.,"[('25000', 'mcg')]",[]
['hydralazine'],be2y.,"[('50000', 'mcg')]",[]
['hydralazine'],be2z.,"[('20000', 'mcg')]",[]
['minoxidil'],be3..,[],[]
['minoxidil'],be31.,"[('2500', 'mcg')]",[]
['minoxidil'],be32.,"[('5000', 'mcg')]",[]
['minoxidil'],be33.,"[('10000', 'mcg')]",[]
['minoxidil'],be3x.,"[('2500', 'mcg')]",[]
['minoxidil'],be3y.,"[('5000', 'mcg')]",[]
['minoxidil'],be3z.,"[('10000', 'mcg')]",[]
['clonidine'],bf1..,[],[]
['clonidine'],bf11.,"[('100', 'mcg')]",[]
['clonidine'],bf12.,"[('300', 'mcg')]",[]
['clonidine'],bf13.,"[('250', 'mcg')]",[]
['clonidine'],bf14.,"[('150', 'mcg')]",[]
['clonidine'],bf1w.,"[('100', 'mcg')]",[]
['clonidine'],bf1x.,"[('300', 'mcg')]",[]
['clonidine'],bf1y.,"[('250', 'mcg')]",[]
['clonidine'],bf1z.,"[('150', 'mcg')]",[]
['methyldopa'],bf2..,[],[]
['methyldopa'],bf21.,"[('125000', 'mcg')]",[]
['methyldopa'],bf22.,"[('250000', 'mcg')]",[]
['methyldopa'],bf23.,"[('500000', 'mcg')]",[]
['methyldopa'],bf24.,"[('125000', 'mcg')]",[]
['methyldopa'],bf25.,"[('250000', 'mcg')]",[]
['methyldopa'],bf26.,"[('500000', 'mcg')]",[]
['methyldopa'],bf27.,"[('250000', 'mcg')]",[]
['methyldopa'],bf28.,"[('250000', 'mcg')]",[]
['methyldopa'],bf29.,"[('125000', 'mcg')]",[]
['methyldopa'],bf2a.,"[('250000', 'mcg')]",[]
['methyldopa'],bf2b.,"[('500000', 'mcg')]",[]
['methyldopa'],bf2c.,"[('250000', 'mcg')]",[]
['methyldopa'],bf2d.,"[('250000', 'mcg')]",[]
['methyldopa'],bf2e.,"[('500000', 'mcg')]",[]
['methyldopa'],bf2f.,[],[]
['methyldopa'],bf2g.,"[('250000', 'mcg')]",[]
['methyldopa'],bf2h.,"[('500000', 'mcg')]",[]
"['hydrochlorothiazide', 'methyldopa']",bf2j.,"[('250000', 'mcg'), ('15000', 'mcg')]",[]
['methyldopa'],bf2v.,"[('250000', 'mcg')]",[]
['methyldopa'],bf2z.,"[('250000', 'mcg')]",[]
['hydrochlorothiazide'],bf3c.,[],[]
['moxonidine'],bf4..,[],[]
['moxonidine'],bf41.,"[('200', 'mcg')]",[]
['moxonidine'],bf42.,"[('400', 'mcg')]",[]
['moxonidine'],bf43.,"[('200', 'mcg')]",[]
['moxonidine'],bf44.,"[('400', 'mcg')]",[]
['moxonidine'],bf45.,"[('300', 'mcg')]",[]
['moxonidine'],bf46.,"[('300', 'mcg')]",[]
['indoramin'],bh1..,[],[]
['indoramin'],bh11.,"[('25000', 'mcg')]",[]
['indoramin'],bh12.,"[('50000', 'mcg')]",[]
['indoramin'],bh13.,"[('20000', 'mcg')]",[]
['indoramin'],bh14.,"[('20000', 'mcg')]",[]
['indoramin'],bh1y.,"[('25000', 'mcg')]",[]
['indoramin'],bh1z.,"[('50000', 'mcg')]",[]
['phenoxybenzamine'],bh2..,[],[]
['phenoxybenzamine'],bh21.,"[('10000', 'mcg')]",[]
['phenoxybenzamine'],bh22.,"[('100000', 'mcg')]",[]
['phenoxybenzamine'],bh2y.,"[('10000', 'mcg')]",[]
['phenoxybenzamine'],bh2z.,"[('100000', 'mcg')]",[]
['prazosin'],bh4..,[],[]
['prazosin'],bh41.,"[('500', 'mcg')]",[]
['prazosin'],bh42.,"[('1000', 'mcg')]",[]
['prazosin'],bh43.,"[('2000', 'mcg')]",[]
['prazosin'],bh44.,"[('5000', 'mcg')]",[]
['prazosin'],bh45.,[],[]
['prazosin'],bh46.,"[('500', 'mcg')]",[]
['prazosin'],bh47.,"[('1000', 'mcg')]",[]
['prazosin'],bh48.,"[('2000', 'mcg')]",[]
['prazosin'],bh49.,"[('5000', 'mcg')]",[]
['prazosin'],bh4A.,"[('500', 'mcg')]",[]
['prazosin'],bh4B.,"[('1000', 'mcg')]",[]
['prazosin'],bh4C.,"[('2000', 'mcg')]",[]
['prazosin'],bh4D.,"[('5000', 'mcg')]",[]
['prazosin'],bh4v.,"[('500', 'mcg'), ('1000', 'mcg')]",[]
['prazosin'],bh4w.,"[('500', 'mcg')]",[]
['prazosin'],bh4x.,"[('1000', 'mcg')]",[]
['prazosin'],bh4y.,"[('2000', 'mcg')]",[]
['prazosin'],bh4z.,"[('5000', 'mcg')]",[]
['terazosin'],bh5..,[],[]
['terazosin'],bh51.,"[('2000', 'mcg')]",[]
['terazosin'],bh52.,"[('5000', 'mcg')]",[]
['terazosin'],bh53.,"[('10000', 'mcg')]",[]
['terazosin'],bh54.,[],[]
['terazosin'],bh55.,"[('5000', 'mcg')]",[]
['terazosin'],bh56.,"[('10000', 'mcg')]",[]
['terazosin'],bh57.,"[('1000', 'mcg')]",[]
['terazosin'],bh5x.,"[('1000', 'mcg')]",[]
['terazosin'],bh5y.,"[('1000', 'mcg'), ('2000', 'mcg')]",[]
['terazosin'],bh5z.,"[('2000', 'mcg')]",[]
['doxazosin'],bh6..,[],[]
['doxazosin'],bh61.,"[('1000', 'mcg')]",[]
['doxazosin'],bh62.,"[('2000', 'mcg')]",[]
['doxazosin'],bh63.,"[('4000', 'mcg')]",[]
['doxazosin'],bh6E.,"[('4000', 'mcg')]",[]
['doxazosin'],bh6G.,"[('4000', 'mcg')]",[]
['doxazosin'],bh6H.,"[('4000', 'mcg')]",[]
['doxazosin'],bh6y.,"[('8000', 'mcg')]",[]
['doxazosin'],bh6z.,"[('4000', 'mcg')]",[]
['captopril'],bi1..,[],[]
['captopril'],bi11.,"[('12500', 'mcg')]",[]
['captopril'],bi12.,"[('25000', 'mcg')]",[]
['captopril'],bi13.,"[('25000', 'mcg')]","[('56', 'sztuk')]"
['captopril'],bi14.,"[('50000', 'mcg')]",[]
['captopril'],bi15.,"[('50000', 'mcg')]","[('56', 'sztuk')]"
['captopril'],bi16.,"[('12500', 'mcg')]",[]
['captopril'],bi17.,"[('25000', 'mcg')]",[]
['captopril'],bi18.,"[('25000', 'mcg')]","[('56', 'sztuk')]"
['captopril'],bi19.,"[('50000', 'mcg')]",[]
['captopril'],bi1a.,"[('50000', 'mcg')]","[('56', 'sztuk')]"
"['captopril', 'hydrochlorothiazide']",bi1b.,"[('50000', 'mcg')]","[('56', 'sztuk')]"
"['captopril', 'hydrochlorothiazide']",bi1c.,"[('50000', 'mcg')]","[('28', 'sztuk')]"
"['captopril', 'hydrochlorothiazide']",bi1d.,"[('25000', 'mcg')]",[]
"['captopril', 'hydrochlorothiazide']",bi1D.,"[('25000', 'mcg'), ('12500', 'mcg')]",[]
"['captopril', 'hydrochlorothiazide']",bi1e.,"[('25000', 'mcg'), ('12500', 'mcg')]",[]
"['captopril', 'hydrochlorothiazide']",bi1E.,"[('50000', 'mcg'), ('25000', 'mcg')]",[]
"['captopril', 'hydrochlorothiazide']",bi1f.,"[('50000', 'mcg'), ('25000', 'mcg')]",[]
"['captopril', 'hydrochlorothiazide']",bi1F.,"[('25000', 'mcg'), ('12500', 'mcg')]",[]
['captopril'],bi1g.,"[('12500', 'mcg')]",[]
"['captopril', 'hydrochlorothiazide']",bi1G.,"[('50000', 'mcg'), ('25000', 'mcg')]",[]
['captopril'],bi1h.,"[('25000', 'mcg')]",[]
['captopril'],bi1H.,"[('5000', 'mcg')]",[]
['captopril'],bi1i.,"[('50000', 'mcg')]",[]
['captopril'],bi1I.,"[('5000', 'mcg')]",[]
['captopril'],bi1j.,"[('12500', 'mcg')]",[]
['captopril'],bi1J.,"[('25000', 'mcg')]",[]
['captopril'],bi1k.,"[('25000', 'mcg')]",[]
['captopril'],bi1K.,"[('25000', 'mcg')]",[]
['captopril'],bi1l.,"[('50000', 'mcg')]",[]
['captopril'],bi1m.,[],"[('5', 'sztuk')]"
['captopril'],bi1n.,[],"[('25', 'sztuk')]"
['captopril'],bi1o.,[],"[('50', 'sztuk')]"
['captopril'],bi1p.,"[('12500', 'mcg')]",[]
['captopril'],bi1q.,"[('25000', 'mcg')]",[]
['captopril'],bi1r.,"[('50000', 'mcg')]",[]
"['captopril', 'hydrochlorothiazide']",bi1s.,"[('50000', 'mcg'), ('25000', 'mcg')]",[]
['captopril'],bi1v.,"[('12500', 'mcg')]",[]
['captopril'],bi1w.,"[('25000', 'mcg')]",[]
['captopril'],bi1x.,"[('25000', 'mcg')]","[('56', 'sztuk')]"
['captopril'],bi1y.,"[('50000', 'mcg')]","[('56', 'sztuk')]"
['captopril'],bi1z.,"[('50000', 'mcg')]",[]
['enalapril'],bi2..,[],[]
['enalapril'],bi21.,"[('2500', 'mcg')]",[]
['enalapril'],bi22.,"[('5000', 'mcg')]",[]
['enalapril'],bi23.,"[('5000', 'mcg')]","[('28', 'sztuk')]"
['enalapril'],bi24.,"[('10000', 'mcg')]",[]
['enalapril'],bi25.,"[('10000', 'mcg')]","[('28', 'sztuk')]"
['enalapril'],bi26.,"[('20000', 'mcg')]",[]
['enalapril'],bi27.,"[('20000', 'mcg')]","[('28', 'sztuk')]"
"['enalapril', 'hydrochlorothiazide']",bi28.,"[('20000', 'mcg'), ('12500', 'mcg')]",[]
['enalapril'],bi29.,[],[]
['enalapril'],bi2a.,[],[]
['enalapril'],bi2A.,"[('2500', 'mcg')]",[]
"['enalapril', 'hydrochlorothiazide']",bi2b.,"[('20000', 'mcg'), ('12500', 'mcg')]",[]
['enalapril'],bi2B.,"[('5000', 'mcg')]",[]
['enalapril'],bi2C.,"[('10000', 'mcg')]",[]
['enalapril'],bi2D.,"[('20000', 'mcg')]",[]
['enalapril'],bi2E.,"[('2500', 'mcg')]",[]
['enalapril'],bi2F.,"[('5000', 'mcg')]",[]
['enalapril'],bi2G.,"[('10000', 'mcg')]",[]
['enalapril'],bi2H.,"[('20000', 'mcg')]",[]
['enalapril'],bi2J.,"[('2500', 'mcg')]",[]
['enalapril'],bi2K.,"[('5000', 'mcg')]",[]
['enalapril'],bi2L.,"[('10000', 'mcg')]",[]
['enalapril'],bi2M.,"[('20000', 'mcg')]",[]
['enalapril'],bi2t.,"[('2500', 'mcg')]",[]
['enalapril'],bi2u.,"[('5000', 'mcg')]",[]
['enalapril'],bi2v.,"[('5000', 'mcg')]","[('28', 'sztuk')]"
['enalapril'],bi2w.,"[('10000', 'mcg')]",[]
['enalapril'],bi2x.,"[('10000', 'mcg')]","[('28', 'sztuk')]"
['enalapril'],bi2y.,"[('20000', 'mcg')]",[]
['enalapril'],bi2z.,"[('20000', 'mcg')]","[('28', 'sztuk')]"
['lisinopril'],bi3..,[],[]
['lisinopril'],bi31.,"[('2500', 'mcg')]",[]
['lisinopril'],bi32.,"[('5000', 'mcg')]",[]
['lisinopril'],bi33.,"[('10000', 'mcg')]",[]
['lisinopril'],bi34.,"[('20000', 'mcg')]",[]
['lisinopril'],bi35.,"[('2500', 'mcg')]",[]
['lisinopril'],bi36.,"[('5000', 'mcg')]",[]
['lisinopril'],bi37.,"[('5000', 'mcg')]",[]
['lisinopril'],bi38.,"[('10000', 'mcg')]",[]
['lisinopril'],bi39.,"[('10000', 'mcg')]",[]
['lisinopril'],bi3a.,"[('20000', 'mcg')]",[]
['lisinopril'],bi3b.,"[('20000', 'mcg')]",[]
['lisinopril'],bi3c.,"[('2500', 'mcg')]",[]
['lisinopril'],bi3d.,"[('2500', 'mcg')]",[]
['lisinopril'],bi3e.,"[('5000', 'mcg')]",[]
['lisinopril'],bi3f.,"[('5000', 'mcg')]",[]
['lisinopril'],bi3g.,"[('10000', 'mcg')]",[]
['lisinopril'],bi3h.,"[('10000', 'mcg')]",[]
['lisinopril'],bi3i.,"[('20000', 'mcg')]",[]
['lisinopril'],bi3j.,"[('20000', 'mcg')]",[]
['lisinopril'],bi3k.,[],[]
['lisinopril'],bi3l.,[],[]
"['hydrochlorothiazide', 'lisinopril']",bi3m.,[],[]
"['hydrochlorothiazide', 'lisinopril']",bi3n.,"[('20000', 'mcg'), ('12500', 'mcg')]",[]
"['hydrochlorothiazide', 'lisinopril']",bi3p.,"[('20000', 'mcg'), ('12500', 'mcg')]",[]
['lisinopril'],bi3q.,"[('2500', 'mcg')]",[]
['lisinopril'],bi3r.,"[('2500', 'mcg')]",[]
"['hydrochlorothiazide', 'lisinopril']",bi3s.,"[('10000', 'mcg'), ('12500', 'mcg')]",[]
"['hydrochlorothiazide', 'lisinopril']",bi3t.,"[('10000', 'mcg'), ('12500', 'mcg')]",[]
"['hydrochlorothiazide', 'lisinopril']",bi3u.,"[('10000', 'mcg'), ('12500', 'mcg')]",[]
"['hydrochlorothiazide', 'lisinopril']",bi3v.,"[('20000', 'mcg'), ('12500', 'mcg')]",[]
"['hydrochlorothiazide', 'lisinopril']",bi3w.,"[('20000', 'mcg'), ('12500', 'mcg')]",[]
"['hydrochlorothiazide', 'lisinopril']",bi3x.,"[('10000', 'mcg'), ('12500', 'mcg')]",[]
['lisinopril'],bi3y.,"[('1000', 'mcg')]",[]
['quinapril'],bi4..,[],[]
['quinapril'],bi41.,"[('5000', 'mcg')]",[]
['quinapril'],bi42.,"[('10000', 'mcg')]",[]
['quinapril'],bi43.,"[('20000', 'mcg')]",[]
['quinapril'],bi44.,"[('5000', 'mcg')]",[]
['quinapril'],bi45.,"[('10000', 'mcg')]",[]
['quinapril'],bi46.,"[('20000', 'mcg')]",[]
"['hydrochlorothiazide', 'quinapril']",bi47.,[],[]
"['hydrochlorothiazide', 'quinapril']",bi48.,"[('10000', 'mcg'), ('12500', 'mcg')]",[]
['quinapril'],bi49.,"[('40000', 'mcg')]",[]
['quinapril'],bi4A.,"[('40000', 'mcg')]",[]
['quinapril'],bi4B.,"[('5000', 'mcg')]",[]
['quinapril'],bi4C.,"[('10000', 'mcg')]",[]
['quinapril'],bi4D.,"[('20000', 'mcg')]",[]
['quinapril'],bi4E.,"[('40000', 'mcg')]",[]
"['hydrochlorothiazide', 'quinapril']",bi4F.,"[('20000', 'mcg'), ('12500', 'mcg')]",[]
['perindopril'],bi5..,[],[]
['perindopril'],bi51.,"[('2000', 'mcg')]",[]
['perindopril'],bi52.,"[('4000', 'mcg')]",[]
['perindopril'],bi53.,"[('2000', 'mcg')]",[]
['perindopril'],bi54.,"[('4000', 'mcg')]",[]
"['indapamide', 'perindopril']",bi55.,"[('4000', 'mcg'), ('1250', 'mcg')]",[]
"['indapamide', 'perindopril']",bi56.,"[('4000', 'mcg'), ('1250', 'mcg')]",[]
['perindopril'],bi57.,"[('8000', 'mcg')]",[]
['perindopril'],bi58.,"[('8000', 'mcg')]",[]
['ramipril'],bi6..,[],[]
['ramipril'],bi61.,"[('1250', 'mcg')]",[]
['ramipril'],bi62.,"[('2500', 'mcg')]",[]
['ramipril'],bi63.,"[('5000', 'mcg')]",[]
['ramipril'],bi64.,"[('1250', 'mcg')]",[]
['ramipril'],bi65.,"[('2500', 'mcg')]",[]
['ramipril'],bi66.,"[('5000', 'mcg')]",[]
['ramipril'],bi67.,"[('10000', 'mcg')]",[]
['ramipril'],bi68.,"[('10000', 'mcg')]",[]
['ramipril'],bi69.,"[('2500', 'mcg'), ('5000', 'mcg'), ('10000', 'mcg')]",[]
['ramipril'],bi6A.,[],[]
['ramipril'],bi6B.,"[('1250', 'mcg')]",[]
['ramipril'],bi6C.,"[('2500', 'mcg')]",[]
['ramipril'],bi6D.,"[('5000', 'mcg')]",[]
['ramipril'],bi6E.,"[('10000', 'mcg')]",[]
['ramipril'],bi6F.,"[('2500', 'mcg'), ('5000', 'mcg'), ('10000', 'mcg')]",[]
['ramipril'],bi6G.,"[('2500', 'mcg')]",[]
['ramipril'],bi6o.,[],[]
['ramipril'],bi6p.,"[('10000', 'mcg')]",[]
['ramipril'],bi6q.,"[('5000', 'mcg')]",[]
['ramipril'],bi6r.,"[('2500', 'mcg')]",[]
['ramipril'],bi6s.,"[('1250', 'mcg')]",[]
['ramipril'],bi6t.,"[('2500', 'mcg')]",[]
['ramipril'],bi6u.,"[('5000', 'mcg')]",[]
['ramipril'],bi6v.,"[('10000', 'mcg')]",[]
['ramipril'],bi6w.,"[('10000', 'mcg')]",[]
['ramipril'],bi6x.,"[('5000', 'mcg')]",[]
['ramipril'],bi6y.,"[('2500', 'mcg')]",[]
['ramipril'],bi6z.,"[('1250', 'mcg')]",[]
['fosinopril'],bi7..,[],[]
['fosinopril'],bi71.,"[('10000', 'mcg')]",[]
['fosinopril'],bi72.,"[('20000', 'mcg')]",[]
['fosinopril'],bi73.,"[('10000', 'mcg')]",[]
['fosinopril'],bi74.,"[('20000', 'mcg')]",[]
['trandolapril'],bi9..,[],[]
['trandolapril'],bi91.,"[('500', 'mcg')]",[]
['trandolapril'],bi92.,"[('1000', 'mcg')]",[]
['trandolapril'],bi93.,"[('2000', 'mcg')]",[]
['trandolapril'],bi94.,"[('500', 'mcg')]",[]
['trandolapril'],bi95.,"[('1000', 'mcg')]",[]
['trandolapril'],bi96.,"[('2000', 'mcg')]",[]
['trandolapril'],bi97.,"[('500', 'mcg')]",[]
['trandolapril'],bi98.,"[('1000', 'mcg')]",[]
['trandolapril'],bi99.,"[('2000', 'mcg')]",[]
['trandolapril'],bi9A.,"[('4000', 'mcg')]",[]
['trandolapril'],bi9z.,"[('4000', 'mcg')]",[]
['imidapril'],biB..,[],[]
['imidapril'],biB1.,"[('5000', 'mcg')]",[]
['imidapril'],biB2.,"[('10000', 'mcg')]",[]
['imidapril'],biB3.,"[('20000', 'mcg')]",[]
['imidapril'],biBx.,"[('20000', 'mcg')]",[]
['imidapril'],biBy.,"[('5000', 'mcg')]",[]
['imidapril'],biBz.,"[('10000', 'mcg')]",[]
['perindopril'],biC..,[],[]
['perindopril'],biC1.,"[('2500', 'mcg')]",[]
['perindopril'],biC2.,"[('2500', 'mcg')]",[]
['perindopril'],biC3.,"[('5000', 'mcg')]",[]
['perindopril'],biC4.,"[('5000', 'mcg')]",[]
['perindopril'],biC5.,"[('10000', 'mcg')]",[]
['perindopril'],biC6.,"[('10000', 'mcg')]",[]
"['indapamide', 'perindopril']",biC7.,"[('5000', 'mcg'), ('1250', 'mcg')]",[]
"['indapamide', 'perindopril']",biC8.,"[('5000', 'mcg'), ('1250', 'mcg')]",[]
['losartan'],bk3..,[],[]
['losartan'],bk31.,"[('25000', 'mcg')]",[]
['losartan'],bk32.,"[('50000', 'mcg')]",[]
['losartan'],bk33.,"[('25000', 'mcg')]",[]
['losartan'],bk34.,"[('50000', 'mcg')]",[]
"['hydrochlorothiazide', 'losartan']",bk35.,"[('50000', 'mcg'), ('12500', 'mcg')]",[]
"['hydrochlorothiazide', 'losartan']",bk36.,"[('50000', 'mcg'), ('12500', 'mcg')]",[]
['losartan'],bk37.,"[('100000', 'mcg')]",[]
['losartan'],bk38.,"[('100000', 'mcg')]",[]
"['hydrochlorothiazide', 'losartan']",bk39.,"[('100000', 'mcg'), ('25000', 'mcg')]",[]
"['hydrochlorothiazide', 'losartan']",bk3A.,"[('100000', 'mcg'), ('12500', 'mcg')]",[]
['losartan'],bk3B.,"[('12500', 'mcg')]",[]
['losartan'],bk3C.,"[('12500', 'mcg')]",[]
['losartan'],bk3D.,"[('2500', 'mcg')]",[]
['losartan'],bk3E.,"[('2500', 'mcg')]",[]
"['hydrochlorothiazide', 'losartan']",bk3y.,"[('100000', 'mcg'), ('12500', 'mcg')]",[]
"['hydrochlorothiazide', 'losartan']",bk3z.,"[('100000', 'mcg'), ('25000', 'mcg')]",[]
['valsartan'],bk4..,[],[]
['valsartan'],bk41.,"[('40000', 'mcg')]",[]
['valsartan'],bk42.,"[('80000', 'mcg')]",[]
['valsartan'],bk43.,"[('160000', 'mcg')]",[]
['valsartan'],bk44.,"[('40000', 'mcg')]",[]
['valsartan'],bk45.,"[('80000', 'mcg')]",[]
['valsartan'],bk46.,"[('160000', 'mcg')]",[]
"['hydrochlorothiazide', 'valsartan']",bk47.,"[('160000', 'mcg'), ('12500', 'mcg')]",[]
"['hydrochlorothiazide', 'valsartan']",bk48.,"[('160000', 'mcg'), ('25000', 'mcg')]",[]
"['hydrochlorothiazide', 'valsartan']",bk49.,"[('80000', 'mcg'), ('12500', 'mcg')]",[]
['valsartan'],bk4A.,"[('40000', 'mcg')]",[]
['valsartan'],bk4B.,"[('320000', 'mcg')]",[]
['valsartan'],bk4C.,"[('3000', 'mcg')]",[]
['valsartan'],bk4s.,"[('80000', 'mcg')]",[]
['valsartan'],bk4t.,"[('160000', 'mcg')]",[]
['valsartan'],bk4u.,"[('3000', 'mcg')]",[]
['valsartan'],bk4v.,"[('320000', 'mcg')]",[]
['valsartan'],bk4w.,"[('40000', 'mcg')]",[]
"['hydrochlorothiazide', 'valsartan']",bk4x.,"[('80000', 'mcg'), ('12500', 'mcg')]",[]
"['hydrochlorothiazide', 'valsartan']",bk4y.,"[('160000', 'mcg'), ('25000', 'mcg')]",[]
"['hydrochlorothiazide', 'valsartan']",bk4z.,"[('160000', 'mcg'), ('12500', 'mcg')]",[]
['irbesartan'],bk5..,[],[]
['irbesartan'],bk51.,"[('75000', 'mcg')]",[]
['irbesartan'],bk52.,"[('150000', 'mcg')]",[]
['irbesartan'],bk53.,"[('300000', 'mcg')]",[]
['irbesartan'],bk54.,"[('75000', 'mcg')]",[]
['irbesartan'],bk55.,"[('150000', 'mcg')]",[]
['irbesartan'],bk56.,"[('300000', 'mcg')]",[]
"['hydrochlorothiazide', 'irbesartan']",bk57.,"[('150000', 'mcg'), ('12500', 'mcg')]",[]
"['hydrochlorothiazide', 'irbesartan']",bk58.,"[('300000', 'mcg'), ('12500', 'mcg')]",[]
"['hydrochlorothiazide', 'irbesartan']",bk59.,"[('300000', 'mcg'), ('25000', 'mcg')]",[]
"['hydrochlorothiazide', 'irbesartan']",bk5x.,"[('300000', 'mcg'), ('25000', 'mcg')]",[]
"['hydrochlorothiazide', 'irbesartan']",bk5y.,"[('300000', 'mcg'), ('12500', 'mcg')]",[]
"['hydrochlorothiazide', 'irbesartan']",bk5z.,"[('150000', 'mcg'), ('12500', 'mcg')]",[]
"['trandolapril', 'verapamil']",bk6..,[],[]
"['trandolapril', 'verapamil']",bk61.,"[('2000', 'mcg'), ('180000', 'mcg')]",[]
['trandolapril'],bk62.,"[('2000', 'mcg'), ('180000', 'mcg')]",[]
['candesartan'],bk7..,[],[]
['candesartan'],bk71.,"[('2000', 'mcg')]",[]
['candesartan'],bk72.,"[('4000', 'mcg')]",[]
['candesartan'],bk73.,"[('8000', 'mcg')]",[]
['candesartan'],bk74.,"[('16000', 'mcg')]",[]
['candesartan'],bk75.,"[('2000', 'mcg')]",[]
['candesartan'],bk76.,"[('4000', 'mcg')]",[]
['candesartan'],bk77.,"[('8000', 'mcg')]",[]
['candesartan'],bk78.,"[('16000', 'mcg')]",[]
['candesartan'],bk79.,"[('32000', 'mcg')]",[]
['candesartan'],bk7z.,"[('32000', 'mcg')]",[]
['telmisartan'],bk8..,[],[]
['telmisartan'],bk81.,"[('40000', 'mcg')]",[]
['telmisartan'],bk82.,"[('80000', 'mcg')]",[]
['telmisartan'],bk83.,"[('40000', 'mcg')]",[]
['telmisartan'],bk84.,"[('80000', 'mcg')]",[]
['telmisartan'],bk85.,"[('20000', 'mcg')]",[]
"['hydrochlorothiazide', 'telmisartan']",bk86.,"[('40000', 'mcg'), ('12500', 'mcg')]",[]
"['hydrochlorothiazide', 'telmisartan']",bk87.,"[('80000', 'mcg'), ('12500', 'mcg')]",[]
"['hydrochlorothiazide', 'telmisartan']",bk88.,"[('80000', 'mcg'), ('25000', 'mcg')]",[]
"['hydrochlorothiazide', 'telmisartan']",bk8w.,"[('80000', 'mcg'), ('25000', 'mcg')]",[]
"['hydrochlorothiazide', 'telmisartan']",bk8x.,"[('40000', 'mcg'), ('12500', 'mcg')]",[]
"['hydrochlorothiazide', 'telmisartan']",bk8y.,"[('80000', 'mcg'), ('12500', 'mcg')]",[]
['telmisartan'],bk8z.,"[('20000', 'mcg')]",[]
['eprosartan'],bk9..,[],[]
['eprosartan'],bk91.,"[('300000', 'mcg')]",[]
['eprosartan'],bk92.,"[('400000', 'mcg')]",[]
['eprosartan'],bk93.,"[('600000', 'mcg')]",[]
['eprosartan'],bk9x.,"[('300000', 'mcg')]",[]
['eprosartan'],bk9y.,"[('400000', 'mcg')]",[]
['eprosartan'],bk9z.,"[('600000', 'mcg')]",[]
['bosentan'],bkA..,[],[]
['bosentan'],bkA1.,"[('62500', 'mcg')]",[]
['bosentan'],bkA2.,"[('125000', 'mcg')]",[]
['bosentan'],bkA3.,"[('62500', 'mcg')]",[]
['bosentan'],bkA4.,"[('125000', 'mcg')]",[]
['olmesartan'],bkB..,[],[]
['olmesartan'],bkB1.,"[('10000', 'mcg')]",[]
['olmesartan'],bkB2.,"[('20000', 'mcg')]",[]
['olmesartan'],bkB3.,"[('40000', 'mcg')]",[]
['olmesartan'],bkB4.,"[('10000', 'mcg')]",[]
['olmesartan'],bkB5.,"[('20000', 'mcg')]",[]
['olmesartan'],bkB6.,"[('40000', 'mcg')]",[]
"['hydrochlorothiazide', 'olmesartan']",bkC..,[],[]
"['hydrochlorothiazide', 'olmesartan']",bkC1.,"[('20000', 'mcg'), ('12500', 'mcg')]",[]
"['hydrochlorothiazide', 'olmesartan']",bkC2.,"[('20000', 'mcg'), ('25000', 'mcg')]",[]
"['hydrochlorothiazide', 'olmesartan']",bkC3.,"[('40000', 'mcg'), ('12500', 'mcg')]",[]
"['hydrochlorothiazide', 'olmesartan']",bkCx.,"[('40000', 'mcg'), ('12500', 'mcg')]",[]
"['hydrochlorothiazide', 'olmesartan']",bkCy.,"[('20000', 'mcg'), ('25000', 'mcg')]",[]
"['hydrochlorothiazide', 'olmesartan']",bkCz.,"[('20000', 'mcg'), ('12500', 'mcg')]",[]
"['amlodipine', 'valsartan']",bkD..,[],[]
"['amlodipine', 'valsartan']",bkD1.,"[('5000', 'mcg'), ('80000', 'mcg')]",[]
"['amlodipine', 'valsartan']",bkD2.,"[('5000', 'mcg'), ('160000', 'mcg')]",[]
"['amlodipine', 'valsartan']",bkD3.,"[('10000', 'mcg'), ('160000', 'mcg')]",[]
"['amlodipine', 'valsartan']",bkDx.,"[('10000', 'mcg'), ('160000', 'mcg')]",[]
"['amlodipine', 'valsartan']",bkDy.,"[('5000', 'mcg'), ('160000', 'mcg')]",[]
"['amlodipine', 'valsartan']",bkDz.,"[('5000', 'mcg'), ('80000', 'mcg')]",[]
['aliskiren'],bkF..,[],[]
['aliskiren'],bkF1.,"[('150000', 'mcg')]",[]
['aliskiren'],bkF2.,"[('300000', 'mcg')]",[]
['aliskiren'],bkFy.,"[('300000', 'mcg')]",[]
['aliskiren'],bkFz.,"[('150000', 'mcg')]",[]
['ambrisentan'],bkG..,[],[]
['ambrisentan'],bkG1.,"[('5000', 'mcg')]",[]
['ambrisentan'],bkG2.,"[('10000', 'mcg')]",[]
['ambrisentan'],bkGy.,"[('10000', 'mcg')]",[]
['ambrisentan'],bkGz.,"[('5000', 'mcg')]",[]
"['amlodipine', 'olmesartan']",bkH..,[],[]
"['amlodipine', 'olmesartan']",bkH1.,"[('20000', 'mcg'), ('5000', 'mcg')]",[]
"['amlodipine', 'olmesartan']",bkH2.,"[('40000', 'mcg'), ('5000', 'mcg')]",[]
"['amlodipine', 'olmesartan']",bkH3.,"[('40000', 'mcg'), ('10000', 'mcg')]",[]
"['amlodipine', 'olmesartan']",bkHx.,"[('40000', 'mcg'), ('10000', 'mcg')]",[]
"['amlodipine', 'olmesartan']",bkHy.,"[('40000', 'mcg'), ('5000', 'mcg')]",[]
"['amlodipine', 'olmesartan']",bkHz.,"[('20000', 'mcg'), ('5000', 'mcg')]",[]
"['amlodipine', 'hydrochlorothiazide', 'olmesartan']",bkI..,[],[]
"['amlodipine', 'hydrochlorothiazide', 'olmesartan']",bkI1.,"[('20000', 'mcg'), ('5000', 'mcg'), ('12500', 'mcg')]",[]
"['amlodipine', 'hydrochlorothiazide', 'olmesartan']",bkI2.,"[('40000', 'mcg'), ('5000', 'mcg'), ('12500', 'mcg')]",[]
"['amlodipine', 'hydrochlorothiazide', 'olmesartan']",bkI3.,"[('40000', 'mcg'), ('10000', 'mcg'), ('12500', 'mcg')]",[]
"['amlodipine', 'hydrochlorothiazide', 'olmesartan']",bkI4.,"[('40000', 'mcg'), ('5000', 'mcg'), ('25000', 'mcg')]",[]
"['amlodipine', 'hydrochlorothiazide', 'olmesartan']",bkI5.,"[('40000', 'mcg'), ('10000', 'mcg'), ('25000', 'mcg')]",[]
['azilsartan'],bkJ..,[],[]
['azilsartan'],bkJ1.,"[('20000', 'mcg')]",[]
['azilsartan'],bkJ2.,"[('20000', 'mcg')]",[]
['azilsartan'],bkJ3.,"[('40000', 'mcg')]",[]
['azilsartan'],bkJ4.,"[('40000', 'mcg')]",[]
['azilsartan'],bkJ5.,"[('80000', 'mcg')]",[]
['azilsartan'],bkJ6.,"[('80000', 'mcg')]",[]
['macitentan'],bkK..,[],[]
['macitentan'],bkK1.,"[('10000', 'mcg')]",[]
['macitentan'],bkK2.,"[('10000', 'mcg')]",[]
"['sacubitril', 'valsartan']",bkL..,[],[]
"['sacubitril', 'valsartan']",bkL1.,"[('24000', 'mcg'), ('26000', 'mcg')]",[]
"['sacubitril', 'valsartan']",bkL2.,"[('24000', 'mcg'), ('26000', 'mcg')]",[]
"['sacubitril', 'valsartan']",bkL3.,"[('49000', 'mcg'), ('51000', 'mcg')]",[]
"['sacubitril', 'valsartan']",bkL4.,"[('49000', 'mcg'), ('51000', 'mcg')]",[]
"['sacubitril', 'valsartan']",bkL5.,"[('97000', 'mcg'), ('103000', 'mcg')]",[]
"['sacubitril', 'valsartan']",bkL6.,"[('97000', 'mcg'), ('103000', 'mcg')]",[]
['glyceryl_trinitrate'],bl1..,[],[]
['glyceryl_trinitrate'],bl11.,"[('300', 'mcg')]",[]
['glyceryl_trinitrate'],bl12.,"[('500', 'mcg')]",[]
['glyceryl_trinitrate'],bl13.,"[('600', 'mcg')]",[]
['glyceryl_trinitrate'],bl14.,"[('400', 'mcg')]",[]
['glyceryl_trinitrate'],bl15.,"[('300', 'mcg')]",[]
['glyceryl_trinitrate'],bl16.,[],[]
['glyceryl_trinitrate'],bl17.,"[('400', 'mcg')]",[]
['glyceryl_trinitrate'],bl18.,"[('2600', 'mcg')]",[]
['glyceryl_trinitrate'],bl19.,"[('6400', 'mcg')]",[]
['glyceryl_trinitrate'],bl1a.,"[('1000', 'mcg')]",[]
['glyceryl_trinitrate'],bl1A.,"[('2500', 'mcg')]",[]
['glyceryl_trinitrate'],bl1b.,"[('2000', 'mcg')]",[]
['glyceryl_trinitrate'],bl1B.,"[('5000', 'mcg')]",[]
['glyceryl_trinitrate'],bl1c.,"[('3000', 'mcg')]",[]
['glyceryl_trinitrate'],bl1C.,"[('10000', 'mcg')]",[]
['glyceryl_trinitrate'],bl1d.,"[('5000', 'mcg')]",[]
['glyceryl_trinitrate'],bl1D.,"[('15000', 'mcg')]",[]
['glyceryl_trinitrate'],bl1e.,"[('2600', 'mcg')]",[]
['glyceryl_trinitrate'],bl1E.,"[('400', 'mcg')]",[]
['glyceryl_trinitrate'],bl1f.,"[('6400', 'mcg')]",[]
['glyceryl_trinitrate'],bl1F.,"[('400', 'mcg')]",[]
['glyceryl_trinitrate'],bl1g.,"[('10000', 'mcg')]",[]
['glyceryl_trinitrate'],bl1G.,"[('400', 'mcg')]",[]
['glyceryl_trinitrate'],bl1h.,"[('10000', 'mcg')]",[]
['glyceryl_trinitrate'],bl1H.,"[('400', 'mcg')]",[]
['glyceryl_trinitrate'],bl1i.,"[('50000', 'mcg')]",[]
['glyceryl_trinitrate'],bl1j.,"[('5000', 'mcg')]",[]
['glyceryl_trinitrate'],bl1J.,"[('400', 'mcg')]",[]
['glyceryl_trinitrate'],bl1k.,"[('25000', 'mcg')]",[]
['glyceryl_trinitrate'],bl1K.,"[('5000', 'mcg')]",[]
['glyceryl_trinitrate'],bl1l.,"[('50000', 'mcg')]",[]
['glyceryl_trinitrate'],bl1L.,"[('10000', 'mcg')]",[]
['glyceryl_trinitrate'],bl1m.,"[('5000', 'mcg')]",[]
['glyceryl_trinitrate'],bl1M.,"[('15000', 'mcg')]",[]
['glyceryl_trinitrate'],bl1n.,"[('50000', 'mcg')]",[]
['glyceryl_trinitrate'],bl1o.,"[('50000', 'mcg')]",[]
['glyceryl_trinitrate'],bl1p.,"[('5000', 'mcg')]",[]
['glyceryl_trinitrate'],bl1q.,"[('2', '%')]",[]
['glyceryl_trinitrate'],bl1r.,"[('5000', 'mcg')]",[]
['glyceryl_trinitrate'],bl1s.,"[('10000', 'mcg')]",[]
['glyceryl_trinitrate'],bl1t.,"[('10000', 'mcg')]",[]
['glyceryl_trinitrate'],bl1v.,"[('400', 'mcg')]",[]
['glyceryl_trinitrate'],bl1w.,"[('5000', 'mcg')]",[]
['glyceryl_trinitrate'],bl1x.,"[('10000', 'mcg')]",[]
['glyceryl_trinitrate'],bl1y.,"[('15000', 'mcg')]",[]
['isosorbide_dinitrate'],bl2..,[],[]
['isosorbide_dinitrate'],bl24.,"[('5000', 'mcg')]",[]
['isosorbide_dinitrate'],bl25.,"[('10000', 'mcg')]",[]
['isosorbide_dinitrate'],bl26.,"[('20000', 'mcg')]",[]
['isosorbide_dinitrate'],bl27.,"[('5000', 'mcg')]",[]
['isosorbide_dinitrate'],bl28.,"[('10000', 'mcg')]",[]
['isosorbide_dinitrate'],bl29.,"[('30000', 'mcg')]",[]
['isosorbide_dinitrate'],bl2a.,"[('5000', 'mcg')]",[]
['isosorbide_dinitrate'],bl2A.,"[('30000', 'mcg')]",[]
['isosorbide_dinitrate'],bl2b.,"[('10000', 'mcg')]",[]
['isosorbide_dinitrate'],bl2B.,"[('1250', 'mcg')]",[]
['isosorbide_dinitrate'],bl2c.,"[('20000', 'mcg')]",[]
['isosorbide_dinitrate'],bl2d.,"[('10000', 'mcg')]",[]
['isosorbide_dinitrate'],bl2e.,"[('30000', 'mcg')]",[]
['isosorbide_dinitrate'],bl2g.,"[('20000', 'mcg')]",[]
['isosorbide_dinitrate'],bl2h.,"[('40000', 'mcg')]",[]
['isosorbide_dinitrate'],bl2i.,"[('20000', 'mcg')]",[]
['isosorbide_dinitrate'],bl2j.,"[('40000', 'mcg')]",[]
['isosorbide_dinitrate'],bl2k.,"[('40000', 'mcg')]",[]
['isosorbide_dinitrate'],bl2o.,"[('0.1', '%'), ('10000', 'mcg')]",[]
['isosorbide_dinitrate'],bl2p.,"[('0.1', '%'), ('50000', 'mcg')]",[]
['isosorbide_dinitrate'],bl2q.,"[('0.1', '%'), ('100000', 'mcg')]",[]
['isosorbide_dinitrate'],bl2r.,"[('20000', 'mcg')]",[]
['isosorbide_dinitrate'],bl2t.,"[('20000', 'mcg')]",[]
['isosorbide_dinitrate'],bl2u.,"[('40000', 'mcg')]",[]
['isosorbide_dinitrate'],bl2v.,"[('0.05', '%'), ('25000', 'mcg')]",[]
['isosorbide_dinitrate'],bl2x.,"[('1250', 'mcg')]",[]
['isosorbide_dinitrate'],bl2y.,"[('20000', 'mcg')]",[]
['isosorbide_dinitrate'],bl2z.,"[('10000', 'mcg')]",[]
['isosorbide_mononitrate'],bl3..,[],[]
['isosorbide_mononitrate'],bl31.,"[('20000', 'mcg')]",[]
['isosorbide_mononitrate'],bl32.,"[('40000', 'mcg')]",[]
['isosorbide_mononitrate'],bl33.,"[('20000', 'mcg')]",[]
['isosorbide_mononitrate'],bl34.,[],[]
['isosorbide_mononitrate'],bl35.,"[('20000', 'mcg')]",[]
['isosorbide_mononitrate'],bl36.,"[('10000', 'mcg')]",[]
['isosorbide_mononitrate'],bl37.,"[('20000', 'mcg')]",[]
['isosorbide_mononitrate'],bl38.,"[('40000', 'mcg')]",[]
['isosorbide_mononitrate'],bl39.,"[('10000', 'mcg')]",[]
['isosorbide_mononitrate'],bl3a.,"[('40000', 'mcg')]",[]
['isosorbide_mononitrate'],bl3A.,"[('10000', 'mcg')]",[]
['isosorbide_mononitrate'],bl3b.,"[('60000', 'mcg')]",[]
['isosorbide_mononitrate'],bl3B.,"[('20000', 'mcg')]",[]
['isosorbide_mononitrate'],bl3c.,"[('50000', 'mcg')]",[]
['isosorbide_mononitrate'],bl3C.,"[('40000', 'mcg')]",[]
['isosorbide_mononitrate'],bl3d.,"[('50000', 'mcg')]",[]
['isosorbide_mononitrate'],bl3D.,"[('10000', 'mcg')]",[]
['isosorbide_mononitrate'],bl3e.,"[('10000', 'mcg')]",[]
['isosorbide_mononitrate'],bl3E.,"[('20000', 'mcg')]",[]
['isosorbide_mononitrate'],bl3f.,"[('50000', 'mcg')]",[]
['isosorbide_mononitrate'],bl3F.,"[('40000', 'mcg')]",[]
['isosorbide_mononitrate'],bl3g.,"[('20000', 'mcg')]",[]
['isosorbide_mononitrate'],bl3G.,"[('10000', 'mcg')]",[]
['isosorbide_mononitrate'],bl3h.,"[('40000', 'mcg')]",[]
['isosorbide_mononitrate'],bl3H.,"[('40000', 'mcg')]",[]
['isosorbide_mononitrate'],bl3i.,"[('10000', 'mcg')]",[]
['isosorbide_mononitrate'],bl3I.,"[('10000', 'mcg')]",[]
['isosorbide_mononitrate'],bl3j.,"[('40000', 'mcg')]",[]
['isosorbide_mononitrate'],bl3J.,"[('20000', 'mcg')]",[]
['isosorbide_mononitrate'],bl3k.,"[('40000', 'mcg')]",[]
['isosorbide_mononitrate'],bl3K.,[],[]
['isosorbide_mononitrate'],bl3l.,"[('20000', 'mcg')]",[]
['isosorbide_mononitrate'],bl3L.,"[('60000', 'mcg')]",[]
['isosorbide_mononitrate'],bl3m.,"[('40000', 'mcg')]",[]
['isosorbide_mononitrate'],bl3M.,"[('40000', 'mcg')]",[]
['isosorbide_mononitrate'],bl3n.,"[('25000', 'mcg')]",[]
['isosorbide_mononitrate'],bl3o.,[],[]
['isosorbide_mononitrate'],bl3O.,[],[]
['isosorbide_mononitrate'],bl3p.,"[('10000', 'mcg'), ('20000', 'mcg')]",[]
['isosorbide_mononitrate'],bl3q.,[],[]
['isosorbide_mononitrate'],bl3Q.,[],[]
['isosorbide_mononitrate'],bl3r.,[],[]
['isosorbide_mononitrate'],bl3R.,"[('60000', 'mcg')]",[]
['isosorbide_mononitrate'],bl3s.,[],[]
['isosorbide_mononitrate'],bl3S.,[],[]
['isosorbide_mononitrate'],bl3t.,[],[]
['isosorbide_mononitrate'],bl3T.,[],[]
['isosorbide_mononitrate'],bl3u.,"[('25000', 'mcg')]",[]
['isosorbide_mononitrate'],bl3U.,[],[]
['isosorbide_mononitrate'],bl3v.,"[('10000', 'mcg')]",[]
['isosorbide_mononitrate'],bl3V.,"[('60000', 'mcg')]",[]
['isosorbide_mononitrate'],bl3w.,"[('20000', 'mcg')]",[]
['isosorbide_mononitrate'],bl3W.,[],[]
['isosorbide_mononitrate'],bl3x.,"[('40000', 'mcg')]",[]
['isosorbide_mononitrate'],bl3X.,[],[]
['isosorbide_mononitrate'],bl3y.,"[('60000', 'mcg')]",[]
['isosorbide_mononitrate'],bl3Y.,"[('25000', 'mcg')]",[]
['isosorbide_mononitrate'],bl3z.,"[('20000', 'mcg')]",[]
['isosorbide_mononitrate'],bl3Z.,"[('50000', 'mcg')]",[]
['diltiazem'],bl5..,[],[]
['diltiazem'],bl51.,"[('60000', 'mcg')]",[]
['diltiazem'],bl52.,"[('60000', 'mcg')]",[]
['diltiazem'],bl53.,"[('60000', 'mcg')]",[]
['diltiazem'],bl54.,"[('120000', 'mcg')]",[]
['diltiazem'],bl55.,"[('120000', 'mcg')]",[]
['diltiazem'],bl56.,"[('60000', 'mcg')]",[]
['diltiazem'],bl57.,"[('60000', 'mcg')]",[]
['diltiazem'],bl58.,"[('90000', 'mcg')]",[]
['diltiazem'],bl59.,"[('120000', 'mcg')]",[]
['diltiazem'],bl5a.,"[('90000', 'mcg')]",[]
['diltiazem'],bl5A.,"[('300000', 'mcg')]",[]
['diltiazem'],bl5b.,"[('300000', 'mcg')]",[]
['diltiazem'],bl5B.,"[('90000', 'mcg')]",[]
['diltiazem'],bl5c.,"[('90000', 'mcg')]",[]
['diltiazem'],bl5C.,"[('120000', 'mcg')]",[]
['diltiazem'],bl5d.,"[('120000', 'mcg')]",[]
['diltiazem'],bl5D.,"[('180000', 'mcg')]",[]
['diltiazem'],bl5e.,"[('180000', 'mcg')]",[]
['diltiazem'],bl5E.,"[('300000', 'mcg')]",[]
['diltiazem'],bl5f.,"[('60000', 'mcg')]",[]
['diltiazem'],bl5F.,"[('60000', 'mcg')]",[]
['diltiazem'],bl5g.,"[('240000', 'mcg')]",[]
['diltiazem'],bl5G.,"[('90000', 'mcg')]",[]
['diltiazem'],bl5h.,"[('200000', 'mcg')]",[]
['diltiazem'],bl5H.,"[('120000', 'mcg')]",[]
"['diltiazem', 'hydrochlorothiazide']",bl5i.,"[('150000', 'mcg'), ('12500', 'mcg')]",[]
['diltiazem'],bl5I.,"[('240000', 'mcg')]",[]
['diltiazem'],bl5j.,[],[]
['diltiazem'],bl5J.,"[('180000', 'mcg')]",[]
['diltiazem'],bl5k.,"[('90000', 'mcg')]",[]
['diltiazem'],bl5K.,"[('120000', 'mcg')]",[]
['diltiazem'],bl5l.,"[('60000', 'mcg')]",[]
['diltiazem'],bl5L.,"[('120000', 'mcg')]",[]
['diltiazem'],bl5m.,"[('120000', 'mcg')]",[]
['diltiazem'],bl5M.,"[('180000', 'mcg')]",[]
['diltiazem'],bl5n.,[],[]
['diltiazem'],bl5N.,"[('240000', 'mcg')]",[]
['diltiazem'],bl5o.,"[('120000', 'mcg')]",[]
['diltiazem'],bl5O.,"[('120000', 'mcg')]",[]
['diltiazem'],bl5p.,"[('180000', 'mcg')]",[]
['diltiazem'],bl5P.,"[('180000', 'mcg')]",[]
['diltiazem'],bl5q.,"[('240000', 'mcg')]",[]
['diltiazem'],bl5Q.,"[('240000', 'mcg')]",[]
['diltiazem'],bl5r.,"[('300000', 'mcg')]",[]
['diltiazem'],bl5R.,[],[]
['diltiazem'],bl5s.,"[('360000', 'mcg')]",[]
['diltiazem'],bl5S.,[],[]
['diltiazem'],bl5t.,"[('360000', 'mcg')]",[]
['diltiazem'],bl5u.,"[('60000', 'mcg')]",[]
['diltiazem'],bl5U.,[],[]
['diltiazem'],bl5v.,"[('90000', 'mcg')]",[]
['diltiazem'],bl5V.,"[('90000', 'mcg')]",[]
['diltiazem'],bl5w.,"[('120000', 'mcg')]",[]
['diltiazem'],bl5W.,"[('120000', 'mcg')]",[]
['diltiazem'],bl5x.,[],[]
['diltiazem'],bl5X.,"[('60000', 'mcg')]",[]
['diltiazem'],bl5y.,[],[]
['diltiazem'],bl5Y.,"[('60000', 'mcg')]",[]
['diltiazem'],bl5z.,"[('60000', 'mcg')]",[]
['diltiazem'],bl5Z.,"[('200000', 'mcg')]",[]
['nicardipine'],bl7..,[],[]
['nicardipine'],bl71.,"[('20000', 'mcg')]",[]
['nicardipine'],bl72.,"[('30000', 'mcg')]",[]
['nicardipine'],bl73.,"[('30000', 'mcg')]",[]
['nicardipine'],bl74.,"[('45000', 'mcg')]",[]
['nicardipine'],bl75.,"[('10000', 'mcg')]",[]
['nicardipine'],bl7w.,"[('45000', 'mcg')]",[]
['nicardipine'],bl7x.,"[('30000', 'mcg')]",[]
['nicardipine'],bl7y.,"[('20000', 'mcg')]",[]
['nicardipine'],bl7z.,"[('30000', 'mcg')]",[]
['nifedipine'],bl8..,[],[]
['nifedipine'],bl81.,"[('5000', 'mcg')]",[]
['nifedipine'],bl82.,"[('10000', 'mcg')]",[]
['nifedipine'],bl83.,"[('20000', 'mcg')]",[]
['nifedipine'],bl84.,"[('10000', 'mcg')]",[]
['nifedipine'],bl85.,"[('5000', 'mcg')]",[]
['nifedipine'],bl86.,"[('10000', 'mcg')]",[]
['nifedipine'],bl87.,"[('200', 'mcg')]",[]
['nifedipine'],bl88.,"[('200', 'mcg')]",[]
['nifedipine'],bl89.,"[('5000', 'mcg')]",[]
['nifedipine'],bl8a.,"[('10000', 'mcg')]",[]
['nifedipine'],bl8A.,[],[]
['nifedipine'],bl8b.,"[('10000', 'mcg')]",[]
['nifedipine'],bl8B.,[],[]
['nifedipine'],bl8C.,"[('30000', 'mcg')]",[]
['nifedipine'],bl8D.,[],[]
['nifedipine'],bl8e.,"[('20000', 'mcg')]",[]
['nifedipine'],bl8E.,[],[]
['nifedipine'],bl8f.,"[('5000', 'mcg')]",[]
['nifedipine'],bl8F.,"[('40000', 'mcg')]",[]
['nifedipine'],bl8g.,"[('10000', 'mcg')]",[]
['nifedipine'],bl8G.,[],[]
['nifedipine'],bl8h.,"[('20000', 'mcg')]",[]
['nifedipine'],bl8H.,"[('10000', 'mcg')]",[]
['nifedipine'],bl8i.,"[('30000', 'mcg')]",[]
['nifedipine'],bl8j.,"[('60000', 'mcg')]",[]
['nifedipine'],bl8J.,[],[]
['nifedipine'],bl8k.,"[('10000', 'mcg')]",[]
['nifedipine'],bl8K.,[],[]
['nifedipine'],bl8l.,"[('20000', 'mcg')]",[]
['nifedipine'],bl8L.,[],[]
['nifedipine'],bl8m.,"[('20000', 'mcg')]",[]
['nifedipine'],bl8M.,"[('20000', 'mcg')]",[]
['nifedipine'],bl8n.,"[('20000', 'mcg')]",[]
['nifedipine'],bl8o.,"[('10000', 'mcg')]",[]
['nifedipine'],bl8O.,"[('20000', 'mcg')]",[]
['nifedipine'],bl8p.,"[('5000', 'mcg')]",[]
['nifedipine'],bl8P.,"[('10000', 'mcg')]",[]
['nifedipine'],bl8q.,[],[]
['nifedipine'],bl8Q.,"[('10000', 'mcg')]",[]
['nifedipine'],bl8r.,[],[]
['nifedipine'],bl8R.,"[('20000', 'mcg')]",[]
['nifedipine'],bl8s.,"[('20000', 'mcg')]",[]
['nifedipine'],bl8S.,[],[]
['nifedipine'],bl8t.,"[('20000', 'mcg')]",[]
['nifedipine'],bl8T.,"[('10000', 'mcg')]",[]
['nifedipine'],bl8u.,"[('10000', 'mcg')]",[]
['nifedipine'],bl8U.,[],[]
['nifedipine'],bl8v.,"[('20000', 'mcg')]",[]
['nifedipine'],bl8V.,"[('30000', 'mcg')]",[]
['nifedipine'],bl8w.,"[('10000', 'mcg')]",[]
['nifedipine'],bl8W.,"[('60000', 'mcg')]",[]
['nifedipine'],bl8x.,"[('30000', 'mcg')]",[]
['nifedipine'],bl8X.,"[('30000', 'mcg')]",[]
['nifedipine'],bl8y.,"[('60000', 'mcg')]",[]
['nifedipine'],bl8Y.,"[('60000', 'mcg')]",[]
['nifedipine'],bl8z.,"[('20000', 'mcg')]",[]
['nifedipine'],bl8Z.,"[('20000', 'mcg')]",[]
['amlodipine'],blb..,[],[]
['amlodipine'],blb1.,"[('5000', 'mcg')]",[]
['amlodipine'],blb2.,"[('10000', 'mcg')]",[]
['amlodipine'],blb3.,"[('5000', 'mcg')]",[]
['amlodipine'],blb4.,"[('10000', 'mcg')]",[]
['amlodipine'],blb5.,"[('5000', 'mcg')]",[]
['amlodipine'],blb6.,"[('10000', 'mcg')]",[]
['amlodipine'],blb7.,"[('1000', 'mcg')]",[]
['amlodipine'],blb8.,"[('2000', 'mcg')]",[]
['felodipine'],blc..,[],[]
['felodipine'],blc1.,"[('5000', 'mcg')]",[]
['felodipine'],blc2.,"[('10000', 'mcg')]",[]
['felodipine'],blc3.,"[('5000', 'mcg')]",[]
['felodipine'],blc4.,"[('10000', 'mcg')]",[]
['felodipine'],blc5.,"[('2500', 'mcg')]",[]
['felodipine'],blc6.,"[('2500', 'mcg')]",[]
['felodipine'],blc7.,"[('2500', 'mcg')]",[]
['felodipine'],blc8.,"[('5000', 'mcg')]",[]
['felodipine'],blc9.,"[('10000', 'mcg')]",[]
['felodipine'],blca.,"[('5000', 'mcg')]",[]
['felodipine'],blcb.,"[('10000', 'mcg')]",[]
['felodipine'],blcc.,"[('5000', 'mcg')]",[]
['felodipine'],blcf.,"[('5000', 'mcg')]",[]
['felodipine'],blcg.,"[('10000', 'mcg')]",[]
['felodipine'],blch.,"[('10000', 'mcg')]",[]
['felodipine'],blci.,"[('5000', 'mcg')]",[]
['felodipine'],blcj.,"[('10000', 'mcg')]",[]
['felodipine'],blck.,"[('5000', 'mcg')]",[]
['felodipine'],blcl.,"[('10000', 'mcg')]",[]
['felodipine'],blcm.,"[('5000', 'mcg')]",[]
['felodipine'],blcn.,"[('10000', 'mcg')]",[]
['felodipine'],blcq.,"[('10000', 'mcg')]",[]
['felodipine'],blcr.,"[('2500', 'mcg')]",[]
['felodipine'],blcs.,"[('2500', 'mcg')]",[]
['felodipine'],blct.,"[('2500', 'mcg')]",[]
['lacidipine'],ble..,[],[]
['lacidipine'],ble1.,"[('2000', 'mcg')]",[]
['lacidipine'],ble2.,"[('4000', 'mcg')]",[]
['lacidipine'],ble3.,"[('2000', 'mcg')]",[]
['lacidipine'],ble4.,"[('4000', 'mcg')]",[]
['lacidipine'],ble5.,"[('4000', 'mcg')]",[]
['nicorandil'],blf..,[],[]
['nicorandil'],blf1.,"[('10000', 'mcg')]",[]
['nicorandil'],blf2.,"[('20000', 'mcg')]",[]
['nicorandil'],blf3.,"[('10000', 'mcg')]",[]
['nicorandil'],blf4.,"[('20000', 'mcg')]",[]
['lercanidipine'],blh..,[],[]
['lercanidipine'],blh1.,"[('10000', 'mcg')]",[]
['lercanidipine'],blh2.,"[('10000', 'mcg')]",[]
['lercanidipine'],blh3.,"[('20000', 'mcg')]",[]
['lercanidipine'],blh4.,"[('20000', 'mcg')]",[]
['diltiazem'],blj..,[],[]
['diltiazem'],blj1.,[],[]
['diltiazem'],blj2.,[],[]
['diltiazem'],blj3.,[],[]
['diltiazem'],blj4.,[],[]
['diltiazem'],blj5.,[],[]
['diltiazem'],blj6.,[],[]
['diltiazem'],blj7.,[],[]
['diltiazem'],blj8.,[],[]
['diltiazem'],blj9.,"[('120000', 'mcg')]",[]
['diltiazem'],blja.,"[('300000', 'mcg')]",[]
['diltiazem'],bljA.,"[('180000', 'mcg')]",[]
['diltiazem'],bljb.,"[('60000', 'mcg')]",[]
['diltiazem'],bljB.,"[('240000', 'mcg')]",[]
['diltiazem'],bljc.,[],[]
['diltiazem'],bljC.,"[('60000', 'mcg')]",[]
['diltiazem'],bljd.,[],[]
['diltiazem'],bljD.,"[('90000', 'mcg')]",[]
['diltiazem'],blje.,[],[]
['diltiazem'],bljE.,"[('120000', 'mcg')]",[]
['diltiazem'],bljf.,[],[]
['diltiazem'],bljF.,"[('60000', 'mcg')]",[]
['diltiazem'],bljG.,"[('90000', 'mcg')]",[]
['diltiazem'],bljH.,"[('120000', 'mcg')]",[]
['diltiazem'],bljJ.,"[('300000', 'mcg')]",[]
['diltiazem'],bljK.,"[('300000', 'mcg')]",[]
['diltiazem'],bljL.,"[('240000', 'mcg')]",[]
['diltiazem'],bljM.,[],[]
['diltiazem'],bljN.,[],[]
['diltiazem'],bljO.,[],[]
['diltiazem'],bljP.,"[('200000', 'mcg')]",[]
['diltiazem'],bljQ.,"[('60000', 'mcg')]",[]
['diltiazem'],bljR.,"[('90000', 'mcg')]",[]
['diltiazem'],bljS.,"[('120000', 'mcg')]",[]
['diltiazem'],bljT.,"[('180000', 'mcg')]",[]
['diltiazem'],bljU.,"[('240000', 'mcg')]",[]
['diltiazem'],bljV.,"[('300000', 'mcg')]",[]
['diltiazem'],bljW.,"[('90000', 'mcg')]",[]
['diltiazem'],bljX.,"[('120000', 'mcg')]",[]
['diltiazem'],bljY.,"[('180000', 'mcg')]",[]
['diltiazem'],bljZ.,"[('240000', 'mcg')]",[]
['isosorbide_mononitrate'],blk..,[],[]
['isosorbide_mononitrate'],blk1.,[],[]
['isosorbide_mononitrate'],blk2.,[],[]
['isosorbide_mononitrate'],blk3.,[],[]
['isosorbide_mononitrate'],blk4.,[],[]
['isosorbide_mononitrate'],blk5.,[],[]
['isosorbide_mononitrate'],blk6.,[],[]
['isosorbide_mononitrate'],blk7.,[],[]
['isosorbide_mononitrate'],blk8.,[],[]
['isosorbide_mononitrate'],blk9.,[],[]
['isosorbide_mononitrate'],blkA.,"[('60000', 'mcg')]",[]
['isosorbide_mononitrate'],blkB.,[],[]
['isosorbide_mononitrate'],blkC.,"[('10000', 'mcg')]",[]
['isosorbide_mononitrate'],blkD.,"[('20000', 'mcg')]",[]
['isosorbide_mononitrate'],blkE.,"[('60000', 'mcg')]",[]
['isosorbide_mononitrate'],blkF.,[],[]
['isosorbide_mononitrate'],blkG.,"[('40000', 'mcg')]",[]
['isosorbide_mononitrate'],blkH.,"[('60000', 'mcg')]",[]
['isosorbide_mononitrate'],blkJ.,"[('60000', 'mcg')]",[]
['isosorbide_mononitrate'],blkK.,"[('60000', 'mcg')]",[]
['isosorbide_mononitrate'],blkL.,"[('60000', 'mcg')]",[]
['isosorbide_mononitrate'],blkM.,"[('50000', 'mcg')]",[]
['isosorbide_mononitrate'],blkN.,"[('60000', 'mcg')]",[]
['isosorbide_mononitrate'],blkO.,"[('40000', 'mcg')]",[]
['isosorbide_mononitrate'],blkP.,"[('60000', 'mcg')]",[]
['nifedipine'],bll..,[],[]
['nifedipine'],bll1.,"[('30000', 'mcg')]",[]
['nifedipine'],bll2.,"[('60000', 'mcg')]",[]
['nifedipine'],bll3.,[],[]
['nifedipine'],bll4.,[],[]
['nifedipine'],bll5.,[],[]
['nifedipine'],bll6.,"[('20000', 'mcg')]",[]
['nifedipine'],bll7.,"[('10000', 'mcg')]",[]
['nifedipine'],bll8.,"[('10000', 'mcg')]",[]
['nifedipine'],bll9.,"[('20000', 'mcg')]",[]
['nifedipine'],blla.,"[('10000', 'mcg')]",[]
['nifedipine'],bllb.,"[('20000', 'mcg')]",[]
['nifedipine'],bllc.,"[('30000', 'mcg')]",[]
['nifedipine'],blld.,"[('60000', 'mcg')]",[]
['nifedipine'],blle.,"[('60000', 'mcg')]",[]
['nifedipine'],bllf.,"[('30000', 'mcg')]",[]
['nifedipine'],bllg.,"[('30000', 'mcg')]",[]
['nifedipine'],bllh.,"[('60000', 'mcg')]",[]
['nifedipine'],blli.,"[('30000', 'mcg')]",[]
['nifedipine'],bllj.,"[('60000', 'mcg')]",[]
['nifedipine'],bllk.,"[('30000', 'mcg')]",[]
['nifedipine'],blll.,"[('60000', 'mcg')]",[]
"['aspirin', 'isosorbide_mononitrate']",blm..,[],[]
"['aspirin', 'isosorbide_mononitrate']",blm1.,"[('60000', 'mcg'), ('75000', 'mcg')]",[]
"['aspirin', 'isosorbide_mononitrate']",blm2.,"[('60000', 'mcg'), ('150000', 'mcg')]",[]
"['aspirin', 'isosorbide_mononitrate']",blmy.,"[('60000', 'mcg'), ('150000', 'mcg')]",[]
"['aspirin', 'isosorbide_mononitrate']",blmz.,"[('60000', 'mcg'), ('75000', 'mcg')]",[]
['isosorbide_dinitrate'],bly..,[],[]
['isosorbide_dinitrate'],bly1.,"[('5000', 'mcg')]",[]
['isosorbide_dinitrate'],bly2.,"[('10000', 'mcg')]",[]
['isosorbide_dinitrate'],bly3.,"[('20000', 'mcg')]",[]
['isosorbide_dinitrate'],bly4.,"[('30000', 'mcg')]",[]
['isosorbide_dinitrate'],bly5.,"[('20000', 'mcg')]",[]
['isosorbide_dinitrate'],bly6.,"[('20000', 'mcg')]",[]
['isosorbide_dinitrate'],bly7.,"[('40000', 'mcg')]",[]
['isosorbide_dinitrate'],bly8.,"[('5000', 'mcg')]",[]
['isosorbide_dinitrate'],bly9.,"[('40000', 'mcg')]",[]
['isosorbide_dinitrate'],blya.,"[('25000', 'mcg')]",[]
['isosorbide_dinitrate'],blyb.,"[('1250', 'mcg')]",[]
['isosorbide_dinitrate'],blyc.,"[('30000', 'mcg')]",[]
['isosorbide_dinitrate'],blyw.,"[('40000', 'mcg')]",[]
['isosorbide_dinitrate'],blyx.,"[('10000', 'mcg')]",[]
['isosorbide_dinitrate'],blyy.,"[('50000', 'mcg')]",[]
['isosorbide_dinitrate'],blyz.,"[('100000', 'mcg')]",[]
['glyceryl_trinitrate'],blz..,[],[]
['glyceryl_trinitrate'],blz1.,"[('5000', 'mcg')]",[]
['glyceryl_trinitrate'],blz2.,"[('10000', 'mcg')]",[]
['glyceryl_trinitrate'],blza.,"[('400', 'mcg')]",[]
['glyceryl_trinitrate'],blzA.,"[('400', 'mcg')]",[]
['glyceryl_trinitrate'],blzB.,"[('25000', 'mcg')]",[]
['glyceryl_trinitrate'],blzC.,"[('300', 'mcg')]",[]
['glyceryl_trinitrate'],blzd.,"[('400', 'mcg')]",[]
['glyceryl_trinitrate'],blzD.,"[('500', 'mcg')]",[]
['glyceryl_trinitrate'],blzE.,"[('600', 'mcg')]",[]
['glyceryl_trinitrate'],blzF.,"[('15000', 'mcg')]",[]
['glyceryl_trinitrate'],blzG.,"[('2500', 'mcg')]",[]
['glyceryl_trinitrate'],blzh.,"[('6400', 'mcg')]",[]
['glyceryl_trinitrate'],blzH.,"[('50000', 'mcg')]",[]
['glyceryl_trinitrate'],blzi.,"[('1000', 'mcg')]",[]
['glyceryl_trinitrate'],blzI.,"[('400', 'mcg')]",[]
['glyceryl_trinitrate'],blzj.,"[('2000', 'mcg')]",[]
['glyceryl_trinitrate'],blzk.,"[('3000', 'mcg')]",[]
['glyceryl_trinitrate'],blzl.,"[('5000', 'mcg')]",[]
['glyceryl_trinitrate'],blzm.,"[('2600', 'mcg')]",[]
['glyceryl_trinitrate'],blzn.,"[('6400', 'mcg')]",[]
['glyceryl_trinitrate'],blzo.,"[('10000', 'mcg')]",[]
['glyceryl_trinitrate'],blzp.,"[('10000', 'mcg')]",[]
['glyceryl_trinitrate'],blzq.,"[('50000', 'mcg')]",[]
['glyceryl_trinitrate'],blzr.,"[('5000', 'mcg')]",[]
['glyceryl_trinitrate'],blzs.,"[('25000', 'mcg')]",[]
['glyceryl_trinitrate'],blzt.,"[('5000', 'mcg')]",[]
['glyceryl_trinitrate'],blzv.,"[('50000', 'mcg')]",[]
['glyceryl_trinitrate'],blzx.,"[('2', '%')]",[]
['glyceryl_trinitrate'],blzy.,"[('5000', 'mcg')]",[]
['glyceryl_trinitrate'],blzz.,"[('10000', 'mcg')]",[]
['cinnarizine'],bn2..,[],[]
['cinnarizine'],bn21.,"[('75000', 'mcg')]",[]
['cinnarizine'],bn2z.,"[('75000', 'mcg')]",[]
['nicotinic_acid'],bn3..,[],[]
['nicotinic_acid'],bn32.,"[('500000', 'mcg')]",[]
['nicotinic_acid'],bn33.,"[('750000', 'mcg')]",[]
['nicotinic_acid'],bn34.,"[('750000', 'mcg')]",[]
['nicotinic_acid'],bn35.,"[('1000000', 'mcg')]","[('5', 'sztuk')]"
['nicotinic_acid'],bn36.,[],[]
['nicotinic_acid'],bn37.,"[('25000', 'mcg')]",[]
['nicotinic_acid'],bn38.,"[('150000', 'mcg')]",[]
['pentoxifylline'],bn4..,[],[]
['pentoxifylline'],bn41.,"[('400000', 'mcg')]",[]
['pentoxifylline'],bn42.,"[('100000', 'mcg')]",[]
['pentoxifylline'],bn43.,"[('400000', 'mcg')]",[]
['pentoxifylline'],bn4y.,"[('400000', 'mcg')]",[]
['moxisylyte'],bn5..,[],[]
['moxisylyte'],bn51.,"[('40000', 'mcg')]",[]
['moxisylyte'],bn52.,"[('5000', 'mcg')]",[]
['moxisylyte'],bn53.,"[('30000', 'mcg')]",[]
['moxisylyte'],bn5x.,"[('40000', 'mcg')]",[]
['rutosides'],bn61.,"[('250000', 'mcg')]",[]
['rutosides'],bn62.,"[('250000', 'mcg')]",[]
['iloprost'],bn7..,[],[]
['iloprost'],bn71.,"[('100', 'mcg')]",[]
['iloprost'],bn72.,"[('10', 'mcg')]","[('2', 'sztuk')]"
['iloprost'],bn73.,"[('10', 'mcg')]","[('2', 'sztuk')]"
['iloprost'],bn74.,"[('10', 'mcg')]","[('1', 'sztuk')]"
['iloprost'],bn75.,"[('10', 'mcg')]","[('1', 'sztuk')]"
['naftidrofuryl'],bo4..,[],[]
['naftidrofuryl'],bo41.,"[('100000', 'mcg')]",[]
['naftidrofuryl'],bo42.,"[('200000', 'mcg')]",[]
['naftidrofuryl'],bo43.,"[('100000', 'mcg')]",[]
['naftidrofuryl'],bo4y.,"[('100000', 'mcg')]",[]
['naftidrofuryl'],bo4z.,"[('200000', 'mcg')]",[]
['adrenaline'],bp...,[],[]
['adrenaline'],bp1..,[],[]
['adrenaline'],bp11.,"[('500', 'mcg')]",[]
['adrenaline'],bp12.,"[('1000', 'mcg')]",[]
['adrenaline'],bp13.,"[('500', 'mcg')]",[]
['adrenaline'],bp14.,"[('1000', 'mcg')]",[]
['adrenaline'],bp15.,"[('300', 'mcg')]",[]
['adrenaline'],bp16.,"[('1000', 'mcg')]",[]
['adrenaline'],bp17.,"[('1000', 'mcg')]",[]
['adrenaline'],bp18.,"[('1000', 'mcg')]",[]
['adrenaline'],bp19.,"[('1000', 'mcg')]",[]
['adrenaline'],bp1a.,"[('300', 'mcg')]",[]
['adrenaline'],bp1A.,"[('300', 'mcg')]",[]
['adrenaline'],bp1b.,"[('5000', 'mcg')]",[]
['adrenaline'],bp1B.,"[('150', 'mcg')]",[]
['adrenaline'],bp1C.,"[('300', 'mcg')]",[]
['adrenaline'],bp1D.,"[('150', 'mcg')]",[]
['adrenaline'],bp1E.,"[('1000', 'mcg')]",[]
['adrenaline'],bp1F.,"[('1000', 'mcg')]",[]
['adrenaline'],bp1G.,"[('300', 'mcg')]",[]
['adrenaline'],bp1H.,"[('150', 'mcg')]",[]
['adrenaline'],bp1I.,"[('500', 'mcg')]",[]
['adrenaline'],bp1J.,"[('500', 'mcg')]",[]
['adrenaline'],bp1K.,"[('150', 'mcg')]",[]
['adrenaline'],bp1L.,"[('150', 'mcg')]",[]
['adrenaline'],bp1M.,"[('300', 'mcg')]",[]
['adrenaline'],bp1N.,"[('150', 'mcg')]",[]
['adrenaline'],bp1O.,"[('300', 'mcg')]",[]
['adrenaline'],bp1P.,"[('500', 'mcg')]",[]
['adrenaline'],bp1Q.,"[('1000', 'mcg')]",[]
['adrenaline'],bp1R.,"[('100', 'mcg')]",[]
['adrenaline'],bp1S.,"[('500', 'mcg')]",[]
['adrenaline'],bp1x.,"[('100', 'mcg')]",[]
['adrenaline'],bp1y.,"[('1000', 'mcg')]",[]
['adrenaline'],bp1z.,"[('5000', 'mcg')]",[]
['phenylephrine'],bq5..,[],[]
['phenylephrine'],bq51.,"[('10000', 'mcg')]",[]
['ephedrine'],bq6..,[],[]
['ephedrine'],bq61.,"[('30000', 'mcg')]",[]
['ephedrine'],bq62.,"[('30000', 'mcg')]",[]
['ephedrine'],bq63.,"[('30000', 'mcg')]",[]
['midodrine'],bq7..,[],[]
['midodrine'],bq71.,"[('2500', 'mcg')]",[]
['midodrine'],bq72.,"[('5000', 'mcg')]",[]
['midodrine'],bq73.,"[('2500', 'mcg')]",[]
['midodrine'],bq74.,"[('5000', 'mcg')]",[]
['heparin'],br1..,[],[]
['heparin'],br11.,[],"[('1', 'sztuk')]"
['heparin'],br12.,[],"[('5', 'sztuk')]"
['heparin'],br13.,[],"[('5', 'sztuk')]"
['heparin'],br14.,[],"[('1', 'sztuk')]"
['heparin'],br15.,[],"[('5', 'sztuk')]"
['heparin'],br16.,[],"[('5', 'sztuk')]"
['heparin'],br17.,[],"[('1', 'sztuk')]"
['heparin'],br18.,[],"[('1', 'sztuk')]"
['heparin'],br19.,[],"[('5', 'sztuk')]"
['heparin'],br1a.,[],"[('1', 'sztuk')]"
['heparin'],br1A.,[],"[('20', 'sztuk')]"
['heparin'],br1b.,[],"[('5', 'sztuk')]"
['heparin'],br1c.,[],"[('1', 'sztuk')]"
['heparin'],br1d.,[],"[('1', 'sztuk')]"
['heparin'],br1e.,[],"[('5', 'sztuk')]"
['heparin'],br1f.,[],"[('5', 'sztuk')]"
['heparin'],br1g.,[],"[('5', 'sztuk')]"
['heparin'],br1h.,"[('5000', 'unit')]","[('5', 'sztuk')]"
['heparin'],br1i.,"[('000', 'unit')]","[('10', 'sztuk')]"
['heparin'],br1j.,"[('000', 'unit')]","[('20', 'sztuk')]"
['heparin'],br1k.,"[('1000', 'unit')]","[('1', 'sztuk')]"
['heparin'],br1l.,"[('5000', 'unit')]","[('1', 'sztuk')]"
['heparin'],br1m.,"[('000', 'unit')]","[('1', 'sztuk')]"
['heparin'],br1n.,"[('000', 'unit')]","[('1', 'sztuk')]"
['heparin'],br1q.,[],"[('10', 'sztuk')]"
['heparin'],br1s.,[],"[('5', 'sztuk')]"
['dalteparin'],br1t.,[],"[('4', 'sztuk')]"
['dalteparin'],br1u.,[],"[('1', 'sztuk')]"
['heparin'],br1v.,[],"[('10', 'sztuk')]"
['heparin'],br1w.,[],"[('20', 'sztuk')]"
['heparin'],br2..,[],[]
['heparin'],br21.,[],"[('2', 'sztuk')]"
['heparin'],br22.,[],"[('2', 'sztuk')]"
['heparin'],br23.,[],"[('2', 'sztuk')]"
['heparin'],br24.,[],"[('5', 'sztuk')]"
['heparin'],br25.,[],"[('8', 'sztuk')]"
['heparin'],br26.,[],"[('5', 'sztuk')]"
['heparin'],br27.,[],"[('2', 'sztuk')]"
['heparin'],br28.,[],"[('5', 'sztuk')]"
['heparin'],br29.,[],"[('2', 'sztuk')]"
['heparin'],br2a.,[],"[('2', 'sztuk')]"
['dalteparin'],br2A.,[],"[('4', 'sztuk')]"
['heparin'],br2b.,[],"[('2', 'sztuk')]"
['dalteparin'],br2B.,[],"[('4', 'sztuk')]"
['heparin'],br2c.,[],"[('2', 'sztuk')]"
['dalteparin'],br2C.,[],"[('4', 'sztuk')]"
['heparin'],br2d.,[],"[('4', 'sztuk')]"
['dalteparin'],br2D.,[],"[('5', 'sztuk')]"
['heparin'],br2e.,[],"[('2', 'sztuk')]"
['dalteparin'],br2E.,[],"[('72', 'sztuk')]"
['heparin'],br2f.,[],"[('5', 'sztuk')]"
['dalteparin'],br2F.,[],"[('4', 'sztuk')]"
['heparin'],br2g.,[],"[('8', 'sztuk')]"
['dalteparin'],br2G.,[],"[('5', 'sztuk')]"
['dalteparin'],br2h.,[],"[('4', 'sztuk')]"
['dalteparin'],br2H.,[],"[('72', 'sztuk')]"
['dalteparin'],br2i.,[],"[('1', 'sztuk')]"
['dalteparin'],br2I.,[],"[('6', 'sztuk')]"
['dalteparin'],br2j.,[],"[('2', 'sztuk')]"
['dalteparin'],br2J.,[],"[('6', 'sztuk')]"
['dalteparin'],br2k.,[],"[('2', 'sztuk')]"
['dalteparin'],br2K.,[],"[('1', 'sztuk')]"
['dalteparin'],br2l.,[],"[('1', 'sztuk')]"
['dalteparin'],br2L.,[],"[('3', 'sztuk')]"
['dalteparin'],br2m.,[],"[('4', 'sztuk')]"
['dalteparin'],br2M.,[],"[('3', 'sztuk')]"
['dalteparin'],br2n.,[],"[('2', 'sztuk')]"
['dalteparin'],br2o.,[],"[('2', 'sztuk')]"
['heparin'],br2p.,[],"[('5', 'sztuk')]"
['heparin'],br2q.,[],"[('2', 'sztuk')]"
['heparin'],br2r.,[],"[('2', 'sztuk')]"
['heparin'],br2s.,[],"[('5', 'sztuk')]"
['heparin'],br2t.,[],"[('8', 'sztuk')]"
['heparin'],br2u.,[],"[('2', 'sztuk')]"
['heparin'],br2v.,[],"[('2', 'sztuk')]"
['heparin'],br2w.,[],"[('4', 'sztuk')]"
['heparin'],br2x.,[],"[('2', 'sztuk')]"
['heparin'],br2y.,[],"[('2', 'sztuk')]"
['dalteparin'],br2z.,[],"[('1', 'sztuk')]"
['heparin'],br3..,[],[]
['heparin'],br32.,"[('200', 'unit')]","[('2', 'sztuk')]"
['heparin'],br33.,"[('50', 'unit')]","[('5', 'sztuk')]"
['heparin'],br34.,"[('50', 'unit')]","[('5', 'sztuk')]"
['heparin'],br35.,"[('1000', 'unit')]","[('10', 'sztuk')]"
['heparin'],br36.,[],"[('2', 'sztuk')]"
['heparin'],br37.,"[('50', 'unit')]","[('5', 'sztuk')]"
['heparin'],br38.,"[('200', 'unit')]","[('2', 'sztuk')]"
['heparin'],br39.,"[('1000', 'unit')]","[('10', 'sztuk')]"
['enoxaparin'],br6..,[],[]
['enoxaparin'],br61.,"[('20000', 'mcg')]",[]
['enoxaparin'],br62.,"[('40000', 'mcg')]",[]
['enoxaparin'],br63.,"[('20000', 'mcg')]",[]
['enoxaparin'],br64.,"[('40000', 'mcg')]",[]
['enoxaparin'],br65.,"[('60000', 'mcg')]",[]
['enoxaparin'],br66.,"[('80000', 'mcg')]",[]
['enoxaparin'],br67.,"[('100000', 'mcg')]",[]
['enoxaparin'],br68.,"[('60000', 'mcg')]",[]
['enoxaparin'],br69.,"[('80000', 'mcg')]",[]
['enoxaparin'],br6A.,"[('100000', 'mcg')]",[]
['enoxaparin'],br6B.,"[('120000', 'mcg')]",[]
['enoxaparin'],br6C.,"[('150000', 'mcg')]",[]
['enoxaparin'],br6D.,"[('300000', 'mcg')]",[]
['enoxaparin'],br6x.,"[('300000', 'mcg')]",[]
['enoxaparin'],br6y.,"[('120000', 'mcg')]",[]
['enoxaparin'],br6z.,"[('150000', 'mcg')]",[]
['tinzaparin'],br7..,[],[]
['tinzaparin'],br71.,[],"[('3', 'sztuk')]"
['tinzaparin'],br72.,[],"[('5', 'sztuk')]"
['tinzaparin'],br73.,[],"[('21', 'sztuk')]"
['tinzaparin'],br74.,[],"[('3', 'sztuk')]"
['tinzaparin'],br75.,[],"[('39', 'sztuk')]"
['tinzaparin'],br76.,[],"[('21', 'sztuk')]"
['tinzaparin'],br77.,[],"[('3', 'sztuk')]"
['tinzaparin'],br78.,[],"[('39', 'sztuk')]"
['tinzaparin'],br79.,[],"[('5', 'sztuk')]"
['tinzaparin'],br7A.,[],"[('2', 'sztuk')]"
['tinzaparin'],br7B.,[],"[('2', 'sztuk')]"
['tinzaparin'],br7C.,[],"[('5', 'sztuk')]"
['tinzaparin'],br7D.,[],"[('5', 'sztuk')]"
['tinzaparin'],br7E.,[],"[('5', 'sztuk')]"
['tinzaparin'],br7F.,[],"[('7', 'sztuk')]"
['tinzaparin'],br7G.,[],"[('9', 'sztuk')]"
['tinzaparin'],br7H.,[],"[('5', 'sztuk')]"
['tinzaparin'],br7J.,[],"[('7', 'sztuk')]"
['tinzaparin'],br7K.,[],"[('9', 'sztuk')]"
['tinzaparin'],br7L.,[],"[('35', 'sztuk')]"
['tinzaparin'],br7M.,[],"[('45', 'sztuk')]"
['tinzaparin'],br7N.,[],"[('35', 'sztuk')]"
['tinzaparin'],br7O.,[],"[('45', 'sztuk')]"
['tinzaparin'],br7P.,[],"[('2', 'sztuk')]"
['tinzaparin'],br7Q.,[],"[('2', 'sztuk')]"
['tinzaparin'],br7R.,[],"[('25', 'sztuk')]"
['tinzaparin'],br7S.,[],"[('25', 'sztuk')]"
['tinzaparin'],br7T.,[],"[('4', 'sztuk')]"
['tinzaparin'],br7U.,[],"[('6', 'sztuk')]"
['tinzaparin'],br7V.,[],"[('8', 'sztuk')]"
['tinzaparin'],br7W.,[],"[('4', 'sztuk')]"
['tinzaparin'],br7X.,[],"[('6', 'sztuk')]"
['tinzaparin'],br7Y.,[],"[('8', 'sztuk')]"
['fondaparinux'],brD..,[],[]
['fondaparinux'],brD1.,"[('2500', 'mcg')]",[]
['fondaparinux'],brD2.,"[('5000', 'mcg')]",[]
['fondaparinux'],brD3.,"[('7500', 'mcg')]",[]
['fondaparinux'],brD4.,"[('10000', 'mcg')]",[]
['fondaparinux'],brD5.,"[('5000', 'mcg')]",[]
['fondaparinux'],brD6.,"[('7500', 'mcg')]",[]
['fondaparinux'],brD7.,"[('10000', 'mcg')]",[]
['fondaparinux'],brD8.,"[('1500', 'mcg')]",[]
['fondaparinux'],brD9.,"[('1500', 'mcg')]",[]
['fondaparinux'],brDZ.,"[('2500', 'mcg')]",[]
['warfarin'],bs1..,[],[]
['warfarin'],bs11.,"[('1000', 'mcg')]",[]
['warfarin'],bs12.,"[('3000', 'mcg')]",[]
['warfarin'],bs13.,"[('5000', 'mcg')]",[]
['warfarin'],bs14.,"[('1000', 'mcg')]",[]
['warfarin'],bs15.,"[('3000', 'mcg')]",[]
['warfarin'],bs16.,"[('5000', 'mcg')]",[]
['warfarin'],bs17.,"[('1000', 'mcg')]",[]
['warfarin'],bs18.,"[('3000', 'mcg')]",[]
['warfarin'],bs19.,"[('5000', 'mcg')]",[]
['warfarin'],bs1A.,"[('500', 'mcg')]",[]
['warfarin'],bs1B.,"[('500', 'mcg')]",[]
['warfarin'],bs1C.,"[('1000', 'mcg')]",[]
['acenocoumarol'],bs2..,[],[]
['acenocoumarol'],bs21.,"[('1000', 'mcg')]",[]
['acenocoumarol'],bs22.,"[('4000', 'mcg')]",[]
['acenocoumarol'],bs23.,"[('1000', 'mcg')]",[]
['phenindione'],bs3..,[],[]
['phenindione'],bs31.,"[('10000', 'mcg')]",[]
['phenindione'],bs32.,"[('25000', 'mcg')]",[]
['phenindione'],bs33.,"[('50000', 'mcg')]",[]
['phenindione'],bs34.,"[('10000', 'mcg')]",[]
['phenindione'],bs35.,"[('25000', 'mcg')]",[]
['phenindione'],bs36.,"[('50000', 'mcg')]",[]
['dabigatran'],bs4..,[],[]
['dabigatran'],bs41.,"[('75000', 'mcg')]",[]
['dabigatran'],bs42.,"[('110000', 'mcg')]",[]
['dabigatran'],bs43.,"[('150000', 'mcg')]",[]
['dabigatran'],bs4x.,"[('150000', 'mcg')]",[]
['dabigatran'],bs4y.,"[('110000', 'mcg')]",[]
['dabigatran'],bs4z.,"[('75000', 'mcg')]",[]
['rivaroxaban'],bs6..,[],[]
['rivaroxaban'],bs61.,"[('10000', 'mcg')]",[]
['rivaroxaban'],bs62.,"[('15000', 'mcg')]",[]
['rivaroxaban'],bs63.,"[('20000', 'mcg')]",[]
['rivaroxaban'],bs64.,"[('2500', 'mcg')]",[]
['rivaroxaban'],bs6w.,"[('2500', 'mcg')]",[]
['rivaroxaban'],bs6x.,"[('20000', 'mcg')]",[]
['rivaroxaban'],bs6y.,"[('15000', 'mcg')]",[]
['rivaroxaban'],bs6z.,"[('10000', 'mcg')]",[]
['apixaban'],bs7..,[],[]
['apixaban'],bs71.,"[('2500', 'mcg')]",[]
['apixaban'],bs72.,"[('2500', 'mcg')]",[]
['apixaban'],bs73.,"[('5000', 'mcg')]",[]
['apixaban'],bs74.,"[('5000', 'mcg')]",[]
['edoxaban'],bs8..,[],[]
['edoxaban'],bs81.,"[('15000', 'mcg')]",[]
['edoxaban'],bs82.,"[('30000', 'mcg')]",[]
['edoxaban'],bs83.,"[('60000', 'mcg')]",[]
['edoxaban'],bs84.,"[('15000', 'mcg')]",[]
['edoxaban'],bs85.,"[('30000', 'mcg')]",[]
['edoxaban'],bs86.,"[('60000', 'mcg')]",[]
['dipyridamole'],bu1..,[],[]
['dipyridamole'],bu11.,"[('25000', 'mcg')]",[]
['dipyridamole'],bu12.,"[('100000', 'mcg')]",[]
['dipyridamole'],bu13.,"[('10000', 'mcg')]",[]
['dipyridamole'],bu14.,"[('25000', 'mcg')]",[]
['dipyridamole'],bu15.,"[('100000', 'mcg')]",[]
['dipyridamole'],bu16.,"[('25000', 'mcg')]",[]
['dipyridamole'],bu17.,"[('100000', 'mcg')]",[]
['dipyridamole'],bu18.,"[('25000', 'mcg')]",[]
['dipyridamole'],bu19.,"[('100000', 'mcg')]",[]
['dipyridamole'],bu1A.,"[('100000', 'mcg')]",[]
['dipyridamole'],bu1B.,"[('25000', 'mcg')]",[]
['dipyridamole'],bu1C.,"[('200000', 'mcg')]",[]
['dipyridamole'],bu1D.,"[('200000', 'mcg')]",[]
['dipyridamole'],bu1E.,"[('50000', 'mcg')]",[]
['dipyridamole'],bu1F.,"[('200000', 'mcg')]",[]
['dipyridamole'],bu1G.,"[('200000', 'mcg')]",[]
['dipyridamole'],bu1z.,"[('10000', 'mcg')]",[]
['aspirin'],bu2..,[],[]
['aspirin'],bu21.,"[('100000', 'mcg')]",[]
['aspirin'],bu22.,"[('100000', 'mcg')]",[]
['aspirin'],bu23.,"[('75000', 'mcg')]",[]
['aspirin'],bu24.,"[('75000', 'mcg')]",[]
['aspirin'],bu25.,"[('75000', 'mcg')]",[]
['aspirin'],bu26.,"[('300000', 'mcg')]",[]
['aspirin'],bu27.,"[('300000', 'mcg')]",[]
['aspirin'],bu28.,"[('100000', 'mcg')]",[]
['aspirin'],bu29.,"[('100000', 'mcg')]",[]
['aspirin'],bu2a.,"[('300000', 'mcg')]",[]
['aspirin'],bu2A.,"[('75000', 'mcg')]",[]
['aspirin'],bu2b.,"[('300000', 'mcg')]",[]
['aspirin'],bu2B.,"[('75000', 'mcg')]",[]
['aspirin'],bu2c.,"[('75000', 'mcg')]",[]
['aspirin'],bu2G.,[],[]
['aspirin'],bu2H.,"[('75000', 'mcg')]",[]
['aspirin'],bu2I.,"[('162500', 'mcg')]",[]
['aspirin'],bu2K.,"[('75000', 'mcg')]",[]
"['aspirin', 'dipyridamole']",bu4..,[],[]
"['aspirin', 'dipyridamole']",bu41.,"[('200000', 'mcg'), ('25000', 'mcg')]",[]
"['aspirin', 'dipyridamole']",bu42.,[],[]
"['aspirin', 'dipyridamole']",bu43.,"[('200000', 'mcg'), ('25000', 'mcg')]",[]
['clopidogrel'],bu5..,[],[]
['clopidogrel'],bu51.,"[('75000', 'mcg')]",[]
['clopidogrel'],bu52.,"[('75000', 'mcg')]",[]
['clopidogrel'],bu53.,"[('300000', 'mcg')]",[]
['clopidogrel'],bu54.,"[('300000', 'mcg')]",[]
['clopidogrel'],bu55.,"[('75000', 'mcg')]",[]
['ticlopidine'],bu6..,[],[]
['ticlopidine'],bu61.,"[('250000', 'mcg')]",[]
['ticlopidine'],bu62.,"[('250000', 'mcg')]",[]
['cilostazol'],bu9..,[],[]
['cilostazol'],bu91.,"[('100000', 'mcg')]",[]
['cilostazol'],bu92.,"[('100000', 'mcg')]",[]
['cilostazol'],bu93.,"[('50000', 'mcg')]",[]
['cilostazol'],bu94.,"[('50000', 'mcg')]",[]
['prasugrel'],buA..,[],[]
['prasugrel'],buA1.,"[('5000', 'mcg')]",[]
['prasugrel'],buA2.,"[('5000', 'mcg')]",[]
['prasugrel'],buA3.,"[('10000', 'mcg')]",[]
['prasugrel'],buA4.,"[('10000', 'mcg')]",[]
['ticagrelor'],buB..,[],[]
['ticagrelor'],buB1.,"[('90000', 'mcg')]",[]
['ticagrelor'],buBz.,"[('90000', 'mcg')]",[]
['tranexamic_acid'],bw3..,[],[]
['tranexamic_acid'],bw31.,"[('500000', 'mcg')]",[]
['tranexamic_acid'],bw32.,"[('500000', 'mcg')]",[]
['tranexamic_acid'],bw33.,"[('500000', 'mcg')]",[]
['tranexamic_acid'],bw34.,"[('500000', 'mcg')]",[]
['tranexamic_acid'],bw35.,"[('500000', 'mcg')]",[]
['tranexamic_acid'],bw36.,"[('500000', 'mcg')]",[]
['tranexamic_acid'],bw37.,"[('500000', 'mcg')]",[]
['tranexamic_acid'],bw39.,"[('500000', 'mcg')]",[]
['bezafibrate'],bx1..,[],[]
['bezafibrate'],bx11.,"[('200000', 'mcg')]",[]
['bezafibrate'],bx12.,"[('400000', 'mcg')]",[]
['bezafibrate'],bx13.,"[('200000', 'mcg')]",[]
['bezafibrate'],bx14.,"[('400000', 'mcg')]",[]
['bezafibrate'],bx15.,"[('400000', 'mcg')]",[]
['bezafibrate'],bx16.,"[('400000', 'mcg')]",[]
['bezafibrate'],bx17.,"[('400000', 'mcg')]",[]
['bezafibrate'],bx18.,"[('400000', 'mcg')]",[]
['colestyramine'],bx2..,[],[]
['colestyramine'],bx21.,"[('4000000', 'mcg')]",[]
['colestyramine'],bx22.,"[('4000000', 'mcg')]",[]
['colestyramine'],bx23.,"[('4000000', 'mcg')]",[]
['colestyramine'],bx24.,"[('4000000', 'mcg')]",[]
['colestyramine'],bx25.,"[('4000000', 'mcg')]",[]
['colestyramine'],bx26.,"[('4000000', 'mcg')]",[]
['colestyramine'],bx27.,"[('4000000', 'mcg')]",[]
['colestyramine'],bx28.,"[('4000000', 'mcg')]",[]
['colestipol'],bx4..,[],[]
['colestipol'],bx41.,"[('5000000', 'mcg')]",[]
['colestipol'],bx42.,"[('5000000', 'mcg')]",[]
['colestipol'],bx43.,"[('5000000', 'mcg')]",[]
['colestipol'],bx44.,"[('5000000', 'mcg')]",[]
['gemfibrozil'],bx6..,[],[]
['gemfibrozil'],bx61.,"[('300000', 'mcg')]",[]
['gemfibrozil'],bx62.,"[('600000', 'mcg')]",[]
['gemfibrozil'],bx63.,"[('600000', 'mcg')]",[]
['gemfibrozil'],bx64.,"[('300000', 'mcg')]",[]
['gemfibrozil'],bx6z.,"[('300000', 'mcg')]",[]
['nicotinic_acid'],bx8..,[],[]
['nicotinic_acid'],bx81.,"[('25000', 'mcg')]",[]
['nicotinic_acid'],bx82.,"[('50000', 'mcg')]",[]
['nicotinic_acid'],bx83.,"[('100000', 'mcg')]",[]
['nicotinic_acid'],bx84.,"[('375000', 'mcg'), ('500000', 'mcg'), ('750000', 'mcg')]",[]
['nicotinic_acid'],bx85.,"[('500000', 'mcg')]",[]
['nicotinic_acid'],bx86.,"[('750000', 'mcg')]",[]
['nicotinic_acid'],bx87.,"[('1000000', 'mcg')]",[]
['nicotinic_acid'],bx88.,"[('375000', 'mcg'), ('500000', 'mcg'), ('750000', 'mcg')]",[]
['nicotinic_acid'],bx89.,"[('500000', 'mcg')]",[]
['nicotinic_acid'],bx8a.,"[('750000', 'mcg')]",[]
['nicotinic_acid'],bx8b.,"[('1000000', 'mcg')]",[]
['nicotinic_acid'],bx8c.,"[('1000000', 'mcg'), ('20000', 'mcg')]",[]
['nicotinic_acid'],bx8d.,"[('1000000', 'mcg'), ('20000', 'mcg')]",[]
['omega_3_acid'],bxa..,[],[]
['omega_3_acid'],bxa7.,"[('1000000', 'mcg')]",[]
['omega_3_acid'],bxa8.,"[('1000000', 'mcg')]",[]
['omega_3_acid'],bxa9.,"[('1000000', 'mcg')]",[]
['omega_3_acid'],bxaA.,"[('1000000', 'mcg')]",[]
['omega_3_acid'],bxaB.,"[('1000000', 'mcg')]",[]
['acipimox'],bxb..,[],[]
['acipimox'],bxb1.,"[('250000', 'mcg')]",[]
['acipimox'],bxb2.,"[('250000', 'mcg')]",[]
['fenofibrate'],bxc..,[],[]
['fenofibrate'],bxc1.,"[('100000', 'mcg')]",[]
['fenofibrate'],bxc2.,"[('100000', 'mcg')]",[]
['fenofibrate'],bxc3.,"[('100000', 'mcg')]",[]
['fenofibrate'],bxc4.,"[('200000', 'mcg')]",[]
['fenofibrate'],bxc5.,"[('200000', 'mcg')]",[]
['fenofibrate'],bxc6.,"[('67000', 'mcg')]",[]
['fenofibrate'],bxc7.,"[('67000', 'mcg')]",[]
['fenofibrate'],bxc8.,"[('267000', 'mcg')]",[]
['fenofibrate'],bxc9.,"[('267000', 'mcg')]",[]
['fenofibrate'],bxcA.,"[('160000', 'mcg')]",[]
['fenofibrate'],bxcB.,"[('160000', 'mcg')]",[]
['fenofibrate'],bxcC.,"[('200000', 'mcg')]",[]
['fenofibrate'],bxcD.,"[('200000', 'mcg')]",[]
['fenofibrate'],bxcE.,"[('160000', 'mcg')]",[]
['simvastatin'],bxd..,[],[]
['simvastatin'],bxd1.,"[('10000', 'mcg')]",[]
['simvastatin'],bxd2.,"[('20000', 'mcg')]",[]
['simvastatin'],bxd3.,"[('10000', 'mcg')]",[]
['simvastatin'],bxd4.,"[('20000', 'mcg')]",[]
['simvastatin'],bxd5.,"[('40000', 'mcg')]",[]
['simvastatin'],bxd6.,"[('40000', 'mcg')]",[]
['simvastatin'],bxd7.,"[('10000', 'mcg')]",[]
['simvastatin'],bxd8.,"[('20000', 'mcg')]",[]
['simvastatin'],bxd9.,"[('80000', 'mcg')]",[]
['simvastatin'],bxdA.,"[('10000', 'mcg')]",[]
['simvastatin'],bxdB.,"[('20000', 'mcg')]",[]
['simvastatin'],bxdC.,"[('40000', 'mcg')]",[]
['simvastatin'],bxdD.,"[('10000', 'mcg')]",[]
['simvastatin'],bxdE.,"[('20000', 'mcg')]",[]
['simvastatin'],bxdF.,"[('40000', 'mcg')]",[]
['simvastatin'],bxdG.,"[('10000', 'mcg')]",[]
"['ezetimibe', 'simvastatin']",bxdH.,"[('10000', 'mcg'), ('20000', 'mcg')]",[]
"['ezetimibe', 'simvastatin']",bxdI.,"[('10000', 'mcg'), ('40000', 'mcg')]",[]
"['ezetimibe', 'simvastatin']",bxdJ.,"[('10000', 'mcg'), ('80000', 'mcg')]",[]
['simvastatin'],bxdK.,"[('80000', 'mcg')]",[]
['simvastatin'],bxdu.,"[('20000', 'mcg')]",[]
['simvastatin'],bxdv.,"[('40000', 'mcg')]",[]
"['ezetimibe', 'simvastatin']",bxdw.,"[('80000', 'mcg'), ('10000', 'mcg')]",[]
"['ezetimibe', 'simvastatin']",bxdx.,"[('40000', 'mcg'), ('10000', 'mcg')]",[]
"['ezetimibe', 'simvastatin']",bxdy.,"[('20000', 'mcg'), ('10000', 'mcg')]",[]
['simvastatin'],bxdz.,"[('80000', 'mcg')]",[]
['pravastatin'],bxe..,[],[]
['pravastatin'],bxe1.,"[('10000', 'mcg')]",[]
['pravastatin'],bxe2.,"[('20000', 'mcg')]",[]
['pravastatin'],bxe3.,"[('10000', 'mcg')]",[]
['pravastatin'],bxe4.,"[('20000', 'mcg')]",[]
['pravastatin'],bxe5.,"[('10000', 'mcg')]",[]
['pravastatin'],bxe6.,"[('20000', 'mcg')]",[]
['pravastatin'],bxe7.,"[('40000', 'mcg')]",[]
['pravastatin'],bxe8.,"[('40000', 'mcg')]",[]
['ciprofibrate'],bxf..,[],[]
['ciprofibrate'],bxf1.,"[('100000', 'mcg')]",[]
['ciprofibrate'],bxf2.,"[('100000', 'mcg')]",[]
['fluvastatin'],bxg..,[],[]
['fluvastatin'],bxg1.,"[('20000', 'mcg')]",[]
['fluvastatin'],bxg2.,"[('40000', 'mcg')]",[]
['fluvastatin'],bxg3.,"[('20000', 'mcg')]",[]
['fluvastatin'],bxg4.,"[('40000', 'mcg')]",[]
['fluvastatin'],bxg5.,"[('80000', 'mcg')]",[]
['fluvastatin'],bxg6.,"[('80000', 'mcg')]",[]
['fluvastatin'],bxg7.,"[('80000', 'mcg')]",[]
['fluvastatin'],bxg8.,"[('80000', 'mcg')]",[]
['fluvastatin'],bxg9.,"[('80000', 'mcg')]",[]
['fluvastatin'],bxgz.,"[('80000', 'mcg')]",[]
['atorvastatin'],bxi..,[],[]
['atorvastatin'],bxi1.,"[('10000', 'mcg')]",[]
['atorvastatin'],bxi2.,"[('20000', 'mcg')]",[]
['atorvastatin'],bxi3.,"[('40000', 'mcg')]",[]
['atorvastatin'],bxi4.,"[('10000', 'mcg')]",[]
['atorvastatin'],bxi5.,"[('20000', 'mcg')]",[]
['atorvastatin'],bxi6.,"[('40000', 'mcg')]",[]
['atorvastatin'],bxi7.,"[('80000', 'mcg')]",[]
['atorvastatin'],bxi8.,"[('10000', 'mcg')]",[]
['atorvastatin'],bxi9.,"[('10000', 'mcg')]",[]
['atorvastatin'],bxiA.,"[('20000', 'mcg')]",[]
['atorvastatin'],bxiB.,"[('20000', 'mcg')]",[]
['atorvastatin'],bxiy.,"[('60000', 'mcg')]",[]
['atorvastatin'],bxiz.,"[('80000', 'mcg')]",[]
['rosuvastatin'],bxk..,[],[]
['rosuvastatin'],bxk1.,"[('10000', 'mcg')]",[]
['rosuvastatin'],bxk2.,"[('20000', 'mcg')]",[]
['rosuvastatin'],bxk3.,"[('40000', 'mcg')]",[]
['rosuvastatin'],bxk4.,"[('5000', 'mcg')]",[]
['rosuvastatin'],bxkw.,"[('5000', 'mcg')]",[]
['rosuvastatin'],bxkx.,"[('10000', 'mcg')]",[]
['rosuvastatin'],bxky.,"[('20000', 'mcg')]",[]
['rosuvastatin'],bxkz.,"[('40000', 'mcg')]",[]
['ezetimibe'],bxl..,[],[]
['ezetimibe'],bxl1.,"[('10000', 'mcg')]",[]
['ezetimibe'],bxlz.,"[('10000', 'mcg')]",[]
['colesevelam'],bxm..,[],[]
['colesevelam'],bxm1.,"[('625000', 'mcg')]",[]
['colesevelam'],bxm2.,"[('625000', 'mcg')]",[]
['evolocumab'],bxo..,[],[]
['evolocumab'],bxo1.,"[('140000', 'mcg')]",[]
['evolocumab'],bxo2.,"[('140000', 'mcg')]",[]
['evolocumab'],bxo3.,"[('140000', 'mcg')]",[]
['evolocumab'],bxo4.,"[('140000', 'mcg')]",[]
['alirocumab'],bxp..,[],[]
['alirocumab'],bxp1.,"[('75000', 'mcg')]",[]
['alirocumab'],bxp2.,"[('75000', 'mcg')]",[]
['alirocumab'],bxp3.,"[('150000', 'mcg')]",[]
['alirocumab'],bxp4.,"[('150000', 'mcg')]",[]
['tetradecyl_sulphate'],by2..,[],[]
['tetradecyl_sulphate'],by23.,"[('3', '%')]","[('2', 'sztuk')]"
['tetradecyl_sulphate'],by24.,"[('3', '%')]","[('5', 'sztuk')]"
['tetradecyl_sulphate'],by25.,"[('1', '%')]","[('2', 'sztuk')]"
['tetradecyl_sulphate'],by26.,"[('0.5', '%')]","[('2', 'sztuk')]"
['tetradecyl_sulphate'],by27.,"[('3', '%')]","[('2', 'sztuk')]"
['tetradecyl_sulphate'],by28.,"[('3', '%')]","[('5', 'sztuk')]"
['tetradecyl_sulphate'],by29.,"[('1', '%')]","[('2', 'sztuk')]"
['tetradecyl_sulphate'],by2A.,"[('0.5', '%')]","[('2', 'sztuk')]"
['tetradecyl_sulphate'],by2B.,"[('0.2', '%')]",[]
['tetradecyl_sulphate'],by2C.,"[('0.2', '%')]",[]
['tetradecyl_sulphate'],by2D.,"[('3', '%')]","[('2', 'sztuk')]"
['tetradecyl_sulphate'],by2E.,"[('3', '%')]","[('5', 'sztuk')]"
['tetradecyl_sulphate'],by2F.,"[('1', '%')]","[('2', 'sztuk')]"
['tetradecyl_sulphate'],by2G.,"[('0.5', '%')]","[('2', 'sztuk')]"
['tetradecyl_sulphate'],by2H.,"[('0.2', '%')]","[('5', 'sztuk')]"
['tetradecyl_sulphate'],by2y.,"[('3', '%')]","[('1', 'sztuk')]"
['tetradecyl_sulphate'],by2z.,"[('3', '%')]","[('30', 'sztuk')]"
['enoximone'],bz1..,[],[]
['enoximone'],bz11.,"[('100000', 'mcg')]",[]
['enoximone'],bz12.,"[('100000', 'mcg')]",[]
['adrenaline'],c21..,[],[]
['adrenaline'],c211.,"[('500', 'mcg')]",[]
['adrenaline'],c212.,"[('1000', 'mcg')]",[]
['adrenaline'],c213.,"[('280', 'mcg')]",[]
['adrenaline'],c214.,"[('500', 'mcg')]",[]
['adrenaline'],c215.,"[('1000', 'mcg')]",[]
['adrenaline'],c216.,"[('280', 'mcg')]",[]
['ephedrine'],c22..,[],[]
['ephedrine'],c221.,"[('15000', 'mcg')]",[]
['ephedrine'],c222.,"[('30000', 'mcg')]",[]
['ephedrine'],c223.,"[('60000', 'mcg')]",[]
['ephedrine'],c224.,"[('15000', 'mcg')]",[]
['ephedrine'],c227.,"[('4000', 'mcg')]",[]
['caffeine'],c44..,[],[]
['caffeine'],c441.,[],[]
['caffeine'],c442.,[],[]
['caffeine'],c443.,"[('10000', 'mcg')]",[]
['caffeine'],c444.,"[('10000', 'mcg')]",[]
['adrenaline'],c511.,[],[]
['adrenaline'],c514.,[],[]
['adrenaline'],c515.,[],"[('120', 'sztuk')]"
['adrenaline'],c519.,[],"[('20', 'sztuk')]"
['adrenaline'],c51a.,[],"[('50', 'sztuk')]"
['adrenaline'],c51b.,[],[]
['adrenaline'],c51c.,[],[]
['adrenaline'],c51d.,[],[]
['adrenaline'],c51e.,[],[]
['adrenaline'],c51j.,[],[]
['adrenaline'],c51k.,[],[]
['adrenaline'],c51n.,[],"[('30', 'sztuk')]"
['ephedrine'],c51q.,[],[]
['ephedrine'],c51r.,[],[]
['ephedrine'],c51s.,[],[]
['ephedrine'],c51t.,"[('11000', 'mcg'), ('120000', 'mcg')]",[]
['ephedrine'],c51u.,"[('15000', 'mcg'), ('120000', 'mcg')]",[]
['ephedrine'],c521.,[],[]
['ephedrine'],c522.,[],[]
['ephedrine'],c523.,[],[]
['promethazine'],c8i..,[],[]
['promethazine'],c8i1.,"[('10000', 'mcg')]",[]
['promethazine'],c8i2.,"[('25000', 'mcg')]",[]
['promethazine'],c8i3.,"[('5000', 'mcg')]",[]
['promethazine'],c8i4.,"[('25000', 'mcg')]",[]
['promethazine'],c8i5.,"[('50000', 'mcg')]",[]
['promethazine'],c8i6.,"[('25000', 'mcg')]",[]
['promethazine'],c8i9.,"[('20000', 'mcg')]",[]
['promethazine'],c8iu.,"[('20000', 'mcg')]",[]
['promethazine'],c8iv.,"[('10000', 'mcg')]",[]
['promethazine'],c8iw.,"[('25000', 'mcg')]",[]
['promethazine'],c8ix.,"[('5000', 'mcg')]",[]
['promethazine'],c8iy.,"[('25000', 'mcg')]",[]
['promethazine'],c8iz.,"[('50000', 'mcg')]",[]
['codeine'],cg1..,[],[]
['codeine'],cg11.,"[('15000', 'mcg')]",[]
['codeine'],cg12.,"[('15000', 'mcg')]",[]
['codeine'],cg13.,"[('3000', 'mcg')]",[]
['codeine'],cg14.,"[('15000', 'mcg')]",[]
['codeine'],cg15.,"[('3000', 'mcg')]",[]
['codeine'],cg16.,"[('15000', 'mcg')]",[]
['diamorphine'],cg3..,[],[]
['diamorphine'],cg31.,"[('3000', 'mcg')]",[]
['methadone'],cg5..,[],[]
['methadone'],cg51.,"[('2000', 'mcg')]",[]
['morphine'],ch12.,[],[]
['morphine'],ch13.,[],[]
['codeine'],ch25.,[],[]
['promethazine'],ch35.,[],[]
['promethazine'],ch36.,[],[]
['ephedrine'],ch3p.,[],[]
['codeine'],ch3w.,[],[]
['ephedrine'],ci1..,[],[]
['ibuprofen'],ci1B.,[],[]
['ephedrine'],ci1e.,[],[]
['chloral_hydrate'],d11..,[],[]
['chloral_hydrate'],d113.,"[('500000', 'mcg')]",[]
['chloral_hydrate'],d114.,"[('500000', 'mcg')]",[]
"['chloral_hydrate', 'cloral_betaine']",d115.,"[('143000', 'mcg')]",[]
"['chloral_hydrate', 'cloral_betaine']",d116.,[],[]
['chloral_hydrate'],d117.,"[('414000', 'mcg')]",[]
['chloral_hydrate'],d118.,"[('143000', 'mcg')]",[]
['chloral_hydrate'],d119.,"[('500000', 'mcg')]",[]
['clomethiazole'],d12..,[],[]
['clomethiazole'],d121.,"[('192000', 'mcg')]",[]
['clomethiazole'],d122.,"[('250000', 'mcg')]",[]
['clomethiazole'],d123.,"[('8000', 'mcg')]",[]
['clomethiazole'],d12v.,"[('192000', 'mcg')]",[]
['clomethiazole'],d12w.,"[('250000', 'mcg')]",[]
"['chloral_hydrate', 'cloral_betaine']",d131.,"[('650000', 'mcg')]",[]
"['chloral_hydrate', 'cloral_betaine']",d132.,"[('225000', 'mcg')]",[]
['flurazepam'],d15..,[],[]
['flurazepam'],d151.,"[('15000', 'mcg')]",[]
['flurazepam'],d152.,"[('30000', 'mcg')]",[]
['flurazepam'],d15y.,"[('15000', 'mcg')]",[]
['flurazepam'],d15z.,"[('30000', 'mcg')]",[]
['loprazolam'],d16..,[],[]
['loprazolam'],d161.,"[('1000', 'mcg')]",[]
['loprazolam'],d162.,"[('1000', 'mcg')]",[]
['lormetazepam'],d17..,[],[]
['lormetazepam'],d171.,"[('500', 'mcg')]",[]
['lormetazepam'],d172.,"[('1000', 'mcg')]",[]
['nitrazepam'],d18..,[],[]
['nitrazepam'],d181.,"[('5000', 'mcg')]",[]
['nitrazepam'],d182.,"[('5000', 'mcg')]",[]
['nitrazepam'],d183.,"[('10000', 'mcg')]",[]
['nitrazepam'],d184.,"[('2500', 'mcg')]",[]
['nitrazepam'],d185.,"[('5000', 'mcg')]",[]
['nitrazepam'],d186.,"[('5000', 'mcg')]",[]
['nitrazepam'],d187.,"[('5000', 'mcg')]",[]
['nitrazepam'],d189.,"[('5000', 'mcg')]",[]
['nitrazepam'],d18a.,"[('10000', 'mcg')]",[]
['nitrazepam'],d18b.,"[('5000', 'mcg')]",[]
['nitrazepam'],d18c.,"[('2500', 'mcg')]",[]
['nitrazepam'],d18e.,"[('5000', 'mcg')]",[]
['nitrazepam'],d18f.,"[('5000', 'mcg')]",[]
['promethazine'],d19..,[],[]
['temazepam'],d1a..,[],[]
['temazepam'],d1a1.,"[('10000', 'mcg')]",[]
['temazepam'],d1a2.,"[('15000', 'mcg')]",[]
['temazepam'],d1a3.,"[('20000', 'mcg')]",[]
['temazepam'],d1a4.,"[('30000', 'mcg')]",[]
['temazepam'],d1a5.,"[('10000', 'mcg')]",[]
['temazepam'],d1a6.,"[('10000', 'mcg')]",[]
['temazepam'],d1a7.,"[('20000', 'mcg')]",[]
['temazepam'],d1a8.,[],[]
['temazepam'],d1a9.,"[('10000', 'mcg')]",[]
['temazepam'],d1aa.,"[('20000', 'mcg')]",[]
['temazepam'],d1ab.,"[('10000', 'mcg')]",[]
['temazepam'],d1ac.,"[('20000', 'mcg')]",[]
['temazepam'],d1ad.,"[('15000', 'mcg')]",[]
['temazepam'],d1ae.,"[('30000', 'mcg')]",[]
['temazepam'],d1af.,"[('10000', 'mcg')]",[]
['temazepam'],d1ag.,"[('20000', 'mcg')]",[]
['temazepam'],d1ah.,"[('15000', 'mcg')]",[]
['temazepam'],d1ai.,"[('30000', 'mcg')]",[]
['temazepam'],d1aj.,"[('10000', 'mcg')]",[]
['temazepam'],d1ak.,"[('20000', 'mcg')]",[]
['temazepam'],d1ao.,"[('10000', 'mcg')]",[]
['zopiclone'],d1d..,[],[]
['zopiclone'],d1d1.,"[('7500', 'mcg')]",[]
['zopiclone'],d1d2.,"[('7500', 'mcg')]",[]
['zopiclone'],d1d3.,"[('3750', 'mcg')]",[]
['zopiclone'],d1d4.,"[('3750', 'mcg')]",[]
['zopiclone'],d1d5.,[],"[('5', 'sztuk')]"
['zopiclone'],d1d6.,[],"[('75', 'sztuk')]"
['zolpidem'],d1f..,[],[]
['zolpidem'],d1f1.,"[('5000', 'mcg')]",[]
['zolpidem'],d1f2.,"[('5000', 'mcg')]",[]
['zolpidem'],d1f3.,"[('10000', 'mcg')]",[]
['zolpidem'],d1f4.,"[('10000', 'mcg')]",[]
['melatonin'],d1h..,[],[]
['melatonin'],d1h1.,"[('2000', 'mcg')]",[]
['melatonin'],d1hz.,"[('2000', 'mcg')]",[]
['diazepam'],d21..,[],[]
['diazepam'],d211.,"[('2000', 'mcg')]",[]
['diazepam'],d212.,"[('5000', 'mcg')]",[]
['diazepam'],d213.,"[('2000', 'mcg')]",[]
['diazepam'],d214.,"[('5000', 'mcg')]",[]
['diazepam'],d215.,"[('10000', 'mcg')]",[]
['diazepam'],d216.,"[('2000', 'mcg')]",[]
['diazepam'],d217.,"[('2000', 'mcg')]",[]
['diazepam'],d218.,"[('5000', 'mcg')]",[]
['diazepam'],d219.,"[('10000', 'mcg')]",[]
['diazepam'],d21a.,"[('2000', 'mcg')]",[]
['diazepam'],d21A.,"[('5000', 'mcg')]",[]
['diazepam'],d21b.,"[('5000', 'mcg')]",[]
['diazepam'],d21B.,"[('2000', 'mcg')]",[]
['diazepam'],d21c.,"[('10000', 'mcg')]",[]
['diazepam'],d21C.,"[('5000', 'mcg')]",[]
['diazepam'],d21d.,"[('10000', 'mcg')]",[]
['diazepam'],d21D.,"[('10000', 'mcg')]",[]
['diazepam'],d21E.,"[('2000', 'mcg')]",[]
['diazepam'],d21F.,"[('5000', 'mcg')]",[]
['diazepam'],d21g.,"[('2000', 'mcg')]",[]
['diazepam'],d21G.,"[('10000', 'mcg')]",[]
['diazepam'],d21h.,"[('5000', 'mcg')]",[]
['diazepam'],d21i.,"[('10000', 'mcg')]",[]
['diazepam'],d21j.,"[('20000', 'mcg')]",[]
['diazepam'],d21J.,"[('10000', 'mcg')]",[]
['diazepam'],d21k.,"[('5000', 'mcg')]",[]
['diazepam'],d21l.,"[('10000', 'mcg')]",[]
['diazepam'],d21m.,"[('2000', 'mcg')]",[]
['diazepam'],d21n.,"[('5000', 'mcg')]",[]
['diazepam'],d21o.,"[('10000', 'mcg')]",[]
['diazepam'],d21p.,"[('2000', 'mcg')]",[]
['diazepam'],d21q.,"[('5000', 'mcg')]",[]
['diazepam'],d21r.,"[('2000', 'mcg')]",[]
['diazepam'],d21s.,"[('5000', 'mcg')]",[]
['diazepam'],d21t.,"[('10000', 'mcg')]",[]
['diazepam'],d21u.,"[('2000', 'mcg')]",[]
['diazepam'],d21v.,"[('10000', 'mcg')]",[]
['diazepam'],d21w.,[],[]
['diazepam'],d21x.,"[('5000', 'mcg')]",[]
['diazepam'],d21y.,"[('10000', 'mcg')]",[]
['diazepam'],d21z.,"[('10000', 'mcg')]",[]
['alprazolam'],d22..,[],[]
['alprazolam'],d221.,"[('250', 'mcg')]",[]
['alprazolam'],d222.,"[('500', 'mcg')]",[]
['alprazolam'],d22y.,"[('250', 'mcg')]",[]
['alprazolam'],d22z.,"[('500', 'mcg')]",[]
['bromazepam'],d23..,[],[]
['bromazepam'],d231.,"[('1500', 'mcg')]",[]
['bromazepam'],d232.,"[('3000', 'mcg')]",[]
['bromazepam'],d23y.,"[('1500', 'mcg')]",[]
['bromazepam'],d23z.,"[('3000', 'mcg')]",[]
['chlordiazepoxide'],d24..,[],[]
['chlordiazepoxide'],d241.,"[('5000', 'mcg')]",[]
['chlordiazepoxide'],d242.,"[('10000', 'mcg')]",[]
['chlordiazepoxide'],d243.,"[('5000', 'mcg')]",[]
['chlordiazepoxide'],d244.,"[('10000', 'mcg')]",[]
['chlordiazepoxide'],d245.,"[('25000', 'mcg')]",[]
['chlordiazepoxide'],d246.,"[('5000', 'mcg')]",[]
['chlordiazepoxide'],d247.,"[('10000', 'mcg')]",[]
['chlordiazepoxide'],d248.,"[('25000', 'mcg')]",[]
['chlordiazepoxide'],d249.,"[('5000', 'mcg')]",[]
['chlordiazepoxide'],d24a.,"[('10000', 'mcg')]",[]
['chlordiazepoxide'],d24b.,"[('5000', 'mcg')]",[]
['chlordiazepoxide'],d24c.,"[('10000', 'mcg')]",[]
['chlordiazepoxide'],d24d.,"[('25000', 'mcg')]",[]
['chlordiazepoxide'],d24e.,"[('100000', 'mcg')]",[]
['chlordiazepoxide'],d24f.,"[('5000', 'mcg')]",[]
['chlordiazepoxide'],d24g.,"[('10000', 'mcg')]",[]
['chlordiazepoxide'],d24h.,"[('5000', 'mcg')]",[]
['chlordiazepoxide'],d24i.,"[('10000', 'mcg')]",[]
['chlordiazepoxide'],d24j.,"[('25000', 'mcg')]",[]
['clobazam'],d26..,[],[]
['clobazam'],d261.,"[('10000', 'mcg')]",[]
['clobazam'],d262.,"[('10000', 'mcg')]",[]
['clobazam'],d263.,"[('10000', 'mcg')]",[]
['clobazam'],d264.,"[('10000', 'mcg')]",[]
['clobazam'],d265.,"[('5000', 'mcg')]",[]
['clobazam'],d266.,"[('5000', 'mcg')]",[]
['clobazam'],d267.,"[('10000', 'mcg')]",[]
['clobazam'],d268.,"[('10000', 'mcg')]",[]
['clobazam'],d269.,"[('1000', 'mcg')]",[]
['clobazam'],d26A.,"[('2000', 'mcg')]",[]
['lorazepam'],d2a..,[],[]
['lorazepam'],d2a1.,"[('1000', 'mcg')]",[]
['lorazepam'],d2a2.,"[('2500', 'mcg')]",[]
['lorazepam'],d2a5.,"[('1000', 'mcg')]",[]
['lorazepam'],d2a6.,"[('2500', 'mcg')]",[]
['lorazepam'],d2a7.,"[('4000', 'mcg')]",[]
['lorazepam'],d2ax.,"[('4000', 'mcg')]",[]
['lorazepam'],d2az.,"[('4000', 'mcg')]",[]
['oxazepam'],d2d..,[],[]
['oxazepam'],d2d1.,"[('30000', 'mcg')]",[]
['oxazepam'],d2d2.,"[('10000', 'mcg')]",[]
['oxazepam'],d2d3.,"[('15000', 'mcg')]",[]
['oxazepam'],d2d4.,"[('30000', 'mcg')]",[]
['buspirone'],d2f..,[],[]
['buspirone'],d2f1.,"[('5000', 'mcg')]",[]
['buspirone'],d2f2.,"[('5000', 'mcg')]",[]
['buspirone'],d2f3.,"[('5000', 'mcg')]","[('126', 'sztuk')]"
['buspirone'],d2f4.,"[('10000', 'mcg')]",[]
['buspirone'],d2f5.,"[('10000', 'mcg')]",[]
['amobarbital'],d311.,"[('15000', 'mcg')]",[]
['amobarbital'],d312.,"[('30000', 'mcg')]",[]
['amobarbital'],d313.,"[('50000', 'mcg')]",[]
['amobarbital'],d314.,"[('100000', 'mcg')]",[]
['amobarbital'],d315.,"[('200000', 'mcg')]",[]
['amobarbital'],d319.,"[('60000', 'mcg')]",[]
['amobarbital'],d31a.,"[('200000', 'mcg')]",[]
['amobarbital'],d31b.,"[('60000', 'mcg')]",[]
['amobarbital'],d31c.,"[('200000', 'mcg')]",[]
['amobarbital'],d31d.,"[('250000', 'mcg')]",[]
['amobarbital'],d31e.,"[('500000', 'mcg')]",[]
['butobarbital'],d31f.,"[('100000', 'mcg')]",[]
['secobarbital'],d31g.,"[('100000', 'mcg')]",[]
['secobarbital'],d31h.,"[('50000', 'mcg')]",[]
['amobarbital'],d31j.,"[('200000', 'mcg')]",[]
['amobarbital'],d31l.,"[('500000', 'mcg')]",[]
['amobarbital'],d31m.,"[('100000', 'mcg')]",[]
['amobarbital'],d31q.,"[('50000', 'mcg')]",[]
['secobarbital'],d31s.,"[('100000', 'mcg')]",[]
['amobarbital'],d31t.,"[('60000', 'mcg')]",[]
['butobarbital'],d31y.,"[('100000', 'mcg')]",[]
['chlorpromazine'],d41..,[],[]
['chlorpromazine'],d411.,"[('10000', 'mcg')]",[]
['chlorpromazine'],d412.,"[('25000', 'mcg')]",[]
['chlorpromazine'],d413.,"[('50000', 'mcg')]",[]
['chlorpromazine'],d414.,"[('100000', 'mcg')]",[]
['chlorpromazine'],d415.,"[('25000', 'mcg')]",[]
['chlorpromazine'],d416.,"[('25000', 'mcg')]",[]
['chlorpromazine'],d417.,"[('50000', 'mcg')]",[]
['chlorpromazine'],d418.,"[('100000', 'mcg')]",[]
['chlorpromazine'],d41a.,"[('10000', 'mcg')]",[]
['chlorpromazine'],d41A.,"[('25000', 'mcg')]",[]
['chlorpromazine'],d41b.,"[('25000', 'mcg')]",[]
['chlorpromazine'],d41B.,"[('100000', 'mcg')]",[]
['chlorpromazine'],d41c.,"[('50000', 'mcg')]",[]
['chlorpromazine'],d41d.,"[('100000', 'mcg')]",[]
['chlorpromazine'],d41e.,"[('25000', 'mcg')]",[]
['chlorpromazine'],d41f.,"[('100000', 'mcg')]",[]
['chlorpromazine'],d41g.,"[('25000', 'mcg')]",[]
['chlorpromazine'],d41h.,"[('50000', 'mcg')]",[]
['chlorpromazine'],d41i.,"[('100000', 'mcg')]",[]
['chlorpromazine'],d41j.,"[('100000', 'mcg')]",[]
['chlorpromazine'],d41k.,"[('100000', 'mcg')]",[]
['chlorpromazine'],d41l.,"[('25000', 'mcg')]",[]
['chlorpromazine'],d41m.,"[('50000', 'mcg')]",[]
['chlorpromazine'],d41o.,"[('100000', 'mcg')]",[]
['benperidol'],d42..,[],[]
['benperidol'],d421.,"[('250', 'mcg')]",[]
['benperidol'],d422.,"[('250', 'mcg')]",[]
['benperidol'],d42z.,"[('250', 'mcg')]",[]
['flupentixol'],d45..,[],[]
['flupentixol'],d451.,"[('3000', 'mcg')]",[]
['flupentixol'],d45z.,"[('3000', 'mcg')]",[]
['fluphenazine'],d46..,[],[]
['fluphenazine'],d461.,"[('1000', 'mcg')]",[]
['fluphenazine'],d462.,"[('2500', 'mcg')]",[]
['fluphenazine'],d463.,"[('5000', 'mcg')]",[]
['fluphenazine'],d46x.,"[('1000', 'mcg')]",[]
['fluphenazine'],d46y.,"[('2500', 'mcg')]",[]
['fluphenazine'],d46z.,"[('5000', 'mcg')]",[]
['haloperidol'],d47..,[],[]
['haloperidol'],d471.,"[('1500', 'mcg')]",[]
['haloperidol'],d472.,"[('5000', 'mcg')]",[]
['haloperidol'],d473.,"[('10000', 'mcg')]",[]
['haloperidol'],d474.,"[('20000', 'mcg')]",[]
['haloperidol'],d475.,"[('2000', 'mcg')]",[]
['haloperidol'],d476.,"[('1000', 'mcg')]",[]
['haloperidol'],d477.,"[('2000', 'mcg')]",[]
['haloperidol'],d478.,"[('500', 'mcg')]",[]
['haloperidol'],d479.,"[('1500', 'mcg')]",[]
['haloperidol'],d47a.,"[('5000', 'mcg')]",[]
['haloperidol'],d47A.,"[('2000', 'mcg')]",[]
['haloperidol'],d47b.,"[('10000', 'mcg')]",[]
['haloperidol'],d47B.,"[('1000', 'mcg')]",[]
['haloperidol'],d47c.,"[('20000', 'mcg')]",[]
['haloperidol'],d47C.,"[('1500', 'mcg')]",[]
['haloperidol'],d47d.,"[('5000', 'mcg')]",[]
['haloperidol'],d47D.,"[('5000', 'mcg')]",[]
['haloperidol'],d47e.,"[('10000', 'mcg')]",[]
['haloperidol'],d47E.,"[('10000', 'mcg')]",[]
['haloperidol'],d47f.,"[('2000', 'mcg')]",[]
['haloperidol'],d47F.,"[('20000', 'mcg')]",[]
['haloperidol'],d47g.,"[('10000', 'mcg')]",[]
['haloperidol'],d47h.,"[('5000', 'mcg')]",[]
['haloperidol'],d47i.,"[('10000', 'mcg')]",[]
['haloperidol'],d47j.,"[('500', 'mcg')]",[]
['haloperidol'],d47k.,"[('1500', 'mcg')]",[]
['haloperidol'],d47l.,"[('5000', 'mcg')]",[]
['haloperidol'],d47m.,"[('10000', 'mcg')]",[]
['haloperidol'],d47n.,"[('20000', 'mcg')]",[]
['haloperidol'],d47o.,"[('2000', 'mcg')]","[('100', 'sztuk')]"
['haloperidol'],d47p.,"[('5000', 'mcg')]",[]
['haloperidol'],d47q.,"[('20000', 'mcg')]",[]
['haloperidol'],d47r.,"[('500', 'mcg')]",[]
['haloperidol'],d47s.,"[('2000', 'mcg')]","[('500', 'sztuk')]"
['haloperidol'],d47t.,"[('1000', 'mcg')]",[]
['haloperidol'],d47u.,"[('500', 'mcg')]",[]
['haloperidol'],d47v.,"[('5000', 'mcg')]",[]
['haloperidol'],d47w.,"[('10000', 'mcg')]",[]
['haloperidol'],d47x.,"[('20000', 'mcg')]",[]
['haloperidol'],d47y.,"[('10000', 'mcg')]",[]
['levomepromazine'],d48..,[],[]
['levomepromazine'],d481.,"[('25000', 'mcg')]",[]
['levomepromazine'],d482.,"[('25000', 'mcg')]",[]
['levomepromazine'],d483.,"[('25000', 'mcg')]",[]
['levomepromazine'],d48y.,"[('25000', 'mcg')]",[]
['levomepromazine'],d48z.,"[('25000', 'mcg')]",[]
['pericyazine'],d4a..,[],[]
['pericyazine'],d4a1.,"[('2500', 'mcg')]",[]
['pericyazine'],d4a2.,"[('10000', 'mcg')]",[]
['pericyazine'],d4a3.,"[('25000', 'mcg')]",[]
['pericyazine'],d4a4.,"[('10000', 'mcg')]",[]
['pericyazine'],d4aw.,"[('2500', 'mcg')]",[]
['pericyazine'],d4ax.,"[('10000', 'mcg')]",[]
['pericyazine'],d4ay.,"[('25000', 'mcg')]",[]
['pericyazine'],d4az.,"[('10000', 'mcg')]",[]
['perphenazine'],d4b..,[],[]
['perphenazine'],d4b1.,"[('2000', 'mcg')]",[]
['perphenazine'],d4b2.,"[('4000', 'mcg')]",[]
['perphenazine'],d4b3.,"[('8000', 'mcg')]",[]
['perphenazine'],d4b4.,"[('5000', 'mcg')]",[]
['perphenazine'],d4b5.,"[('2000', 'mcg')]",[]
['perphenazine'],d4b6.,"[('4000', 'mcg')]",[]
['perphenazine'],d4bx.,"[('2000', 'mcg')]",[]
['perphenazine'],d4by.,"[('4000', 'mcg')]",[]
['perphenazine'],d4bz.,"[('8000', 'mcg')]",[]
['pimozide'],d4c..,[],[]
['pimozide'],d4c1.,"[('2000', 'mcg')]",[]
['pimozide'],d4c2.,"[('4000', 'mcg')]",[]
['pimozide'],d4c3.,"[('10000', 'mcg')]",[]
['pimozide'],d4cx.,"[('2000', 'mcg')]",[]
['pimozide'],d4cy.,"[('4000', 'mcg')]",[]
['pimozide'],d4cz.,"[('10000', 'mcg')]",[]
['prochlorperazine'],d4d..,[],[]
['promazine'],d4e..,[],[]
['promazine'],d4e1.,"[('50000', 'mcg')]",[]
['promazine'],d4e2.,"[('50000', 'mcg')]",[]
['promazine'],d4e3.,"[('100000', 'mcg')]",[]
['promazine'],d4e4.,"[('25000', 'mcg')]",[]
['promazine'],d4e5.,"[('50000', 'mcg')]",[]
['promazine'],d4ev.,"[('25000', 'mcg')]",[]
['promazine'],d4ew.,"[('50000', 'mcg')]",[]
['promazine'],d4ex.,"[('50000', 'mcg')]",[]
['promazine'],d4ey.,"[('50000', 'mcg')]",[]
['promazine'],d4ez.,"[('100000', 'mcg')]",[]
['sulpiride'],d4f..,[],[]
['sulpiride'],d4f1.,"[('200000', 'mcg')]",[]
['sulpiride'],d4f2.,"[('200000', 'mcg')]",[]
['sulpiride'],d4f3.,"[('200000', 'mcg')]",[]
['sulpiride'],d4f4.,"[('200000', 'mcg')]",[]
['sulpiride'],d4f5.,"[('400000', 'mcg')]",[]
['sulpiride'],d4f6.,"[('200000', 'mcg')]",[]
['sulpiride'],d4fw.,"[('200000', 'mcg')]",[]
['sulpiride'],d4fx.,"[('400000', 'mcg')]",[]
['sulpiride'],d4fy.,"[('200000', 'mcg')]",[]
['sulpiride'],d4fz.,"[('200000', 'mcg')]",[]
['thioridazine'],d4g..,[],[]
['thioridazine'],d4g1.,"[('10000', 'mcg')]",[]
['thioridazine'],d4g2.,"[('25000', 'mcg')]",[]
['thioridazine'],d4g3.,"[('50000', 'mcg')]",[]
['thioridazine'],d4g4.,"[('100000', 'mcg')]",[]
['thioridazine'],d4g5.,"[('25000', 'mcg')]",[]
['thioridazine'],d4g6.,"[('100000', 'mcg')]",[]
['thioridazine'],d4g7.,"[('25000', 'mcg')]",[]
['thioridazine'],d4gp.,"[('10000', 'mcg')]",[]
['thioridazine'],d4gq.,"[('25000', 'mcg')]",[]
['thioridazine'],d4gr.,"[('50000', 'mcg')]",[]
['thioridazine'],d4gs.,"[('100000', 'mcg')]",[]
['thioridazine'],d4gt.,"[('10000', 'mcg')]",[]
['thioridazine'],d4gu.,"[('25000', 'mcg')]",[]
['thioridazine'],d4gv.,"[('50000', 'mcg')]",[]
['thioridazine'],d4gw.,"[('100000', 'mcg')]",[]
['thioridazine'],d4gx.,"[('25000', 'mcg')]",[]
['thioridazine'],d4gy.,"[('100000', 'mcg')]",[]
['thioridazine'],d4gz.,"[('25000', 'mcg')]",[]
['trifluoperazine'],d4h..,[],[]
['trifluoperazine'],d4h1.,"[('1000', 'mcg')]",[]
['trifluoperazine'],d4h2.,"[('5000', 'mcg')]",[]
['trifluoperazine'],d4h3.,"[('2000', 'mcg')]",[]
['trifluoperazine'],d4h4.,"[('10000', 'mcg')]",[]
['trifluoperazine'],d4h5.,"[('15000', 'mcg')]",[]
['trifluoperazine'],d4h6.,"[('1000', 'mcg')]",[]
['trifluoperazine'],d4h7.,"[('10000', 'mcg')]",[]
['trifluoperazine'],d4h8.,"[('1000', 'mcg')]",[]
['trifluoperazine'],d4h9.,"[('5000', 'mcg')]",[]
['trifluoperazine'],d4hA.,"[('5000', 'mcg')]",[]
['trifluoperazine'],d4hr.,"[('5000', 'mcg')]",[]
['trifluoperazine'],d4hs.,"[('1000', 'mcg')]",[]
['trifluoperazine'],d4ht.,"[('5000', 'mcg')]",[]
['trifluoperazine'],d4hu.,"[('2000', 'mcg')]",[]
['trifluoperazine'],d4hv.,"[('10000', 'mcg')]",[]
['trifluoperazine'],d4hw.,"[('15000', 'mcg')]",[]
['trifluoperazine'],d4hx.,"[('1000', 'mcg')]",[]
['trifluoperazine'],d4hy.,"[('10000', 'mcg')]",[]
['trifluoperazine'],d4hz.,"[('1000', 'mcg')]",[]
['zuclopenthixol'],d4j..,[],[]
['zuclopenthixol'],d4j1.,"[('2000', 'mcg')]",[]
['zuclopenthixol'],d4j2.,"[('10000', 'mcg')]",[]
['zuclopenthixol'],d4j3.,"[('25000', 'mcg')]",[]
['zuclopenthixol'],d4jx.,"[('2000', 'mcg')]",[]
['zuclopenthixol'],d4jy.,"[('10000', 'mcg')]",[]
['zuclopenthixol'],d4jz.,"[('25000', 'mcg')]",[]
['clozapine'],d4l..,[],[]
['clozapine'],d4l1.,"[('25000', 'mcg')]",[]
['clozapine'],d4l2.,"[('100000', 'mcg')]",[]
['clozapine'],d4l3.,"[('25000', 'mcg')]",[]
['clozapine'],d4l4.,"[('100000', 'mcg')]",[]
['clozapine'],d4l5.,"[('25000', 'mcg')]",[]
['clozapine'],d4l6.,"[('100000', 'mcg')]",[]
['clozapine'],d4l7.,"[('25000', 'mcg')]",[]
['clozapine'],d4l8.,"[('100000', 'mcg')]",[]
['clozapine'],d4l9.,"[('25000', 'mcg')]",[]
['clozapine'],d4lA.,"[('100000', 'mcg')]",[]
['clozapine'],d4lB.,"[('50000', 'mcg')]","[('100', 'sztuk')]"
['clozapine'],d4lC.,"[('50000', 'mcg')]",[]
['clozapine'],d4lD.,"[('50000', 'mcg')]",[]
['clozapine'],d4lE.,"[('50000', 'mcg')]",[]
['clozapine'],d4lF.,"[('200000', 'mcg')]",[]
['clozapine'],d4lG.,"[('200000', 'mcg')]",[]
['zuclopenthixol'],d4n..,[],[]
['zuclopenthixol'],d4n1.,"[('50000', 'mcg')]",[]
['zuclopenthixol'],d4n2.,"[('100000', 'mcg')]",[]
['zuclopenthixol'],d4n3.,"[('50000', 'mcg')]",[]
['zuclopenthixol'],d4n4.,"[('100000', 'mcg')]",[]
['risperidone'],d4p..,[],[]
['risperidone'],d4p1.,"[('1000', 'mcg')]",[]
['risperidone'],d4p2.,"[('2000', 'mcg')]",[]
['risperidone'],d4p3.,"[('3000', 'mcg')]",[]
['risperidone'],d4p4.,"[('4000', 'mcg')]",[]
['risperidone'],d4p5.,"[('1000', 'mcg')]",[]
['risperidone'],d4p6.,"[('2000', 'mcg')]",[]
['risperidone'],d4p7.,"[('3000', 'mcg')]",[]
['risperidone'],d4p8.,"[('4000', 'mcg')]",[]
['risperidone'],d4p9.,"[('1000', 'mcg')]",[]
['risperidone'],d4pA.,"[('1000', 'mcg')]",[]
['risperidone'],d4pB.,"[('6000', 'mcg')]",[]
['risperidone'],d4pC.,"[('6000', 'mcg')]",[]
['risperidone'],d4pD.,"[('500', 'mcg')]",[]
['risperidone'],d4pE.,"[('25000', 'mcg')]",[]
['risperidone'],d4pF.,"[('37500', 'mcg')]",[]
['risperidone'],d4pG.,"[('50000', 'mcg')]",[]
['risperidone'],d4pH.,"[('1000', 'mcg')]",[]
['risperidone'],d4pJ.,"[('2000', 'mcg')]",[]
['risperidone'],d4pK.,"[('1000', 'mcg')]",[]
['risperidone'],d4pL.,"[('2000', 'mcg')]",[]
['risperidone'],d4pM.,"[('500', 'mcg')]",[]
['risperidone'],d4pN.,"[('500', 'mcg')]",[]
['risperidone'],d4pO.,"[('3000', 'mcg')]",[]
['risperidone'],d4pP.,"[('4000', 'mcg')]",[]
['risperidone'],d4pQ.,"[('3000', 'mcg')]",[]
['risperidone'],d4pR.,"[('4000', 'mcg')]",[]
['risperidone'],d4pS.,"[('1000', 'mcg')]",[]
['risperidone'],d4pw.,"[('50000', 'mcg')]",[]
['risperidone'],d4px.,"[('37500', 'mcg')]",[]
['risperidone'],d4py.,"[('25000', 'mcg')]",[]
['risperidone'],d4pz.,"[('500', 'mcg')]",[]
['olanzapine'],d4r..,[],[]
['olanzapine'],d4r1.,"[('5000', 'mcg')]",[]
['olanzapine'],d4r2.,"[('7500', 'mcg')]",[]
['olanzapine'],d4r3.,"[('10000', 'mcg')]",[]
['olanzapine'],d4r4.,"[('5000', 'mcg')]",[]
['olanzapine'],d4r5.,"[('7500', 'mcg')]",[]
['olanzapine'],d4r6.,"[('10000', 'mcg')]",[]
['olanzapine'],d4r7.,"[('2500', 'mcg')]",[]
['olanzapine'],d4r8.,"[('2500', 'mcg')]",[]
['olanzapine'],d4r9.,"[('5000', 'mcg')]",[]
['olanzapine'],d4rA.,"[('10000', 'mcg')]",[]
['olanzapine'],d4rB.,"[('15000', 'mcg')]",[]
['olanzapine'],d4rC.,"[('15000', 'mcg')]",[]
['olanzapine'],d4rD.,"[('10000', 'mcg')]",[]
['olanzapine'],d4rE.,"[('20000', 'mcg')]",[]
['olanzapine'],d4rF.,"[('20000', 'mcg')]",[]
['olanzapine'],d4rG.,"[('2500', 'mcg')]",[]
['olanzapine'],d4rH.,"[('5000', 'mcg')]",[]
['olanzapine'],d4rI.,"[('7500', 'mcg')]",[]
['olanzapine'],d4rJ.,"[('15000', 'mcg')]",[]
['olanzapine'],d4rK.,"[('20000', 'mcg')]",[]
['olanzapine'],d4rL.,"[('5000', 'mcg')]",[]
['olanzapine'],d4rM.,"[('10000', 'mcg')]",[]
['olanzapine'],d4rN.,"[('15000', 'mcg')]",[]
['olanzapine'],d4rO.,"[('20000', 'mcg')]",[]
['olanzapine'],d4rP.,"[('10000', 'mcg')]",[]
['olanzapine'],d4rt.,"[('20000', 'mcg')]",[]
['olanzapine'],d4ru.,"[('20000', 'mcg')]",[]
['olanzapine'],d4rv.,"[('10000', 'mcg')]",[]
['olanzapine'],d4rw.,"[('15000', 'mcg')]",[]
['olanzapine'],d4rx.,"[('15000', 'mcg')]",[]
['olanzapine'],d4ry.,"[('5000', 'mcg')]",[]
['olanzapine'],d4rz.,"[('10000', 'mcg')]",[]
['quetiapine'],d4s..,[],[]
['quetiapine'],d4s1.,"[('25000', 'mcg')]",[]
['quetiapine'],d4s2.,"[('100000', 'mcg')]",[]
['quetiapine'],d4s3.,"[('200000', 'mcg')]",[]
['quetiapine'],d4s4.,"[('25000', 'mcg'), ('100000', 'mcg')]",[]
['quetiapine'],d4s5.,"[('25000', 'mcg')]",[]
['quetiapine'],d4s6.,"[('100000', 'mcg')]",[]
['quetiapine'],d4s7.,"[('200000', 'mcg')]",[]
['quetiapine'],d4s8.,"[('25000', 'mcg'), ('100000', 'mcg')]",[]
['quetiapine'],d4s9.,"[('150000', 'mcg')]",[]
['quetiapine'],d4sa.,"[('400000', 'mcg')]",[]
['quetiapine'],d4sA.,"[('25000', 'mcg'), ('100000', 'mcg'), ('150000', 'mcg')]",[]
['quetiapine'],d4sb.,"[('50000', 'mcg')]",[]
['quetiapine'],d4sB.,"[('300000', 'mcg')]",[]
['quetiapine'],d4sc.,"[('150000', 'mcg')]",[]
['quetiapine'],d4sC.,"[('50000', 'mcg')]",[]
['quetiapine'],d4sd.,"[('200000', 'mcg')]",[]
['quetiapine'],d4sD.,"[('200000', 'mcg')]",[]
['quetiapine'],d4se.,"[('300000', 'mcg')]",[]
['quetiapine'],d4sE.,"[('300000', 'mcg')]",[]
['quetiapine'],d4sf.,"[('400000', 'mcg')]",[]
['quetiapine'],d4sF.,"[('400000', 'mcg')]",[]
['quetiapine'],d4sg.,"[('50000', 'mcg')]",[]
['quetiapine'],d4sG.,"[('150000', 'mcg')]",[]
['quetiapine'],d4sh.,"[('150000', 'mcg')]",[]
['quetiapine'],d4sH.,"[('50000', 'mcg')]",[]
['quetiapine'],d4si.,"[('200000', 'mcg')]",[]
['quetiapine'],d4sI.,"[('200000', 'mcg')]",[]
['quetiapine'],d4sj.,"[('300000', 'mcg')]",[]
['quetiapine'],d4sJ.,"[('300000', 'mcg')]",[]
['quetiapine'],d4sk.,"[('400000', 'mcg')]",[]
['quetiapine'],d4sK.,"[('400000', 'mcg')]",[]
['quetiapine'],d4sL.,"[('200000', 'mcg')]",[]
['quetiapine'],d4sM.,"[('300000', 'mcg')]",[]
['quetiapine'],d4sN.,"[('200000', 'mcg')]",[]
['quetiapine'],d4sO.,"[('300000', 'mcg')]",[]
['quetiapine'],d4sP.,"[('400000', 'mcg')]",[]
['quetiapine'],d4sQ.,"[('50000', 'mcg')]",[]
['quetiapine'],d4sR.,"[('400000', 'mcg')]",[]
['quetiapine'],d4ss.,"[('150000', 'mcg')]",[]
['quetiapine'],d4sS.,"[('50000', 'mcg')]",[]
['quetiapine'],d4st.,"[('400000', 'mcg')]",[]
['quetiapine'],d4sT.,"[('200000', 'mcg')]",[]
['quetiapine'],d4su.,"[('300000', 'mcg')]",[]
['quetiapine'],d4sU.,"[('300000', 'mcg')]",[]
['quetiapine'],d4sv.,"[('200000', 'mcg')]",[]
['quetiapine'],d4sV.,"[('400000', 'mcg')]",[]
['quetiapine'],d4sw.,"[('50000', 'mcg')]",[]
['quetiapine'],d4sW.,"[('50000', 'mcg')]",[]
['quetiapine'],d4sx.,"[('300000', 'mcg')]",[]
['quetiapine'],d4sX.,"[('150000', 'mcg')]",[]
['quetiapine'],d4sy.,"[('25000', 'mcg'), ('100000', 'mcg'), ('150000', 'mcg')]",[]
['quetiapine'],d4sY.,"[('200000', 'mcg')]",[]
['quetiapine'],d4sz.,"[('150000', 'mcg')]",[]
['quetiapine'],d4sZ.,"[('300000', 'mcg')]",[]
['amisulpride'],d4t..,[],[]
['amisulpride'],d4t1.,"[('50000', 'mcg')]",[]
['amisulpride'],d4t2.,"[('200000', 'mcg')]",[]
['amisulpride'],d4t3.,"[('50000', 'mcg')]",[]
['amisulpride'],d4t4.,"[('200000', 'mcg')]",[]
['amisulpride'],d4t5.,"[('400000', 'mcg')]",[]
['amisulpride'],d4t6.,"[('100000', 'mcg')]",[]
['amisulpride'],d4t7.,"[('100000', 'mcg')]",[]
['amisulpride'],d4tx.,"[('100000', 'mcg')]",[]
['amisulpride'],d4ty.,"[('100000', 'mcg')]",[]
['amisulpride'],d4tz.,"[('400000', 'mcg')]",[]
['aripiprazole'],d4v..,[],[]
['aripiprazole'],d4v1.,"[('10000', 'mcg')]",[]
['aripiprazole'],d4v2.,"[('15000', 'mcg')]",[]
['aripiprazole'],d4v3.,"[('30000', 'mcg')]",[]
['aripiprazole'],d4v4.,"[('5000', 'mcg')]",[]
['aripiprazole'],d4v5.,"[('10000', 'mcg')]",[]
['aripiprazole'],d4v6.,"[('15000', 'mcg')]",[]
['aripiprazole'],d4v7.,"[('1000', 'mcg')]",[]
['aripiprazole'],d4v8.,"[('9750', 'mcg')]",[]
['aripiprazole'],d4v9.,"[('400000', 'mcg')]",[]
['aripiprazole'],d4vr.,"[('400000', 'mcg')]",[]
['aripiprazole'],d4vs.,"[('9750', 'mcg')]",[]
['aripiprazole'],d4vt.,"[('1000', 'mcg')]",[]
['aripiprazole'],d4vu.,"[('10000', 'mcg')]",[]
['aripiprazole'],d4vv.,"[('15000', 'mcg')]",[]
['aripiprazole'],d4vw.,"[('5000', 'mcg')]",[]
['aripiprazole'],d4vx.,"[('30000', 'mcg')]",[]
['aripiprazole'],d4vy.,"[('15000', 'mcg')]",[]
['aripiprazole'],d4vz.,"[('10000', 'mcg')]",[]
['paliperidone'],d4w..,[],[]
['paliperidone'],d4w1.,"[('3000', 'mcg')]",[]
['paliperidone'],d4w2.,"[('6000', 'mcg')]",[]
['paliperidone'],d4w3.,"[('9000', 'mcg')]",[]
['paliperidone'],d4w4.,"[('12000', 'mcg')]",[]
['paliperidone'],d4w5.,"[('50000', 'mcg')]",[]
['paliperidone'],d4w6.,"[('75000', 'mcg')]",[]
['paliperidone'],d4w7.,"[('100000', 'mcg')]",[]
['paliperidone'],d4w8.,"[('150000', 'mcg')]",[]
['paliperidone'],d4w9.,"[('100000', 'mcg'), ('150000', 'mcg')]",[]
['paliperidone'],d4wr.,"[('100000', 'mcg'), ('150000', 'mcg')]",[]
['paliperidone'],d4ws.,"[('150000', 'mcg')]",[]
['paliperidone'],d4wt.,"[('100000', 'mcg')]",[]
['paliperidone'],d4wu.,"[('75000', 'mcg')]",[]
['paliperidone'],d4wv.,"[('50000', 'mcg')]",[]
['paliperidone'],d4ww.,"[('12000', 'mcg')]",[]
['paliperidone'],d4wx.,"[('9000', 'mcg')]",[]
['paliperidone'],d4wy.,"[('6000', 'mcg')]",[]
['paliperidone'],d4wz.,"[('3000', 'mcg')]",[]
['asenapine'],d4x..,[],[]
['asenapine'],d4x1.,"[('5000', 'mcg')]",[]
['asenapine'],d4x2.,"[('5000', 'mcg')]",[]
['asenapine'],d4x3.,"[('10000', 'mcg')]",[]
['asenapine'],d4x4.,"[('10000', 'mcg')]",[]
['lurasidone'],d4y..,[],[]
['lurasidone'],d4y1.,"[('18500', 'mcg')]",[]
['lurasidone'],d4y2.,"[('18500', 'mcg')]",[]
['lurasidone'],d4y3.,"[('37000', 'mcg')]",[]
['lurasidone'],d4y4.,"[('37000', 'mcg')]",[]
['lurasidone'],d4y5.,"[('74000', 'mcg')]",[]
['lurasidone'],d4y6.,"[('74000', 'mcg')]",[]
['flupentixol'],d51..,[],[]
['flupentixol'],d511.,"[('20000', 'mcg')]",[]
['flupentixol'],d512.,"[('20000', 'mcg')]",[]
['flupentixol'],d513.,"[('40000', 'mcg')]",[]
['flupentixol'],d514.,"[('40000', 'mcg')]",[]
['flupentixol'],d515.,"[('200000', 'mcg')]",[]
['flupentixol'],d516.,"[('100000', 'mcg')]",[]
['flupentixol'],d517.,"[('500000', 'mcg')]",[]
['flupentixol'],d518.,"[('50000', 'mcg')]",[]
['flupentixol'],d519.,"[('50000', 'mcg')]",[]
['flupentixol'],d51a.,"[('200000', 'mcg')]",[]
['flupentixol'],d51s.,"[('20000', 'mcg')]",[]
['flupentixol'],d51t.,"[('40000', 'mcg')]",[]
['flupentixol'],d51u.,"[('200000', 'mcg')]",[]
['flupentixol'],d51v.,"[('20000', 'mcg')]",[]
['flupentixol'],d51w.,"[('40000', 'mcg')]",[]
['flupentixol'],d51x.,"[('200000', 'mcg')]",[]
['flupentixol'],d51y.,"[('100000', 'mcg')]",[]
['flupentixol'],d51z.,"[('500000', 'mcg')]",[]
['fluphenazine'],d52..,[],[]
['fluphenazine'],d521.,"[('12500', 'mcg')]",[]
['fluphenazine'],d522.,"[('25000', 'mcg')]",[]
['fluphenazine'],d523.,"[('25000', 'mcg')]",[]
['fluphenazine'],d524.,"[('50000', 'mcg')]",[]
['fluphenazine'],d525.,"[('50000', 'mcg')]",[]
['fluphenazine'],d526.,"[('250000', 'mcg')]",[]
['fluphenazine'],d527.,"[('50000', 'mcg')]",[]
['fluphenazine'],d528.,"[('100000', 'mcg')]",[]
['fluphenazine'],d529.,"[('50000', 'mcg')]",[]
['fluphenazine'],d52a.,"[('100000', 'mcg')]",[]
['fluphenazine'],d52A.,"[('25000', 'mcg')]",[]
['fluphenazine'],d52B.,"[('50000', 'mcg')]",[]
['fluphenazine'],d52C.,"[('100000', 'mcg')]",[]
['fluphenazine'],d52s.,"[('25000', 'mcg')]",[]
['fluphenazine'],d52t.,"[('50000', 'mcg')]",[]
['fluphenazine'],d52u.,"[('12500', 'mcg')]",[]
['fluphenazine'],d52v.,"[('25000', 'mcg')]",[]
['fluphenazine'],d52w.,"[('50000', 'mcg')]",[]
['fluphenazine'],d52x.,"[('250000', 'mcg')]",[]
['fluphenazine'],d53..,[],[]
['fluphenazine'],d531.,"[('25000', 'mcg')]",[]
['fluphenazine'],d532.,"[('25000', 'mcg')]",[]
['haloperidol'],d55..,[],[]
['haloperidol'],d551.,"[('50000', 'mcg')]",[]
['haloperidol'],d552.,"[('100000', 'mcg')]",[]
['haloperidol'],d553.,"[('50000', 'mcg')]",[]
['haloperidol'],d554.,"[('100000', 'mcg')]",[]
['zuclopenthixol'],d57..,[],[]
['zuclopenthixol'],d571.,"[('200000', 'mcg')]",[]
['zuclopenthixol'],d572.,"[('2000000', 'mcg')]","[('10', 'sztuk')]"
['zuclopenthixol'],d573.,"[('500000', 'mcg')]",[]
['zuclopenthixol'],d574.,"[('50000', 'mcg')]",[]
['zuclopenthixol'],d575.,"[('100000', 'mcg')]",[]
['zuclopenthixol'],d576.,"[('200000', 'mcg')]",[]
['zuclopenthixol'],d577.,"[('50000', 'mcg')]",[]
['zuclopenthixol'],d578.,"[('100000', 'mcg')]",[]
['zuclopenthixol'],d57y.,"[('2000000', 'mcg')]","[('10', 'sztuk')]"
['zuclopenthixol'],d57z.,"[('500000', 'mcg')]",[]
['olanzapine'],d58..,[],[]
['olanzapine'],d581.,"[('210000', 'mcg')]",[]
['olanzapine'],d582.,"[('300000', 'mcg')]",[]
['olanzapine'],d583.,"[('405000', 'mcg')]",[]
['olanzapine'],d58x.,"[('405000', 'mcg')]",[]
['olanzapine'],d58y.,"[('300000', 'mcg')]",[]
['olanzapine'],d58z.,"[('210000', 'mcg')]",[]
['lithium'],d6...,[],[]
['lithium'],d61..,[],[]
['lithium'],d611.,"[('250000', 'mcg')]",[]
['lithium'],d612.,"[('400000', 'mcg')]",[]
['lithium'],d613.,"[('450000', 'mcg')]",[]
['lithium'],d614.,"[('300000', 'mcg')]",[]
['lithium'],d615.,"[('400000', 'mcg')]",[]
['lithium'],d616.,"[('200000', 'mcg')]",[]
['lithium'],d617.,"[('520000', 'mcg')]",[]
['lithium'],d618.,"[('520000', 'mcg')]",[]
['lithium'],d619.,"[('400000', 'mcg')]",[]
['lithium'],d61s.,"[('200000', 'mcg')]",[]
['lithium'],d61v.,"[('250000', 'mcg')]",[]
['lithium'],d61w.,"[('400000', 'mcg')]",[]
['lithium'],d61x.,"[('450000', 'mcg')]",[]
['lithium'],d61y.,"[('300000', 'mcg')]",[]
['lithium'],d61z.,"[('400000', 'mcg')]",[]
['lithium'],d62..,[],[]
['lithium'],d621.,"[('564000', 'mcg')]",[]
['lithium'],d622.,[],"[('5', 'sztuk')]"
['lithium'],d623.,[],"[('5', 'sztuk')]"
['lithium'],d624.,"[('520000', 'mcg')]","[('150', 'sztuk')]"
['lithium'],d625.,"[('520000', 'mcg')]",[]
['lithium'],d62w.,"[('520000', 'mcg')]",[]
['lithium'],d62x.,[],"[('5', 'sztuk')]"
['lithium'],d62y.,[],"[('5', 'sztuk')]"
['lithium'],d62z.,"[('564000', 'mcg')]",[]
['amitriptyline'],d71..,[],[]
['amitriptyline'],d711.,"[('10000', 'mcg')]",[]
['amitriptyline'],d712.,"[('25000', 'mcg')]",[]
['amitriptyline'],d713.,"[('50000', 'mcg')]",[]
['amitriptyline'],d714.,"[('10000', 'mcg')]",[]
['amitriptyline'],d715.,"[('25000', 'mcg')]",[]
['amitriptyline'],d716.,"[('50000', 'mcg')]",[]
['amitriptyline'],d717.,"[('10000', 'mcg')]",[]
['amitriptyline'],d718.,"[('25000', 'mcg')]",[]
['amitriptyline'],d719.,"[('25000', 'mcg')]",[]
['amitriptyline'],d71a.,"[('50000', 'mcg')]",[]
['amitriptyline'],d71b.,"[('75000', 'mcg')]",[]
['amitriptyline'],d71c.,"[('10000', 'mcg')]",[]
['amitriptyline'],d71d.,"[('25000', 'mcg')]",[]
['amitriptyline'],d71e.,"[('50000', 'mcg')]",[]
['amitriptyline'],d71f.,"[('10000', 'mcg')]",[]
['amitriptyline'],d71g.,"[('100000', 'mcg')]",[]
['amitriptyline'],d71h.,"[('25000', 'mcg')]",[]
['amitriptyline'],d71i.,"[('50000', 'mcg')]",[]
['amitriptyline'],d71j.,"[('10000', 'mcg')]",[]
['amitriptyline'],d71u.,"[('25000', 'mcg')]",[]
['amitriptyline'],d71v.,"[('50000', 'mcg')]",[]
['amitriptyline'],d71w.,"[('75000', 'mcg')]",[]
['amitriptyline'],d71y.,"[('10000', 'mcg')]",[]
['amitriptyline'],d71z.,"[('100000', 'mcg')]",[]
['clomipramine'],d73..,[],[]
['clomipramine'],d731.,"[('10000', 'mcg')]",[]
['clomipramine'],d732.,"[('25000', 'mcg')]",[]
['clomipramine'],d733.,"[('50000', 'mcg')]",[]
['clomipramine'],d734.,"[('25000', 'mcg')]",[]
['clomipramine'],d735.,"[('25000', 'mcg')]",[]
['clomipramine'],d736.,"[('75000', 'mcg')]",[]
['clomipramine'],d737.,"[('10000', 'mcg')]",[]
['clomipramine'],d738.,"[('25000', 'mcg')]",[]
['clomipramine'],d739.,"[('50000', 'mcg')]",[]
['clomipramine'],d73r.,"[('50000', 'mcg')]",[]
['clomipramine'],d73s.,"[('10000', 'mcg')]",[]
['clomipramine'],d73t.,"[('25000', 'mcg')]",[]
['clomipramine'],d73u.,"[('10000', 'mcg')]",[]
['clomipramine'],d73v.,"[('25000', 'mcg')]",[]
['clomipramine'],d73w.,"[('50000', 'mcg')]",[]
['clomipramine'],d73x.,"[('25000', 'mcg')]",[]
['clomipramine'],d73y.,"[('25000', 'mcg')]",[]
['clomipramine'],d73z.,"[('75000', 'mcg')]",[]
['dosulepin'],d75..,[],[]
['dosulepin'],d751.,"[('25000', 'mcg')]",[]
['dosulepin'],d752.,"[('75000', 'mcg')]",[]
['dosulepin'],d753.,"[('25000', 'mcg')]",[]
['dosulepin'],d754.,"[('75000', 'mcg')]",[]
['dosulepin'],d755.,"[('25000', 'mcg')]",[]
['dosulepin'],d756.,"[('75000', 'mcg')]",[]
['dosulepin'],d759.,"[('25000', 'mcg')]",[]
['dosulepin'],d75A.,"[('75000', 'mcg')]",[]
['dosulepin'],d75y.,"[('25000', 'mcg')]",[]
['dosulepin'],d75z.,"[('75000', 'mcg')]",[]
['doxepin'],d76..,[],[]
['doxepin'],d761.,"[('10000', 'mcg')]",[]
['doxepin'],d762.,"[('25000', 'mcg')]",[]
['doxepin'],d763.,"[('50000', 'mcg')]",[]
['doxepin'],d764.,"[('75000', 'mcg')]",[]
['doxepin'],d765.,"[('25000', 'mcg')]",[]
['doxepin'],d766.,"[('50000', 'mcg')]",[]
['doxepin'],d76w.,"[('10000', 'mcg')]",[]
['doxepin'],d76x.,"[('25000', 'mcg')]",[]
['doxepin'],d76y.,"[('50000', 'mcg')]",[]
['doxepin'],d76z.,"[('75000', 'mcg')]",[]
['imipramine'],d77..,[],[]
['imipramine'],d771.,"[('10000', 'mcg')]",[]
['imipramine'],d772.,"[('25000', 'mcg')]",[]
['imipramine'],d773.,"[('10000', 'mcg')]",[]
['imipramine'],d774.,"[('25000', 'mcg')]",[]
['imipramine'],d775.,"[('10000', 'mcg')]",[]
['imipramine'],d776.,"[('25000', 'mcg')]",[]
['imipramine'],d777.,"[('25000', 'mcg')]",[]
['imipramine'],d77w.,"[('25000', 'mcg')]",[]
['imipramine'],d77x.,"[('10000', 'mcg')]",[]
['imipramine'],d77y.,"[('25000', 'mcg')]",[]
['imipramine'],d77z.,"[('25000', 'mcg')]",[]
['lofepramine'],d79..,[],[]
['lofepramine'],d791.,"[('70000', 'mcg')]",[]
['lofepramine'],d792.,"[('70000', 'mcg')]",[]
['lofepramine'],d793.,"[('70000', 'mcg')]",[]
['lofepramine'],d794.,"[('70000', 'mcg')]",[]
['lofepramine'],d79y.,"[('70000', 'mcg')]",[]
['lofepramine'],d79z.,"[('70000', 'mcg')]",[]
['mianserin'],d7b..,[],[]
['mianserin'],d7b1.,"[('10000', 'mcg')]",[]
['mianserin'],d7b2.,"[('20000', 'mcg')]",[]
['mianserin'],d7b3.,"[('30000', 'mcg')]",[]
['mianserin'],d7b4.,"[('10000', 'mcg')]",[]
['mianserin'],d7b5.,"[('20000', 'mcg')]",[]
['mianserin'],d7b6.,"[('30000', 'mcg')]",[]
['mianserin'],d7b7.,"[('10000', 'mcg')]",[]
['mianserin'],d7b8.,"[('20000', 'mcg')]",[]
['mianserin'],d7b9.,"[('30000', 'mcg')]",[]
['nortriptyline'],d7c..,[],[]
['nortriptyline'],d7c1.,"[('10000', 'mcg')]",[]
['nortriptyline'],d7c2.,"[('25000', 'mcg')]",[]
['nortriptyline'],d7c3.,"[('10000', 'mcg')]",[]
['nortriptyline'],d7c4.,"[('25000', 'mcg')]",[]
['nortriptyline'],d7c5.,"[('10000', 'mcg')]",[]
['nortriptyline'],d7c6.,"[('10000', 'mcg')]",[]
['nortriptyline'],d7c7.,"[('10000', 'mcg')]",[]
['nortriptyline'],d7c8.,"[('25000', 'mcg')]",[]
['nortriptyline'],d7c9.,"[('10000', 'mcg')]",[]
['nortriptyline'],d7cy.,"[('25000', 'mcg')]",[]
['trazodone'],d7e..,[],[]
['trazodone'],d7e1.,"[('50000', 'mcg')]",[]
['trazodone'],d7e2.,"[('100000', 'mcg')]",[]
['trazodone'],d7e3.,"[('50000', 'mcg')]",[]
['trazodone'],d7e4.,"[('150000', 'mcg')]",[]
['trazodone'],d7e5.,"[('150000', 'mcg')]",[]
['trazodone'],d7e6.,"[('150000', 'mcg')]","[('28', 'sztuk')]"
['trazodone'],d7e7.,"[('150000', 'mcg')]",[]
['trazodone'],d7ew.,"[('100000', 'mcg')]",[]
['trazodone'],d7ex.,"[('50000', 'mcg')]",[]
['trazodone'],d7ez.,"[('50000', 'mcg')]",[]
['trimipramine'],d7f..,[],[]
['trimipramine'],d7f1.,"[('50000', 'mcg')]",[]
['trimipramine'],d7f2.,"[('10000', 'mcg')]",[]
['trimipramine'],d7f3.,"[('25000', 'mcg')]",[]
['trimipramine'],d7fx.,"[('50000', 'mcg')]",[]
['trimipramine'],d7fy.,"[('10000', 'mcg')]",[]
['trimipramine'],d7fz.,"[('25000', 'mcg')]",[]
['phenelzine'],d81..,[],[]
['phenelzine'],d811.,"[('15000', 'mcg')]",[]
['phenelzine'],d81z.,"[('15000', 'mcg')]",[]
['isocarboxazid'],d83..,[],[]
['isocarboxazid'],d831.,"[('10000', 'mcg')]",[]
['isocarboxazid'],d83z.,"[('10000', 'mcg')]",[]
['tranylcypromine'],d84..,[],[]
['tranylcypromine'],d841.,"[('10000', 'mcg')]",[]
['tranylcypromine'],d84z.,"[('10000', 'mcg')]",[]
['moclobemide'],d85..,[],[]
['moclobemide'],d851.,"[('150000', 'mcg')]",[]
['moclobemide'],d852.,"[('150000', 'mcg')]",[]
['moclobemide'],d853.,"[('300000', 'mcg')]",[]
['moclobemide'],d854.,"[('300000', 'mcg')]",[]
['amitriptyline'],d911.,[],"[('5', 'sztuk')]"
['amitriptyline'],d912.,[],"[('10', 'sztuk')]"
['nortriptyline'],d913.,[],[]
['nortriptyline'],d914.,[],[]
['tranylcypromine'],d915.,[],[]
['amitriptyline'],d916.,[],[]
['amitriptyline'],d917.,[],[]
['flupentixol'],da1..,[],[]
['flupentixol'],da11.,"[('500', 'mcg')]",[]
['flupentixol'],da12.,"[('1000', 'mcg')]",[]
['flupentixol'],da1y.,"[('500', 'mcg')]",[]
['flupentixol'],da1z.,"[('1000', 'mcg')]",[]
['tryptophan'],da2..,[],[]
['tryptophan'],da21.,"[('500000', 'mcg')]",[]
['cannabidiol'],dA21.,"[('2700', 'mcg'), ('2500', 'mcg')]",[]
['tryptophan'],da22.,"[('1000000', 'mcg'), ('6000000', 'mcg')]",[]
['cannabidiol'],dA22.,[],[]
['tryptophan'],da23.,"[('500000', 'mcg')]",[]
['tryptophan'],da24.,"[('500000', 'mcg')]",[]
['tryptophan'],da2y.,"[('500000', 'mcg')]",[]
['tryptophan'],da2z.,"[('1000000', 'mcg'), ('6000000', 'mcg')]",[]
['fluvoxamine'],da3..,[],[]
['fluvoxamine'],da31.,"[('50000', 'mcg')]",[]
['fluvoxamine'],da32.,"[('50000', 'mcg')]",[]
['fluvoxamine'],da33.,"[('100000', 'mcg')]",[]
['fluvoxamine'],da34.,"[('100000', 'mcg')]",[]
['fluoxetine'],da4..,[],[]
['fluoxetine'],da41.,"[('20000', 'mcg')]",[]
['fluoxetine'],da42.,"[('20000', 'mcg')]","[('30', 'sztuk')]"
['fluoxetine'],da43.,"[('20000', 'mcg')]",[]
['fluoxetine'],da44.,"[('20000', 'mcg')]",[]
['fluoxetine'],da45.,"[('20000', 'mcg')]",[]
['fluoxetine'],da46.,"[('60000', 'mcg')]",[]
['fluoxetine'],da47.,"[('60000', 'mcg')]",[]
['fluoxetine'],da48.,"[('20000', 'mcg')]",[]
['fluoxetine'],da49.,"[('20000', 'mcg')]",[]
['fluoxetine'],da4A.,"[('20000', 'mcg')]",[]
['fluoxetine'],da4B.,"[('20000', 'mcg')]",[]
['fluoxetine'],da4C.,"[('20000', 'mcg')]",[]
['fluoxetine'],da4D.,"[('20000', 'mcg')]",[]
['fluoxetine'],da4E.,"[('20000', 'mcg')]",[]
['sertraline'],da5..,[],[]
['sertraline'],da51.,"[('50000', 'mcg')]",[]
['sertraline'],da52.,"[('100000', 'mcg')]",[]
['sertraline'],da53.,"[('50000', 'mcg')]",[]
['sertraline'],da54.,"[('100000', 'mcg')]",[]
['paroxetine'],da6..,[],[]
['paroxetine'],da61.,"[('20000', 'mcg')]",[]
['paroxetine'],da62.,"[('20000', 'mcg')]","[('30', 'sztuk')]"
['paroxetine'],da63.,"[('30000', 'mcg')]",[]
['paroxetine'],da64.,"[('30000', 'mcg')]","[('30', 'sztuk')]"
['paroxetine'],da65.,"[('10000', 'mcg')]",[]
['paroxetine'],da66.,"[('10000', 'mcg')]",[]
['paroxetine'],da67.,"[('10000', 'mcg')]",[]
['paroxetine'],da68.,"[('10000', 'mcg')]",[]
['venlafaxine'],da7..,[],[]
['venlafaxine'],da71.,"[('37500', 'mcg')]",[]
['venlafaxine'],da72.,"[('75000', 'mcg')]",[]
['venlafaxine'],da73.,"[('37500', 'mcg')]",[]
['venlafaxine'],da74.,"[('75000', 'mcg')]",[]
['venlafaxine'],da75.,"[('50000', 'mcg')]",[]
['venlafaxine'],da76.,"[('50000', 'mcg')]",[]
['venlafaxine'],da77.,"[('75000', 'mcg')]",[]
['venlafaxine'],da78.,"[('75000', 'mcg')]",[]
['venlafaxine'],da79.,"[('150000', 'mcg')]",[]
['venlafaxine'],da7a.,"[('150000', 'mcg')]",[]
['venlafaxine'],da7A.,"[('150000', 'mcg')]",[]
['venlafaxine'],da7b.,"[('75000', 'mcg')]",[]
['venlafaxine'],da7B.,"[('75000', 'mcg')]",[]
['venlafaxine'],da7c.,"[('150000', 'mcg')]",[]
['venlafaxine'],da7C.,"[('150000', 'mcg')]",[]
['venlafaxine'],da7d.,"[('75000', 'mcg')]",[]
['venlafaxine'],da7D.,"[('75000', 'mcg')]",[]
['venlafaxine'],da7e.,"[('150000', 'mcg')]",[]
['venlafaxine'],da7E.,"[('150000', 'mcg')]",[]
['venlafaxine'],da7f.,"[('150000', 'mcg')]",[]
['venlafaxine'],da7F.,"[('75000', 'mcg')]",[]
['venlafaxine'],da7g.,"[('75000', 'mcg')]",[]
['venlafaxine'],da7G.,"[('150000', 'mcg')]",[]
['venlafaxine'],da7h.,"[('75000', 'mcg')]",[]
['venlafaxine'],da7H.,"[('75000', 'mcg')]",[]
['venlafaxine'],da7i.,"[('150000', 'mcg')]",[]
['venlafaxine'],da7I.,"[('75000', 'mcg')]",[]
['venlafaxine'],da7j.,"[('75000', 'mcg')]",[]
['venlafaxine'],da7J.,"[('150000', 'mcg')]",[]
['venlafaxine'],da7k.,"[('150000', 'mcg')]",[]
['venlafaxine'],da7K.,"[('150000', 'mcg')]",[]
['venlafaxine'],da7l.,"[('75000', 'mcg')]",[]
['venlafaxine'],da7L.,"[('75000', 'mcg')]",[]
['venlafaxine'],da7m.,"[('150000', 'mcg')]",[]
['venlafaxine'],da7M.,"[('150000', 'mcg')]",[]
['venlafaxine'],da7n.,"[('75000', 'mcg')]",[]
['venlafaxine'],da7N.,"[('37500', 'mcg')]",[]
['venlafaxine'],da7o.,"[('150000', 'mcg')]",[]
['venlafaxine'],da7O.,"[('75000', 'mcg')]",[]
['venlafaxine'],da7p.,"[('37500', 'mcg')]",[]
['venlafaxine'],da7P.,"[('75000', 'mcg')]",[]
['venlafaxine'],da7q.,"[('37500', 'mcg')]",[]
['venlafaxine'],da7Q.,"[('150000', 'mcg')]",[]
['venlafaxine'],da7r.,"[('75000', 'mcg')]",[]
['venlafaxine'],da7R.,"[('75000', 'mcg')]",[]
['venlafaxine'],da7s.,"[('150000', 'mcg')]",[]
['venlafaxine'],da7S.,"[('150000', 'mcg')]",[]
['venlafaxine'],da7t.,"[('75000', 'mcg')]",[]
['venlafaxine'],da7T.,"[('75000', 'mcg')]",[]
['venlafaxine'],da7u.,"[('150000', 'mcg')]",[]
['venlafaxine'],da7U.,"[('150000', 'mcg')]",[]
['venlafaxine'],da7v.,"[('225000', 'mcg')]",[]
['venlafaxine'],da7V.,"[('75000', 'mcg')]",[]
['venlafaxine'],da7w.,"[('225000', 'mcg')]",[]
['venlafaxine'],da7W.,"[('150000', 'mcg')]",[]
['venlafaxine'],da7X.,"[('225000', 'mcg')]",[]
['venlafaxine'],da7Y.,"[('225000', 'mcg')]",[]
['venlafaxine'],da7Z.,"[('75000', 'mcg')]",[]
['citalopram'],da9..,[],[]
['citalopram'],da91.,"[('20000', 'mcg')]",[]
['citalopram'],da92.,"[('20000', 'mcg')]",[]
['citalopram'],da93.,"[('10000', 'mcg')]",[]
['citalopram'],da94.,"[('10000', 'mcg')]",[]
['citalopram'],da95.,"[('40000', 'mcg')]",[]
['citalopram'],da96.,"[('40000', 'mcg')]",[]
['citalopram'],da97.,"[('40000', 'mcg')]","[('15', 'sztuk')]"
['citalopram'],da98.,"[('10000', 'mcg')]",[]
['citalopram'],da99.,"[('20000', 'mcg')]",[]
['citalopram'],da9A.,"[('40000', 'mcg')]",[]
['citalopram'],da9z.,"[('40000', 'mcg')]",[]
['reboxetine'],daA..,[],[]
['reboxetine'],daA1.,"[('4000', 'mcg')]",[]
['reboxetine'],daA2.,"[('4000', 'mcg')]",[]
['mirtazapine'],daB..,[],[]
['mirtazapine'],daB1.,"[('30000', 'mcg')]",[]
['mirtazapine'],daB2.,"[('30000', 'mcg')]",[]
['mirtazapine'],daB3.,"[('30000', 'mcg')]",[]
['mirtazapine'],daB4.,"[('30000', 'mcg')]",[]
['mirtazapine'],daB5.,"[('15000', 'mcg')]",[]
['mirtazapine'],daB6.,"[('15000', 'mcg')]",[]
['mirtazapine'],daB7.,"[('45000', 'mcg')]",[]
['mirtazapine'],daB8.,"[('45000', 'mcg')]",[]
['mirtazapine'],daBy.,"[('45000', 'mcg')]",[]
['mirtazapine'],daBz.,"[('15000', 'mcg')]",[]
['escitalopram'],daC..,[],[]
['escitalopram'],daC1.,"[('10000', 'mcg')]",[]
['escitalopram'],daC2.,"[('10000', 'mcg')]",[]
['escitalopram'],daC3.,"[('20000', 'mcg')]",[]
['escitalopram'],daC4.,"[('20000', 'mcg')]",[]
['escitalopram'],daC5.,"[('5000', 'mcg')]",[]
['escitalopram'],daC6.,"[('5000', 'mcg')]",[]
['escitalopram'],daC7.,"[('10000', 'mcg')]",[]
['escitalopram'],daC8.,"[('10000', 'mcg')]",[]
['escitalopram'],daC9.,"[('20000', 'mcg')]",[]
['escitalopram'],daCA.,"[('20000', 'mcg')]",[]
['agomelatine'],daD..,[],[]
['agomelatine'],daD1.,"[('25000', 'mcg')]",[]
['agomelatine'],daD2.,"[('25000', 'mcg')]",[]
['vortioxetine'],daE..,[],[]
['vortioxetine'],daE1.,"[('5000', 'mcg')]",[]
['vortioxetine'],daE2.,"[('5000', 'mcg')]",[]
['vortioxetine'],daE3.,"[('10000', 'mcg')]",[]
['vortioxetine'],daE4.,"[('10000', 'mcg')]",[]
['vortioxetine'],daE5.,"[('20000', 'mcg')]",[]
['vortioxetine'],daE6.,"[('20000', 'mcg')]",[]
['memantine'],dB1..,[],[]
['memantine'],dB11.,"[('10000', 'mcg')]",[]
['memantine'],dB12.,"[('10000', 'mcg')]",[]
['memantine'],dB13.,"[('10000', 'mcg')]",[]
['memantine'],dB14.,"[('10000', 'mcg')]",[]
['memantine'],dB15.,"[('20000', 'mcg')]",[]
['memantine'],dB16.,"[('20000', 'mcg')]",[]
['memantine'],dB17.,[],[]
['memantine'],dB18.,"[('10000', 'mcg')]",[]
['memantine'],dB19.,"[('20000', 'mcg')]",[]
['dexamfetamine'],dc1..,[],[]
['oxybate'],dC1..,[],[]
['dexamfetamine'],dc11.,"[('5000', 'mcg')]",[]
['oxybate'],dC11.,"[('500000', 'mcg')]",[]
['dexamfetamine'],dc12.,"[('7500', 'mcg')]",[]
['dexamfetamine'],dc13.,"[('12500', 'mcg')]",[]
['dexamfetamine'],dc14.,"[('20000', 'mcg')]",[]
['dexamfetamine'],dc1v.,"[('1000', 'mcg')]",[]
['dexamfetamine'],dc1w.,"[('5000', 'mcg')]",[]
['oxybate'],dC1z.,"[('500000', 'mcg')]",[]
['betahistine'],dh1..,[],[]
['betahistine'],dh11.,"[('8000', 'mcg')]",[]
['betahistine'],dh12.,"[('16000', 'mcg')]",[]
['betahistine'],dh13.,"[('16000', 'mcg')]",[]
['betahistine'],dh1z.,"[('8000', 'mcg')]",[]
['chlorpromazine'],dh2..,[],[]
['cinnarizine'],dh3..,[],[]
['cinnarizine'],dh31.,"[('15000', 'mcg')]",[]
['cinnarizine'],dh32.,"[('15000', 'mcg')]",[]
['cinnarizine'],dh3z.,"[('15000', 'mcg')]",[]
['cyclizine'],dh4..,[],[]
['cyclizine'],dh41.,"[('50000', 'mcg')]",[]
['cyclizine'],dh42.,"[('50000', 'mcg')]",[]
['cyclizine'],dh4y.,"[('50000', 'mcg')]",[]
['cyclizine'],dh4z.,"[('50000', 'mcg')]",[]
['dimenhydrinate'],dh5..,[],[]
['dimenhydrinate'],dh51.,"[('50000', 'mcg')]",[]
['dimenhydrinate'],dh5z.,"[('50000', 'mcg')]",[]
['domperidone'],dh7..,[],[]
['domperidone'],dh71.,"[('10000', 'mcg')]",[]
['domperidone'],dh72.,"[('5000', 'mcg')]",[]
['domperidone'],dh73.,"[('30000', 'mcg')]",[]
['domperidone'],dh74.,"[('10000', 'mcg')]",[]
['domperidone'],dh75.,"[('30000', 'mcg')]",[]
['domperidone'],dh76.,"[('10000', 'mcg')]",[]
['domperidone'],dh77.,"[('10000', 'mcg')]",[]
['domperidone'],dh78.,"[('10000', 'mcg')]",[]
['domperidone'],dh79.,"[('10000', 'mcg')]",[]
['domperidone'],dh7w.,"[('10000', 'mcg')]",[]
['domperidone'],dh7x.,"[('10000', 'mcg')]",[]
['domperidone'],dh7y.,"[('5000', 'mcg')]",[]
['domperidone'],dh7z.,"[('30000', 'mcg')]",[]
['hyoscine'],dh8..,[],[]
['hyoscine'],dh81.,"[('300', 'mcg')]",[]
['hyoscine'],dh82.,"[('600', 'mcg')]",[]
['hyoscine'],dh83.,"[('400', 'mcg')]",[]
['hyoscine'],dh84.,"[('600', 'mcg')]",[]
['hyoscine'],dh85.,"[('1500', 'mcg')]",[]
['hyoscine'],dh86.,"[('500', 'mcg')]",[]
['hyoscine'],dh87.,"[('1000', 'mcg')]",[]
['hyoscine'],dh88.,"[('1500', 'mcg')]",[]
['hyoscine'],dh89.,"[('300', 'mcg')]",[]
['hyoscine'],dh8A.,"[('150', 'mcg')]",[]
['hyoscine'],dh8B.,"[('150', 'mcg')]",[]
['hyoscine'],dh8C.,"[('150', 'mcg')]",[]
['meclozine'],dh9..,[],[]
['meclozine'],dh91.,[],[]
['meclozine'],dh92.,"[('12500', 'mcg')]",[]
['meclozine'],dh93.,"[('12500', 'mcg')]",[]
['meclozine'],dh94.,"[('12500', 'mcg')]",[]
['meclozine'],dh95.,"[('12500', 'mcg')]",[]
['metoclopramide'],dhb..,[],[]
['metoclopramide'],dhb1.,"[('10000', 'mcg')]",[]
['metoclopramide'],dhb2.,"[('5000', 'mcg')]",[]
['metoclopramide'],dhb3.,"[('10000', 'mcg')]",[]
['metoclopramide'],dhb4.,"[('10000', 'mcg')]",[]
['metoclopramide'],dhb5.,"[('5000', 'mcg')]",[]
['metoclopramide'],dhb6.,"[('1000', 'mcg')]",[]
['metoclopramide'],dhb7.,"[('10000', 'mcg')]",[]
['metoclopramide'],dhb8.,"[('100000', 'mcg')]",[]
['metoclopramide'],dhb9.,"[('10000', 'mcg')]",[]
['metoclopramide'],dhba.,"[('10000', 'mcg')]",[]
['metoclopramide'],dhbb.,"[('10000', 'mcg')]",[]
['metoclopramide'],dhbf.,"[('10000', 'mcg')]",[]
['metoclopramide'],dhbg.,"[('5000', 'mcg')]",[]
['metoclopramide'],dhbh.,"[('10000', 'mcg')]",[]
['metoclopramide'],dhbi.,"[('15000', 'mcg')]",[]
['metoclopramide'],dhbj.,"[('30000', 'mcg')]",[]
['metoclopramide'],dhbk.,"[('15000', 'mcg')]",[]
['metoclopramide'],dhbl.,"[('15000', 'mcg')]",[]
['metoclopramide'],dhbn.,"[('10000', 'mcg')]",[]
['metoclopramide'],dhbo.,"[('30000', 'mcg')]",[]
['metoclopramide'],dhbp.,"[('15000', 'mcg')]",[]
['metoclopramide'],dhbq.,"[('5000', 'mcg')]",[]
['metoclopramide'],dhbr.,"[('5000', 'mcg')]",[]
['metoclopramide'],dhbu.,"[('10000', 'mcg')]",[]
['metoclopramide'],dhbv.,"[('1000', 'mcg')]",[]
['metoclopramide'],dhbw.,"[('100000', 'mcg')]",[]
['metoclopramide'],dhby.,"[('5000', 'mcg')]",[]
['nabilone'],dhc..,[],[]
['nabilone'],dhc1.,"[('1000', 'mcg')]",[]
['nabilone'],dhcw.,"[('2000', 'mcg')]",[]
['nabilone'],dhcx.,"[('500', 'mcg')]",[]
['nabilone'],dhcy.,"[('250', 'mcg')]",[]
['nabilone'],dhcz.,"[('1000', 'mcg')]",[]
['perphenazine'],dhd..,[],[]
['prochlorperazine'],dhe..,[],[]
['prochlorperazine'],dhe1.,"[('5000', 'mcg')]",[]
['prochlorperazine'],dhe2.,"[('25000', 'mcg')]",[]
['prochlorperazine'],dhe3.,"[('5000', 'mcg')]",[]
['prochlorperazine'],dhe4.,"[('12500', 'mcg')]",[]
['prochlorperazine'],dhe5.,"[('25000', 'mcg')]",[]
['prochlorperazine'],dhe6.,"[('5000', 'mcg')]",[]
['prochlorperazine'],dhe7.,"[('25000', 'mcg')]",[]
['prochlorperazine'],dhea.,"[('3000', 'mcg')]",[]
['prochlorperazine'],dheb.,"[('5000', 'mcg')]",[]
['prochlorperazine'],dheB.,"[('3000', 'mcg')]",[]
['prochlorperazine'],dhec.,"[('5000', 'mcg')]",[]
['prochlorperazine'],dhed.,"[('3000', 'mcg')]",[]
['prochlorperazine'],dher.,"[('5000', 'mcg')]",[]
['prochlorperazine'],dhes.,"[('25000', 'mcg')]",[]
['prochlorperazine'],dhet.,"[('5000', 'mcg')]",[]
['prochlorperazine'],dheu.,"[('12500', 'mcg')]",[]
['prochlorperazine'],dhev.,"[('25000', 'mcg')]",[]
['prochlorperazine'],dhew.,"[('5000', 'mcg')]",[]
['prochlorperazine'],dhex.,"[('25000', 'mcg')]",[]
['prochlorperazine'],dhey.,"[('10000', 'mcg')]",[]
['prochlorperazine'],dhez.,"[('15000', 'mcg')]",[]
['promethazine'],dhf..,[],[]
['promethazine'],dhg..,[],[]
['promethazine'],dhg1.,"[('25000', 'mcg')]",[]
['promethazine'],dhgz.,"[('25000', 'mcg')]",[]
['trifluoperazine'],dhi..,[],[]
['ondansetron'],dhk..,[],[]
['ondansetron'],dhk1.,"[('4000', 'mcg')]",[]
['ondansetron'],dhk2.,"[('4000', 'mcg')]",[]
['ondansetron'],dhk3.,"[('8000', 'mcg')]",[]
['ondansetron'],dhk4.,"[('4000', 'mcg')]",[]
['ondansetron'],dhk5.,"[('4000', 'mcg')]",[]
['ondansetron'],dhk6.,"[('8000', 'mcg')]",[]
['ondansetron'],dhk7.,"[('8000', 'mcg')]",[]
['ondansetron'],dhk8.,"[('8000', 'mcg')]",[]
['ondansetron'],dhk9.,"[('4000', 'mcg')]",[]
['ondansetron'],dhkA.,"[('8000', 'mcg')]",[]
['ondansetron'],dhkB.,"[('4000', 'mcg')]",[]
['ondansetron'],dhkC.,"[('4000', 'mcg')]",[]
['ondansetron'],dhkD.,"[('16000', 'mcg')]",[]
['ondansetron'],dhkE.,"[('16000', 'mcg')]",[]
['ondansetron'],dhkF.,"[('4000', 'mcg')]",[]
['ondansetron'],dhkG.,"[('8000', 'mcg')]",[]
['ondansetron'],dhkH.,"[('4000', 'mcg')]",[]
['ondansetron'],dhkI.,"[('8000', 'mcg')]",[]
['ondansetron'],dhkJ.,"[('4000', 'mcg')]",[]
['ondansetron'],dhkK.,"[('8000', 'mcg')]",[]
['ondansetron'],dhkL.,"[('4000', 'mcg')]",[]
['ondansetron'],dhkM.,"[('8000', 'mcg')]",[]
['ondansetron'],dhkN.,"[('4000', 'mcg')]","[('50', 'sztuk')]"
['ondansetron'],dhkO.,"[('4000', 'mcg')]",[]
['ondansetron'],dhkP.,"[('8000', 'mcg')]",[]
['ondansetron'],dhkQ.,"[('4000', 'mcg')]",[]
['ondansetron'],dhkR.,"[('8000', 'mcg')]",[]
['granisetron'],dhl..,[],[]
['granisetron'],dhl1.,"[('3000', 'mcg')]",[]
['granisetron'],dhl2.,"[('3000', 'mcg')]",[]
['granisetron'],dhl3.,"[('1000', 'mcg')]",[]
['granisetron'],dhl4.,"[('1000', 'mcg')]",[]
['granisetron'],dhl5.,"[('1000', 'mcg')]",[]
['granisetron'],dhl6.,"[('1000', 'mcg')]",[]
['granisetron'],dhl7.,"[('200', 'mcg')]",[]
['granisetron'],dhl8.,"[('200', 'mcg')]",[]
['granisetron'],dhl9.,"[('2000', 'mcg')]",[]
['granisetron'],dhlA.,"[('2000', 'mcg')]",[]
['granisetron'],dhlB.,"[('3100', 'mcg')]",[]
['granisetron'],dhlC.,"[('3100', 'mcg')]",[]
['aprepitant'],dhp..,[],[]
['aprepitant'],dhp1.,"[('80000', 'mcg')]",[]
['aprepitant'],dhp2.,"[('125000', 'mcg')]",[]
['aprepitant'],dhp3.,"[('80000', 'mcg'), ('125000', 'mcg')]",[]
['aprepitant'],dhpx.,"[('80000', 'mcg'), ('125000', 'mcg')]",[]
['aprepitant'],dhpy.,"[('125000', 'mcg')]",[]
['aprepitant'],dhpz.,"[('80000', 'mcg')]",[]
['palonosetron'],dhq..,[],[]
['palonosetron'],dhq1.,"[('250', 'mcg')]",[]
['palonosetron'],dhq2.,"[('250', 'mcg')]",[]
['palonosetron'],dhq3.,"[('500', 'mcg')]",[]
['palonosetron'],dhq4.,"[('500', 'mcg')]",[]
"['cinnarizine', 'dimenhydrinate']",dhr..,[],[]
"['cinnarizine', 'dimenhydrinate']",dhr1.,"[('20000', 'mcg'), ('40000', 'mcg')]",[]
"['cinnarizine', 'dimenhydrinate']",dhr2.,"[('20000', 'mcg'), ('40000', 'mcg')]",[]
"['netupitant', 'palonosetron']",dht..,[],[]
"['netupitant', 'palonosetron']",dht1.,"[('300000', 'mcg'), ('500', 'mcg')]",[]
"['netupitant', 'palonosetron']",dht2.,"[('300000', 'mcg'), ('500', 'mcg')]",[]
['aspirin'],di1..,[],[]
['aspirin'],di11.,"[('300000', 'mcg')]",[]
['aspirin'],di12.,"[('300000', 'mcg')]",[]
['aspirin'],di13.,"[('75000', 'mcg')]",[]
['aspirin'],di17.,"[('600000', 'mcg')]",[]
['aspirin'],di18.,"[('300000', 'mcg')]",[]
['aspirin'],di19.,"[('500000', 'mcg')]",[]
['aspirin'],di1b.,"[('500000', 'mcg')]",[]
['aspirin'],di1c.,"[('300000', 'mcg')]",[]
['aspirin'],di1d.,"[('600000', 'mcg')]",[]
['aspirin'],di1f.,"[('300000', 'mcg')]",[]
['aspirin'],di1g.,"[('600000', 'mcg')]",[]
['aspirin'],di1h.,"[('324000', 'mcg')]",[]
['aspirin'],di1i.,"[('600000', 'mcg')]",[]
['aspirin'],di1m.,"[('300000', 'mcg')]",[]
['aspirin'],di1n.,"[('300000', 'mcg')]",[]
['aspirin'],di1o.,"[('150000', 'mcg')]",[]
['aspirin'],di1r.,"[('300000', 'mcg')]",[]
['paracetamol'],di2..,[],[]
['paracetamol'],di21.,"[('500000', 'mcg')]",[]
['paracetamol'],di22.,"[('500000', 'mcg')]",[]
['paracetamol'],di23.,"[('120000', 'mcg')]",[]
['paracetamol'],di24.,"[('250000', 'mcg')]",[]
['paracetamol'],di25.,"[('120000', 'mcg')]","[('70', 'sztuk')]"
['paracetamol'],di26.,"[('250000', 'mcg')]",[]
['paracetamol'],di27.,"[('120000', 'mcg')]",[]
['paracetamol'],di28.,"[('120000', 'mcg')]","[('60', 'sztuk')]"
['paracetamol'],di29.,"[('500000', 'mcg')]",[]
['paracetamol'],di2a.,"[('500000', 'mcg')]",[]
['paracetamol'],di2A.,"[('100000', 'mcg')]",[]
['paracetamol'],di2b.,"[('120000', 'mcg')]",[]
['paracetamol'],di2B.,"[('100000', 'mcg')]",[]
['paracetamol'],di2c.,"[('500000', 'mcg')]",[]
['paracetamol'],di2C.,"[('250000', 'mcg')]",[]
['paracetamol'],di2e.,"[('120000', 'mcg')]",[]
['paracetamol'],di2E.,"[('500000', 'mcg')]",[]
['paracetamol'],di2F.,"[('120000', 'mcg')]","[('500', 'sztuk')]"
['paracetamol'],di2g.,"[('120000', 'mcg')]",[]
['paracetamol'],di2G.,"[('500000', 'mcg'), ('100000', 'mcg')]",[]
['paracetamol'],di2h.,"[('120000', 'mcg')]","[('140', 'sztuk')]"
['paracetamol'],di2H.,[],[]
['paracetamol'],di2i.,"[('120000', 'mcg')]","[('140', 'sztuk')]"
['paracetamol'],di2I.,"[('250000', 'mcg')]",[]
['paracetamol'],di2j.,"[('120000', 'mcg')]",[]
['paracetamol'],di2J.,"[('240000', 'mcg')]",[]
['paracetamol'],di2k.,[],"[('200', 'sztuk')]"
['paracetamol'],di2K.,"[('120000', 'mcg')]","[('125', 'sztuk')]"
['paracetamol'],di2l.,"[('120000', 'mcg')]",[]
['paracetamol'],di2L.,"[('120000', 'mcg')]",[]
['paracetamol'],di2m.,"[('120000', 'mcg')]",[]
['paracetamol'],di2M.,"[('250000', 'mcg')]",[]
['paracetamol'],di2n.,"[('120000', 'mcg')]",[]
['paracetamol'],di2N.,"[('60000', 'mcg')]",[]
['paracetamol'],di2o.,"[('125000', 'mcg')]",[]
['paracetamol'],di2O.,"[('250000', 'mcg')]",[]
['paracetamol'],di2p.,"[('125000', 'mcg')]",[]
['paracetamol'],di2P.,"[('60000', 'mcg')]",[]
['paracetamol'],di2q.,"[('500000', 'mcg')]",[]
['paracetamol'],di2Q.,"[('500000', 'mcg')]",[]
['paracetamol'],di2r.,"[('120000', 'mcg')]",[]
['paracetamol'],di2R.,"[('120000', 'mcg')]","[('100', 'sztuk')]"
['paracetamol'],di2s.,"[('120000', 'mcg')]",[]
['paracetamol'],di2S.,"[('120000', 'mcg')]","[('150', 'sztuk')]"
['paracetamol'],di2t.,"[('250000', 'mcg')]",[]
['paracetamol'],di2T.,"[('500000', 'mcg')]",[]
['paracetamol'],di2u.,"[('250000', 'mcg')]",[]
['paracetamol'],di2U.,"[('1000000', 'mcg')]",[]
['paracetamol'],di2v.,"[('500000', 'mcg'), ('250000', 'mcg')]",[]
['paracetamol'],di2w.,"[('120000', 'mcg')]",[]
['paracetamol'],di2W.,"[('250000', 'mcg')]",[]
['paracetamol'],di2x.,"[('120000', 'mcg')]",[]
['paracetamol'],di2X.,"[('120000', 'mcg')]",[]
['paracetamol'],di2y.,"[('120000', 'mcg')]",[]
['paracetamol'],di2Y.,"[('250000', 'mcg')]",[]
['paracetamol'],di2Z.,"[('500000', 'mcg')]",[]
['ibuprofen'],di6..,[],[]
['nefopam'],di9..,[],[]
['nefopam'],di91.,"[('30000', 'mcg')]",[]
['nefopam'],di92.,"[('20000', 'mcg')]",[]
['nefopam'],di9y.,"[('30000', 'mcg')]",[]
['nefopam'],di9z.,"[('20000', 'mcg')]",[]
"['aspirin', 'codeine', 'paracetamol']",dia1.,[],[]
"['codeine', 'paracetamol']",dia2.,"[('8000', 'mcg'), ('500000', 'mcg')]",[]
"['codeine', 'paracetamol']",dia3.,"[('8000', 'mcg'), ('500000', 'mcg')]",[]
"['aspirin', 'codeine']",dia4.,[],[]
"['aspirin', 'codeine']",dia5.,[],[]
"['dihydrocodeine', 'paracetamol']",dia6.,[],[]
"['dextropropoxyphene', 'paracetamol']",dia7.,[],[]
['aspirin'],dia9.,[],[]
['aspirin'],diab.,[],[]
"['dextropropoxyphene', 'paracetamol']",diad.,[],[]
['dextropropoxyphene'],diae.,[],[]
['aspirin'],diaE.,[],[]
['aspirin'],diaf.,[],[]
"['dihydrocodeine', 'paracetamol']",diaF.,[],[]
['aspirin'],diaG.,"[('500000', 'mcg'), ('7710', 'mcg')]",[]
"['codeine', 'paracetamol']",diaI.,"[('500000', 'mcg'), ('30000', 'mcg')]",[]
['paracetamol'],diaj.,[],[]
"['codeine', 'paracetamol']",diaJ.,"[('500000', 'mcg'), ('30000', 'mcg')]",[]
"['codeine', 'paracetamol']",diak.,"[('12000', 'mcg')]",[]
"['codeine', 'paracetamol']",diaK.,"[('1000000', 'mcg'), ('60000', 'mcg')]",[]
['paracetamol'],dial.,[],[]
"['codeine', 'paracetamol']",diaL.,"[('1000000', 'mcg'), ('60000', 'mcg')]",[]
"['codeine', 'paracetamol']",diam.,[],[]
['paracetamol'],diaM.,[],[]
"['codeine', 'paracetamol']",dian.,"[('500000', 'mcg'), ('30000', 'mcg')]",[]
"['codeine', 'paracetamol']",diao.,[],[]
"['aspirin', 'codeine']",diaO.,"[('8000', 'mcg'), ('500000', 'mcg')]",[]
"['codeine', 'paracetamol']",diap.,"[('8000', 'mcg'), ('500000', 'mcg')]",[]
['aspirin'],diaP.,[],"[('500', 'sztuk')]"
"['codeine', 'paracetamol']",diaq.,"[('8000', 'mcg'), ('500000', 'mcg')]",[]
"['codeine', 'paracetamol']",diar.,[],[]
['paracetamol'],diaS.,[],[]
"['codeine', 'paracetamol']",diaT.,[],[]
"['codeine', 'paracetamol']",diaU.,"[('500000', 'mcg'), ('15000', 'mcg')]",[]
"['dextropropoxyphene', 'paracetamol']",diaw.,[],[]
['aspirin'],diaz.,[],[]
['paracetamol'],dib1.,[],[]
['paracetamol'],dib2.,[],[]
"['codeine', 'paracetamol']",dib5.,[],[]
"['codeine', 'paracetamol']",dib8.,[],[]
"['codeine', 'paracetamol']",dib9.,[],[]
"['codeine', 'paracetamol']",diba.,[],[]
"['codeine', 'paracetamol']",dibb.,[],[]
"['codeine', 'paracetamol']",dibB.,"[('500000', 'mcg'), ('30000', 'mcg')]",[]
['paracetamol'],dibC.,[],[]
['paracetamol'],dibd.,[],[]
"['codeine', 'paracetamol']",dibD.,"[('500000', 'mcg'), ('30000', 'mcg')]",[]
"['codeine', 'paracetamol']",dibe.,[],[]
"['dihydrocodeine', 'paracetamol']",dibE.,"[('500000', 'mcg'), ('20000', 'mcg')]",[]
"['dihydrocodeine', 'paracetamol']",dibf.,[],[]
['paracetamol'],dibF.,"[('500000', 'mcg'), ('30000', 'mcg')]",[]
"['codeine', 'paracetamol']",dibG.,[],[]
"['dextropropoxyphene', 'paracetamol']",dibh.,[],[]
"['dihydrocodeine', 'paracetamol']",dibH.,"[('250000', 'mcg'), ('20000', 'mcg')]",[]
['paracetamol'],dibi.,[],[]
"['dihydrocodeine', 'paracetamol']",dibI.,"[('250000', 'mcg'), ('30000', 'mcg')]",[]
['paracetamol'],dibj.,[],[]
"['dihydrocodeine', 'paracetamol']",dibJ.,[],[]
"['dihydrocodeine', 'paracetamol']",dibK.,[],[]
"['aspirin', 'paracetamol']",dibl.,[],[]
"['caffeine', 'paracetamol']",dibL.,"[('500000', 'mcg'), ('25000', 'mcg')]",[]
"['aspirin', 'paracetamol']",dibm.,[],[]
"['codeine', 'paracetamol']",dibM.,"[('500000', 'mcg'), ('13500', 'mcg')]",[]
"['codeine', 'paracetamol']",dibN.,[],[]
['paracetamol'],dibO.,"[('500000', 'mcg'), ('25000', 'mcg')]",[]
['paracetamol'],dibp.,[],[]
['paracetamol'],dibP.,[],[]
"['codeine', 'paracetamol']",dibQ.,"[('500000', 'mcg'), ('12800', 'mcg')]",[]
"['codeine', 'paracetamol']",dibR.,[],[]
['paracetamol'],dibs.,[],[]
"['codeine', 'paracetamol']",dibS.,[],[]
"['codeine', 'paracetamol']",dibt.,"[('500000', 'mcg')]",[]
['paracetamol'],dibT.,"[('120000', 'mcg'), ('12500', 'mcg')]",[]
"['codeine', 'paracetamol']",dibu.,[],[]
['paracetamol'],dibU.,[],[]
"['dihydrocodeine', 'paracetamol']",dibv.,[],[]
['paracetamol'],dibV.,[],[]
"['dihydrocodeine', 'paracetamol']",dibw.,[],[]
"['codeine', 'paracetamol']",dibW.,"[('30000', 'mcg'), ('500000', 'mcg')]",[]
"['dihydrocodeine', 'paracetamol']",dibx.,[],[]
['paracetamol'],dibX.,[],[]
['paracetamol'],diby.,[],[]
['paracetamol'],dibY.,[],[]
"['codeine', 'paracetamol']",dibz.,[],[]
"['paracetamol', 'promethazine']",dic1.,"[('120000', 'mcg'), ('1500', 'mcg')]",[]
['paracetamol'],dic2.,[],[]
"['codeine', 'paracetamol']",dic3.,[],[]
"['codeine', 'paracetamol']",dic4.,[],[]
['paracetamol'],dic5.,[],[]
['ibuprofen'],dic6.,"[('200000', 'mcg'), ('30000', 'mcg')]",[]
['paracetamol'],dic9.,[],[]
"['codeine', 'paracetamol']",dica.,"[('15000', 'mcg'), ('500000', 'mcg')]",[]
['paracetamol'],dicA.,[],[]
"['dihydrocodeine', 'paracetamol']",dicb.,"[('20000', 'mcg'), ('500000', 'mcg')]",[]
['ibuprofen'],dicB.,[],[]
"['dihydrocodeine', 'paracetamol']",dicc.,"[('30000', 'mcg'), ('500000', 'mcg')]",[]
['ibuprofen'],dicC.,"[('300000', 'mcg'), ('45000', 'mcg')]",[]
['paracetamol'],dicE.,[],[]
['paracetamol'],dicF.,"[('500000', 'mcg'), ('30000', 'mcg')]",[]
['ibuprofen'],dicH.,[],[]
"['caffeine', 'paracetamol']",dicJ.,[],[]
"['caffeine', 'paracetamol']",dicK.,[],[]
['paracetamol'],dicL.,[],[]
['paracetamol'],dicM.,[],[]
"['codeine', 'paracetamol']",dicN.,"[('30000', 'mcg'), ('500000', 'mcg')]",[]
['tramadol'],dicO.,"[('325000', 'mcg'), ('37500', 'mcg')]",[]
['ibuprofen'],dicP.,"[('300000', 'mcg'), ('45000', 'mcg')]",[]
"['codeine', 'paracetamol']",dicR.,"[('30000', 'mcg'), ('500000', 'mcg')]",[]
"['dihydrocodeine', 'paracetamol']",dicS.,[],[]
"['codeine', 'paracetamol']",dicv.,"[('500000', 'mcg'), ('15000', 'mcg')]",[]
"['ibuprofen', 'paracetamol']",dicw.,"[('200000', 'mcg'), ('500000', 'mcg')]",[]
['paracetamol'],dicW.,[],"[('100', 'sztuk')]"
"['paracetamol', 'tramadol']",dicx.,"[('325000', 'mcg'), ('37500', 'mcg')]",[]
['paracetamol'],dicX.,[],"[('200', 'sztuk')]"
"['dihydrocodeine', 'paracetamol']",dicy.,"[('500000', 'mcg'), ('7460', 'mcg')]",[]
['tramadol'],dicY.,"[('325000', 'mcg'), ('37500', 'mcg')]",[]
"['paracetamol', 'tramadol']",dicz.,"[('325000', 'mcg'), ('37500', 'mcg')]",[]
"['ibuprofen', 'paracetamol']",dicZ.,"[('200000', 'mcg'), ('500000', 'mcg')]",[]
['paracetamol'],did..,[],[]
['paracetamol'],did1.,"[('120000', 'mcg')]",[]
['paracetamol'],did2.,"[('250000', 'mcg')]",[]
['paracetamol'],did3.,"[('500000', 'mcg')]",[]
['paracetamol'],did4.,"[('250000', 'mcg')]",[]
['paracetamol'],did5.,"[('120000', 'mcg')]",[]
['paracetamol'],did6.,[],[]
['paracetamol'],did7.,"[('1000000', 'mcg')]",[]
['paracetamol'],did8.,"[('1000000', 'mcg')]",[]
['paracetamol'],did9.,"[('120000', 'mcg')]",[]
['paracetamol'],didA.,"[('120000', 'mcg')]",[]
['paracetamol'],didB.,"[('120000', 'mcg')]",[]
['paracetamol'],didC.,"[('500000', 'mcg')]",[]
['paracetamol'],didD.,"[('120000', 'mcg')]","[('100', 'sztuk')]"
['paracetamol'],didE.,"[('120000', 'mcg')]","[('100', 'sztuk')]"
['paracetamol'],didF.,"[('120000', 'mcg')]",[]
['paracetamol'],didG.,"[('250000', 'mcg')]",[]
['paracetamol'],didH.,"[('1000000', 'mcg')]",[]
['paracetamol'],didt.,"[('1000000', 'mcg')]",[]
['paracetamol'],didu.,"[('500000', 'mcg')]",[]
['paracetamol'],didv.,"[('1000000', 'mcg')]",[]
['paracetamol'],didw.,"[('250000', 'mcg')]",[]
['paracetamol'],didx.,"[('500000', 'mcg')]",[]
['paracetamol'],didy.,"[('120000', 'mcg')]",[]
['paracetamol'],didz.,"[('120000', 'mcg')]",[]
['morphine'],dj1..,[],[]
['morphine'],dj11.,"[('10000', 'mcg')]",[]
['morphine'],dj12.,"[('15000', 'mcg')]",[]
['morphine'],dj13.,"[('20000', 'mcg')]",[]
['morphine'],dj14.,"[('30000', 'mcg')]",[]
['morphine'],dj15.,"[('20000', 'mcg')]",[]
['morphine'],dj16.,"[('30000', 'mcg')]",[]
['morphine'],dj17.,"[('40000', 'mcg')]",[]
['morphine'],dj18.,"[('60000', 'mcg')]",[]
['morphine'],dj19.,"[('15000', 'mcg')]",[]
['morphine'],dj1a.,"[('30000', 'mcg')]",[]
['morphine'],dj1A.,"[('10000', 'mcg')]",[]
['morphine'],dj1B.,"[('20000', 'mcg')]",[]
"['cyclizine', 'morphine']",dj1c.,[],"[('1', 'sztuk')]"
['morphine'],dj1C.,"[('30000', 'mcg')]",[]
"['cyclizine', 'morphine']",dj1d.,[],"[('1', 'sztuk')]"
['morphine'],dj1D.,"[('10000', 'mcg')]",[]
['morphine'],dj1e.,"[('64000', 'mcg')]",[]
['morphine'],dj1E.,"[('20000', 'mcg')]",[]
['morphine'],dj1f.,"[('10000', 'mcg')]",[]
['morphine'],dj1F.,"[('10000', 'mcg')]",[]
['morphine'],dj1g.,"[('30000', 'mcg')]",[]
['morphine'],dj1G.,"[('10000', 'mcg')]",[]
['morphine'],dj1h.,"[('60000', 'mcg')]",[]
['morphine'],dj1H.,"[('30000', 'mcg')]",[]
['morphine'],dj1i.,"[('100000', 'mcg')]",[]
['morphine'],dj1I.,"[('30000', 'mcg')]",[]
['morphine'],dj1j.,"[('8400', 'mcg')]",[]
['morphine'],dj1J.,"[('100000', 'mcg')]",[]
['morphine'],dj1k.,"[('4200', 'mcg')]",[]
['morphine'],dj1K.,"[('100000', 'mcg')]",[]
['morphine'],dj1l.,"[('10000', 'mcg')]","[('100', 'sztuk')]"
['morphine'],dj1L.,"[('10000', 'mcg')]",[]
['morphine'],dj1m.,"[('10000', 'mcg')]","[('500', 'sztuk')]"
['morphine'],dj1M.,"[('100000', 'mcg')]",[]
['morphine'],dj1n.,"[('20000', 'mcg')]","[('30', 'sztuk')]"
['morphine'],dj1N.,"[('20000', 'mcg')]",[]
['morphine'],dj1o.,"[('20000', 'mcg')]","[('120', 'sztuk')]"
['morphine'],dj1O.,"[('10000', 'mcg')]",[]
['morphine'],dj1p.,"[('10000', 'mcg')]","[('250', 'sztuk')]"
['morphine'],dj1P.,"[('30000', 'mcg')]",[]
['morphine'],dj1q.,"[('20000', 'mcg')]",[]
['morphine'],dj1Q.,"[('20000', 'mcg')]",[]
['morphine'],dj1r.,"[('10000', 'mcg')]",[]
['morphine'],dj1R.,"[('30000', 'mcg')]",[]
['morphine'],dj1s.,"[('20000', 'mcg')]",[]
['morphine'],dj1S.,"[('15000', 'mcg')]",[]
['morphine'],dj1t.,"[('200000', 'mcg')]",[]
['morphine'],dj1T.,"[('30000', 'mcg')]",[]
['morphine'],dj1u.,"[('10000', 'mcg')]",[]
['morphine'],dj1U.,[],[]
['morphine'],dj1v.,"[('30000', 'mcg')]",[]
['morphine'],dj1V.,[],[]
['morphine'],dj1w.,"[('60000', 'mcg')]",[]
['morphine'],dj1W.,"[('60000', 'mcg')]",[]
['morphine'],dj1x.,"[('100000', 'mcg')]",[]
['morphine'],dj1X.,"[('100000', 'mcg')]",[]
['morphine'],dj1y.,"[('5000', 'mcg')]",[]
['morphine'],dj1Y.,"[('200000', 'mcg')]",[]
['morphine'],dj1z.,"[('15000', 'mcg')]",[]
['morphine'],dj1Z.,"[('10000', 'mcg')]","[('300', 'sztuk')]"
['morphine'],dj2..,[],[]
['morphine'],dj21.,[],[]
['diamorphine'],dj22.,[],[]
['diamorphine'],dj23.,[],[]
"['chlorpromazine', 'diamorphine']",dj24.,[],[]
['morphine'],dj25.,[],[]
"['chlorpromazine', 'morphine']",dj26.,[],[]
['buprenorphine'],dj3..,[],[]
['buprenorphine'],dj31.,"[('200', 'mcg')]",[]
['buprenorphine'],dj32.,"[('300', 'mcg')]",[]
['buprenorphine'],dj33.,"[('600', 'mcg')]",[]
['buprenorphine'],dj34.,"[('400', 'mcg')]",[]
['buprenorphine'],dj35.,"[('400', 'mcg')]",[]
['buprenorphine'],dj36.,"[('400', 'mcg')]",[]
['buprenorphine'],dj37.,"[('2000', 'mcg')]",[]
['buprenorphine'],dj38.,"[('8000', 'mcg')]",[]
['buprenorphine'],dj39.,"[('35', 'mcg')]",[]
['buprenorphine'],dj3a.,"[('52', 'mcg')]",[]
['buprenorphine'],dj3A.,"[('5', 'mcg')]",[]
['buprenorphine'],dj3b.,"[('70', 'mcg')]",[]
['buprenorphine'],dj3B.,"[('10', 'mcg')]",[]
['buprenorphine'],dj3c.,"[('400', 'mcg')]",[]
['buprenorphine'],dj3C.,"[('20', 'mcg')]",[]
['buprenorphine'],dj3d.,"[('2000', 'mcg')]",[]
"['buprenorphine', 'naloxone']",dj3D.,"[('2000', 'mcg'), ('500', 'mcg')]",[]
['buprenorphine'],dj3e.,"[('8000', 'mcg')]",[]
['naloxone'],dj3E.,"[('2000', 'mcg'), ('500', 'mcg')]",[]
['buprenorphine'],dj3f.,"[('200', 'mcg')]",[]
"['buprenorphine', 'naloxone']",dj3F.,"[('8000', 'mcg'), ('2000', 'mcg')]",[]
['buprenorphine'],dj3g.,"[('400', 'mcg')]",[]
['naloxone'],dj3G.,"[('8000', 'mcg'), ('2000', 'mcg')]",[]
['buprenorphine'],dj3H.,"[('70', 'mcg')]",[]
['buprenorphine'],dj3I.,"[('52', 'mcg')]",[]
['buprenorphine'],dj3J.,"[('35', 'mcg')]",[]
['buprenorphine'],dj3K.,"[('400', 'mcg')]",[]
['buprenorphine'],dj3L.,"[('2000', 'mcg')]",[]
['buprenorphine'],dj3M.,"[('8000', 'mcg')]",[]
['buprenorphine'],dj3N.,"[('400', 'mcg')]",[]
['buprenorphine'],dj3o.,"[('5', 'mcg')]",[]
['buprenorphine'],dj3O.,"[('1000', 'mcg')]",[]
['buprenorphine'],dj3p.,"[('10', 'mcg')]",[]
['buprenorphine'],dj3P.,"[('2000', 'mcg')]",[]
['buprenorphine'],dj3q.,"[('20', 'mcg')]",[]
['buprenorphine'],dj3Q.,"[('4000', 'mcg')]",[]
['buprenorphine'],dj3r.,"[('70', 'mcg')]",[]
['buprenorphine'],dj3R.,"[('6000', 'mcg')]",[]
['buprenorphine'],dj3s.,"[('52', 'mcg')]",[]
['buprenorphine'],dj3S.,"[('8000', 'mcg')]",[]
['buprenorphine'],dj3t.,"[('35', 'mcg')]",[]
['buprenorphine'],dj3T.,"[('1000', 'mcg')]",[]
['buprenorphine'],dj3u.,"[('2000', 'mcg')]",[]
['buprenorphine'],dj3U.,"[('4000', 'mcg')]",[]
['buprenorphine'],dj3v.,"[('8000', 'mcg')]",[]
['buprenorphine'],dj3V.,"[('6000', 'mcg')]",[]
['buprenorphine'],dj3W.,"[('5', 'mcg')]",[]
['buprenorphine'],dj3x.,"[('200', 'mcg')]",[]
['buprenorphine'],dj3X.,"[('10', 'mcg')]",[]
['buprenorphine'],dj3y.,"[('300', 'mcg')]",[]
['buprenorphine'],dj3Y.,"[('20', 'mcg')]",[]
['buprenorphine'],dj3z.,"[('600', 'mcg')]",[]
['codeine'],dj4..,[],[]
['codeine'],dj41.,"[('15000', 'mcg')]",[]
['codeine'],dj42.,"[('30000', 'mcg')]",[]
['codeine'],dj43.,"[('60000', 'mcg')]",[]
['codeine'],dj44.,"[('25000', 'mcg')]",[]
['codeine'],dj45.,"[('60000', 'mcg')]",[]
['dextropropoxyphene'],dj6..,[],[]
['dextropropoxyphene'],dj61.,"[('65000', 'mcg')]",[]
['dextropropoxyphene'],dj62.,"[('65000', 'mcg')]",[]
['diamorphine'],dj7..,[],[]
['diamorphine'],dj71.,"[('10000', 'mcg')]",[]
['diamorphine'],dj72.,"[('5000', 'mcg')]",[]
['diamorphine'],dj73.,"[('10000', 'mcg')]",[]
['diamorphine'],dj74.,"[('30000', 'mcg')]",[]
['diamorphine'],dj75.,"[('100000', 'mcg')]",[]
['diamorphine'],dj76.,"[('500000', 'mcg')]",[]
['diamorphine'],dj77.,"[('5000', 'mcg')]",[]
['diamorphine'],dj78.,"[('10000', 'mcg')]",[]
['diamorphine'],dj79.,"[('30000', 'mcg')]",[]
['diamorphine'],dj7A.,"[('100000', 'mcg')]",[]
['diamorphine'],dj7B.,"[('500000', 'mcg')]",[]
['diamorphine'],dj7C.,"[('5000', 'mcg')]",[]
['diamorphine'],dj7D.,"[('10000', 'mcg')]",[]
['diamorphine'],dj7E.,"[('30000', 'mcg')]",[]
['diamorphine'],dj7F.,"[('100000', 'mcg')]",[]
['diamorphine'],dj7G.,"[('500000', 'mcg')]",[]
['dihydrocodeine'],dj8..,[],[]
['dihydrocodeine'],dj81.,"[('30000', 'mcg')]",[]
['dihydrocodeine'],dj82.,"[('10000', 'mcg')]",[]
['dihydrocodeine'],dj83.,"[('50000', 'mcg')]",[]
['dihydrocodeine'],dj87.,"[('60000', 'mcg')]",[]
['dihydrocodeine'],dj88.,"[('60000', 'mcg')]",[]
['dihydrocodeine'],dj89.,"[('90000', 'mcg')]",[]
['dihydrocodeine'],dj8a.,"[('120000', 'mcg')]",[]
['dihydrocodeine'],dj8b.,"[('90000', 'mcg')]",[]
['dihydrocodeine'],dj8c.,"[('120000', 'mcg')]",[]
['dihydrocodeine'],dj8e.,"[('40000', 'mcg')]",[]
['dipipanone'],dj9..,[],[]
['dipipanone'],dj91.,[],[]
"['cyclizine', 'dipipanone']",dj92.,"[('10000', 'mcg'), ('30000', 'mcg')]",[]
['tramadol'],djA..,[],[]
['tramadol'],djA1.,"[('100000', 'mcg')]",[]
['tramadol'],djA2.,"[('150000', 'mcg')]",[]
['tramadol'],djA3.,"[('200000', 'mcg')]",[]
['tramadol'],djA4.,"[('100000', 'mcg')]",[]
['tramadol'],djA5.,"[('150000', 'mcg')]",[]
['tramadol'],djA6.,"[('200000', 'mcg')]",[]
['tramadol'],djA8.,"[('100000', 'mcg')]",[]
['tramadol'],djA9.,"[('150000', 'mcg')]",[]
['tramadol'],djAa.,"[('200000', 'mcg')]",[]
['tramadol'],djAb.,"[('50000', 'mcg')]",[]
['tramadol'],djAc.,"[('100000', 'mcg')]",[]
['tramadol'],djAd.,"[('150000', 'mcg')]",[]
['tramadol'],djAe.,"[('200000', 'mcg')]",[]
['tramadol'],djAf.,"[('100000', 'mcg')]",[]
['tramadol'],djAg.,"[('150000', 'mcg')]",[]
['tramadol'],djAh.,"[('200000', 'mcg')]",[]
['tramadol'],djAi.,"[('100000', 'mcg')]",[]
['tramadol'],djAj.,"[('100000', 'mcg')]",[]
['tramadol'],djAk.,"[('150000', 'mcg')]",[]
['tramadol'],djAl.,"[('200000', 'mcg')]",[]
['tramadol'],djAm.,"[('100000', 'mcg')]",[]
['tramadol'],djAn.,"[('150000', 'mcg')]",[]
['tramadol'],djAo.,"[('200000', 'mcg')]",[]
['tramadol'],djAp.,"[('100000', 'mcg')]",[]
['tramadol'],djAq.,"[('150000', 'mcg')]",[]
['tramadol'],djAr.,"[('200000', 'mcg')]",[]
['meptazinol'],djb..,[],[]
['tapentadol'],djB..,[],[]
['meptazinol'],djb1.,"[('200000', 'mcg')]",[]
['tapentadol'],djB1.,"[('50000', 'mcg')]",[]
['meptazinol'],djb2.,"[('100000', 'mcg')]",[]
['tapentadol'],djB2.,"[('100000', 'mcg')]",[]
['meptazinol'],djb3.,"[('200000', 'mcg')]",[]
['tapentadol'],djB3.,"[('150000', 'mcg')]",[]
['meptazinol'],djb4.,"[('100000', 'mcg')]",[]
['tapentadol'],djB4.,"[('200000', 'mcg')]",[]
['tapentadol'],djB5.,"[('250000', 'mcg')]",[]
['tapentadol'],djB6.,"[('50000', 'mcg')]",[]
['tapentadol'],djB7.,"[('75000', 'mcg')]",[]
['tapentadol'],djB8.,"[('20000', 'mcg')]",[]
['tapentadol'],djBS.,"[('20000', 'mcg')]",[]
['tapentadol'],djBT.,"[('75000', 'mcg')]",[]
['tapentadol'],djBU.,"[('50000', 'mcg')]",[]
['tapentadol'],djBV.,"[('250000', 'mcg')]",[]
['tapentadol'],djBW.,"[('200000', 'mcg')]",[]
['tapentadol'],djBX.,"[('150000', 'mcg')]",[]
['tapentadol'],djBY.,"[('100000', 'mcg')]",[]
['tapentadol'],djBZ.,"[('50000', 'mcg')]",[]
['methadone'],djc..,[],[]
['methadone'],djc3.,"[('1000', 'mcg')]",[]
['methadone'],djc4.,"[('50000', 'mcg')]",[]
['methadone'],djc5.,"[('1000', 'mcg')]",[]
['methadone'],djc7.,"[('10000', 'mcg')]",[]
['methadone'],djc8.,"[('20000', 'mcg')]",[]
['methadone'],djc9.,"[('20000', 'mcg')]",[]
['methadone'],djcA.,[],[]
['methadone'],djcB.,[],[]
['methadone'],djcC.,"[('1000', 'mcg')]",[]
['methadone'],djcD.,"[('1000', 'mcg')]",[]
['methadone'],djcE.,"[('1000', 'mcg')]",[]
['methadone'],djcF.,"[('1000', 'mcg')]",[]
['methadone'],djcM.,"[('10000', 'mcg')]",[]
['methadone'],djcN.,"[('20000', 'mcg')]",[]
['methadone'],djco.,"[('20000', 'mcg')]",[]
['methadone'],djcO.,"[('35000', 'mcg')]",[]
['methadone'],djcp.,"[('40000', 'mcg')]",[]
['methadone'],djcP.,"[('50000', 'mcg')]",[]
['methadone'],djcq.,"[('60000', 'mcg')]",[]
['methadone'],djcQ.,"[('50000', 'mcg')]",[]
['methadone'],djcr.,"[('100000', 'mcg')]",[]
['methadone'],djcR.,"[('50000', 'mcg')]",[]
['methadone'],djcs.,"[('5000', 'mcg')]",[]
['methadone'],djct.,"[('50000', 'mcg')]",[]
['methadone'],djcu.,"[('50000', 'mcg')]",[]
['methadone'],djcU.,"[('1000', 'mcg')]",[]
['methadone'],djcv.,"[('20000', 'mcg')]",[]
['methadone'],djcV.,"[('5000', 'mcg')]",[]
['methadone'],djcw.,"[('35000', 'mcg')]",[]
['methadone'],djcW.,"[('20000', 'mcg')]",[]
['methadone'],djcx.,"[('50000', 'mcg')]",[]
['methadone'],djcX.,"[('40000', 'mcg')]",[]
['methadone'],djcy.,"[('5000', 'mcg')]",[]
['methadone'],djcY.,"[('60000', 'mcg')]",[]
['methadone'],djcz.,"[('10000', 'mcg')]",[]
['methadone'],djcZ.,"[('100000', 'mcg')]",[]
['pentazocine'],djf..,[],[]
['pentazocine'],djf1.,"[('50000', 'mcg')]",[]
['pentazocine'],djf2.,"[('25000', 'mcg')]",[]
['pentazocine'],djf3.,"[('30000', 'mcg')]",[]
['pentazocine'],djf4.,"[('60000', 'mcg')]",[]
['pentazocine'],djf5.,"[('50000', 'mcg')]",[]
['pentazocine'],djf6.,"[('50000', 'mcg')]",[]
['pentazocine'],djf7.,"[('25000', 'mcg')]",[]
['pentazocine'],djf8.,"[('30000', 'mcg')]",[]
['pentazocine'],djf9.,"[('60000', 'mcg')]",[]
['pentazocine'],djfa.,"[('50000', 'mcg')]",[]
['pethidine'],djg..,[],[]
['pethidine'],djg1.,"[('25000', 'mcg')]",[]
['pethidine'],djg2.,"[('50000', 'mcg')]",[]
['pethidine'],djg3.,"[('50000', 'mcg')]",[]
['pethidine'],djg4.,"[('100000', 'mcg')]",[]
['pethidine'],djg5.,"[('100000', 'mcg')]",[]
['pethidine'],djg6.,"[('50000', 'mcg')]",[]
['pethidine'],djg7.,"[('100000', 'mcg')]",[]
['tramadol'],dji..,[],[]
['tramadol'],dji1.,"[('100000', 'mcg')]",[]
['tramadol'],dji2.,"[('50000', 'mcg')]",[]
['tramadol'],dji3.,"[('100000', 'mcg')]",[]
['tramadol'],dji4.,"[('50000', 'mcg')]",[]
['tramadol'],dji5.,"[('100000', 'mcg')]",[]
['tramadol'],dji6.,"[('150000', 'mcg')]",[]
['tramadol'],dji7.,"[('200000', 'mcg')]",[]
['tramadol'],dji8.,"[('100000', 'mcg')]",[]
['tramadol'],dji9.,"[('150000', 'mcg')]",[]
['tramadol'],djia.,"[('150000', 'mcg')]",[]
['tramadol'],djiA.,"[('200000', 'mcg')]",[]
['tramadol'],djib.,"[('200000', 'mcg')]",[]
['tramadol'],djiB.,"[('50000', 'mcg')]",[]
['tramadol'],djic.,"[('300000', 'mcg')]",[]
['tramadol'],djiC.,"[('50000', 'mcg')]",[]
['tramadol'],djid.,"[('400000', 'mcg')]",[]
['tramadol'],djiD.,"[('50000', 'mcg')]",[]
['tramadol'],djie.,"[('50000', 'mcg')]",[]
['tramadol'],djiE.,"[('50000', 'mcg')]",[]
['tramadol'],djiF.,"[('50000', 'mcg')]",[]
['tramadol'],djiG.,"[('100000', 'mcg')]",[]
['tramadol'],djiH.,"[('150000', 'mcg')]",[]
['tramadol'],djii.,"[('150000', 'mcg')]",[]
['tramadol'],djiI.,"[('200000', 'mcg')]",[]
['tramadol'],djij.,"[('200000', 'mcg')]",[]
['tramadol'],djiJ.,"[('50000', 'mcg')]",[]
['tramadol'],djik.,"[('300000', 'mcg')]",[]
['tramadol'],djiK.,"[('100000', 'mcg')]",[]
['tramadol'],djil.,"[('400000', 'mcg')]",[]
['tramadol'],djiL.,"[('150000', 'mcg')]",[]
['tramadol'],djim.,"[('100000', 'mcg')]",[]
['tramadol'],djiM.,"[('200000', 'mcg')]",[]
['tramadol'],djin.,"[('200000', 'mcg')]",[]
['tramadol'],djiN.,"[('100000', 'mcg')]",[]
['tramadol'],djio.,"[('300000', 'mcg')]",[]
['tramadol'],djiO.,"[('50000', 'mcg')]",[]
['tramadol'],djip.,"[('50000', 'mcg')]",[]
['tramadol'],djiP.,"[('100000', 'mcg')]",[]
['tramadol'],djiq.,"[('100000', 'mcg')]",[]
['tramadol'],djiQ.,"[('50000', 'mcg')]",[]
['tramadol'],djir.,"[('150000', 'mcg')]",[]
['tramadol'],djiR.,"[('100000', 'mcg')]",[]
['tramadol'],djis.,"[('200000', 'mcg')]",[]
['tramadol'],djiS.,"[('150000', 'mcg')]",[]
['tramadol'],djit.,"[('50000', 'mcg')]",[]
['tramadol'],djiT.,"[('200000', 'mcg')]",[]
['tramadol'],djiU.,"[('300000', 'mcg')]",[]
['tramadol'],djiv.,"[('50000', 'mcg')]",[]
['tramadol'],djiV.,"[('400000', 'mcg')]",[]
['tramadol'],djiw.,"[('50000', 'mcg')]",[]
['tramadol'],djiW.,"[('100000', 'mcg')]",[]
['tramadol'],djix.,"[('75000', 'mcg')]",[]
['tramadol'],djiX.,"[('150000', 'mcg')]",[]
['tramadol'],djiy.,"[('300000', 'mcg')]",[]
['tramadol'],djiY.,"[('200000', 'mcg')]",[]
['tramadol'],djiz.,"[('400000', 'mcg')]",[]
['tramadol'],djiZ.,"[('75000', 'mcg')]",[]
['hydromorphone'],djj..,[],[]
['hydromorphone'],djj1.,"[('1300', 'mcg')]",[]
['hydromorphone'],djj2.,"[('1300', 'mcg')]",[]
['hydromorphone'],djj3.,"[('2600', 'mcg')]",[]
['hydromorphone'],djj4.,"[('2600', 'mcg')]",[]
['hydromorphone'],djj5.,"[('2000', 'mcg')]",[]
['hydromorphone'],djj6.,"[('4000', 'mcg')]",[]
['hydromorphone'],djj7.,"[('8000', 'mcg')]",[]
['hydromorphone'],djj8.,"[('16000', 'mcg')]",[]
['hydromorphone'],djj9.,"[('24000', 'mcg')]",[]
['hydromorphone'],djjA.,"[('2000', 'mcg')]",[]
['hydromorphone'],djjB.,"[('4000', 'mcg')]",[]
['hydromorphone'],djjC.,"[('8000', 'mcg')]",[]
['hydromorphone'],djjD.,"[('16000', 'mcg')]",[]
['hydromorphone'],djjE.,"[('24000', 'mcg')]",[]
['oxycodone'],djk..,[],[]
['oxycodone'],djk1.,"[('5000', 'mcg')]",[]
['oxycodone'],djk2.,"[('10000', 'mcg')]",[]
['oxycodone'],djk3.,"[('20000', 'mcg')]",[]
['oxycodone'],djk4.,"[('10000', 'mcg')]",[]
['oxycodone'],djk5.,"[('20000', 'mcg')]",[]
['oxycodone'],djk6.,"[('40000', 'mcg')]",[]
['oxycodone'],djk7.,"[('80000', 'mcg')]",[]
['oxycodone'],djk8.,"[('5000', 'mcg')]",[]
['oxycodone'],djk9.,"[('10000', 'mcg')]",[]
['oxycodone'],djka.,"[('20000', 'mcg')]",[]
['oxycodone'],djkA.,"[('10000', 'mcg')]","[('1', 'sztuk')]"
['oxycodone'],djkb.,"[('5000', 'mcg')]",[]
['oxycodone'],djkB.,"[('10000', 'mcg')]","[('2', 'sztuk')]"
['oxycodone'],djkc.,"[('10000', 'mcg')]",[]
"['naloxone', 'oxycodone']",djkC.,"[('10000', 'mcg'), ('5000', 'mcg')]",[]
['oxycodone'],djkd.,"[('20000', 'mcg')]",[]
"['naloxone', 'oxycodone']",djkD.,"[('20000', 'mcg'), ('10000', 'mcg')]",[]
['oxycodone'],djke.,"[('120000', 'mcg')]",[]
['oxycodone'],djkE.,"[('50000', 'mcg')]",[]
['oxycodone'],djkf.,"[('60000', 'mcg')]",[]
"['naloxone', 'oxycodone']",djkF.,"[('5000', 'mcg'), ('2500', 'mcg')]",[]
['oxycodone'],djkg.,"[('30000', 'mcg')]",[]
"['naloxone', 'oxycodone']",djkG.,"[('40000', 'mcg'), ('20000', 'mcg')]",[]
['oxycodone'],djkh.,"[('15000', 'mcg')]",[]
['oxycodone'],djkH.,"[('15000', 'mcg')]",[]
"['naloxone', 'oxycodone']",djki.,"[('40000', 'mcg'), ('20000', 'mcg')]",[]
['oxycodone'],djkI.,"[('30000', 'mcg')]",[]
"['naloxone', 'oxycodone']",djkj.,"[('5000', 'mcg'), ('2500', 'mcg')]",[]
['oxycodone'],djkJ.,"[('60000', 'mcg')]",[]
['oxycodone'],djkk.,"[('50000', 'mcg')]",[]
['oxycodone'],djkK.,"[('120000', 'mcg')]",[]
"['naloxone', 'oxycodone']",djkl.,"[('20000', 'mcg'), ('10000', 'mcg')]",[]
['oxycodone'],djkL.,"[('5000', 'mcg')]",[]
"['naloxone', 'oxycodone']",djkm.,"[('10000', 'mcg'), ('5000', 'mcg')]",[]
['oxycodone'],djkM.,"[('10000', 'mcg')]",[]
['oxycodone'],djkn.,"[('10000', 'mcg')]","[('2', 'sztuk')]"
['oxycodone'],djkN.,"[('20000', 'mcg')]",[]
['oxycodone'],djko.,"[('10000', 'mcg')]","[('1', 'sztuk')]"
['oxycodone'],djkO.,"[('40000', 'mcg')]",[]
['oxycodone'],djkp.,"[('5000', 'mcg')]",[]
['oxycodone'],djkP.,"[('80000', 'mcg')]",[]
['oxycodone'],djkq.,"[('5000', 'mcg')]",[]
['oxycodone'],djkQ.,"[('5000', 'mcg')]",[]
['oxycodone'],djkr.,"[('5000', 'mcg')]",[]
['oxycodone'],djkR.,"[('10000', 'mcg')]",[]
['oxycodone'],djks.,"[('10000', 'mcg')]",[]
['oxycodone'],djkS.,"[('20000', 'mcg')]",[]
['oxycodone'],djkt.,"[('5000', 'mcg')]",[]
['oxycodone'],djkT.,"[('40000', 'mcg')]",[]
['oxycodone'],djku.,"[('10000', 'mcg')]",[]
['oxycodone'],djkU.,"[('80000', 'mcg')]",[]
['oxycodone'],djkv.,"[('20000', 'mcg')]",[]
['oxycodone'],djkV.,"[('5000', 'mcg')]",[]
['oxycodone'],djkw.,"[('10000', 'mcg')]",[]
['oxycodone'],djkW.,"[('10000', 'mcg')]",[]
['oxycodone'],djkx.,"[('20000', 'mcg')]",[]
['oxycodone'],djkX.,"[('20000', 'mcg')]",[]
['oxycodone'],djky.,"[('40000', 'mcg')]",[]
['oxycodone'],djkY.,"[('5000', 'mcg')]",[]
['oxycodone'],djkz.,"[('80000', 'mcg')]",[]
['oxycodone'],djkZ.,"[('10000', 'mcg')]",[]
['oxycodone'],djm..,[],[]
['oxycodone'],djm1.,"[('40000', 'mcg')]",[]
['oxycodone'],djm2.,"[('80000', 'mcg')]",[]
['oxycodone'],djm3.,"[('5000', 'mcg')]",[]
['oxycodone'],djm4.,"[('10000', 'mcg')]",[]
['oxycodone'],djm5.,"[('20000', 'mcg')]",[]
['oxycodone'],djm6.,"[('40000', 'mcg')]",[]
['oxycodone'],djm7.,"[('15000', 'mcg')]",[]
['oxycodone'],djm8.,"[('30000', 'mcg')]",[]
['oxycodone'],djm9.,"[('60000', 'mcg')]",[]
['oxycodone'],djmA.,"[('5000', 'mcg')]",[]
['oxycodone'],djmB.,"[('10000', 'mcg')]",[]
['oxycodone'],djmC.,"[('15000', 'mcg')]",[]
['oxycodone'],djmD.,"[('20000', 'mcg')]",[]
['oxycodone'],djmE.,"[('30000', 'mcg')]",[]
['oxycodone'],djmF.,"[('40000', 'mcg')]",[]
['oxycodone'],djmG.,"[('60000', 'mcg')]",[]
['oxycodone'],djmH.,"[('80000', 'mcg')]",[]
['oxycodone'],djmI.,"[('15000', 'mcg')]",[]
['oxycodone'],djmJ.,"[('30000', 'mcg')]",[]
['oxycodone'],djmK.,"[('60000', 'mcg')]",[]
['oxycodone'],djmL.,"[('120000', 'mcg')]",[]
['oxycodone'],djmM.,"[('5000', 'mcg')]",[]
['oxycodone'],djmN.,"[('10000', 'mcg')]",[]
['oxycodone'],djmO.,"[('15000', 'mcg')]",[]
['oxycodone'],djmP.,"[('20000', 'mcg')]",[]
['oxycodone'],djmQ.,"[('30000', 'mcg')]",[]
['oxycodone'],djmR.,"[('40000', 'mcg')]",[]
['oxycodone'],djmS.,"[('60000', 'mcg')]",[]
['oxycodone'],djmT.,"[('80000', 'mcg')]",[]
['morphine'],djy..,[],[]
['morphine'],djy1.,"[('35000', 'mcg')]",[]
['morphine'],djy2.,"[('50000', 'mcg')]",[]
['morphine'],djy3.,"[('75000', 'mcg')]",[]
['morphine'],djy4.,"[('100000', 'mcg')]",[]
['morphine'],djy5.,"[('30000', 'mcg')]",[]
['morphine'],djy6.,"[('10000', 'mcg')]",[]
['morphine'],djy7.,"[('30000', 'mcg')]",[]
['morphine'],djy8.,"[('60000', 'mcg')]",[]
['morphine'],djy9.,"[('100000', 'mcg')]",[]
['morphine'],djyA.,"[('10000', 'mcg')]",[]
['morphine'],djyB.,"[('30000', 'mcg')]",[]
['morphine'],djyC.,"[('60000', 'mcg')]",[]
['morphine'],djyD.,"[('100000', 'mcg')]",[]
['morphine'],djyE.,"[('10000', 'mcg')]",[]
['morphine'],djyF.,"[('30000', 'mcg')]",[]
['morphine'],djyG.,"[('60000', 'mcg')]",[]
['morphine'],djyH.,"[('100000', 'mcg')]",[]
['morphine'],djyI.,"[('1000', 'mcg')]","[('10', 'sztuk')]"
['morphine'],djyJ.,"[('1000', 'mcg')]",[]
['morphine'],djyK.,"[('5000', 'mcg')]",[]
['morphine'],djyL.,"[('10000', 'mcg')]",[]
['morphine'],djz..,[],[]
['morphine'],djz1.,"[('10000', 'mcg')]",[]
['morphine'],djz2.,"[('20000', 'mcg')]",[]
['morphine'],djz3.,"[('5000', 'mcg')]",[]
['morphine'],djz4.,"[('10000', 'mcg')]",[]
['morphine'],djz5.,"[('15000', 'mcg')]",[]
['morphine'],djz6.,"[('30000', 'mcg')]",[]
['morphine'],djz7.,"[('60000', 'mcg')]",[]
['morphine'],djz8.,"[('100000', 'mcg')]",[]
['morphine'],djz9.,"[('200000', 'mcg')]",[]
['morphine'],djza.,"[('50000', 'mcg')]",[]
['morphine'],djzA.,"[('60000', 'mcg')]",[]
['morphine'],djzb.,"[('20000', 'mcg')]",[]
['morphine'],djzB.,"[('100000', 'mcg')]",[]
['morphine'],djzc.,"[('50000', 'mcg')]",[]
['morphine'],djzC.,"[('200000', 'mcg')]",[]
['morphine'],djzd.,"[('50000', 'mcg')]",[]
['morphine'],djzD.,"[('10000', 'mcg')]",[]
['morphine'],djze.,"[('100000', 'mcg')]",[]
['morphine'],djzE.,"[('30000', 'mcg')]",[]
['morphine'],djzf.,"[('50000', 'mcg')]",[]
['morphine'],djzF.,"[('60000', 'mcg')]",[]
['morphine'],djzg.,"[('100000', 'mcg')]",[]
['morphine'],djzG.,"[('100000', 'mcg')]",[]
['morphine'],djzh.,"[('50000', 'mcg')]",[]
['morphine'],djzi.,"[('100000', 'mcg')]",[]
['morphine'],djzj.,"[('10000', 'mcg')]",[]
['morphine'],djzk.,"[('30000', 'mcg')]",[]
['morphine'],djzl.,"[('60000', 'mcg')]",[]
['morphine'],djzL.,"[('50000', 'mcg')]",[]
['morphine'],djzm.,"[('100000', 'mcg')]",[]
['morphine'],djzM.,"[('50000', 'mcg')]",[]
['morphine'],djzn.,"[('200000', 'mcg')]",[]
['morphine'],djzo.,"[('50000', 'mcg')]",[]
['morphine'],djzO.,"[('90000', 'mcg')]",[]
['morphine'],djzp.,"[('100000', 'mcg')]",[]
['morphine'],djzP.,"[('120000', 'mcg')]",[]
['morphine'],djzq.,"[('10000', 'mcg')]","[('100', 'sztuk')]"
['morphine'],djzQ.,"[('150000', 'mcg')]",[]
['morphine'],djzr.,"[('20000', 'mcg')]","[('30', 'sztuk')]"
['morphine'],djzR.,"[('200000', 'mcg')]",[]
['morphine'],djzs.,"[('20000', 'mcg')]",[]
['morphine'],djzS.,"[('30000', 'mcg')]",[]
['morphine'],djzt.,"[('10000', 'mcg')]","[('300', 'sztuk')]"
['morphine'],djzT.,"[('60000', 'mcg')]",[]
['morphine'],djzu.,"[('10000', 'mcg')]","[('500', 'sztuk')]"
['morphine'],djzU.,"[('90000', 'mcg')]",[]
['morphine'],djzv.,"[('20000', 'mcg')]","[('120', 'sztuk')]"
['morphine'],djzV.,"[('120000', 'mcg')]",[]
['morphine'],djzw.,"[('35000', 'mcg')]",[]
['morphine'],djzW.,"[('150000', 'mcg')]",[]
['morphine'],djzx.,"[('50000', 'mcg')]",[]
['morphine'],djzX.,"[('200000', 'mcg')]",[]
['morphine'],djzy.,"[('75000', 'mcg')]",[]
['morphine'],djzY.,"[('100000', 'mcg')]",[]
['morphine'],djzz.,"[('100000', 'mcg')]",[]
['morphine'],djzZ.,"[('20000', 'mcg')]",[]
"['domperidone', 'paracetamol']",dl1A.,"[('500000', 'mcg'), ('10000', 'mcg')]",[]
"['aspirin', 'metoclopramide']",dl1b.,"[('900000', 'mcg'), ('10000', 'mcg')]",[]
"['caffeine', 'ergotamine']",dl2..,[],[]
"['caffeine', 'ergotamine']",dl21.,"[('1000', 'mcg')]",[]
"['caffeine', 'ergotamine']",dl22.,"[('2000', 'mcg')]",[]
"['caffeine', 'ergotamine']",dl23.,"[('2000', 'mcg')]",[]
"['caffeine', 'ergotamine']",dl24.,"[('360', 'mcg')]",[]
"['caffeine', 'ergotamine']",dl25.,[],[]
"['caffeine', 'ergotamine']",dl26.,"[('1000', 'mcg')]",[]
"['caffeine', 'ergotamine']",dl27.,"[('2000', 'mcg')]",[]
"['caffeine', 'ergotamine']",dl2y.,"[('2000', 'mcg')]",[]
"['caffeine', 'ergotamine']",dl2z.,"[('360', 'mcg')]",[]
['isometheptene'],dl4..,[],[]
"['isometheptene', 'paracetamol']",dl41.,[],[]
['sumatriptan'],dl5..,[],[]
['sumatriptan'],dl51.,"[('6000', 'mcg')]",[]
['sumatriptan'],dl52.,"[('6000', 'mcg')]",[]
['sumatriptan'],dl53.,"[('6000', 'mcg')]",[]
['sumatriptan'],dl54.,"[('100000', 'mcg')]",[]
['sumatriptan'],dl55.,"[('100000', 'mcg')]",[]
['sumatriptan'],dl56.,"[('6000', 'mcg')]",[]
['sumatriptan'],dl57.,"[('6000', 'mcg')]",[]
['sumatriptan'],dl58.,"[('100000', 'mcg')]","[('3', 'sztuk')]"
['sumatriptan'],dl59.,"[('50000', 'mcg')]",[]
['sumatriptan'],dl5A.,"[('50000', 'mcg')]",[]
['sumatriptan'],dl5B.,"[('6000', 'mcg')]",[]
['sumatriptan'],dl5C.,"[('100000', 'mcg')]",[]
['sumatriptan'],dl5D.,"[('50000', 'mcg')]",[]
['sumatriptan'],dl5E.,"[('50000', 'mcg')]",[]
['sumatriptan'],dl5F.,"[('50000', 'mcg')]",[]
['tolfenamic_acid'],dl6..,[],[]
['tolfenamic_acid'],dl61.,"[('200000', 'mcg')]",[]
['tolfenamic_acid'],dl62.,"[('200000', 'mcg')]",[]
['tolfenamic_acid'],dl63.,"[('200000', 'mcg')]",[]
['tolfenamic_acid'],dl64.,"[('200000', 'mcg')]",[]
['sumatriptan'],dl7..,[],[]
['sumatriptan'],dl71.,"[('20000', 'mcg')]",[]
['sumatriptan'],dl72.,"[('20000', 'mcg')]",[]
['sumatriptan'],dl73.,"[('10000', 'mcg')]",[]
['sumatriptan'],dl74.,"[('10000', 'mcg')]",[]
['zolmitriptan'],dl8..,[],[]
['zolmitriptan'],dl81.,"[('2500', 'mcg')]",[]
['zolmitriptan'],dl82.,"[('2500', 'mcg')]",[]
['zolmitriptan'],dl83.,"[('2500', 'mcg')]",[]
['zolmitriptan'],dl84.,"[('2500', 'mcg')]",[]
['zolmitriptan'],dl85.,"[('5000', 'mcg')]",[]
['zolmitriptan'],dl86.,"[('5000', 'mcg')]",[]
['zolmitriptan'],dl87.,"[('5000', 'mcg')]",[]
['zolmitriptan'],dl88.,"[('5000', 'mcg')]",[]
['naratriptan'],dl9..,[],[]
['naratriptan'],dl91.,"[('2500', 'mcg')]",[]
['naratriptan'],dl92.,"[('2500', 'mcg')]",[]
['rizatriptan'],dlA..,[],[]
['rizatriptan'],dlA1.,"[('5000', 'mcg')]",[]
['rizatriptan'],dlA2.,"[('10000', 'mcg')]",[]
['rizatriptan'],dlA3.,"[('10000', 'mcg')]",[]
['rizatriptan'],dlA4.,"[('5000', 'mcg')]",[]
['rizatriptan'],dlA5.,"[('10000', 'mcg')]",[]
['rizatriptan'],dlA6.,"[('10000', 'mcg')]",[]
['rizatriptan'],dlAz.,"[('10000', 'mcg')]",[]
['almotriptan'],dlC..,[],[]
['almotriptan'],dlC1.,"[('12500', 'mcg')]",[]
['almotriptan'],dlCz.,"[('12500', 'mcg')]",[]
['eletriptan'],dlD..,[],[]
['eletriptan'],dlD1.,"[('20000', 'mcg')]",[]
['eletriptan'],dlD2.,"[('40000', 'mcg')]",[]
['eletriptan'],dlDa.,"[('20000', 'mcg')]",[]
['eletriptan'],dlDb.,"[('40000', 'mcg')]",[]
['frovatriptan'],dlE..,[],[]
['frovatriptan'],dlE1.,"[('2500', 'mcg')]",[]
['frovatriptan'],dlE2.,"[('2500', 'mcg')]",[]
['clonidine'],dm1..,[],[]
['clonidine'],dm11.,"[('25', 'mcg')]",[]
['clonidine'],dm1z.,"[('25', 'mcg')]",[]
['pizotifen'],dm3..,[],[]
['pizotifen'],dm31.,"[('500', 'mcg')]",[]
['pizotifen'],dm32.,"[('1500', 'mcg')]","[('28', 'sztuk')]"
['pizotifen'],dm33.,"[('250', 'mcg')]",[]
['pizotifen'],dm3x.,"[('500', 'mcg')]",[]
['pizotifen'],dm3y.,"[('1500', 'mcg')]",[]
['pizotifen'],dm3z.,"[('250', 'mcg')]",[]
['carbamazepine'],dn3..,[],[]
['carbamazepine'],dn31.,"[('100000', 'mcg')]",[]
['carbamazepine'],dn32.,"[('200000', 'mcg')]",[]
['carbamazepine'],dn33.,"[('400000', 'mcg')]",[]
['carbamazepine'],dn34.,"[('100000', 'mcg')]",[]
['carbamazepine'],dn35.,"[('200000', 'mcg')]",[]
['carbamazepine'],dn36.,"[('400000', 'mcg')]",[]
['carbamazepine'],dn37.,"[('100000', 'mcg')]",[]
['carbamazepine'],dn38.,"[('200000', 'mcg')]",[]
['carbamazepine'],dn39.,"[('400000', 'mcg')]",[]
['carbamazepine'],dn3a.,"[('200000', 'mcg')]",[]
['carbamazepine'],dn3A.,"[('100000', 'mcg')]",[]
['carbamazepine'],dn3b.,"[('400000', 'mcg')]",[]
['carbamazepine'],dn3B.,"[('200000', 'mcg')]",[]
['carbamazepine'],dn3c.,"[('100000', 'mcg')]",[]
['carbamazepine'],dn3C.,"[('400000', 'mcg')]",[]
['carbamazepine'],dn3d.,"[('200000', 'mcg')]",[]
['carbamazepine'],dn3D.,"[('125000', 'mcg')]",[]
['carbamazepine'],dn3e.,"[('200000', 'mcg')]",[]
['carbamazepine'],dn3E.,"[('250000', 'mcg')]",[]
['carbamazepine'],dn3f.,"[('400000', 'mcg')]",[]
['carbamazepine'],dn3F.,"[('200000', 'mcg')]",[]
['carbamazepine'],dn3G.,"[('400000', 'mcg')]",[]
['carbamazepine'],dn3H.,"[('200000', 'mcg')]",[]
['carbamazepine'],dn3I.,"[('400000', 'mcg')]",[]
['carbamazepine'],dn3J.,"[('200000', 'mcg')]",[]
['carbamazepine'],dn3K.,"[('400000', 'mcg')]",[]
['carbamazepine'],dn3v.,"[('125000', 'mcg')]",[]
['carbamazepine'],dn3w.,"[('250000', 'mcg')]",[]
['carbamazepine'],dn3x.,"[('200000', 'mcg')]",[]
['carbamazepine'],dn3y.,"[('100000', 'mcg')]",[]
['carbamazepine'],dn3z.,"[('100000', 'mcg')]",[]
['clonazepam'],dn4..,[],[]
['clonazepam'],dn41.,"[('500', 'mcg')]",[]
['clonazepam'],dn42.,"[('2000', 'mcg')]",[]
['clonazepam'],dn4w.,"[('500', 'mcg')]",[]
['clonazepam'],dn4x.,"[('2000', 'mcg')]",[]
['clonazepam'],dn4y.,"[('500', 'mcg')]",[]
['clonazepam'],dn4z.,"[('2000', 'mcg')]",[]
['ethosuximide'],dn5..,[],[]
['ethosuximide'],dn51.,"[('250000', 'mcg')]",[]
['ethosuximide'],dn52.,"[('250000', 'mcg')]",[]
['ethosuximide'],dn53.,"[('250000', 'mcg')]",[]
['ethosuximide'],dn54.,"[('250000', 'mcg')]",[]
['ethosuximide'],dn55.,"[('250000', 'mcg')]",[]
['ethosuximide'],dn56.,"[('250000', 'mcg')]",[]
['ethosuximide'],dn5x.,"[('250000', 'mcg')]",[]
['ethosuximide'],dn5y.,"[('250000', 'mcg')]",[]
['ethosuximide'],dn5z.,"[('250000', 'mcg')]",[]
['phenobarbital'],dn7..,[],[]
['phenobarbital'],dn71.,"[('15000', 'mcg')]",[]
['phenobarbital'],dn72.,"[('30000', 'mcg')]",[]
['phenobarbital'],dn73.,"[('60000', 'mcg')]",[]
['phenobarbital'],dn74.,"[('100000', 'mcg')]",[]
['phenobarbital'],dn75.,"[('30000', 'mcg')]",[]
['phenobarbital'],dn76.,"[('60000', 'mcg')]",[]
['phenobarbital'],dn77.,"[('15000', 'mcg')]",[]
['phenobarbital'],dn78.,"[('200000', 'mcg')]",[]
['phenobarbital'],dn7a.,"[('15000', 'mcg')]",[]
['phenobarbital'],dn7b.,"[('30000', 'mcg')]",[]
['phenobarbital'],dn7c.,"[('60000', 'mcg')]",[]
['phenobarbital'],dn7d.,"[('15000', 'mcg')]",[]
['phenytoin'],dn8..,[],[]
['phenytoin'],dn81.,"[('30000', 'mcg')]",[]
['phenytoin'],dn82.,"[('50000', 'mcg')]",[]
['phenytoin'],dn83.,"[('50000', 'mcg')]",[]
['phenytoin'],dn8y.,"[('30000', 'mcg')]",[]
['phenytoin'],dn8z.,"[('90000', 'mcg')]",[]
['phenytoin'],dn9..,[],[]
['phenytoin'],dn91.,"[('50000', 'mcg')]",[]
['phenytoin'],dn92.,"[('100000', 'mcg')]",[]
['phenytoin'],dn93.,"[('25000', 'mcg')]",[]
['phenytoin'],dn94.,"[('50000', 'mcg')]",[]
['phenytoin'],dn95.,"[('100000', 'mcg')]",[]
['phenytoin'],dn96.,"[('300000', 'mcg')]",[]
['phenytoin'],dn97.,"[('50000', 'mcg')]",[]
['phenytoin'],dn98.,"[('100000', 'mcg')]",[]
['phenytoin'],dn9w.,"[('300000', 'mcg')]",[]
['phenytoin'],dn9x.,"[('25000', 'mcg')]",[]
['phenytoin'],dn9y.,"[('50000', 'mcg')]",[]
['phenytoin'],dn9z.,"[('100000', 'mcg')]",[]
['primidone'],dna..,[],[]
['primidone'],dna1.,"[('250000', 'mcg')]",[]
['primidone'],dna2.,"[('250000', 'mcg')]",[]
['primidone'],dna3.,"[('50000', 'mcg')]",[]
['primidone'],dnax.,"[('50000', 'mcg')]",[]
['primidone'],dnay.,"[('250000', 'mcg')]",[]
['primidone'],dnaz.,"[('250000', 'mcg')]",[]
['valproate'],dnb..,[],[]
['valproate'],dnb1.,"[('100000', 'mcg')]",[]
['valproate'],dnb2.,"[('200000', 'mcg')]",[]
['valproate'],dnb3.,"[('500000', 'mcg')]",[]
['valproate'],dnb4.,"[('200000', 'mcg')]",[]
['valproate'],dnb5.,"[('200000', 'mcg')]",[]
['valproate'],dnb6.,"[('400000', 'mcg')]",[]
['valproate'],dnb7.,"[('200000', 'mcg')]",[]
['valproate'],dnb8.,"[('500000', 'mcg')]",[]
['valproate'],dnb9.,"[('200000', 'mcg')]","[('10', 'sztuk')]"
['valproate'],dnba.,"[('200000', 'mcg')]",[]
['valproate'],dnbA.,"[('200000', 'mcg')]",[]
['valproate'],dnbb.,"[('500000', 'mcg')]",[]
['valproate'],dnbB.,"[('300000', 'mcg')]",[]
['valproate'],dnbc.,[],[]
['valproate'],dnbC.,"[('500000', 'mcg')]",[]
['valproate'],dnbd.,[],[]
['valproate'],dnbD.,"[('300000', 'mcg')]",[]
['valproate'],dnbe.,[],[]
['valproate'],dnbE.,"[('300000', 'mcg')]",[]
['valproate'],dnbF.,"[('150000', 'mcg')]",[]
['valproate'],dnbG.,"[('300000', 'mcg')]",[]
['valproate'],dnbH.,"[('500000', 'mcg')]",[]
['valproate'],dnbI.,"[('1000000', 'mcg')]",[]
['valproate'],dnbJ.,"[('150000', 'mcg')]",[]
['valproate'],dnbK.,"[('300000', 'mcg')]",[]
['valproate'],dnbL.,"[('500000', 'mcg')]",[]
['valproate'],dnbM.,"[('1000000', 'mcg')]",[]
['valproate'],dnbn.,"[('50000', 'mcg')]",[]
['valproate'],dnbN.,"[('1000000', 'mcg')]","[('10', 'sztuk')]"
['valproate'],dnbo.,"[('100000', 'mcg')]",[]
['valproate'],dnbO.,"[('1000000', 'mcg')]","[('10', 'sztuk')]"
['valproate'],dnbp.,"[('250000', 'mcg')]",[]
['valproate'],dnbP.,"[('50000', 'mcg')]",[]
['valproate'],dnbq.,"[('750000', 'mcg')]",[]
['valproate'],dnbQ.,"[('100000', 'mcg')]",[]
['valproate'],dnbr.,"[('200000', 'mcg')]",[]
['valproate'],dnbR.,"[('250000', 'mcg')]",[]
['valproate'],dnbs.,"[('300000', 'mcg')]",[]
['valproate'],dnbS.,"[('500000', 'mcg')]",[]
['valproate'],dnbt.,"[('500000', 'mcg')]",[]
['valproate'],dnbT.,"[('750000', 'mcg')]",[]
['valproate'],dnbu.,"[('400000', 'mcg')]",[]
['valproate'],dnbU.,"[('1000000', 'mcg')]",[]
['valproate'],dnbv.,"[('100000', 'mcg')]",[]
['valproate'],dnbw.,"[('200000', 'mcg')]",[]
['valproate'],dnbx.,"[('500000', 'mcg')]",[]
['valproate'],dnby.,"[('200000', 'mcg')]",[]
['valproate'],dnbz.,"[('200000', 'mcg')]",[]
['clobazam'],dnc..,[],[]
['clobazam'],dnc1.,"[('10000', 'mcg')]",[]
['vigabatrin'],dne..,[],[]
['vigabatrin'],dne1.,"[('500000', 'mcg')]",[]
['vigabatrin'],dne2.,"[('500000', 'mcg')]",[]
['vigabatrin'],dne3.,"[('500000', 'mcg')]",[]
['vigabatrin'],dne4.,"[('500000', 'mcg')]",[]
['lamotrigine'],dnf..,[],[]
['lamotrigine'],dnf1.,"[('50000', 'mcg')]",[]
['lamotrigine'],dnf2.,"[('100000', 'mcg')]",[]
['lamotrigine'],dnf3.,"[('50000', 'mcg')]",[]
['lamotrigine'],dnf4.,"[('100000', 'mcg')]",[]
['lamotrigine'],dnf5.,"[('25000', 'mcg')]",[]
['lamotrigine'],dnf6.,"[('25000', 'mcg')]",[]
['lamotrigine'],dnf7.,"[('5000', 'mcg')]",[]
['lamotrigine'],dnf8.,"[('25000', 'mcg')]",[]
['lamotrigine'],dnf9.,"[('100000', 'mcg')]",[]
['lamotrigine'],dnfA.,"[('5000', 'mcg')]",[]
['lamotrigine'],dnfB.,"[('25000', 'mcg')]",[]
['lamotrigine'],dnfC.,"[('100000', 'mcg')]",[]
['lamotrigine'],dnfD.,"[('200000', 'mcg')]",[]
['lamotrigine'],dnfE.,"[('200000', 'mcg')]",[]
['lamotrigine'],dnfF.,"[('25000', 'mcg')]",[]
"['lamotrigine', 'valproate']",dnfG.,"[('25000', 'mcg')]",[]
"['lamotrigine', 'valproate']",dnfH.,"[('50000', 'mcg')]",[]
['lamotrigine'],dnfJ.,"[('2000', 'mcg')]",[]
['lamotrigine'],dnfz.,"[('2000', 'mcg')]",[]
['piracetam'],dng..,[],[]
['piracetam'],dng1.,"[('800000', 'mcg')]",[]
['piracetam'],dng2.,"[('1200000', 'mcg')]",[]
['piracetam'],dng3.,"[('33', '%')]",[]
['piracetam'],dng4.,"[('800000', 'mcg')]",[]
['piracetam'],dng5.,"[('1200000', 'mcg')]",[]
['piracetam'],dng6.,"[('333300', 'mcg')]",[]
['valproic_acid'],dnh..,[],[]
['valproic_acid'],dnh1.,"[('150000', 'mcg')]",[]
['valproic_acid'],dnh2.,"[('300000', 'mcg')]",[]
['valproic_acid'],dnh3.,"[('500000', 'mcg')]",[]
['valproic_acid'],dnh4.,"[('150000', 'mcg')]",[]
['valproic_acid'],dnh5.,"[('300000', 'mcg')]",[]
['valproic_acid'],dnh6.,"[('500000', 'mcg')]",[]
['valproic_acid'],dnhy.,"[('500000', 'mcg')]",[]
['valproic_acid'],dnhz.,"[('250000', 'mcg')]",[]
['phenytoin'],dni2.,"[('750000', 'mcg')]",[]
['gabapentin'],dnj..,[],[]
['gabapentin'],dnj1.,"[('100000', 'mcg')]",[]
['gabapentin'],dnj2.,"[('300000', 'mcg')]",[]
['gabapentin'],dnj3.,"[('400000', 'mcg')]",[]
['gabapentin'],dnj4.,"[('100000', 'mcg')]",[]
['gabapentin'],dnj5.,"[('300000', 'mcg')]",[]
['gabapentin'],dnj6.,"[('400000', 'mcg')]",[]
['gabapentin'],dnj7.,"[('600000', 'mcg')]",[]
['gabapentin'],dnj8.,"[('800000', 'mcg')]",[]
['gabapentin'],dnj9.,"[('300000', 'mcg'), ('600000', 'mcg')]",[]
['gabapentin'],dnjA.,"[('50000', 'mcg')]",[]
['gabapentin'],dnjx.,"[('300000', 'mcg'), ('600000', 'mcg')]",[]
['gabapentin'],dnjy.,"[('600000', 'mcg')]",[]
['gabapentin'],dnjz.,"[('800000', 'mcg')]",[]
['topiramate'],dnk..,[],[]
['topiramate'],dnk1.,"[('50000', 'mcg')]",[]
['topiramate'],dnk2.,"[('100000', 'mcg')]",[]
['topiramate'],dnk3.,"[('200000', 'mcg')]",[]
['topiramate'],dnk4.,"[('50000', 'mcg')]",[]
['topiramate'],dnk5.,"[('100000', 'mcg')]",[]
['topiramate'],dnk6.,"[('200000', 'mcg')]",[]
['topiramate'],dnk7.,"[('25000', 'mcg')]",[]
['topiramate'],dnk8.,"[('25000', 'mcg')]",[]
['topiramate'],dnk9.,"[('15000', 'mcg')]",[]
['topiramate'],dnkA.,"[('25000', 'mcg')]",[]
['topiramate'],dnkB.,"[('15000', 'mcg')]",[]
['topiramate'],dnkC.,"[('25000', 'mcg')]",[]
['topiramate'],dnkD.,"[('50000', 'mcg')]",[]
['topiramate'],dnkE.,"[('50000', 'mcg')]",[]
['tiagabine'],dnl..,[],[]
['tiagabine'],dnl1.,"[('5000', 'mcg')]",[]
['tiagabine'],dnl2.,"[('10000', 'mcg')]",[]
['tiagabine'],dnl3.,"[('15000', 'mcg')]",[]
['tiagabine'],dnl4.,"[('5000', 'mcg')]",[]
['tiagabine'],dnl5.,"[('10000', 'mcg')]",[]
['tiagabine'],dnl6.,"[('15000', 'mcg')]",[]
['oxcarbazepine'],dnm..,[],[]
['oxcarbazepine'],dnm1.,[],"[('150', 'sztuk')]"
['oxcarbazepine'],dnm2.,[],"[('300', 'sztuk')]"
['oxcarbazepine'],dnm3.,[],"[('600', 'sztuk')]"
['oxcarbazepine'],dnm4.,"[('60000', 'mcg')]",[]
['oxcarbazepine'],dnmw.,"[('60000', 'mcg')]",[]
['oxcarbazepine'],dnmx.,"[('150000', 'mcg')]",[]
['oxcarbazepine'],dnmy.,"[('300000', 'mcg')]",[]
['oxcarbazepine'],dnmz.,"[('600000', 'mcg')]",[]
['levetiracetam'],dno..,[],[]
['levetiracetam'],dno1.,"[('250000', 'mcg')]",[]
['levetiracetam'],dno2.,"[('500000', 'mcg')]",[]
['levetiracetam'],dno3.,"[('1000000', 'mcg')]",[]
['levetiracetam'],dno4.,"[('750000', 'mcg')]",[]
['levetiracetam'],dno5.,"[('100000', 'mcg')]",[]
['levetiracetam'],dno6.,"[('500000', 'mcg')]",[]
['levetiracetam'],dno7.,"[('250000', 'mcg')]",[]
['levetiracetam'],dno8.,"[('500000', 'mcg')]",[]
['levetiracetam'],dno9.,"[('1000000', 'mcg')]",[]
['levetiracetam'],dnoA.,"[('100000', 'mcg')]",[]
['levetiracetam'],dnoB.,"[('500000', 'mcg')]",[]
['levetiracetam'],dnor.,"[('1000000', 'mcg')]",[]
['levetiracetam'],dnos.,"[('500000', 'mcg')]",[]
['levetiracetam'],dnot.,"[('250000', 'mcg')]",[]
['levetiracetam'],dnou.,"[('500000', 'mcg')]",[]
['levetiracetam'],dnov.,"[('100000', 'mcg')]",[]
['levetiracetam'],dnow.,"[('750000', 'mcg')]",[]
['levetiracetam'],dnox.,"[('1000000', 'mcg')]",[]
['levetiracetam'],dnoy.,"[('500000', 'mcg')]",[]
['levetiracetam'],dnoz.,"[('250000', 'mcg')]",[]
['pregabalin'],dnp..,[],[]
['pregabalin'],dnp1.,"[('25000', 'mcg')]",[]
['pregabalin'],dnp2.,"[('50000', 'mcg')]",[]
['pregabalin'],dnp3.,"[('75000', 'mcg')]",[]
['pregabalin'],dnp4.,"[('100000', 'mcg')]",[]
['pregabalin'],dnp5.,"[('150000', 'mcg')]",[]
['pregabalin'],dnp6.,"[('200000', 'mcg')]",[]
['pregabalin'],dnp7.,"[('300000', 'mcg')]",[]
['pregabalin'],dnp8.,"[('225000', 'mcg')]",[]
['pregabalin'],dnp9.,"[('20000', 'mcg')]",[]
['pregabalin'],dnpA.,"[('25000', 'mcg')]",[]
['pregabalin'],dnpB.,"[('50000', 'mcg')]",[]
['pregabalin'],dnpC.,"[('75000', 'mcg')]",[]
['pregabalin'],dnpD.,"[('100000', 'mcg')]",[]
['pregabalin'],dnpE.,"[('150000', 'mcg')]",[]
['pregabalin'],dnpF.,"[('200000', 'mcg')]",[]
['pregabalin'],dnpG.,"[('225000', 'mcg')]",[]
['pregabalin'],dnpH.,"[('300000', 'mcg')]",[]
['pregabalin'],dnpI.,"[('25000', 'mcg')]",[]
['pregabalin'],dnpJ.,"[('50000', 'mcg')]",[]
['pregabalin'],dnpK.,"[('75000', 'mcg')]",[]
['pregabalin'],dnpL.,"[('100000', 'mcg')]",[]
['pregabalin'],dnpM.,"[('150000', 'mcg')]",[]
['pregabalin'],dnpN.,"[('200000', 'mcg')]",[]
['pregabalin'],dnpO.,"[('225000', 'mcg')]",[]
['pregabalin'],dnpP.,"[('300000', 'mcg')]",[]
['pregabalin'],dnpr.,"[('20000', 'mcg')]",[]
['pregabalin'],dnps.,"[('225000', 'mcg')]",[]
['pregabalin'],dnpt.,"[('300000', 'mcg')]",[]
['pregabalin'],dnpu.,"[('200000', 'mcg')]",[]
['pregabalin'],dnpv.,"[('100000', 'mcg')]",[]
['pregabalin'],dnpw.,"[('150000', 'mcg')]",[]
['pregabalin'],dnpx.,"[('75000', 'mcg')]",[]
['pregabalin'],dnpy.,"[('50000', 'mcg')]",[]
['pregabalin'],dnpz.,"[('25000', 'mcg')]",[]
['zonisamide'],dnq..,[],[]
['zonisamide'],dnq1.,"[('25000', 'mcg')]",[]
['zonisamide'],dnq2.,"[('50000', 'mcg')]",[]
['zonisamide'],dnq3.,"[('100000', 'mcg')]",[]
['zonisamide'],dnq4.,"[('25000', 'mcg')]",[]
['zonisamide'],dnq5.,"[('50000', 'mcg')]",[]
['zonisamide'],dnq6.,"[('100000', 'mcg')]",[]
['rufinamide'],dnr..,[],[]
['rufinamide'],dnr1.,"[('100000', 'mcg')]",[]
['rufinamide'],dnr2.,"[('200000', 'mcg')]",[]
['rufinamide'],dnr3.,"[('400000', 'mcg')]",[]
['rufinamide'],dnr4.,"[('40000', 'mcg')]",[]
['rufinamide'],dnrw.,"[('40000', 'mcg')]",[]
['rufinamide'],dnrx.,"[('400000', 'mcg')]",[]
['rufinamide'],dnry.,"[('200000', 'mcg')]",[]
['rufinamide'],dnrz.,"[('100000', 'mcg')]",[]
['stiripentol'],dns..,[],[]
['stiripentol'],dns1.,"[('250000', 'mcg')]",[]
['stiripentol'],dns2.,"[('500000', 'mcg')]",[]
['stiripentol'],dns3.,"[('250000', 'mcg')]",[]
['stiripentol'],dns4.,"[('500000', 'mcg')]",[]
['stiripentol'],dnsx.,"[('250000', 'mcg')]",[]
['stiripentol'],dnsy.,"[('500000', 'mcg')]",[]
['stiripentol'],dnsz.,"[('250000', 'mcg')]",[]
['lacosamide'],dnt..,[],[]
['lacosamide'],dnt1.,"[('200000', 'mcg')]",[]
['lacosamide'],dnt2.,"[('15000', 'mcg')]",[]
['lacosamide'],dnt3.,"[('50000', 'mcg')]",[]
['lacosamide'],dnt4.,"[('100000', 'mcg')]",[]
['lacosamide'],dnt5.,"[('150000', 'mcg')]",[]
['lacosamide'],dnt6.,"[('200000', 'mcg')]",[]
['lacosamide'],dnt7.,"[('200000', 'mcg')]",[]
['lacosamide'],dnt8.,"[('15000', 'mcg')]",[]
['lacosamide'],dnt9.,"[('50000', 'mcg')]",[]
['lacosamide'],dntA.,"[('100000', 'mcg')]",[]
['lacosamide'],dntB.,"[('150000', 'mcg')]",[]
['lacosamide'],dntC.,"[('200000', 'mcg')]",[]
['lacosamide'],dntD.,"[('10000', 'mcg')]",[]
['lacosamide'],dntE.,"[('10000', 'mcg')]",[]
['eslicarbazepine'],dnu..,[],[]
['eslicarbazepine'],dnu1.,"[('800000', 'mcg')]",[]
['eslicarbazepine'],dnu2.,"[('800000', 'mcg')]",[]
['perampanel'],dnw..,[],[]
['perampanel'],dnw1.,"[('2000', 'mcg')]",[]
['perampanel'],dnw2.,"[('4000', 'mcg')]",[]
['perampanel'],dnw3.,"[('6000', 'mcg')]",[]
['perampanel'],dnw4.,"[('8000', 'mcg')]",[]
['perampanel'],dnw5.,"[('10000', 'mcg')]",[]
['perampanel'],dnw6.,"[('12000', 'mcg')]",[]
['perampanel'],dnwu.,"[('12000', 'mcg')]",[]
['perampanel'],dnwv.,"[('10000', 'mcg')]",[]
['perampanel'],dnww.,"[('8000', 'mcg')]",[]
['perampanel'],dnwx.,"[('6000', 'mcg')]",[]
['perampanel'],dnwy.,"[('4000', 'mcg')]",[]
['perampanel'],dnwz.,"[('2000', 'mcg')]",[]
['brivaracetam'],dnx..,[],[]
['brivaracetam'],dnx1.,"[('10000', 'mcg')]",[]
['brivaracetam'],dnx2.,"[('10000', 'mcg')]",[]
['brivaracetam'],dnx3.,"[('50000', 'mcg')]",[]
['brivaracetam'],dnx4.,"[('50000', 'mcg')]",[]
['brivaracetam'],dnx5.,"[('10000', 'mcg')]",[]
['brivaracetam'],dnx6.,"[('10000', 'mcg')]",[]
['brivaracetam'],dnx7.,"[('25000', 'mcg')]",[]
['brivaracetam'],dnx8.,"[('25000', 'mcg')]",[]
['brivaracetam'],dnx9.,"[('50000', 'mcg')]",[]
['brivaracetam'],dnxA.,"[('50000', 'mcg')]",[]
['brivaracetam'],dnxB.,"[('75000', 'mcg')]",[]
['brivaracetam'],dnxC.,"[('75000', 'mcg')]",[]
['brivaracetam'],dnxD.,"[('100000', 'mcg')]",[]
['brivaracetam'],dnxE.,"[('100000', 'mcg')]",[]
['diazepam'],do1..,[],[]
['diazepam'],do11.,"[('10000', 'mcg')]",[]
['diazepam'],do12.,"[('10000', 'mcg')]",[]
['diazepam'],do13.,"[('20000', 'mcg')]",[]
['diazepam'],do14.,"[('5000', 'mcg')]",[]
['diazepam'],do15.,"[('10000', 'mcg')]",[]
['diazepam'],do16.,"[('10000', 'mcg')]",[]
['diazepam'],do17.,"[('20000', 'mcg')]",[]
['diazepam'],do18.,"[('5000', 'mcg')]",[]
['diazepam'],do19.,"[('10000', 'mcg')]",[]
['diazepam'],do1A.,"[('2500', 'mcg')]",[]
['diazepam'],do1B.,"[('20000', 'mcg')]",[]
['diazepam'],do1t.,"[('2500', 'mcg')]",[]
['diazepam'],do1u.,"[('20000', 'mcg')]",[]
['diazepam'],do1v.,"[('10000', 'mcg')]",[]
['diazepam'],do1w.,"[('10000', 'mcg')]",[]
['diazepam'],do1x.,"[('5000', 'mcg')]",[]
['diazepam'],do1y.,"[('10000', 'mcg')]",[]
['diazepam'],do1z.,"[('20000', 'mcg')]",[]
['clonazepam'],do2..,[],[]
['clonazepam'],do21.,"[('1000', 'mcg')]",[]
['clonazepam'],do2z.,"[('1000', 'mcg')]",[]
['clomethiazole'],do3..,[],[]
['clomethiazole'],do31.,"[('8000', 'mcg')]",[]
['clomethiazole'],do3z.,"[('8000', 'mcg')]",[]
['lorazepam'],do4..,[],[]
['lorazepam'],do41.,"[('4000', 'mcg')]",[]
['paraldehyde'],do5..,[],[]
['paraldehyde'],do51.,[],"[('5', 'sztuk')]"
['paraldehyde'],do52.,[],"[('10', 'sztuk')]"
['phenytoin'],do6..,[],[]
['phenytoin'],do61.,"[('250000', 'mcg')]",[]
['phenytoin'],do6z.,"[('250000', 'mcg')]",[]
['levodopa'],dq1..,[],[]
['levodopa'],dq11.,"[('125000', 'mcg')]",[]
['levodopa'],dq12.,"[('250000', 'mcg')]",[]
['levodopa'],dq13.,"[('500000', 'mcg')]",[]
['levodopa'],dq14.,"[('500000', 'mcg')]",[]
['levodopa'],dq15.,"[('125000', 'mcg')]",[]
['levodopa'],dq16.,"[('250000', 'mcg')]",[]
['levodopa'],dq17.,"[('500000', 'mcg')]",[]
['levodopa'],dq18.,"[('500000', 'mcg')]",[]
"['benserazide', 'levodopa']",dq2..,[],[]
"['benserazide', 'levodopa']",dq21.,[],"[('5', 'sztuk')]"
"['benserazide', 'levodopa']",dq22.,[],"[('125', 'sztuk')]"
"['benserazide', 'levodopa']",dq23.,[],"[('250', 'sztuk')]"
"['benserazide', 'levodopa']",dq24.,[],"[('5', 'sztuk')]"
"['benserazide', 'levodopa']",dq25.,[],"[('125', 'sztuk')]"
"['benserazide', 'levodopa']",dq26.,[],[]
"['benserazide', 'levodopa']",dq27.,"[('12500', 'mcg'), ('50000', 'mcg')]",[]
"['benserazide', 'levodopa']",dq28.,"[('25000', 'mcg'), ('100000', 'mcg')]",[]
"['benserazide', 'levodopa']",dq29.,"[('50000', 'mcg'), ('200000', 'mcg')]",[]
"['benserazide', 'levodopa']",dq2a.,"[('12500', 'mcg'), ('50000', 'mcg')]",[]
"['benserazide', 'levodopa']",dq2b.,"[('25000', 'mcg'), ('100000', 'mcg')]",[]
"['benserazide', 'levodopa']",dq2c.,"[('25000', 'mcg'), ('100000', 'mcg')]",[]
"['carbidopa', 'levodopa']",dq3..,[],[]
"['carbidopa', 'levodopa']",dq31.,[],"[('110', 'sztuk')]"
"['carbidopa', 'levodopa']",dq32.,[],"[('275', 'sztuk')]"
"['carbidopa', 'levodopa']",dq33.,[],[]
"['carbidopa', 'levodopa']",dq34.,[],[]
"['carbidopa', 'levodopa']",dq35.,"[('12500', 'mcg'), ('50000', 'mcg')]",[]
"['carbidopa', 'levodopa']",dq36.,"[('10000', 'mcg'), ('100000', 'mcg')]",[]
"['carbidopa', 'levodopa']",dq37.,"[('25000', 'mcg'), ('100000', 'mcg')]",[]
"['carbidopa', 'levodopa']",dq38.,"[('25000', 'mcg'), ('250000', 'mcg')]",[]
"['carbidopa', 'levodopa']",dq39.,[],[]
"['carbidopa', 'levodopa']",dq3a.,"[('50000', 'mcg'), ('200000', 'mcg')]",[]
"['carbidopa', 'levodopa']",dq3A.,[],[]
"['carbidopa', 'levodopa']",dq3b.,"[('25000', 'mcg'), ('100000', 'mcg')]",[]
"['carbidopa', 'entacapone', 'levodopa']",dq3B.,"[('50000', 'mcg'), ('12500', 'mcg'), ('200000', 'mcg')]",[]
"['carbidopa', 'entacapone', 'levodopa']",dq3c.,"[('175000', 'mcg'), ('43750', 'mcg'), ('200000', 'mcg')]",[]
"['carbidopa', 'entacapone', 'levodopa']",dq3C.,"[('100000', 'mcg'), ('25000', 'mcg'), ('200000', 'mcg')]",[]
"['carbidopa', 'entacapone', 'levodopa']",dq3d.,"[('200000', 'mcg'), ('50000', 'mcg'), ('200000', 'mcg')]",[]
"['carbidopa', 'entacapone', 'levodopa']",dq3D.,"[('150000', 'mcg'), ('37500', 'mcg'), ('200000', 'mcg')]",[]
"['carbidopa', 'levodopa']",dq3E.,"[('100000', 'mcg'), ('25000', 'mcg')]",[]
"['carbidopa', 'levodopa']",dq3F.,"[('200000', 'mcg'), ('50000', 'mcg')]",[]
"['carbidopa', 'levodopa']",dq3G.,"[('5000', 'mcg'), ('20000', 'mcg')]","[('100', 'sztuk')]"
"['carbidopa', 'levodopa']",dq3H.,"[('25000', 'mcg'), ('100000', 'mcg')]",[]
"['carbidopa', 'levodopa']",dq3I.,"[('50000', 'mcg'), ('200000', 'mcg')]",[]
"['carbidopa', 'entacapone', 'levodopa']",dq3J.,"[('200000', 'mcg'), ('50000', 'mcg'), ('200000', 'mcg')]",[]
"['carbidopa', 'entacapone', 'levodopa']",dq3K.,"[('125000', 'mcg'), ('31250', 'mcg'), ('200000', 'mcg')]",[]
"['carbidopa', 'entacapone', 'levodopa']",dq3L.,"[('75000', 'mcg'), ('18750', 'mcg'), ('200000', 'mcg')]",[]
"['carbidopa', 'entacapone', 'levodopa']",dq3M.,"[('175000', 'mcg'), ('43750', 'mcg'), ('200000', 'mcg')]",[]
"['carbidopa', 'entacapone', 'levodopa']",dq3N.,"[('50000', 'mcg'), ('12500', 'mcg'), ('200000', 'mcg')]",[]
"['carbidopa', 'entacapone', 'levodopa']",dq3O.,"[('75000', 'mcg'), ('18750', 'mcg'), ('200000', 'mcg')]",[]
"['carbidopa', 'entacapone', 'levodopa']",dq3P.,"[('100000', 'mcg'), ('25000', 'mcg'), ('200000', 'mcg')]",[]
"['carbidopa', 'entacapone', 'levodopa']",dq3Q.,"[('125000', 'mcg'), ('31250', 'mcg'), ('200000', 'mcg')]",[]
"['carbidopa', 'entacapone', 'levodopa']",dq3R.,"[('150000', 'mcg'), ('37500', 'mcg'), ('200000', 'mcg')]",[]
"['carbidopa', 'entacapone', 'levodopa']",dq3s.,"[('175000', 'mcg'), ('43750', 'mcg'), ('200000', 'mcg')]",[]
"['carbidopa', 'entacapone', 'levodopa']",dq3S.,"[('175000', 'mcg'), ('43750', 'mcg'), ('200000', 'mcg')]",[]
"['carbidopa', 'entacapone', 'levodopa']",dq3t.,"[('75000', 'mcg'), ('18750', 'mcg'), ('200000', 'mcg')]",[]
"['carbidopa', 'entacapone', 'levodopa']",dq3T.,"[('200000', 'mcg'), ('50000', 'mcg'), ('200000', 'mcg')]",[]
"['carbidopa', 'entacapone', 'levodopa']",dq3u.,"[('125000', 'mcg'), ('31250', 'mcg'), ('200000', 'mcg')]",[]
"['carbidopa', 'entacapone', 'levodopa']",dq3U.,"[('50000', 'mcg'), ('12500', 'mcg'), ('200000', 'mcg')]",[]
"['carbidopa', 'entacapone', 'levodopa']",dq3v.,"[('200000', 'mcg'), ('50000', 'mcg'), ('200000', 'mcg')]",[]
"['carbidopa', 'entacapone', 'levodopa']",dq3V.,"[('75000', 'mcg'), ('18750', 'mcg'), ('200000', 'mcg')]",[]
"['carbidopa', 'levodopa']",dq3w.,"[('5000', 'mcg'), ('20000', 'mcg')]","[('100', 'sztuk')]"
"['carbidopa', 'entacapone', 'levodopa']",dq3x.,"[('150000', 'mcg'), ('37500', 'mcg'), ('200000', 'mcg')]",[]
"['carbidopa', 'entacapone', 'levodopa']",dq3X.,"[('100000', 'mcg'), ('25000', 'mcg'), ('200000', 'mcg')]",[]
"['carbidopa', 'entacapone', 'levodopa']",dq3y.,"[('100000', 'mcg'), ('25000', 'mcg'), ('200000', 'mcg')]",[]
"['carbidopa', 'entacapone', 'levodopa']",dq3Y.,"[('125000', 'mcg'), ('31250', 'mcg'), ('200000', 'mcg')]",[]
"['carbidopa', 'entacapone', 'levodopa']",dq3z.,"[('50000', 'mcg'), ('12500', 'mcg'), ('200000', 'mcg')]",[]
"['carbidopa', 'entacapone', 'levodopa']",dq3Z.,"[('150000', 'mcg'), ('37500', 'mcg'), ('200000', 'mcg')]",[]
['amantadine'],dq4..,[],[]
['amantadine'],dq41.,"[('100000', 'mcg')]",[]
['amantadine'],dq42.,"[('50000', 'mcg')]",[]
['amantadine'],dq43.,"[('100000', 'mcg')]",[]
['amantadine'],dq44.,"[('50000', 'mcg')]",[]
['amantadine'],dq4z.,"[('100000', 'mcg')]",[]
['selegiline'],dq6..,[],[]
['selegiline'],dq61.,"[('5000', 'mcg')]",[]
['selegiline'],dq62.,"[('10000', 'mcg')]",[]
['selegiline'],dq63.,"[('10000', 'mcg')]",[]
['selegiline'],dq64.,"[('5000', 'mcg')]",[]
['selegiline'],dq65.,"[('10000', 'mcg')]",[]
['selegiline'],dq66.,"[('5000', 'mcg')]",[]
['selegiline'],dq67.,"[('10000', 'mcg')]",[]
['selegiline'],dq68.,[],"[('5', 'sztuk')]"
['selegiline'],dq69.,[],"[('10', 'sztuk')]"
['selegiline'],dq6A.,"[('1250', 'mcg')]",[]
['selegiline'],dq6w.,"[('1250', 'mcg')]",[]
['selegiline'],dq6x.,"[('10000', 'mcg')]",[]
['selegiline'],dq6y.,"[('10000', 'mcg')]",[]
['selegiline'],dq6z.,"[('5000', 'mcg')]",[]
['apomorphine'],dq9..,[],[]
['apomorphine'],dq91.,"[('20000', 'mcg')]",[]
['apomorphine'],dq92.,"[('20000', 'mcg')]",[]
['apomorphine'],dq93.,"[('50000', 'mcg')]",[]
['apomorphine'],dq94.,"[('50000', 'mcg')]",[]
['apomorphine'],dq95.,"[('30000', 'mcg')]",[]
['apomorphine'],dq96.,"[('30000', 'mcg')]",[]
['apomorphine'],dq97.,"[('20000', 'mcg')]",[]
['apomorphine'],dq98.,"[('50000', 'mcg')]",[]
['apomorphine'],dq99.,"[('30000', 'mcg')]",[]
['apomorphine'],dq9A.,"[('50000', 'mcg')]",[]
['apomorphine'],dq9z.,"[('50000', 'mcg')]",[]
['ropinirole'],dqA..,[],[]
['ropinirole'],dqA1.,"[('250', 'mcg')]",[]
['ropinirole'],dqA2.,"[('1000', 'mcg')]",[]
['ropinirole'],dqA3.,"[('2000', 'mcg')]",[]
['ropinirole'],dqA4.,"[('5000', 'mcg')]",[]
['ropinirole'],dqA5.,"[('250', 'mcg')]",[]
['ropinirole'],dqA6.,"[('1000', 'mcg')]",[]
['ropinirole'],dqA7.,"[('2000', 'mcg')]",[]
['ropinirole'],dqA8.,"[('5000', 'mcg')]",[]
['ropinirole'],dqA9.,"[('250', 'mcg'), ('500', 'mcg'), ('1000', 'mcg')]",[]
['ropinirole'],dqAa.,"[('500', 'mcg'), ('1000', 'mcg'), ('2000', 'mcg')]",[]
['ropinirole'],dqAb.,[],[]
['ropinirole'],dqAc.,[],[]
['ropinirole'],dqAd.,"[('2000', 'mcg')]",[]
['ropinirole'],dqAe.,"[('500', 'mcg')]",[]
['ropinirole'],dqAf.,"[('500', 'mcg')]",[]
['ropinirole'],dqAg.,"[('2000', 'mcg')]",[]
['ropinirole'],dqAh.,"[('4000', 'mcg')]",[]
['ropinirole'],dqAi.,"[('8000', 'mcg')]",[]
['ropinirole'],dqAj.,"[('2000', 'mcg')]",[]
['ropinirole'],dqAk.,"[('4000', 'mcg')]",[]
['ropinirole'],dqAl.,"[('8000', 'mcg')]",[]
['ropinirole'],dqAm.,"[('2000', 'mcg')]",[]
['ropinirole'],dqAn.,"[('4000', 'mcg')]",[]
['ropinirole'],dqAo.,"[('8000', 'mcg')]",[]
['ropinirole'],dqAp.,"[('2000', 'mcg')]",[]
['ropinirole'],dqAq.,"[('3000', 'mcg')]",[]
['ropinirole'],dqAr.,"[('3000', 'mcg')]",[]
['ropinirole'],dqAs.,"[('4000', 'mcg')]",[]
['ropinirole'],dqAt.,"[('6000', 'mcg')]",[]
['ropinirole'],dqAu.,"[('6000', 'mcg')]",[]
['ropinirole'],dqAv.,"[('8000', 'mcg')]",[]
['ropinirole'],dqAw.,"[('2000', 'mcg')]",[]
['ropinirole'],dqAx.,"[('4000', 'mcg')]",[]
['ropinirole'],dqAy.,"[('8000', 'mcg')]",[]
['cabergoline'],dqB..,[],[]
['cabergoline'],dqB1.,"[('1000', 'mcg')]",[]
['cabergoline'],dqB2.,"[('2000', 'mcg')]",[]
['cabergoline'],dqB3.,"[('4000', 'mcg')]",[]
['cabergoline'],dqB4.,"[('1000', 'mcg')]",[]
['cabergoline'],dqB5.,"[('2000', 'mcg')]",[]
['cabergoline'],dqB6.,"[('4000', 'mcg')]",[]
['tolcapone'],dqC..,[],[]
['tolcapone'],dqC1.,"[('100000', 'mcg')]",[]
['tolcapone'],dqC2.,"[('200000', 'mcg')]",[]
['tolcapone'],dqC3.,"[('100000', 'mcg')]",[]
['tolcapone'],dqC4.,"[('200000', 'mcg')]",[]
['entacapone'],dqD..,[],[]
['entacapone'],dqD1.,"[('200000', 'mcg')]",[]
['entacapone'],dqD2.,"[('200000', 'mcg')]",[]
['pramipexole'],dqE..,[],[]
['pramipexole'],dqE1.,"[('88', 'mcg')]",[]
['pramipexole'],dqE2.,"[('180', 'mcg')]",[]
['pramipexole'],dqE3.,"[('700', 'mcg')]",[]
['pramipexole'],dqE4.,"[('350', 'mcg')]",[]
['pramipexole'],dqE5.,"[('260', 'mcg')]",[]
['pramipexole'],dqE6.,"[('520', 'mcg')]",[]
['pramipexole'],dqE7.,"[('1050', 'mcg')]",[]
['pramipexole'],dqE8.,"[('2100', 'mcg')]",[]
['pramipexole'],dqE9.,"[('3150', 'mcg')]",[]
['pramipexole'],dqEA.,"[('1570', 'mcg')]",[]
['pramipexole'],dqEB.,"[('2620', 'mcg')]",[]
['pramipexole'],dqEo.,"[('1100', 'mcg')]",[]
['pramipexole'],dqEp.,"[('2620', 'mcg')]",[]
['pramipexole'],dqEq.,"[('1570', 'mcg')]",[]
['pramipexole'],dqEr.,"[('3150', 'mcg')]",[]
['pramipexole'],dqEs.,"[('2100', 'mcg')]",[]
['pramipexole'],dqEt.,"[('1050', 'mcg')]",[]
['pramipexole'],dqEu.,"[('520', 'mcg')]",[]
['pramipexole'],dqEv.,"[('260', 'mcg')]",[]
['pramipexole'],dqEw.,"[('350', 'mcg')]",[]
['pramipexole'],dqEx.,"[('88', 'mcg')]",[]
['pramipexole'],dqEy.,"[('180', 'mcg')]",[]
['pramipexole'],dqEz.,"[('700', 'mcg')]",[]
['rasagiline'],dqF..,[],[]
['rasagiline'],dqF1.,"[('1000', 'mcg')]",[]
['rasagiline'],dqFz.,"[('1000', 'mcg')]",[]
['rotigotine'],dqG..,[],[]
['rotigotine'],dqG1.,"[('2000', 'mcg')]",[]
['rotigotine'],dqG2.,"[('4000', 'mcg')]",[]
['rotigotine'],dqG3.,"[('6000', 'mcg')]",[]
['rotigotine'],dqG4.,"[('8000', 'mcg')]",[]
['rotigotine'],dqG5.,[],[]
['rotigotine'],dqG6.,"[('1000', 'mcg')]",[]
['rotigotine'],dqG7.,"[('3000', 'mcg')]",[]
['rotigotine'],dqGt.,"[('3000', 'mcg')]",[]
['rotigotine'],dqGu.,"[('1000', 'mcg')]",[]
['rotigotine'],dqGv.,"[('2000', 'mcg'), ('4000', 'mcg'), ('6000', 'mcg'), ('8000', 'mcg')]",[]
['rotigotine'],dqGw.,"[('8000', 'mcg')]",[]
['rotigotine'],dqGx.,"[('6000', 'mcg')]",[]
['rotigotine'],dqGy.,"[('4000', 'mcg')]",[]
['rotigotine'],dqGz.,"[('2000', 'mcg')]",[]
['trihexyphenidyl'],dr1..,[],[]
['trihexyphenidyl'],dr13.,"[('2000', 'mcg')]",[]
['trihexyphenidyl'],dr14.,"[('5000', 'mcg')]",[]
['trihexyphenidyl'],dr15.,"[('5000', 'mcg')]",[]
['trihexyphenidyl'],dr16.,[],[]
['trihexyphenidyl'],dr17.,"[('2000', 'mcg')]",[]
['trihexyphenidyl'],dr18.,"[('5000', 'mcg')]",[]
['trihexyphenidyl'],dr19.,"[('5000', 'mcg')]",[]
['trihexyphenidyl'],dr1w.,"[('2000', 'mcg')]",[]
['trihexyphenidyl'],dr1x.,"[('5000', 'mcg')]",[]
['trihexyphenidyl'],dr1z.,"[('5000', 'mcg')]",[]
['orphenadrine'],dr2..,[],[]
['orphenadrine'],dr21.,"[('25000', 'mcg')]",[]
['orphenadrine'],dr22.,"[('50000', 'mcg')]",[]
['orphenadrine'],dr23.,"[('40000', 'mcg')]",[]
['orphenadrine'],dr2w.,"[('50000', 'mcg')]",[]
['orphenadrine'],dr2x.,"[('25000', 'mcg')]",[]
['orphenadrine'],dr2y.,"[('50000', 'mcg')]",[]
['orphenadrine'],dr2z.,"[('40000', 'mcg')]",[]
['benzatropine'],dr3..,[],[]
['benzatropine'],dr31.,"[('2000', 'mcg')]",[]
['benzatropine'],dr32.,"[('2000', 'mcg')]",[]
['benzatropine'],dr3y.,"[('2000', 'mcg')]",[]
['benzatropine'],dr3z.,"[('2000', 'mcg')]",[]
['biperiden'],dr4..,[],[]
['biperiden'],dr41.,"[('2000', 'mcg')]",[]
['biperiden'],dr42.,"[('5000', 'mcg')]",[]
['biperiden'],dr4y.,"[('2000', 'mcg')]",[]
['biperiden'],dr4z.,"[('5000', 'mcg')]",[]
['procyclidine'],dr6..,[],[]
['procyclidine'],dr61.,"[('2500', 'mcg')]",[]
['procyclidine'],dr62.,"[('5000', 'mcg')]",[]
['procyclidine'],dr63.,"[('5000', 'mcg')]",[]
['procyclidine'],dr64.,"[('10000', 'mcg')]",[]
['procyclidine'],dr65.,"[('5000', 'mcg')]",[]
['procyclidine'],dr6w.,"[('2500', 'mcg')]",[]
['procyclidine'],dr6x.,"[('5000', 'mcg')]",[]
['procyclidine'],dr6y.,"[('5000', 'mcg')]",[]
['procyclidine'],dr6z.,"[('10000', 'mcg')]",[]
['haloperidol'],ds1..,[],[]
['tetrabenazine'],ds2..,[],[]
['tetrabenazine'],ds21.,"[('25000', 'mcg')]",[]
['tetrabenazine'],ds22.,[],"[('25', 'sztuk')]"
['tetrabenazine'],ds23.,"[('25000', 'mcg')]",[]
['tetrabenazine'],ds24.,"[('25000', 'mcg')]",[]
['tetrabenazine'],ds2y.,"[('50000', 'mcg')]",[]
['tetrabenazine'],ds2z.,"[('25000', 'mcg')]",[]
['botulinum'],ds3..,[],[]
['botulinum'],ds31.,"[('500', 'unit')]",[]
['botulinum'],ds32.,"[('500', 'unit')]",[]
['botulinum'],ds33.,"[('100', 'unit')]",[]
['botulinum'],ds34.,"[('100', 'unit')]",[]
['botulinum'],ds35.,"[('50', 'unit')]",[]
['botulinum'],ds36.,"[('50', 'unit')]",[]
['botulinum'],ds37.,"[('100', 'unit')]",[]
['botulinum'],ds38.,"[('50', 'unit')]",[]
['botulinum'],ds39.,"[('125', 'unit')]",[]
['botulinum'],ds3A.,"[('50', 'unit')]",[]
['botulinum'],ds3B.,"[('300', 'unit')]",[]
['botulinum'],ds3C.,"[('50', 'unit')]",[]
['botulinum'],ds4..,[],[]
['botulinum'],ds41.,"[('2500', 'unit')]","[('5', 'sztuk')]"
['botulinum'],ds42.,"[('5000', 'unit')]","[('1', 'sztuk')]"
['botulinum'],ds43.,"[('000', 'unit')]","[('2', 'sztuk')]"
['botulinum'],ds4x.,"[('000', 'unit')]","[('2', 'sztuk')]"
['botulinum'],ds4y.,"[('5000', 'unit')]","[('1', 'sztuk')]"
['botulinum'],ds4z.,"[('2500', 'unit')]","[('5', 'sztuk')]"
['nimodipine'],dt1..,[],[]
['nimodipine'],dt11.,"[('200', 'mcg')]","[('50', 'sztuk')]"
['nimodipine'],dt12.,"[('200', 'mcg')]","[('50', 'sztuk')]"
['nimodipine'],dt13.,"[('30000', 'mcg')]",[]
['nimodipine'],dt14.,"[('30000', 'mcg')]",[]
['nimodipine'],dt15.,"[('50000', 'mcg')]",[]
['nimodipine'],dt16.,"[('50000', 'mcg')]",[]
['disulfiram'],du1..,[],[]
['disulfiram'],du11.,"[('200000', 'mcg')]",[]
['disulfiram'],du12.,"[('200000', 'mcg')]",[]
['naltrexone'],du2..,[],[]
['naltrexone'],du21.,"[('50000', 'mcg')]",[]
['naltrexone'],du22.,"[('50000', 'mcg')]",[]
['naltrexone'],du23.,"[('50000', 'mcg')]",[]
['naltrexone'],du24.,"[('50000', 'mcg')]",[]
['nicotine'],du3..,[],[]
['nicotine'],du31.,"[('2000', 'mcg')]",[]
['nicotine'],du32.,"[('4000', 'mcg')]",[]
['nicotine'],du33.,"[('2000', 'mcg')]",[]
['nicotine'],du34.,"[('4000', 'mcg')]",[]
['nicotine'],du35.,[],"[('10', 'sztuk')]"
['nicotine'],du36.,[],"[('20', 'sztuk')]"
['nicotine'],du37.,[],"[('30', 'sztuk')]"
['nicotine'],du38.,"[('7000', 'mcg')]",[]
['nicotine'],du39.,"[('14000', 'mcg')]",[]
['nicotine'],du3a.,[],[]
['nicotine'],du3A.,"[('21000', 'mcg')]",[]
['nicotine'],du3b.,"[('10000', 'mcg')]",[]
['nicotine'],du3B.,"[('5000', 'mcg')]","[('7', 'sztuk')]"
['nicotine'],du3c.,"[('2000', 'mcg')]",[]
['nicotine'],du3C.,"[('10000', 'mcg')]","[('7', 'sztuk')]"
['nicotine'],du3d.,"[('2000', 'mcg')]",[]
['nicotine'],du3D.,"[('15000', 'mcg')]","[('7', 'sztuk')]"
['nicotine'],du3e.,"[('10000', 'mcg')]",[]
['nicotine'],du3E.,"[('15000', 'mcg')]","[('28', 'sztuk')]"
['nicotine'],du3f.,"[('10000', 'mcg')]",[]
['nicotine'],du3F.,"[('5000', 'mcg')]",[]
['nicotine'],du3g.,"[('10000', 'mcg')]",[]
['nicotine'],du3G.,"[('10000', 'mcg')]",[]
['nicotine'],du3h.,"[('10000', 'mcg')]",[]
['nicotine'],du3H.,"[('15000', 'mcg')]",[]
['nicotine'],du3i.,"[('4000', 'mcg')]",[]
['nicotine'],du3I.,"[('2000', 'mcg')]",[]
['nicotine'],du3j.,"[('4000', 'mcg')]",[]
['nicotine'],du3J.,"[('7000', 'mcg')]","[('14', 'sztuk')]"
['nicotine'],du3k.,"[('7000', 'mcg')]",[]
['nicotine'],du3K.,"[('14000', 'mcg')]","[('14', 'sztuk')]"
['nicotine'],du3l.,"[('14000', 'mcg')]",[]
['nicotine'],du3L.,"[('21000', 'mcg')]","[('14', 'sztuk')]"
['nicotine'],du3m.,"[('21000', 'mcg')]",[]
['nicotine'],du3M.,"[('7000', 'mcg')]","[('7', 'sztuk')]"
['nicotine'],du3n.,"[('2000', 'mcg')]",[]
['nicotine'],du3N.,"[('14000', 'mcg')]","[('7', 'sztuk')]"
['nicotine'],du3o.,"[('2000', 'mcg')]",[]
['nicotine'],du3O.,"[('7000', 'mcg')]",[]
['nicotine'],du3p.,"[('1000', 'mcg')]",[]
['nicotine'],du3P.,"[('21000', 'mcg')]","[('7', 'sztuk')]"
['nicotine'],du3q.,"[('1000', 'mcg')]",[]
['nicotine'],du3Q.,"[('15000', 'mcg')]","[('3', 'sztuk')]"
['nicotine'],du3r.,"[('14000', 'mcg')]",[]
['nicotine'],du3s.,"[('21000', 'mcg')]",[]
['nicotine'],du3t.,"[('2000', 'mcg')]",[]
['nicotine'],du3T.,"[('11000', 'mcg')]",[]
['nicotine'],du3u.,"[('4000', 'mcg')]",[]
['nicotine'],du3U.,"[('22000', 'mcg')]",[]
['nicotine'],du3v.,"[('2000', 'mcg')]",[]
['nicotine'],du3V.,"[('2000', 'mcg')]",[]
['nicotine'],du3w.,"[('2000', 'mcg')]",[]
['nicotine'],du3W.,"[('4000', 'mcg')]",[]
['nicotine'],du3x.,"[('1000', 'mcg')]",[]
['nicotine'],du3X.,"[('2000', 'mcg')]",[]
['nicotine'],du3y.,"[('2000', 'mcg')]",[]
['nicotine'],du3Y.,"[('4000', 'mcg')]",[]
['nicotine'],du3z.,"[('4000', 'mcg')]",[]
['acamprosate'],du5..,[],[]
['acamprosate'],du51.,"[('333000', 'mcg')]",[]
['acamprosate'],du52.,"[('333000', 'mcg')]",[]
['bupropion'],du6..,[],[]
['bupropion'],du61.,"[('150000', 'mcg')]",[]
['bupropion'],du6z.,"[('150000', 'mcg')]",[]
['nicotine'],du7..,[],[]
['nicotine'],du71.,"[('4000', 'mcg')]",[]
['nicotine'],du72.,"[('2000', 'mcg')]",[]
['nicotine'],du73.,"[('4000', 'mcg')]",[]
['nicotine'],du74.,"[('15000', 'mcg')]","[('2', 'sztuk')]"
['nicotine'],du75.,"[('2000', 'mcg')]",[]
['nicotine'],du76.,"[('4000', 'mcg')]",[]
['nicotine'],du77.,"[('2000', 'mcg')]",[]
['nicotine'],du78.,"[('2000', 'mcg')]",[]
['nicotine'],du79.,"[('4000', 'mcg')]",[]
['nicotine'],du7a.,"[('4000', 'mcg')]",[]
['nicotine'],du7A.,"[('2000', 'mcg')]",[]
['nicotine'],du7b.,"[('15000', 'mcg')]",[]
['nicotine'],du7B.,"[('4000', 'mcg')]",[]
['nicotine'],du7c.,"[('15000', 'mcg')]",[]
['nicotine'],du7C.,"[('2000', 'mcg')]",[]
['nicotine'],du7D.,"[('4000', 'mcg')]",[]
['nicotine'],du7E.,"[('2000', 'mcg')]",[]
['nicotine'],du7F.,"[('4000', 'mcg')]",[]
['nicotine'],du7g.,"[('2000', 'mcg')]",[]
['nicotine'],du7G.,"[('7000', 'mcg')]",[]
['nicotine'],du7h.,"[('4000', 'mcg')]",[]
['nicotine'],du7H.,"[('14000', 'mcg')]",[]
['nicotine'],du7i.,"[('21000', 'mcg')]",[]
['nicotine'],du7I.,"[('21000', 'mcg')]",[]
['nicotine'],du7j.,"[('2000', 'mcg')]",[]
['nicotine'],du7J.,"[('1500', 'mcg')]",[]
['nicotine'],du7k.,"[('4000', 'mcg')]",[]
['nicotine'],du7K.,"[('1500', 'mcg')]",[]
['nicotine'],du7l.,"[('6000', 'mcg')]",[]
['nicotine'],du7L.,"[('4000', 'mcg')]",[]
['nicotine'],du7M.,"[('10000', 'mcg')]",[]
['nicotine'],du7n.,"[('6000', 'mcg')]",[]
['nicotine'],du7N.,"[('15000', 'mcg')]",[]
['nicotine'],du7o.,"[('4000', 'mcg')]",[]
['nicotine'],du7O.,"[('25000', 'mcg')]",[]
['nicotine'],du7p.,"[('2000', 'mcg')]",[]
['nicotine'],du7P.,"[('2000', 'mcg')]",[]
['nicotine'],du7q.,"[('1000', 'mcg')]",[]
['nicotine'],du7Q.,"[('4000', 'mcg')]",[]
['nicotine'],du7r.,"[('1500', 'mcg')]",[]
['nicotine'],du7R.,"[('1500', 'mcg')]",[]
['nicotine'],du7s.,"[('4000', 'mcg')]",[]
['nicotine'],du7S.,"[('4000', 'mcg')]",[]
['nicotine'],du7t.,"[('15000', 'mcg'), ('2000', 'mcg')]",[]
['nicotine'],du7T.,"[('2000', 'mcg')]",[]
['nicotine'],du7u.,"[('1500', 'mcg')]",[]
['nicotine'],du7U.,"[('15000', 'mcg'), ('2000', 'mcg')]",[]
['nicotine'],du7v.,"[('25000', 'mcg')]",[]
['nicotine'],du7V.,"[('1500', 'mcg')]",[]
['nicotine'],du7w.,"[('1500', 'mcg')]",[]
['nicotine'],du7W.,"[('4000', 'mcg')]",[]
['nicotine'],du7x.,"[('1500', 'mcg')]",[]
['nicotine'],du7X.,"[('2000', 'mcg')]",[]
['nicotine'],du7y.,"[('4000', 'mcg')]",[]
['nicotine'],du7Y.,"[('1000', 'mcg')]",[]
['nicotine'],du7z.,"[('2000', 'mcg')]",[]
['nicotine'],du7Z.,"[('2000', 'mcg')]",[]
['varenicline'],du8..,[],[]
['varenicline'],du81.,"[('1000', 'mcg')]",[]
['varenicline'],du82.,"[('500', 'mcg')]",[]
['varenicline'],du83.,[],[]
['varenicline'],du8x.,"[('500', 'mcg'), ('1000', 'mcg')]",[]
['varenicline'],du8y.,"[('500', 'mcg')]",[]
['varenicline'],du8z.,"[('1000', 'mcg')]",[]
['nicotine'],du9..,[],[]
['nalmefene'],duA..,[],[]
['nalmefene'],duA1.,"[('18000', 'mcg')]",[]
['nalmefene'],duA2.,"[('18000', 'mcg')]",[]
['nicotine'],duB..,[],[]
['nicotine'],duB1.,"[('2500', 'mcg')]",[]
['nicotine'],duB2.,"[('1500', 'mcg')]",[]
['nicotine'],duB3.,"[('2000', 'mcg')]",[]
['nicotine'],duB4.,"[('4000', 'mcg')]",[]
['nicotine'],duBz.,"[('2500', 'mcg')]",[]
['paracetamol'],dv...,[],[]
['paracetamol'],dv1..,[],[]
['methylphenidate'],dw1..,[],[]
['methylphenidate'],dw11.,"[('10000', 'mcg')]",[]
['methylphenidate'],dw12.,"[('10000', 'mcg')]",[]
['methylphenidate'],dw13.,"[('5000', 'mcg')]",[]
['methylphenidate'],dw14.,"[('20000', 'mcg')]",[]
['methylphenidate'],dw15.,"[('10000', 'mcg')]",[]
['methylphenidate'],dw16.,"[('20000', 'mcg')]",[]
['methylphenidate'],dw17.,"[('18000', 'mcg')]",[]
['methylphenidate'],dw18.,"[('36000', 'mcg')]",[]
['methylphenidate'],dw19.,"[('5000', 'mcg')]",[]
['methylphenidate'],dw1A.,"[('10000', 'mcg')]",[]
['methylphenidate'],dw1B.,"[('20000', 'mcg')]",[]
['methylphenidate'],dw1C.,"[('10000', 'mcg')]",[]
['methylphenidate'],dw1D.,"[('30000', 'mcg')]",[]
['methylphenidate'],dw1E.,"[('10000', 'mcg')]",[]
['methylphenidate'],dw1F.,"[('20000', 'mcg')]",[]
['methylphenidate'],dw1G.,"[('30000', 'mcg')]",[]
['methylphenidate'],dw1H.,"[('40000', 'mcg')]",[]
['methylphenidate'],dw1I.,"[('27000', 'mcg')]",[]
['methylphenidate'],dw1J.,"[('5000', 'mcg')]",[]
['methylphenidate'],dw1K.,"[('10000', 'mcg')]",[]
['methylphenidate'],dw1L.,"[('20000', 'mcg')]",[]
['methylphenidate'],dw1M.,"[('5000', 'mcg')]",[]
['methylphenidate'],dw1n.,"[('54000', 'mcg')]",[]
['methylphenidate'],dw1N.,"[('50000', 'mcg')]",[]
['methylphenidate'],dw1o.,"[('50000', 'mcg')]",[]
['methylphenidate'],dw1O.,"[('60000', 'mcg')]",[]
['methylphenidate'],dw1p.,"[('60000', 'mcg')]",[]
['methylphenidate'],dw1P.,"[('18000', 'mcg')]",[]
['methylphenidate'],dw1q.,"[('5000', 'mcg')]",[]
['methylphenidate'],dw1Q.,"[('36000', 'mcg')]",[]
['methylphenidate'],dw1r.,"[('27000', 'mcg')]",[]
['methylphenidate'],dw1R.,"[('54000', 'mcg')]",[]
['methylphenidate'],dw1s.,"[('40000', 'mcg')]",[]
['methylphenidate'],dw1S.,"[('18000', 'mcg')]",[]
['methylphenidate'],dw1t.,"[('10000', 'mcg')]",[]
['methylphenidate'],dw1T.,"[('36000', 'mcg')]",[]
['methylphenidate'],dw1u.,"[('30000', 'mcg')]",[]
['methylphenidate'],dw1U.,"[('54000', 'mcg')]",[]
['methylphenidate'],dw1v.,"[('36000', 'mcg')]",[]
['methylphenidate'],dw1w.,"[('18000', 'mcg')]",[]
['methylphenidate'],dw1x.,"[('20000', 'mcg')]",[]
['methylphenidate'],dw1y.,"[('5000', 'mcg')]",[]
['methylphenidate'],dw1z.,"[('20000', 'mcg')]",[]
['atomoxetine'],dw2..,[],[]
['atomoxetine'],dw21.,"[('10000', 'mcg')]",[]
['atomoxetine'],dw22.,"[('18000', 'mcg')]",[]
['atomoxetine'],dw23.,"[('25000', 'mcg')]",[]
['atomoxetine'],dw24.,"[('40000', 'mcg')]",[]
['atomoxetine'],dw25.,"[('60000', 'mcg')]",[]
['atomoxetine'],dw26.,"[('80000', 'mcg')]",[]
['atomoxetine'],dw27.,"[('100000', 'mcg')]",[]
['atomoxetine'],dw28.,"[('4000', 'mcg')]",[]
['atomoxetine'],dw2s.,"[('4000', 'mcg')]",[]
['atomoxetine'],dw2t.,"[('100000', 'mcg')]",[]
['atomoxetine'],dw2u.,"[('80000', 'mcg')]",[]
['atomoxetine'],dw2v.,"[('60000', 'mcg')]",[]
['atomoxetine'],dw2w.,"[('40000', 'mcg')]",[]
['atomoxetine'],dw2x.,"[('25000', 'mcg')]",[]
['atomoxetine'],dw2y.,"[('18000', 'mcg')]",[]
['atomoxetine'],dw2z.,"[('10000', 'mcg')]",[]
['lisdexamfetamine'],dw3..,[],[]
['lisdexamfetamine'],dw31.,"[('30000', 'mcg')]",[]
['lisdexamfetamine'],dw32.,"[('50000', 'mcg')]",[]
['lisdexamfetamine'],dw33.,"[('70000', 'mcg')]",[]
['lisdexamfetamine'],dw34.,"[('30000', 'mcg')]",[]
['lisdexamfetamine'],dw35.,"[('50000', 'mcg')]",[]
['lisdexamfetamine'],dw36.,"[('70000', 'mcg')]",[]
['lisdexamfetamine'],dw37.,"[('20000', 'mcg')]",[]
['lisdexamfetamine'],dw38.,"[('40000', 'mcg')]",[]
['lisdexamfetamine'],dw39.,"[('60000', 'mcg')]",[]
['lisdexamfetamine'],dw3u.,"[('60000', 'mcg')]",[]
['lisdexamfetamine'],dw3v.,"[('40000', 'mcg')]",[]
['lisdexamfetamine'],dw3w.,"[('20000', 'mcg')]",[]
['lisdexamfetamine'],dw3x.,"[('70000', 'mcg')]",[]
['lisdexamfetamine'],dw3y.,"[('50000', 'mcg')]",[]
['lisdexamfetamine'],dw3z.,"[('30000', 'mcg')]",[]
['guanfacine'],dw4..,[],[]
['guanfacine'],dw41.,"[('1000', 'mcg')]",[]
['guanfacine'],dw42.,"[('1000', 'mcg')]",[]
['guanfacine'],dw43.,"[('2000', 'mcg')]",[]
['guanfacine'],dw44.,"[('2000', 'mcg')]",[]
['guanfacine'],dw45.,"[('3000', 'mcg')]",[]
['guanfacine'],dw46.,"[('3000', 'mcg')]",[]
['guanfacine'],dw47.,"[('4000', 'mcg')]",[]
['guanfacine'],dw48.,"[('4000', 'mcg')]",[]
['riluzole'],dx1..,[],[]
['riluzole'],dx11.,"[('50000', 'mcg')]",[]
['riluzole'],dx12.,"[('50000', 'mcg')]",[]
['riluzole'],dx13.,"[('5000', 'mcg')]",[]
['riluzole'],dx14.,"[('5000', 'mcg')]",[]
['donepezil'],dy1..,[],[]
['donepezil'],dy11.,"[('5000', 'mcg')]",[]
['donepezil'],dy12.,"[('10000', 'mcg')]",[]
['donepezil'],dy13.,"[('5000', 'mcg')]",[]
['donepezil'],dy14.,"[('10000', 'mcg')]",[]
['donepezil'],dy15.,"[('5000', 'mcg')]",[]
['donepezil'],dy16.,"[('10000', 'mcg')]",[]
['donepezil'],dy1y.,"[('10000', 'mcg')]",[]
['donepezil'],dy1z.,"[('5000', 'mcg')]",[]
['rivastigmine'],dy2..,[],[]
['rivastigmine'],dy21.,"[('1500', 'mcg')]",[]
['rivastigmine'],dy22.,"[('3000', 'mcg')]",[]
['rivastigmine'],dy23.,"[('4500', 'mcg')]",[]
['rivastigmine'],dy24.,"[('6000', 'mcg')]",[]
['rivastigmine'],dy25.,"[('1500', 'mcg')]",[]
['rivastigmine'],dy26.,"[('3000', 'mcg')]",[]
['rivastigmine'],dy27.,"[('4500', 'mcg')]",[]
['rivastigmine'],dy28.,"[('6000', 'mcg')]",[]
['rivastigmine'],dy29.,"[('2000', 'mcg')]",[]
['rivastigmine'],dy2A.,"[('2000', 'mcg')]",[]
['rivastigmine'],dy2B.,"[('4600', 'mcg')]",[]
['rivastigmine'],dy2C.,"[('9500', 'mcg')]",[]
['rivastigmine'],dy2D.,"[('4600', 'mcg')]",[]
['rivastigmine'],dy2E.,"[('9500', 'mcg')]",[]
['rivastigmine'],dy2F.,"[('1500', 'mcg')]",[]
['rivastigmine'],dy2G.,"[('3000', 'mcg')]",[]
['rivastigmine'],dy2H.,"[('4500', 'mcg')]",[]
['rivastigmine'],dy2I.,"[('6000', 'mcg')]",[]
['rivastigmine'],dy2J.,"[('13300', 'mcg')]",[]
['rivastigmine'],dy2K.,"[('13300', 'mcg')]",[]
['rivastigmine'],dy2L.,"[('4600', 'mcg')]",[]
['rivastigmine'],dy2M.,"[('9500', 'mcg')]",[]
['rivastigmine'],dy2N.,"[('4600', 'mcg')]",[]
['rivastigmine'],dy2O.,"[('9500', 'mcg')]",[]
['rivastigmine'],dy2P.,"[('4600', 'mcg')]",[]
['rivastigmine'],dy2Q.,"[('9500', 'mcg')]",[]
['rivastigmine'],dy2R.,"[('4600', 'mcg')]",[]
['rivastigmine'],dy2S.,"[('9500', 'mcg')]",[]
['rivastigmine'],dy2T.,"[('13300', 'mcg')]",[]
['rivastigmine'],dy2U.,"[('4600', 'mcg')]",[]
['rivastigmine'],dy2V.,"[('9500', 'mcg')]",[]
['galantamine'],dy3..,[],[]
['galantamine'],dy31.,"[('4000', 'mcg')]",[]
['galantamine'],dy32.,"[('8000', 'mcg')]",[]
['galantamine'],dy33.,"[('12000', 'mcg')]",[]
['galantamine'],dy34.,"[('4000', 'mcg')]",[]
['galantamine'],dy35.,"[('8000', 'mcg')]",[]
['galantamine'],dy36.,"[('16000', 'mcg')]",[]
['galantamine'],dy37.,"[('24000', 'mcg')]",[]
['galantamine'],dy38.,"[('8000', 'mcg')]",[]
['galantamine'],dy39.,"[('16000', 'mcg')]",[]
['galantamine'],dy3A.,"[('24000', 'mcg')]",[]
['galantamine'],dy3B.,"[('8000', 'mcg')]",[]
['galantamine'],dy3C.,"[('16000', 'mcg')]",[]
['galantamine'],dy3D.,"[('24000', 'mcg')]",[]
['galantamine'],dy3E.,"[('8000', 'mcg')]",[]
['galantamine'],dy3F.,"[('16000', 'mcg')]",[]
['galantamine'],dy3G.,"[('24000', 'mcg')]",[]
['galantamine'],dy3H.,"[('8000', 'mcg')]",[]
['galantamine'],dy3I.,"[('16000', 'mcg')]",[]
['galantamine'],dy3J.,"[('24000', 'mcg')]",[]
['galantamine'],dy3K.,"[('8000', 'mcg')]",[]
['galantamine'],dy3L.,"[('16000', 'mcg')]",[]
['galantamine'],dy3M.,"[('24000', 'mcg')]",[]
['galantamine'],dy3t.,"[('8000', 'mcg')]",[]
['galantamine'],dy3u.,"[('16000', 'mcg')]",[]
['galantamine'],dy3v.,"[('24000', 'mcg')]",[]
['galantamine'],dy3w.,"[('4000', 'mcg')]",[]
['galantamine'],dy3x.,"[('4000', 'mcg')]",[]
['galantamine'],dy3y.,"[('8000', 'mcg')]",[]
['galantamine'],dy3z.,"[('12000', 'mcg')]",[]
['modafinil'],dz1..,[],[]
['modafinil'],dz11.,"[('100000', 'mcg')]",[]
['modafinil'],dz12.,"[('100000', 'mcg')]",[]
['modafinil'],dz13.,"[('200000', 'mcg')]",[]
['modafinil'],dz14.,"[('200000', 'mcg')]",[]
['amantadine'],ei2..,[],[]
['amantadine'],ei21.,"[('100000', 'mcg')]",[]
['amantadine'],ei22.,"[('50000', 'mcg')]",[]
['amantadine'],ei23.,"[('100000', 'mcg')]",[]
['amantadine'],ei24.,"[('50000', 'mcg')]",[]
['amantadine'],ei25.,"[('100000', 'mcg')]",[]
['amantadine'],ei2y.,"[('100000', 'mcg')]",[]
['amantadine'],ei2z.,"[('50000', 'mcg')]",[]
['cabergoline'],fu1..,[],[]
['cabergoline'],fu11.,"[('500', 'mcg')]",[]
['cabergoline'],fu12.,"[('500', 'mcg')]",[]
['phenoxybenzamine'],gc4..,[],[]
['phenoxybenzamine'],gc41.,"[('10000', 'mcg')]",[]
['terazosin'],gc5..,[],[]
['terazosin'],gc51.,[],[]
['terazosin'],gc52.,"[('2000', 'mcg')]",[]
['terazosin'],gc53.,"[('5000', 'mcg')]",[]
['terazosin'],gc54.,"[('10000', 'mcg')]",[]
['terazosin'],gc55.,"[('1000', 'mcg')]",[]
['terazosin'],gc5z.,"[('1000', 'mcg'), ('2000', 'mcg'), ('5000', 'mcg')]",[]
['amitriptyline'],gd1..,[],[]
['ephedrine'],gd3..,[],[]
['ephedrine'],gd31.,"[('15000', 'mcg')]",[]
['ephedrine'],gd32.,"[('30000', 'mcg')]",[]
['ephedrine'],gd33.,"[('60000', 'mcg')]",[]
['ephedrine'],gd34.,"[('15000', 'mcg')]",[]
['imipramine'],gd5..,[],[]
['nortriptyline'],gd6..,[],[]
['duloxetine'],gde..,[],[]
['duloxetine'],gde1.,"[('20000', 'mcg')]",[]
['duloxetine'],gde2.,"[('40000', 'mcg')]",[]
['duloxetine'],gde3.,"[('30000', 'mcg')]",[]
['duloxetine'],gde4.,"[('60000', 'mcg')]",[]
['duloxetine'],gdew.,"[('60000', 'mcg')]",[]
['duloxetine'],gdex.,"[('30000', 'mcg')]",[]
['duloxetine'],gdey.,"[('20000', 'mcg')]",[]
['duloxetine'],gdez.,"[('40000', 'mcg')]",[]
['moxisylyte'],gh4..,[],[]
['moxisylyte'],gh43.,"[('10000', 'mcg')]",[]
['moxisylyte'],gh44.,"[('20000', 'mcg')]",[]
['sildenafil'],gh5..,[],[]
['sildenafil'],gh51.,"[('25000', 'mcg')]",[]
['sildenafil'],gh52.,"[('50000', 'mcg')]",[]
['sildenafil'],gh53.,"[('100000', 'mcg')]",[]
['sildenafil'],gh54.,"[('25000', 'mcg')]",[]
['sildenafil'],gh55.,"[('50000', 'mcg')]",[]
['sildenafil'],gh56.,"[('100000', 'mcg')]",[]
['sildenafil'],gh57.,"[('20000', 'mcg')]",[]
['sildenafil'],gh58.,"[('40000', 'mcg')]",[]
['sildenafil'],gh59.,"[('10000', 'mcg')]",[]
['sildenafil'],gh5A.,"[('10000', 'mcg')]",[]
['sildenafil'],gh5B.,"[('100000', 'mcg')]",[]
['sildenafil'],gh5C.,"[('25000', 'mcg')]",[]
['sildenafil'],gh5D.,"[('50000', 'mcg')]",[]
['sildenafil'],gh5E.,"[('25000', 'mcg')]",[]
['sildenafil'],gh5F.,"[('50000', 'mcg')]",[]
['sildenafil'],gh5G.,"[('100000', 'mcg')]",[]
['sildenafil'],gh5t.,"[('50000', 'mcg')]",[]
['sildenafil'],gh5u.,"[('100000', 'mcg')]",[]
['sildenafil'],gh5v.,"[('25000', 'mcg')]",[]
['sildenafil'],gh5w.,"[('10000', 'mcg')]",[]
['sildenafil'],gh5x.,"[('10000', 'mcg')]",[]
['sildenafil'],gh5y.,"[('40000', 'mcg')]",[]
['sildenafil'],gh5z.,"[('20000', 'mcg')]",[]
['apomorphine'],gh6..,[],[]
['apomorphine'],gh61.,"[('2000', 'mcg')]",[]
['apomorphine'],gh62.,"[('3000', 'mcg')]",[]
['apomorphine'],gh6y.,"[('3000', 'mcg')]",[]
['apomorphine'],gh6z.,"[('2000', 'mcg')]",[]
['tadalafil'],gh7..,[],[]
['tadalafil'],gh71.,"[('10000', 'mcg')]",[]
['tadalafil'],gh72.,"[('20000', 'mcg')]",[]
['tadalafil'],gh73.,"[('2500', 'mcg')]",[]
['tadalafil'],gh74.,"[('5000', 'mcg')]",[]
['tadalafil'],gh75.,"[('20000', 'mcg')]",[]
['tadalafil'],gh7w.,"[('5000', 'mcg')]",[]
['tadalafil'],gh7x.,"[('2500', 'mcg')]",[]
['tadalafil'],gh7y.,"[('10000', 'mcg')]",[]
['tadalafil'],gh7z.,"[('20000', 'mcg')]",[]
['adrenaline'],h328.,"[('30000', 'mcg'), ('100', 'mcg')]",[]
['pyridoxine'],in2..,[],[]
['pyridoxine'],in21.,"[('10000', 'mcg')]",[]
['pyridoxine'],in22.,"[('20000', 'mcg')]",[]
['pyridoxine'],in23.,"[('50000', 'mcg')]",[]
['pyridoxine'],in24.,"[('20000', 'mcg')]",[]
['pyridoxine'],in25.,"[('50000', 'mcg')]",[]
['pyridoxine'],in26.,"[('100000', 'mcg')]",[]
['pyridoxine'],in28.,"[('100000', 'mcg')]",[]
['aspirin'],j1...,[],[]
['aspirin'],j11..,[],[]
['aspirin'],j111.,"[('300000', 'mcg')]",[]
['aspirin'],j112.,"[('300000', 'mcg')]",[]
['ibuprofen'],j28..,[],[]
['ibuprofen'],j281.,"[('200000', 'mcg')]",[]
['ibuprofen'],j282.,"[('400000', 'mcg')]",[]
['ibuprofen'],j283.,"[('600000', 'mcg')]",[]
['ibuprofen'],j284.,"[('200000', 'mcg')]",[]
['ibuprofen'],j285.,"[('400000', 'mcg')]",[]
['ibuprofen'],j286.,"[('600000', 'mcg')]",[]
['ibuprofen'],j287.,"[('200000', 'mcg')]",[]
['ibuprofen'],j288.,"[('400000', 'mcg')]",[]
['ibuprofen'],j289.,"[('600000', 'mcg')]",[]
['ibuprofen'],j28a.,"[('100000', 'mcg')]",[]
['ibuprofen'],j28A.,"[('800000', 'mcg')]",[]
['ibuprofen'],j28b.,"[('200000', 'mcg')]",[]
['ibuprofen'],j28B.,"[('800000', 'mcg')]",[]
['ibuprofen'],j28c.,"[('400000', 'mcg')]",[]
['ibuprofen'],j28C.,"[('200000', 'mcg')]",[]
['ibuprofen'],j28d.,"[('300000', 'mcg')]",[]
['ibuprofen'],j28D.,"[('400000', 'mcg')]",[]
['ibuprofen'],j28E.,"[('200000', 'mcg')]",[]
['ibuprofen'],j28F.,"[('400000', 'mcg')]",[]
['ibuprofen'],j28g.,"[('200000', 'mcg')]",[]
['ibuprofen'],j28G.,"[('600000', 'mcg')]",[]
['ibuprofen'],j28h.,"[('400000', 'mcg')]",[]
['ibuprofen'],j28H.,[],[]
['ibuprofen'],j28i.,"[('600000', 'mcg')]",[]
['ibuprofen'],j28j.,"[('200000', 'mcg')]",[]
['ibuprofen'],j28J.,"[('100000', 'mcg')]",[]
['ibuprofen'],j28k.,"[('400000', 'mcg')]",[]
['ibuprofen'],j28K.,"[('400000', 'mcg')]",[]
['ibuprofen'],j28l.,"[('600000', 'mcg')]",[]
['ibuprofen'],j28m.,"[('200000', 'mcg')]",[]
['ibuprofen'],j28M.,"[('200000', 'mcg')]",[]
['ibuprofen'],j28n.,"[('400000', 'mcg')]",[]
['ibuprofen'],j28N.,"[('400000', 'mcg')]",[]
['ibuprofen'],j28o.,"[('600000', 'mcg')]",[]
"['codeine', 'ibuprofen']",j28O.,"[('200000', 'mcg'), ('12500', 'mcg')]",[]
['ibuprofen'],j28p.,"[('800000', 'mcg')]",[]
['ibuprofen'],j28P.,"[('600000', 'mcg')]",[]
['ibuprofen'],j28q.,"[('200000', 'mcg')]",[]
['ibuprofen'],j28r.,"[('400000', 'mcg')]",[]
['ibuprofen'],j28R.,"[('200000', 'mcg')]",[]
['ibuprofen'],j28s.,"[('100000', 'mcg')]","[('150', 'sztuk')]"
['ibuprofen'],j28S.,"[('200000', 'mcg')]",[]
['ibuprofen'],j28t.,"[('600000', 'mcg')]",[]
['ibuprofen'],j28T.,"[('400000', 'mcg')]",[]
['ibuprofen'],j28u.,"[('800000', 'mcg')]",[]
['ibuprofen'],j28U.,[],[]
['ibuprofen'],j28v.,"[('600000', 'mcg')]",[]
"['codeine', 'ibuprofen']",j28V.,"[('200000', 'mcg'), ('12800', 'mcg')]",[]
['ibuprofen'],j28w.,"[('100000', 'mcg')]",[]
['ibuprofen'],j28W.,"[('200000', 'mcg')]",[]
['ibuprofen'],j28x.,"[('200000', 'mcg')]",[]
['ibuprofen'],j28X.,"[('400000', 'mcg')]",[]
['ibuprofen'],j28y.,"[('300000', 'mcg')]",[]
['ibuprofen'],j28Y.,"[('100000', 'mcg')]",[]
"['codeine', 'ibuprofen']",j28z.,"[('300000', 'mcg'), ('20000', 'mcg')]",[]
['ibuprofen'],j28Z.,"[('200000', 'mcg')]",[]
['ibuprofen'],j2p..,[],[]
['ibuprofen'],j2p1.,"[('200000', 'mcg')]",[]
['ibuprofen'],j2p5.,"[('200000', 'mcg')]",[]
['ibuprofen'],j2p6.,"[('100000', 'mcg')]",[]
['ibuprofen'],j2p7.,"[('600000', 'mcg')]",[]
['ibuprofen'],j2p8.,"[('100000', 'mcg')]",[]
['ibuprofen'],j2pa.,"[('400000', 'mcg')]",[]
['ibuprofen'],j2pA.,"[('100000', 'mcg')]",[]
['ibuprofen'],j2pB.,"[('400000', 'mcg')]",[]
['ibuprofen'],j2pc.,"[('400000', 'mcg')]",[]
['ibuprofen'],j2pC.,"[('100000', 'mcg')]",[]
['ibuprofen'],j2pE.,"[('100000', 'mcg')]",[]
['ibuprofen'],j2pF.,"[('100000', 'mcg')]",[]
['ibuprofen'],j2pG.,"[('100000', 'mcg')]",[]
['ibuprofen'],j2pJ.,"[('200000', 'mcg')]",[]
['ibuprofen'],j2pL.,"[('100000', 'mcg')]",[]
['ibuprofen'],j2pM.,[],[]
['ibuprofen'],j2pN.,"[('100000', 'mcg')]",[]
['ibuprofen'],j2pO.,"[('100000', 'mcg')]",[]
['ibuprofen'],j2pQ.,"[('200000', 'mcg')]",[]
['ibuprofen'],j2pR.,"[('100000', 'mcg')]",[]
['ibuprofen'],j2pS.,"[('200000', 'mcg')]",[]
"['codeine', 'ibuprofen']",j2pT.,[],[]
['ibuprofen'],j2pW.,"[('400000', 'mcg')]",[]
['ibuprofen'],j2pY.,"[('400000', 'mcg')]",[]
['ibuprofen'],j2pZ.,"[('200000', 'mcg')]",[]
['lidocaine'],j435.,"[('80000', 'mcg'), ('20000', 'mcg')]",[]
['lidocaine'],j436.,"[('40000', 'mcg'), ('10000', 'mcg')]",[]
['diazepam'],j81..,[],[]
['orphenadrine'],j86..,[],[]
['orphenadrine'],j861.,"[('100000', 'mcg')]",[]
['orphenadrine'],j862.,"[('60000', 'mcg')]",[]
['orphenadrine'],j86y.,"[('100000', 'mcg')]",[]
['orphenadrine'],j86z.,"[('60000', 'mcg')]",[]
['adrenaline'],ja11.,[],[]
['ibuprofen'],ja1I.,"[('100000000', 'mcg')]",[]
['ibuprofen'],ja1J.,"[('5', '%'), ('50000000', 'mcg')]",[]
['ibuprofen'],ja1R.,"[('5', '%'), ('25000000', 'mcg')]",[]
['ibuprofen'],ja1U.,"[('5', '%')]",[]
['ibuprofen'],ja1w.,"[('5', '%'), ('100000000', 'mcg')]",[]
['ibuprofen'],ja1W.,[],[]
['ibuprofen'],ja1x.,"[('5', '%')]",[]
['ibuprofen'],ja22.,"[('5', '%'), ('30000000', 'mcg')]",[]
['ibuprofen'],ja23.,"[('5', '%')]",[]
['ibuprofen'],ja24.,"[('5', '%')]",[]
['ibuprofen'],ja25.,"[('5', '%')]",[]
['ibuprofen'],ja2a.,"[('5', '%'), ('75000000', 'mcg')]",[]
['ibuprofen'],ja2A.,"[('100000000', 'mcg')]",[]
['ibuprofen'],ja2b.,"[('10', '%'), ('100000000', 'mcg')]",[]
['ibuprofen'],ja2d.,"[('10', '%'), ('30000000', 'mcg')]",[]
['ibuprofen'],ja2F.,"[('15000000', 'mcg')]",[]
['ibuprofen'],ja2G.,"[('50000000', 'mcg')]",[]
['ibuprofen'],ja2h.,"[('10', '%'), ('50000000', 'mcg')]",[]
['ibuprofen'],ja2H.,"[('5', '%'), ('100000000', 'mcg')]",[]
['ibuprofen'],ja2L.,"[('30000000', 'mcg')]",[]
['ibuprofen'],ja2M.,"[('5', '%'), ('30000000', 'mcg')]",[]
['ibuprofen'],ja2N.,"[('5', '%'), ('50000000', 'mcg')]",[]
['ibuprofen'],ja2o.,"[('10', '%'), ('50000000', 'mcg')]",[]
['ibuprofen'],ja2p.,"[('10', '%'), ('30000000', 'mcg')]",[]
['ibuprofen'],ja2Q.,"[('5', '%'), ('30000000', 'mcg')]",[]
['ibuprofen'],ja2R.,"[('5', '%'), ('50000000', 'mcg')]",[]
['ibuprofen'],ja2U.,"[('5', '%')]",[]
['ibuprofen'],ja2V.,"[('5', '%'), ('125000000', 'mcg')]",[]
['ibuprofen'],ja2W.,"[('5', '%'), ('125000000', 'mcg')]",[]
['ibuprofen'],ja2X.,"[('10', '%'), ('100000000', 'mcg')]",[]
['ibuprofen'],ja2z.,"[('10', '%')]",[]
['hyoscine'],k74..,[],[]
['hyoscine'],k741.,"[('0.25', '%')]",[]
['phenylephrine'],k76..,[],[]
['phenylephrine'],k761.,"[('10', '%')]",[]
['phenylephrine'],k762.,"[('2.5', '%')]","[('5', 'sztuk')]"
['phenylephrine'],k763.,"[('10', '%')]","[('5', 'sztuk')]"
['phenylephrine'],k764.,"[('2.5', '%')]",[]
['phenylephrine'],k765.,"[('2.5', '%')]",[]
['phenylephrine'],k766.,"[('10', '%')]",[]
['phenylephrine'],k78..,[],[]
['phenylephrine'],k781.,"[('280', 'mcg'), ('5400', 'mcg')]",[]
['phenylephrine'],k782.,"[('280', 'mcg'), ('5400', 'mcg')]",[]
['adrenaline'],k82..,[],[]
['adrenaline'],k821.,"[('1', '%')]","[('10', 'sztuk')]"
['adrenaline'],k822.,"[('1', '%')]","[('5', 'sztuk')]"
['adrenaline'],k823.,[],"[('5', 'sztuk')]"
['adrenaline'],k824.,"[('1', '%')]",[]
['adrenaline'],k825.,"[('0.5', '%')]","[('5', 'sztuk')]"
['adrenaline'],k826.,"[('1', '%')]","[('5', 'sztuk')]"
['adrenaline'],k82x.,"[('0.5', '%')]",[]
['adrenaline'],k82y.,"[('0.5', '%')]",[]
['adrenaline'],k82z.,"[('1', '%')]",[]
['timolol'],k8f..,[],[]
['timolol'],k8f1.,"[('0.25', '%')]","[('5', 'sztuk')]"
['timolol'],k8f2.,"[('0.5', '%')]","[('5', 'sztuk')]"
['timolol'],k8f3.,"[('0.25', '%')]","[('25', 'sztuk')]"
['timolol'],k8f4.,"[('0.25', '%')]","[('25', 'sztuk')]"
['timolol'],k8f5.,"[('0.5', '%')]","[('25', 'sztuk')]"
['timolol'],k8f6.,"[('0.5', '%')]","[('25', 'sztuk')]"
['timolol'],k8f7.,"[('0.25', '%')]",[]
['timolol'],k8f8.,"[('0.5', '%')]",[]
['timolol'],k8f9.,"[('0.25', '%')]",[]
['timolol'],k8fA.,"[('0.5', '%')]",[]
['timolol'],k8fB.,"[('0.25', '%')]",[]
['timolol'],k8fC.,"[('0.5', '%')]",[]
['timolol'],k8fD.,"[('0.25', '%')]","[('5', 'sztuk')]"
['timolol'],k8fE.,"[('0.5', '%')]","[('5', 'sztuk')]"
['timolol'],k8fF.,"[('0.1', '%')]",[]
['timolol'],k8fG.,"[('0.1', '%')]",[]
['timolol'],k8fH.,"[('1000', 'mcg'), ('400000', 'mcg')]",[]
['timolol'],k8fI.,"[('1000', 'mcg')]",[]
['timolol'],k8fy.,"[('0.25', '%')]",[]
['timolol'],k8fz.,"[('0.5', '%')]",[]
['timolol'],k8k..,[],[]
['timolol'],k8k1.,"[('2', '%'), ('0.5', '%')]",[]
['timolol'],k8k2.,"[('2', '%'), ('0.5', '%')]","[('5', 'sztuk')]"
['timolol'],k8k3.,"[('2', '%'), ('0.5', '%')]","[('2', 'sztuk')]"
['timolol'],k8k4.,"[('2', '%'), ('0.5', '%')]",[]
['timolol'],k8k5.,"[('20000', 'mcg'), ('5000', 'mcg')]","[('5', 'sztuk')]"
['timolol'],k8m..,[],[]
['timolol'],k8m1.,"[('0.005', '%'), ('0.5', '%')]","[('5', 'sztuk')]"
['timolol'],k8mz.,"[('0.005', '%'), ('0.5', '%')]",[]
['timolol'],k8p..,[],[]
['timolol'],k8p1.,"[('0.2', '%'), ('0.5', '%')]",[]
['timolol'],k8p2.,"[('0.2', '%'), ('0.5', '%')]","[('5', 'sztuk')]"
['timolol'],k8q..,[],[]
['timolol'],k8q1.,"[('0.004', '%'), ('0.5', '%')]",[]
['timolol'],k8q2.,"[('0.004', '%'), ('0.5', '%')]","[('5', 'sztuk')]"
['timolol'],k8r..,[],[]
['timolol'],k8r1.,"[('0.03', '%'), ('0.5', '%')]",[]
['timolol'],k8r2.,"[('0.03', '%'), ('0.5', '%')]","[('3', 'sztuk')]"
['timolol'],k8r3.,"[('0.03', '%'), ('0.5', '%')]","[('4', 'sztuk')]"
['timolol'],k8r4.,"[('0.03', '%'), ('0.5', '%')]",[]
['timolol'],k8s..,[],[]
['timolol'],k8s1.,"[('1', '%'), ('0.5', '%')]","[('5', 'sztuk')]"
['timolol'],k8sz.,"[('1', '%'), ('0.5', '%')]",[]
['timolol'],k8v..,[],[]
['timolol'],k8v1.,"[('15', 'mcg'), ('5000', 'mcg')]","[('3', 'sztuk')]"
['timolol'],k8v2.,"[('15', 'mcg'), ('5000', 'mcg')]",[]
['lidocaine'],k93..,[],[]
['phenylephrine'],ka26.,[],"[('10', 'sztuk')]"
['adrenaline'],kb72.,[],[]
['ephedrine'],l91..,[],[]
['ephedrine'],l911.,"[('0.5', '%')]",[]
['ephedrine'],l912.,"[('1', '%')]",[]
['phenylephrine'],l93..,[],[]
['phenylephrine'],l933.,"[('0.5', '%')]","[('15', 'sztuk')]"
['phenylephrine'],l934.,"[('0.5', '%')]","[('15', 'sztuk')]"
['phenylephrine'],l93x.,"[('0.5', '%')]",[]
['phenylephrine'],l93y.,"[('0.25', '%')]",[]
['phenylephrine'],l93z.,"[('0.5', '%')]",[]
['paracetamol'],lA14.,"[('0.9', '%')]","[('10', 'sztuk')]"
['lidocaine'],lb55.,"[('15000000', 'mcg')]",[]
['lidocaine'],lb57.,[],[]
['lidocaine'],lb58.,"[('15000000', 'mcg')]",[]
['lidocaine'],lb59.,[],[]
['lidocaine'],lb5A.,"[('10000000', 'mcg')]",[]
['lidocaine'],lb5B.,"[('10000000', 'mcg')]",[]
['lidocaine'],lb5C.,"[('15000000', 'mcg')]",[]
['lidocaine'],lb5D.,"[('8000000', 'mcg')]",[]
['lidocaine'],lb5E.,"[('15000000', 'mcg')]",[]
['lidocaine'],lb5F.,"[('0.5', '%'), ('0.025', '%')]",[]
['lidocaine'],lb62.,"[('8.7', '%'), ('10000000', 'mcg')]",[]
['lidocaine'],lb65.,"[('8.7', '%'), ('15000000', 'mcg')]",[]
['lidocaine'],ld1A.,[],[]
['lidocaine'],ld1b.,[],[]
['lidocaine'],ld1c.,"[('10000000', 'mcg')]",[]
['lidocaine'],ld1G.,"[('0.2', '%'), ('0.05', '%')]",[]
['lidocaine'],ld1k.,"[('500', 'mcg'), ('5000', 'mcg')]",[]
['lidocaine'],ld1p.,"[('0.1', '%'), ('0.33', '%')]",[]
['lidocaine'],ld1S.,[],[]
['lidocaine'],m332.,"[('5000000', 'mcg')]",[]
['lidocaine'],m338.,"[('5', '%')]",[]
['lidocaine'],m339.,"[('30000000', 'mcg')]",[]
['lidocaine'],m33a.,"[('5000000', 'mcg')]",[]
['lidocaine'],m33A.,"[('70000', 'mcg'), ('70000', 'mcg')]",[]
['lidocaine'],m33d.,[],[]
['lidocaine'],m33D.,"[('4', '%')]",[]
['lidocaine'],m33e.,"[('2', '%')]",[]
['lidocaine'],m33E.,"[('4', '%')]",[]
['lidocaine'],m33f.,"[('2.5', '%'), ('2.5', '%')]",[]
['lidocaine'],m33F.,"[('15000000', 'mcg')]",[]
['lidocaine'],m33g.,"[('2.5', '%'), ('2.5', '%')]",[]
['lidocaine'],m33G.,"[('70000', 'mcg'), ('70000', 'mcg')]",[]
['lidocaine'],m33I.,"[('5000000', 'mcg')]",[]
['lidocaine'],m33J.,"[('5000000', 'mcg')]",[]
['lidocaine'],m33K.,"[('30000000', 'mcg')]",[]
['lidocaine'],m33s.,"[('5', '%')]",[]
['lidocaine'],m33u.,"[('70000', 'mcg'), ('70000', 'mcg')]",[]
['doxepin'],m35..,[],[]
['doxepin'],m351.,"[('5', '%')]",[]
['doxepin'],m352.,"[('5', '%'), ('30000000', 'mcg')]",[]
['minoxidil'],mb3..,[],[]
['minoxidil'],mb31.,"[('20000', 'mcg')]",[]
['minoxidil'],mb32.,"[('20000', 'mcg')]","[('60', 'sztuk')]"
['minoxidil'],mb33.,"[('50000', 'mcg')]",[]
['minoxidil'],mb34.,"[('50000', 'mcg')]","[('60', 'sztuk')]"
['minoxidil'],mb35.,"[('20000', 'mcg')]","[('60', 'sztuk')]"
['minoxidil'],mb36.,"[('5', '%'), ('60000000', 'mcg')]",[]
['minoxidil'],mb37.,"[('5', '%')]",[]
['minoxidil'],mb38.,"[('5', '%')]","[('60', 'sztuk')]"
['minoxidil'],mb39.,"[('5', '%'), ('60000000', 'mcg')]",[]
['lithium'],mb4..,[],[]
['lithium'],mb41.,"[('8', '%')]",[]
['lithium'],mb43.,"[('8', '%')]",[]
['adrenaline'],mo18.,"[('1000', 'mcg')]",[]
['ketamine'],o13..,[],[]
['ketamine'],o131.,"[('200000', 'mcg')]",[]
['ketamine'],o132.,"[('500000', 'mcg')]",[]
['ketamine'],o133.,"[('500000', 'mcg')]",[]
['ketamine'],o134.,"[('1000000', 'mcg')]","[('10', 'sztuk')]"
['ketamine'],o135.,"[('1000000', 'mcg')]","[('10', 'sztuk')]"
['ketamine'],o13x.,"[('200000', 'mcg')]",[]
['ketamine'],o13y.,"[('500000', 'mcg')]",[]
['ketamine'],o13z.,"[('500000', 'mcg')]",[]
['hyoscine'],o33..,[],[]
['hyoscine'],o331.,"[('400', 'mcg')]",[]
['hyoscine'],o332.,"[('600', 'mcg')]",[]
['fentanyl'],o42..,[],[]
['fentanyl'],o421.,"[('100', 'mcg')]",[]
['fentanyl'],o422.,"[('500', 'mcg')]",[]
['fentanyl'],o423.,"[('100', 'mcg')]",[]
['fentanyl'],o424.,"[('25', 'mcg')]",[]
['fentanyl'],o425.,"[('50', 'mcg')]",[]
['fentanyl'],o426.,"[('75', 'mcg')]",[]
['fentanyl'],o427.,"[('100', 'mcg')]",[]
['fentanyl'],o428.,"[('25', 'mcg')]",[]
['fentanyl'],o429.,"[('50', 'mcg')]",[]
['fentanyl'],o42a.,"[('75', 'mcg')]",[]
['fentanyl'],o42A.,"[('75', 'mcg')]",[]
['fentanyl'],o42b.,"[('100', 'mcg')]",[]
['fentanyl'],o42B.,"[('100', 'mcg')]",[]
['fentanyl'],o42c.,"[('40', 'mcg')]",[]
['fentanyl'],o42C.,"[('200', 'mcg')]",[]
['fentanyl'],o42d.,"[('25', 'mcg')]",[]
['fentanyl'],o42D.,"[('400', 'mcg')]",[]
['fentanyl'],o42e.,"[('50', 'mcg')]",[]
['fentanyl'],o42E.,"[('600', 'mcg')]",[]
['fentanyl'],o42f.,"[('75', 'mcg')]",[]
['fentanyl'],o42F.,"[('800', 'mcg')]",[]
['fentanyl'],o42g.,"[('100', 'mcg')]",[]
['fentanyl'],o42G.,"[('1200', 'mcg')]",[]
['fentanyl'],o42h.,"[('100', 'mcg')]",[]
['fentanyl'],o42H.,"[('1600', 'mcg')]",[]
['fentanyl'],o42i.,"[('25', 'mcg')]",[]
['fentanyl'],o42I.,"[('25', 'mcg')]",[]
['fentanyl'],o42j.,"[('50', 'mcg')]",[]
['fentanyl'],o42J.,"[('50', 'mcg')]",[]
['fentanyl'],o42k.,"[('75', 'mcg')]",[]
['fentanyl'],o42K.,"[('75', 'mcg')]",[]
['fentanyl'],o42l.,"[('100', 'mcg')]",[]
['fentanyl'],o42L.,"[('100', 'mcg')]",[]
['fentanyl'],o42m.,"[('100', 'mcg')]",[]
['fentanyl'],o42M.,"[('25', 'mcg')]",[]
['fentanyl'],o42n.,"[('200', 'mcg')]",[]
['fentanyl'],o42N.,"[('50', 'mcg')]",[]
['fentanyl'],o42o.,"[('200', 'mcg')]",[]
['fentanyl'],o42O.,"[('75', 'mcg')]",[]
['fentanyl'],o42p.,"[('40', 'mcg')]",[]
['fentanyl'],o42P.,"[('100', 'mcg')]",[]
['fentanyl'],o42q.,"[('1600', 'mcg')]",[]
['fentanyl'],o42Q.,"[('12', 'mcg')]",[]
['fentanyl'],o42r.,"[('1200', 'mcg')]",[]
['fentanyl'],o42R.,"[('12', 'mcg')]",[]
['fentanyl'],o42s.,"[('800', 'mcg')]",[]
['fentanyl'],o42S.,"[('12', 'mcg')]",[]
['fentanyl'],o42t.,"[('600', 'mcg')]",[]
['fentanyl'],o42T.,"[('25', 'mcg')]",[]
['fentanyl'],o42u.,"[('400', 'mcg')]",[]
['fentanyl'],o42U.,"[('50', 'mcg')]",[]
['fentanyl'],o42v.,"[('200', 'mcg')]",[]
['fentanyl'],o42V.,"[('75', 'mcg')]",[]
['fentanyl'],o42w.,"[('100', 'mcg'), ('5000', 'mcg')]",[]
['fentanyl'],o42W.,"[('100', 'mcg')]",[]
['fentanyl'],o42x.,"[('100', 'mcg')]",[]
['fentanyl'],o42X.,"[('12', 'mcg')]",[]
['fentanyl'],o42y.,"[('500', 'mcg')]",[]
['fentanyl'],o42Y.,"[('25', 'mcg')]",[]
['fentanyl'],o42z.,"[('100', 'mcg')]",[]
['fentanyl'],o42Z.,"[('50', 'mcg')]",[]
['meptazinol'],o44..,[],[]
['meptazinol'],o441.,"[('200000', 'mcg')]",[]
['meptazinol'],o442.,"[('100000', 'mcg')]",[]
['meptazinol'],o443.,"[('200000', 'mcg')]",[]
['meptazinol'],o44z.,"[('100000', 'mcg')]",[]
['morphine'],o45..,[],[]
['morphine'],o451.,"[('10000', 'mcg')]",[]
['morphine'],o452.,"[('15000', 'mcg')]",[]
['morphine'],o453.,"[('20000', 'mcg')]",[]
['morphine'],o454.,"[('30000', 'mcg')]",[]
['morphine'],o455.,"[('20000', 'mcg')]",[]
['morphine'],o456.,"[('30000', 'mcg')]",[]
['morphine'],o457.,"[('40000', 'mcg')]",[]
['morphine'],o458.,"[('10000', 'mcg')]",[]
['hyoscine'],o473.,"[('15400', 'mcg'), ('400', 'mcg')]",[]
['hyoscine'],o47B.,"[('7700', 'mcg'), ('400', 'mcg')]",[]
['pethidine'],o48..,[],[]
['pethidine'],o481.,"[('50000', 'mcg')]",[]
['pethidine'],o482.,"[('100000', 'mcg')]",[]
['pethidine'],o483.,"[('50000', 'mcg')]",[]
['pethidine'],o484.,"[('100000', 'mcg')]",[]
['pethidine'],o485.,"[('100000', 'mcg')]",[]
['fentanyl'],o4d..,[],[]
['fentanyl'],o4d1.,"[('400', 'mcg')]",[]
['fentanyl'],o4d2.,"[('400', 'mcg')]",[]
['fentanyl'],o4d3.,"[('600', 'mcg')]",[]
['fentanyl'],o4d4.,"[('600', 'mcg')]",[]
['fentanyl'],o4d5.,"[('800', 'mcg')]",[]
['fentanyl'],o4d6.,"[('800', 'mcg')]",[]
['fentanyl'],o4d7.,"[('100', 'mcg')]",[]
['fentanyl'],o4d8.,"[('100', 'mcg')]",[]
['fentanyl'],o4d9.,"[('200', 'mcg')]",[]
['fentanyl'],o4da.,"[('200', 'mcg')]",[]
['fentanyl'],o4dA.,"[('400', 'mcg')]",[]
['fentanyl'],o4db.,"[('300', 'mcg')]",[]
['fentanyl'],o4dB.,"[('12', 'mcg')]",[]
['fentanyl'],o4dc.,"[('300', 'mcg')]",[]
['fentanyl'],o4dC.,"[('25', 'mcg')]",[]
['fentanyl'],o4dd.,"[('400', 'mcg')]",[]
['fentanyl'],o4dD.,"[('50', 'mcg')]",[]
['fentanyl'],o4de.,"[('400', 'mcg')]",[]
['fentanyl'],o4dE.,"[('75', 'mcg')]",[]
['fentanyl'],o4df.,"[('600', 'mcg')]",[]
['fentanyl'],o4dF.,"[('100', 'mcg')]",[]
['fentanyl'],o4dg.,"[('600', 'mcg')]",[]
['fentanyl'],o4dG.,"[('200', 'mcg')]",[]
['fentanyl'],o4dh.,"[('800', 'mcg')]",[]
['fentanyl'],o4dH.,"[('200', 'mcg')]",[]
['fentanyl'],o4di.,"[('800', 'mcg')]",[]
['fentanyl'],o4dI.,"[('400', 'mcg')]",[]
['fentanyl'],o4dj.,"[('25', 'mcg')]",[]
['fentanyl'],o4dJ.,"[('400', 'mcg')]",[]
['fentanyl'],o4dk.,"[('50', 'mcg')]",[]
['fentanyl'],o4dK.,"[('800', 'mcg')]",[]
['fentanyl'],o4dl.,"[('75', 'mcg')]",[]
['fentanyl'],o4dL.,"[('800', 'mcg')]",[]
['fentanyl'],o4dm.,"[('100', 'mcg')]",[]
['fentanyl'],o4dM.,"[('67', 'mcg')]",[]
['fentanyl'],o4dn.,"[('25', 'mcg')]",[]
['fentanyl'],o4dN.,"[('67', 'mcg')]",[]
['fentanyl'],o4do.,"[('50', 'mcg')]",[]
['fentanyl'],o4dO.,"[('133', 'mcg')]",[]
['fentanyl'],o4dp.,"[('75', 'mcg')]",[]
['fentanyl'],o4dP.,"[('133', 'mcg')]",[]
['fentanyl'],o4dq.,"[('100', 'mcg')]",[]
['fentanyl'],o4dQ.,"[('267', 'mcg')]",[]
['fentanyl'],o4dr.,"[('12', 'mcg')]",[]
['fentanyl'],o4dR.,"[('267', 'mcg')]",[]
['fentanyl'],o4ds.,"[('50', 'mcg')]",[]
['fentanyl'],o4dS.,"[('400', 'mcg')]",[]
['fentanyl'],o4dt.,"[('50', 'mcg')]",[]
['fentanyl'],o4dT.,"[('533', 'mcg')]",[]
['fentanyl'],o4du.,"[('100', 'mcg')]",[]
['fentanyl'],o4dU.,"[('533', 'mcg')]",[]
['fentanyl'],o4dv.,"[('100', 'mcg')]",[]
['fentanyl'],o4dV.,"[('800', 'mcg')]",[]
['fentanyl'],o4dw.,"[('200', 'mcg')]",[]
['fentanyl'],o4dW.,"[('12', 'mcg')]",[]
['fentanyl'],o4dx.,"[('200', 'mcg')]",[]
['fentanyl'],o4dX.,"[('25', 'mcg')]",[]
['fentanyl'],o4dy.,"[('100', 'mcg')]",[]
['fentanyl'],o4dY.,"[('50', 'mcg')]",[]
['fentanyl'],o4dz.,"[('400', 'mcg')]",[]
['fentanyl'],o4dZ.,"[('75', 'mcg')]",[]
['fentanyl'],o4e..,[],[]
['fentanyl'],o4e1.,"[('100', 'mcg')]",[]
['fentanyl'],o4e2.,"[('37', 'mcg')]",[]
['fentanyl'],o4e3.,"[('37', 'mcg')]",[]
['fentanyl'],o4e4.,"[('12', 'mcg')]",[]
['fentanyl'],o4e5.,"[('25', 'mcg')]",[]
['fentanyl'],o4e6.,"[('50', 'mcg')]",[]
['fentanyl'],o4e7.,"[('75', 'mcg')]",[]
['fentanyl'],o4e8.,"[('100', 'mcg')]",[]
['clomethiazole'],o51..,[],[]
['clomethiazole'],o511.,"[('8000', 'mcg')]",[]
['clomethiazole'],o51z.,"[('8000', 'mcg')]",[]
['chlorpromazine'],o52..,[],[]
['chlorpromazine'],o521.,"[('25000', 'mcg')]",[]
['chlorpromazine'],o522.,"[('50000', 'mcg')]",[]
['chlorpromazine'],o52y.,"[('25000', 'mcg')]",[]
['chlorpromazine'],o52z.,"[('50000', 'mcg')]",[]
['diazepam'],o53..,[],[]
['diazepam'],o531.,"[('10000', 'mcg')]",[]
['diazepam'],o532.,"[('10000', 'mcg')]",[]
['diazepam'],o533.,"[('20000', 'mcg')]",[]
['diazepam'],o534.,"[('10000', 'mcg')]",[]
['diazepam'],o535.,[],[]
['lorazepam'],o56..,[],[]
['lorazepam'],o561.,"[('4000', 'mcg')]",[]
['lorazepam'],o56z.,"[('4000', 'mcg')]",[]
['midazolam'],o57..,[],[]
['midazolam'],o571.,"[('10000', 'mcg')]",[]
['midazolam'],o572.,"[('10000', 'mcg')]",[]
['midazolam'],o573.,"[('2500', 'mcg')]",[]
['midazolam'],o574.,"[('7500', 'mcg')]",[]
['midazolam'],o575.,"[('5000', 'mcg')]",[]
['midazolam'],o576.,"[('10000', 'mcg')]",[]
['midazolam'],o57r.,"[('10000', 'mcg')]",[]
['midazolam'],o57s.,"[('5000', 'mcg')]",[]
['midazolam'],o57t.,"[('7500', 'mcg')]",[]
['midazolam'],o57u.,"[('2500', 'mcg')]",[]
['midazolam'],o57v.,"[('100000', 'mcg')]",[]
['midazolam'],o57w.,"[('50000', 'mcg')]",[]
['midazolam'],o57y.,"[('10000', 'mcg')]",[]
['midazolam'],o57z.,"[('10000', 'mcg')]",[]
['perphenazine'],o58..,[],[]
['perphenazine'],o581.,"[('5000', 'mcg')]",[]
['perphenazine'],o58z.,"[('5000', 'mcg')]",[]
['promethazine'],o59..,[],[]
['temazepam'],o5a..,[],[]
['naloxone'],o82..,[],[]
['naloxone'],o821.,"[('400', 'mcg')]",[]
['naloxone'],o822.,"[('4000', 'mcg')]",[]
['naloxone'],o823.,"[('40', 'mcg')]",[]
['naloxone'],o824.,"[('400', 'mcg')]",[]
['naloxone'],o825.,"[('2000', 'mcg')]",[]
['naloxone'],o826.,"[('800', 'mcg')]",[]
['naloxone'],o827.,"[('400', 'mcg')]",[]
['naloxone'],o828.,"[('2000', 'mcg')]",[]
['naloxone'],o82s.,"[('2000', 'mcg')]",[]
['naloxone'],o82t.,"[('2000', 'mcg')]",[]
['naloxone'],o82u.,"[('400', 'mcg')]",[]
['naloxone'],o82v.,"[('800', 'mcg')]",[]
['naloxone'],o82w.,"[('2000', 'mcg')]",[]
['naloxone'],o82x.,"[('400', 'mcg')]",[]
['naloxone'],o82y.,"[('4000', 'mcg')]",[]
['naloxone'],o82z.,"[('40', 'mcg')]",[]
['lidocaine'],oa1..,[],[]
['lidocaine'],oa11.,"[('0.5', '%')]","[('10', 'sztuk')]"
['lidocaine'],oa12.,"[('0.5', '%')]","[('20', 'sztuk')]"
['lidocaine'],oa13.,"[('0.5', '%')]","[('50', 'sztuk')]"
"['adrenaline', 'lidocaine']",oa14.,"[('0.5', '%')]","[('20', 'sztuk')]"
['lidocaine'],oa15.,"[('1', '%')]","[('2', 'sztuk')]"
['lidocaine'],oa16.,"[('1', '%')]","[('10', 'sztuk')]"
['lidocaine'],oa17.,"[('1', '%')]","[('20', 'sztuk')]"
['lidocaine'],oa18.,"[('1', '%')]","[('50', 'sztuk')]"
"['adrenaline', 'lidocaine']",oa19.,"[('1', '%')]","[('10', 'sztuk')]"
"['adrenaline', 'lidocaine']",oa1a.,"[('1', '%')]","[('20', 'sztuk')]"
['lidocaine'],oa1A.,"[('2', '%')]",[]
"['adrenaline', 'lidocaine']",oa1b.,[],"[('50', 'sztuk')]"
['lidocaine'],oa1B.,"[('2', '%')]","[('2', 'sztuk')]"
['lidocaine'],oa1c.,"[('1.5', '%')]","[('25', 'sztuk')]"
['lidocaine'],oa1C.,"[('2', '%')]","[('5', 'sztuk')]"
['lidocaine'],oa1d.,"[('2', '%')]","[('5', 'sztuk')]"
['lidocaine'],oa1D.,"[('1', '%'), ('0.25', '%')]",[]
['lidocaine'],oa1e.,"[('2', '%')]","[('20', 'sztuk')]"
['lidocaine'],oa1E.,"[('2', '%'), ('0.25', '%')]",[]
['lidocaine'],oa1f.,"[('2', '%')]","[('50', 'sztuk')]"
['lidocaine'],oa1F.,"[('1', '%')]","[('15', 'sztuk')]"
"['adrenaline', 'lidocaine']",oa1g.,"[('2', '%')]","[('20', 'sztuk')]"
['lidocaine'],oa1G.,"[('2', '%')]","[('15', 'sztuk')]"
"['adrenaline', 'lidocaine']",oa1h.,[],"[('50', 'sztuk')]"
['lidocaine'],oa1H.,"[('25000', 'mcg'), ('25000', 'mcg')]",[]
['lidocaine'],oa1i.,"[('2', '%'), ('20000000', 'mcg')]",[]
['lidocaine'],oa1I.,"[('25000', 'mcg'), ('25000', 'mcg')]",[]
['lidocaine'],oa1j.,"[('2', '%')]",[]
['lidocaine'],oa1J.,"[('9.6', '%')]",[]
['lidocaine'],oa1k.,"[('2', '%')]","[('6', 'sztuk')]"
['lidocaine'],oa1l.,"[('2', '%')]","[('11', 'sztuk')]"
['lidocaine'],oa1L.,"[('2', '%'), ('0.05', '%')]",[]
['lidocaine'],oa1m.,"[('2', '%'), ('20000000', 'mcg')]",[]
['lidocaine'],oa1M.,"[('8500000', 'mcg')]",[]
['lidocaine'],oa1n.,"[('2', '%'), ('20000000', 'mcg')]",[]
['lidocaine'],oa1N.,"[('12500000', 'mcg')]",[]
['lidocaine'],oa1o.,"[('2', '%'), ('20000000', 'mcg')]",[]
['lidocaine'],oa1p.,"[('5', '%')]",[]
['lidocaine'],oa1q.,"[('10', '%'), ('80000000', 'mcg')]",[]
['lidocaine'],oa1r.,"[('4', '%')]","[('30', 'sztuk')]"
['lidocaine'],oa1s.,[],"[('50', 'sztuk')]"
['lidocaine'],oa1t.,"[('5', '%')]",[]
['lidocaine'],oa1T.,"[('8500000', 'mcg')]",[]
['lidocaine'],oa1u.,"[('1', '%')]","[('2', 'sztuk')]"
['lidocaine'],oa1U.,"[('12500000', 'mcg')]",[]
['lidocaine'],oa1v.,"[('1', '%')]","[('5', 'sztuk')]"
['lidocaine'],oa1w.,"[('2', '%')]","[('5', 'sztuk')]"
"['adrenaline', 'lidocaine']",oa1x.,"[('2', '%')]","[('2', 'sztuk')]"
"['adrenaline', 'lidocaine']",oa1y.,"[('2', '%')]","[('2', 'sztuk')]"
['lidocaine'],oa1z.,"[('2', '%'), ('20000000', 'mcg')]",[]
['adrenaline'],oa25.,"[('0.25', '%'), ('5', 'mcg')]","[('10', 'sztuk')]"
['adrenaline'],oa26.,"[('0.5', '%'), ('5', 'mcg')]","[('10', 'sztuk')]"
['adrenaline'],oa27.,"[('0.25', '%'), ('5', 'mcg')]","[('10', 'sztuk')]"
['adrenaline'],oa28.,"[('0.5', '%'), ('5', 'mcg')]","[('10', 'sztuk')]"
['adrenaline'],oa2H.,"[('0.25', '%'), ('5', 'mcg')]","[('10', 'sztuk')]"
['adrenaline'],oa2I.,"[('0.5', '%'), ('5', 'mcg')]","[('10', 'sztuk')]"
['fentanyl'],oa2J.,"[('0.1', '%'), ('2', 'mcg')]",[]
['fentanyl'],oa2K.,"[('1000', 'mcg'), ('2', 'mcg')]","[('250', 'sztuk')]"
['fentanyl'],oa2L.,"[('1000', 'mcg'), ('2', 'mcg')]","[('500', 'sztuk')]"
['fentanyl'],oa2M.,"[('1250', 'mcg'), ('2', 'mcg')]","[('250', 'sztuk')]"
['fentanyl'],oa2N.,"[('1250', 'mcg'), ('2', 'mcg')]",[]
['fentanyl'],oa2O.,"[('1250', 'mcg'), ('2', 'mcg')]","[('500', 'sztuk')]"
['adrenaline'],oa7y.,"[('2', '%')]",[]
['lidocaine'],oaz..,[],[]
['lidocaine'],oaz1.,"[('2', '%')]","[('2', 'sztuk')]"
['lidocaine'],oaz2.,"[('100000', 'mcg'), ('1', '%')]",[]
['lidocaine'],oaz3.,"[('2', '%')]",[]
['lidocaine'],oaz4.,"[('100000', 'mcg'), ('2', '%')]",[]
"['lidocaine', 'phenylephrine']",oaz5.,"[('5', '%'), ('0.5', '%')]",[]
['lidocaine'],oaz7.,"[('2', '%')]",[]
"['adrenaline', 'lidocaine']",oaz8.,"[('0.5', '%')]",[]
['lidocaine'],oaz9.,"[('2', '%')]",[]
['lidocaine'],oaza.,"[('0.5', '%')]","[('20', 'sztuk')]"
['lidocaine'],oazA.,"[('1', '%')]","[('10', 'sztuk')]"
['lidocaine'],oazb.,"[('0.5', '%')]","[('50', 'sztuk')]"
"['adrenaline', 'lidocaine']",oazc.,"[('0.5', '%')]","[('50', 'sztuk')]"
['lidocaine'],oazd.,"[('1', '%')]","[('2', 'sztuk')]"
['lidocaine'],oaze.,"[('1', '%')]","[('10', 'sztuk')]"
['lidocaine'],oazf.,"[('1', '%')]","[('20', 'sztuk')]"
['lidocaine'],oazg.,"[('1', '%')]","[('50', 'sztuk')]"
"['adrenaline', 'lidocaine']",oazh.,"[('1', '%')]","[('10', 'sztuk')]"
"['adrenaline', 'lidocaine']",oazi.,"[('1', '%')]","[('20', 'sztuk')]"
"['adrenaline', 'lidocaine']",oazj.,"[('1', '%')]","[('50', 'sztuk')]"
['lidocaine'],oazk.,"[('1.5', '%')]","[('25', 'sztuk')]"
['lidocaine'],oazl.,"[('2', '%')]","[('5', 'sztuk')]"
['lidocaine'],oazm.,"[('2', '%')]","[('20', 'sztuk')]"
['lidocaine'],oazn.,"[('2', '%')]","[('50', 'sztuk')]"
"['adrenaline', 'lidocaine']",oazo.,"[('2', '%')]","[('20', 'sztuk')]"
"['adrenaline', 'lidocaine']",oazp.,"[('2', '%')]","[('50', 'sztuk')]"
['lidocaine'],oazq.,"[('1', '%')]",[]
['lidocaine'],oazr.,"[('2', '%')]","[('6', 'sztuk')]"
['lidocaine'],oazs.,"[('2', '%')]","[('11', 'sztuk')]"
['lidocaine'],oazt.,"[('2', '%')]",[]
['lidocaine'],oazu.,"[('2', '%'), ('20000000', 'mcg')]",[]
['lidocaine'],oazv.,"[('5', '%')]",[]
['lidocaine'],oazw.,"[('10', '%')]",[]
['lidocaine'],oazx.,"[('4', '%')]",[]
['lidocaine'],oazy.,"[('2', '%')]",[]
['lidocaine'],oazz.,"[('5', '%')]",[]
['lidocaine'],oazZ.,"[('0.5', '%')]",[]
['ibuprofen'],p1P..,[],[]
['adrenaline'],p421.,[],[]
['caffeine'],p4C3.,[],[]
